Handle,Title,Body (HTML),Vendor,Product Category,Type,Tags,Published,Option1 Name,Option1 Value,Option2 Name,Option2 Value,Option3 Name,Option3 Value,Variant SKU,Variant Grams,Variant Inventory Tracker,Variant Inventory Qty,Variant Inventory Policy,Variant Fulfillment Service,Variant Price,Variant Compare At Price,Variant Requires Shipping,Variant Taxable,Variant Barcode,Image Src,Image Position,Image Alt Text,Gift Card,SEO Title,SEO Description,Google Shopping / Google Product Category,Google Shopping / Gender,Google Shopping / Age Group,Google Shopping / MPN,Google Shopping / Condition,Google Shopping / Custom Product,Google Shopping / Custom Label 0,Google Shopping / Custom Label 1,Google Shopping / Custom Label 2,Google Shopping / Custom Label 3,Google Shopping / Custom Label 4,Variant Image,Variant Weight Unit,Variant Tax Code,Cost per item,Status
low-rise-pintuck-capri-jeans-black,Low Rise Pintuck Capri Jeans,"<p>Low-rise black wash capri jeans with pintuck details and medium stretch.</p>
<p><strong>Material:</strong> 55% cotton, 24% polyester, 20% viscose, 1% spandex</p>
<p><strong>Available sizes:</strong> 0, 1, 3, 5, 7, 9, 11, 13, 15</p>
<div class=""primestyle-size-guide""><h3>Jeans and Bottoms Fit Matching Guide</h3><table><thead><tr><th>Size</th><th>Waist (in)</th><th>Hips (in)</th><th>Waist (cm)</th><th>Hips (cm)</th><th>Alpha</th></tr></thead><tbody><tr><td></td><td></td><td></td><td></td><td></td><td></td></tr><tr><td></td><td></td><td></td><td></td><td></td><td></td></tr><tr><td></td><td></td><td></td><td></td><td></td><td></td></tr><tr><td></td><td></td><td></td><td></td><td></td><td></td></tr><tr><td></td><td></td><td></td><td></td><td></td><td></td></tr><tr><td></td><td></td><td></td><td></td><td></td><td></td></tr><tr><td></td><td></td><td></td><td></td><td></td><td></td></tr><tr><td></td><td></td><td></td><td></td><td></td><td></td></tr><tr><td></td><td></td><td></td><td></td><td></td><td></td></tr></tbody></table></div>",PrimeStyleAI,Apparel & Accessories > Clothing,Pants,"PrimeStyleAI Demo, PrimeStyleAI Import, Pants, Jeans, female, demo, jeans, denim, pants, capri, black wash, low rise, pintuck, medium stretch, women",TRUE,Color,Black Wash,Size,0,,,psai-pintuck-capri-0,0,shopify,100,deny,manual,13.98,34.99,TRUE,TRUE,,https://res.cloudinary.com/dgvtynla7/image/upload/v1779970627/demo/products/low-rise-pintuck-capri-jeans-black/image-01.webp,1,Low Rise Pintuck Capri Jeans,FALSE,Low Rise Pintuck Capri Jeans,Low-rise black wash capri jeans with pintuck details and medium stretch.,Apparel & Accessories > Clothing,female,adult,,new,TRUE,PrimeStyleAI Demo,,,,,https://res.cloudinary.com/dgvtynla7/image/upload/v1779970627/demo/products/low-rise-pintuck-capri-jeans-black/image-01.webp,lb,,,active
low-rise-pintuck-capri-jeans-black,Low Rise Pintuck Capri Jeans,"<p>Low-rise black wash capri jeans with pintuck details and medium stretch.</p>
<p><strong>Material:</strong> 55% cotton, 24% polyester, 20% viscose, 1% spandex</p>
<p><strong>Available sizes:</strong> 0, 1, 3, 5, 7, 9, 11, 13, 15</p>
<div class=""primestyle-size-guide""><h3>Jeans and Bottoms Fit Matching Guide</h3><table><thead><tr><th>Size</th><th>Waist (in)</th><th>Hips (in)</th><th>Waist (cm)</th><th>Hips (cm)</th><th>Alpha</th></tr></thead><tbody><tr><td></td><td></td><td></td><td></td><td></td><td></td></tr><tr><td></td><td></td><td></td><td></td><td></td><td></td></tr><tr><td></td><td></td><td></td><td></td><td></td><td></td></tr><tr><td></td><td></td><td></td><td></td><td></td><td></td></tr><tr><td></td><td></td><td></td><td></td><td></td><td></td></tr><tr><td></td><td></td><td></td><td></td><td></td><td></td></tr><tr><td></td><td></td><td></td><td></td><td></td><td></td></tr><tr><td></td><td></td><td></td><td></td><td></td><td></td></tr><tr><td></td><td></td><td></td><td></td><td></td><td></td></tr></tbody></table></div>",PrimeStyleAI,Apparel & Accessories > Clothing,Pants,"PrimeStyleAI Demo, PrimeStyleAI Import, Pants, Jeans, female, demo, jeans, denim, pants, capri, black wash, low rise, pintuck, medium stretch, women",TRUE,Color,Black Wash,Size,1,,,psai-pintuck-capri-1,0,shopify,100,deny,manual,13.98,34.99,TRUE,TRUE,,https://res.cloudinary.com/dgvtynla7/image/upload/v1779970630/demo/products/low-rise-pintuck-capri-jeans-black/image-02.webp,2,Low Rise Pintuck Capri Jeans,FALSE,Low Rise Pintuck Capri Jeans,Low-rise black wash capri jeans with pintuck details and medium stretch.,Apparel & Accessories > Clothing,female,adult,,new,TRUE,PrimeStyleAI Demo,,,,,https://res.cloudinary.com/dgvtynla7/image/upload/v1779970627/demo/products/low-rise-pintuck-capri-jeans-black/image-01.webp,lb,,,active
low-rise-pintuck-capri-jeans-black,Low Rise Pintuck Capri Jeans,"<p>Low-rise black wash capri jeans with pintuck details and medium stretch.</p>
<p><strong>Material:</strong> 55% cotton, 24% polyester, 20% viscose, 1% spandex</p>
<p><strong>Available sizes:</strong> 0, 1, 3, 5, 7, 9, 11, 13, 15</p>
<div class=""primestyle-size-guide""><h3>Jeans and Bottoms Fit Matching Guide</h3><table><thead><tr><th>Size</th><th>Waist (in)</th><th>Hips (in)</th><th>Waist (cm)</th><th>Hips (cm)</th><th>Alpha</th></tr></thead><tbody><tr><td></td><td></td><td></td><td></td><td></td><td></td></tr><tr><td></td><td></td><td></td><td></td><td></td><td></td></tr><tr><td></td><td></td><td></td><td></td><td></td><td></td></tr><tr><td></td><td></td><td></td><td></td><td></td><td></td></tr><tr><td></td><td></td><td></td><td></td><td></td><td></td></tr><tr><td></td><td></td><td></td><td></td><td></td><td></td></tr><tr><td></td><td></td><td></td><td></td><td></td><td></td></tr><tr><td></td><td></td><td></td><td></td><td></td><td></td></tr><tr><td></td><td></td><td></td><td></td><td></td><td></td></tr></tbody></table></div>",PrimeStyleAI,Apparel & Accessories > Clothing,Pants,"PrimeStyleAI Demo, PrimeStyleAI Import, Pants, Jeans, female, demo, jeans, denim, pants, capri, black wash, low rise, pintuck, medium stretch, women",TRUE,Color,Black Wash,Size,3,,,psai-pintuck-capri-3,0,shopify,100,deny,manual,13.98,34.99,TRUE,TRUE,,https://res.cloudinary.com/dgvtynla7/image/upload/v1779970633/demo/products/low-rise-pintuck-capri-jeans-black/image-03.webp,3,Low Rise Pintuck Capri Jeans,FALSE,Low Rise Pintuck Capri Jeans,Low-rise black wash capri jeans with pintuck details and medium stretch.,Apparel & Accessories > Clothing,female,adult,,new,TRUE,PrimeStyleAI Demo,,,,,https://res.cloudinary.com/dgvtynla7/image/upload/v1779970627/demo/products/low-rise-pintuck-capri-jeans-black/image-01.webp,lb,,,active
low-rise-pintuck-capri-jeans-black,Low Rise Pintuck Capri Jeans,"<p>Low-rise black wash capri jeans with pintuck details and medium stretch.</p>
<p><strong>Material:</strong> 55% cotton, 24% polyester, 20% viscose, 1% spandex</p>
<p><strong>Available sizes:</strong> 0, 1, 3, 5, 7, 9, 11, 13, 15</p>
<div class=""primestyle-size-guide""><h3>Jeans and Bottoms Fit Matching Guide</h3><table><thead><tr><th>Size</th><th>Waist (in)</th><th>Hips (in)</th><th>Waist (cm)</th><th>Hips (cm)</th><th>Alpha</th></tr></thead><tbody><tr><td></td><td></td><td></td><td></td><td></td><td></td></tr><tr><td></td><td></td><td></td><td></td><td></td><td></td></tr><tr><td></td><td></td><td></td><td></td><td></td><td></td></tr><tr><td></td><td></td><td></td><td></td><td></td><td></td></tr><tr><td></td><td></td><td></td><td></td><td></td><td></td></tr><tr><td></td><td></td><td></td><td></td><td></td><td></td></tr><tr><td></td><td></td><td></td><td></td><td></td><td></td></tr><tr><td></td><td></td><td></td><td></td><td></td><td></td></tr><tr><td></td><td></td><td></td><td></td><td></td><td></td></tr></tbody></table></div>",PrimeStyleAI,Apparel & Accessories > Clothing,Pants,"PrimeStyleAI Demo, PrimeStyleAI Import, Pants, Jeans, female, demo, jeans, denim, pants, capri, black wash, low rise, pintuck, medium stretch, women",TRUE,Color,Black Wash,Size,5,,,psai-pintuck-capri-5,0,shopify,100,deny,manual,13.98,34.99,TRUE,TRUE,,,,,FALSE,Low Rise Pintuck Capri Jeans,Low-rise black wash capri jeans with pintuck details and medium stretch.,Apparel & Accessories > Clothing,female,adult,,new,TRUE,PrimeStyleAI Demo,,,,,https://res.cloudinary.com/dgvtynla7/image/upload/v1779970627/demo/products/low-rise-pintuck-capri-jeans-black/image-01.webp,lb,,,active
low-rise-pintuck-capri-jeans-black,Low Rise Pintuck Capri Jeans,"<p>Low-rise black wash capri jeans with pintuck details and medium stretch.</p>
<p><strong>Material:</strong> 55% cotton, 24% polyester, 20% viscose, 1% spandex</p>
<p><strong>Available sizes:</strong> 0, 1, 3, 5, 7, 9, 11, 13, 15</p>
<div class=""primestyle-size-guide""><h3>Jeans and Bottoms Fit Matching Guide</h3><table><thead><tr><th>Size</th><th>Waist (in)</th><th>Hips (in)</th><th>Waist (cm)</th><th>Hips (cm)</th><th>Alpha</th></tr></thead><tbody><tr><td></td><td></td><td></td><td></td><td></td><td></td></tr><tr><td></td><td></td><td></td><td></td><td></td><td></td></tr><tr><td></td><td></td><td></td><td></td><td></td><td></td></tr><tr><td></td><td></td><td></td><td></td><td></td><td></td></tr><tr><td></td><td></td><td></td><td></td><td></td><td></td></tr><tr><td></td><td></td><td></td><td></td><td></td><td></td></tr><tr><td></td><td></td><td></td><td></td><td></td><td></td></tr><tr><td></td><td></td><td></td><td></td><td></td><td></td></tr><tr><td></td><td></td><td></td><td></td><td></td><td></td></tr></tbody></table></div>",PrimeStyleAI,Apparel & Accessories > Clothing,Pants,"PrimeStyleAI Demo, PrimeStyleAI Import, Pants, Jeans, female, demo, jeans, denim, pants, capri, black wash, low rise, pintuck, medium stretch, women",TRUE,Color,Black Wash,Size,7,,,psai-pintuck-capri-7,0,shopify,100,deny,manual,13.98,34.99,TRUE,TRUE,,,,,FALSE,Low Rise Pintuck Capri Jeans,Low-rise black wash capri jeans with pintuck details and medium stretch.,Apparel & Accessories > Clothing,female,adult,,new,TRUE,PrimeStyleAI Demo,,,,,https://res.cloudinary.com/dgvtynla7/image/upload/v1779970627/demo/products/low-rise-pintuck-capri-jeans-black/image-01.webp,lb,,,active
low-rise-pintuck-capri-jeans-black,Low Rise Pintuck Capri Jeans,"<p>Low-rise black wash capri jeans with pintuck details and medium stretch.</p>
<p><strong>Material:</strong> 55% cotton, 24% polyester, 20% viscose, 1% spandex</p>
<p><strong>Available sizes:</strong> 0, 1, 3, 5, 7, 9, 11, 13, 15</p>
<div class=""primestyle-size-guide""><h3>Jeans and Bottoms Fit Matching Guide</h3><table><thead><tr><th>Size</th><th>Waist (in)</th><th>Hips (in)</th><th>Waist (cm)</th><th>Hips (cm)</th><th>Alpha</th></tr></thead><tbody><tr><td></td><td></td><td></td><td></td><td></td><td></td></tr><tr><td></td><td></td><td></td><td></td><td></td><td></td></tr><tr><td></td><td></td><td></td><td></td><td></td><td></td></tr><tr><td></td><td></td><td></td><td></td><td></td><td></td></tr><tr><td></td><td></td><td></td><td></td><td></td><td></td></tr><tr><td></td><td></td><td></td><td></td><td></td><td></td></tr><tr><td></td><td></td><td></td><td></td><td></td><td></td></tr><tr><td></td><td></td><td></td><td></td><td></td><td></td></tr><tr><td></td><td></td><td></td><td></td><td></td><td></td></tr></tbody></table></div>",PrimeStyleAI,Apparel & Accessories > Clothing,Pants,"PrimeStyleAI Demo, PrimeStyleAI Import, Pants, Jeans, female, demo, jeans, denim, pants, capri, black wash, low rise, pintuck, medium stretch, women",TRUE,Color,Black Wash,Size,9,,,psai-pintuck-capri-9,0,shopify,100,deny,manual,13.98,34.99,TRUE,TRUE,,,,,FALSE,Low Rise Pintuck Capri Jeans,Low-rise black wash capri jeans with pintuck details and medium stretch.,Apparel & Accessories > Clothing,female,adult,,new,TRUE,PrimeStyleAI Demo,,,,,https://res.cloudinary.com/dgvtynla7/image/upload/v1779970627/demo/products/low-rise-pintuck-capri-jeans-black/image-01.webp,lb,,,active
low-rise-pintuck-capri-jeans-black,Low Rise Pintuck Capri Jeans,"<p>Low-rise black wash capri jeans with pintuck details and medium stretch.</p>
<p><strong>Material:</strong> 55% cotton, 24% polyester, 20% viscose, 1% spandex</p>
<p><strong>Available sizes:</strong> 0, 1, 3, 5, 7, 9, 11, 13, 15</p>
<div class=""primestyle-size-guide""><h3>Jeans and Bottoms Fit Matching Guide</h3><table><thead><tr><th>Size</th><th>Waist (in)</th><th>Hips (in)</th><th>Waist (cm)</th><th>Hips (cm)</th><th>Alpha</th></tr></thead><tbody><tr><td></td><td></td><td></td><td></td><td></td><td></td></tr><tr><td></td><td></td><td></td><td></td><td></td><td></td></tr><tr><td></td><td></td><td></td><td></td><td></td><td></td></tr><tr><td></td><td></td><td></td><td></td><td></td><td></td></tr><tr><td></td><td></td><td></td><td></td><td></td><td></td></tr><tr><td></td><td></td><td></td><td></td><td></td><td></td></tr><tr><td></td><td></td><td></td><td></td><td></td><td></td></tr><tr><td></td><td></td><td></td><td></td><td></td><td></td></tr><tr><td></td><td></td><td></td><td></td><td></td><td></td></tr></tbody></table></div>",PrimeStyleAI,Apparel & Accessories > Clothing,Pants,"PrimeStyleAI Demo, PrimeStyleAI Import, Pants, Jeans, female, demo, jeans, denim, pants, capri, black wash, low rise, pintuck, medium stretch, women",TRUE,Color,Black Wash,Size,11,,,psai-pintuck-capri-11,0,shopify,100,deny,manual,13.98,34.99,TRUE,TRUE,,,,,FALSE,Low Rise Pintuck Capri Jeans,Low-rise black wash capri jeans with pintuck details and medium stretch.,Apparel & Accessories > Clothing,female,adult,,new,TRUE,PrimeStyleAI Demo,,,,,https://res.cloudinary.com/dgvtynla7/image/upload/v1779970627/demo/products/low-rise-pintuck-capri-jeans-black/image-01.webp,lb,,,active
low-rise-pintuck-capri-jeans-black,Low Rise Pintuck Capri Jeans,"<p>Low-rise black wash capri jeans with pintuck details and medium stretch.</p>
<p><strong>Material:</strong> 55% cotton, 24% polyester, 20% viscose, 1% spandex</p>
<p><strong>Available sizes:</strong> 0, 1, 3, 5, 7, 9, 11, 13, 15</p>
<div class=""primestyle-size-guide""><h3>Jeans and Bottoms Fit Matching Guide</h3><table><thead><tr><th>Size</th><th>Waist (in)</th><th>Hips (in)</th><th>Waist (cm)</th><th>Hips (cm)</th><th>Alpha</th></tr></thead><tbody><tr><td></td><td></td><td></td><td></td><td></td><td></td></tr><tr><td></td><td></td><td></td><td></td><td></td><td></td></tr><tr><td></td><td></td><td></td><td></td><td></td><td></td></tr><tr><td></td><td></td><td></td><td></td><td></td><td></td></tr><tr><td></td><td></td><td></td><td></td><td></td><td></td></tr><tr><td></td><td></td><td></td><td></td><td></td><td></td></tr><tr><td></td><td></td><td></td><td></td><td></td><td></td></tr><tr><td></td><td></td><td></td><td></td><td></td><td></td></tr><tr><td></td><td></td><td></td><td></td><td></td><td></td></tr></tbody></table></div>",PrimeStyleAI,Apparel & Accessories > Clothing,Pants,"PrimeStyleAI Demo, PrimeStyleAI Import, Pants, Jeans, female, demo, jeans, denim, pants, capri, black wash, low rise, pintuck, medium stretch, women",TRUE,Color,Black Wash,Size,13,,,psai-pintuck-capri-13,0,shopify,100,deny,manual,13.98,34.99,TRUE,TRUE,,,,,FALSE,Low Rise Pintuck Capri Jeans,Low-rise black wash capri jeans with pintuck details and medium stretch.,Apparel & Accessories > Clothing,female,adult,,new,TRUE,PrimeStyleAI Demo,,,,,https://res.cloudinary.com/dgvtynla7/image/upload/v1779970627/demo/products/low-rise-pintuck-capri-jeans-black/image-01.webp,lb,,,active
low-rise-pintuck-capri-jeans-black,Low Rise Pintuck Capri Jeans,"<p>Low-rise black wash capri jeans with pintuck details and medium stretch.</p>
<p><strong>Material:</strong> 55% cotton, 24% polyester, 20% viscose, 1% spandex</p>
<p><strong>Available sizes:</strong> 0, 1, 3, 5, 7, 9, 11, 13, 15</p>
<div class=""primestyle-size-guide""><h3>Jeans and Bottoms Fit Matching Guide</h3><table><thead><tr><th>Size</th><th>Waist (in)</th><th>Hips (in)</th><th>Waist (cm)</th><th>Hips (cm)</th><th>Alpha</th></tr></thead><tbody><tr><td></td><td></td><td></td><td></td><td></td><td></td></tr><tr><td></td><td></td><td></td><td></td><td></td><td></td></tr><tr><td></td><td></td><td></td><td></td><td></td><td></td></tr><tr><td></td><td></td><td></td><td></td><td></td><td></td></tr><tr><td></td><td></td><td></td><td></td><td></td><td></td></tr><tr><td></td><td></td><td></td><td></td><td></td><td></td></tr><tr><td></td><td></td><td></td><td></td><td></td><td></td></tr><tr><td></td><td></td><td></td><td></td><td></td><td></td></tr><tr><td></td><td></td><td></td><td></td><td></td><td></td></tr></tbody></table></div>",PrimeStyleAI,Apparel & Accessories > Clothing,Pants,"PrimeStyleAI Demo, PrimeStyleAI Import, Pants, Jeans, female, demo, jeans, denim, pants, capri, black wash, low rise, pintuck, medium stretch, women",TRUE,Color,Black Wash,Size,15,,,psai-pintuck-capri-15,0,shopify,100,deny,manual,13.98,34.99,TRUE,TRUE,,,,,FALSE,Low Rise Pintuck Capri Jeans,Low-rise black wash capri jeans with pintuck details and medium stretch.,Apparel & Accessories > Clothing,female,adult,,new,TRUE,PrimeStyleAI Demo,,,,,https://res.cloudinary.com/dgvtynla7/image/upload/v1779970627/demo/products/low-rise-pintuck-capri-jeans-black/image-01.webp,lb,,,active
mid-rise-floral-zip-ankle-jeans,Mid Rise Floral Zip Ankle Jeans,"<p>Mid-rise floral ankle jeans with a wide straight leg and clean hem.</p>
<p><strong>Material:</strong> 100% cotton rigid denim</p>
<p><strong>Available sizes:</strong> 23, 24, 25, 26, 27, 28, 29, 30, 31, 32, 33, 34</p>
<div class=""primestyle-size-guide""><h3>Women&#39;s Floral Denim Fit Matching Guide</h3><table><thead><tr><th>Size</th><th>Waist (in)</th><th>Hips (in)</th><th>Waist (cm)</th><th>Hips (cm)</th><th>US</th></tr></thead><tbody><tr><td></td><td></td><td></td><td></td><td></td><td></td></tr><tr><td></td><td></td><td></td><td></td><td></td><td></td></tr><tr><td></td><td></td><td></td><td></td><td></td><td></td></tr><tr><td></td><td></td><td></td><td></td><td></td><td></td></tr><tr><td></td><td></td><td></td><td></td><td></td><td></td></tr><tr><td></td><td></td><td></td><td></td><td></td><td></td></tr><tr><td></td><td></td><td></td><td></td><td></td><td></td></tr><tr><td></td><td></td><td></td><td></td><td></td><td></td></tr><tr><td></td><td></td><td></td><td></td><td></td><td></td></tr><tr><td></td><td></td><td></td><td></td><td></td><td></td></tr><tr><td></td><td></td><td></td><td></td><td></td><td></td></tr><tr><td></td><td></td><td></td><td></td><td></td><td></td></tr></tbody></table></div>",PrimeStyleAI,Apparel & Accessories > Clothing,Pants,"PrimeStyleAI Demo, PrimeStyleAI Import, Pants, Jeans, female, demo, jeans, denim, pants, floral print, mid rise, straight leg, ankle length, rigid cotton, women",TRUE,Color,Ivory Floral,Size,23,,,psai-floral-zip-ankle-23,0,shopify,100,deny,manual,228.00,,TRUE,TRUE,,https://res.cloudinary.com/dgvtynla7/image/upload/v1779970612/demo/products/mid-rise-floral-zip-ankle-jeans/image-01.webp,1,Mid Rise Floral Zip Ankle Jeans,FALSE,Mid Rise Floral Zip Ankle Jeans,Mid-rise floral ankle jeans with a wide straight leg and clean hem.,Apparel & Accessories > Clothing,female,adult,,new,TRUE,PrimeStyleAI Demo,,,,,https://res.cloudinary.com/dgvtynla7/image/upload/v1779970612/demo/products/mid-rise-floral-zip-ankle-jeans/image-01.webp,lb,,,active
mid-rise-floral-zip-ankle-jeans,Mid Rise Floral Zip Ankle Jeans,"<p>Mid-rise floral ankle jeans with a wide straight leg and clean hem.</p>
<p><strong>Material:</strong> 100% cotton rigid denim</p>
<p><strong>Available sizes:</strong> 23, 24, 25, 26, 27, 28, 29, 30, 31, 32, 33, 34</p>
<div class=""primestyle-size-guide""><h3>Women&#39;s Floral Denim Fit Matching Guide</h3><table><thead><tr><th>Size</th><th>Waist (in)</th><th>Hips (in)</th><th>Waist (cm)</th><th>Hips (cm)</th><th>US</th></tr></thead><tbody><tr><td></td><td></td><td></td><td></td><td></td><td></td></tr><tr><td></td><td></td><td></td><td></td><td></td><td></td></tr><tr><td></td><td></td><td></td><td></td><td></td><td></td></tr><tr><td></td><td></td><td></td><td></td><td></td><td></td></tr><tr><td></td><td></td><td></td><td></td><td></td><td></td></tr><tr><td></td><td></td><td></td><td></td><td></td><td></td></tr><tr><td></td><td></td><td></td><td></td><td></td><td></td></tr><tr><td></td><td></td><td></td><td></td><td></td><td></td></tr><tr><td></td><td></td><td></td><td></td><td></td><td></td></tr><tr><td></td><td></td><td></td><td></td><td></td><td></td></tr><tr><td></td><td></td><td></td><td></td><td></td><td></td></tr><tr><td></td><td></td><td></td><td></td><td></td><td></td></tr></tbody></table></div>",PrimeStyleAI,Apparel & Accessories > Clothing,Pants,"PrimeStyleAI Demo, PrimeStyleAI Import, Pants, Jeans, female, demo, jeans, denim, pants, floral print, mid rise, straight leg, ankle length, rigid cotton, women",TRUE,Color,Ivory Floral,Size,24,,,psai-floral-zip-ankle-24,0,shopify,100,deny,manual,228.00,,TRUE,TRUE,,https://res.cloudinary.com/dgvtynla7/image/upload/v1779970614/demo/products/mid-rise-floral-zip-ankle-jeans/image-02.webp,2,Mid Rise Floral Zip Ankle Jeans,FALSE,Mid Rise Floral Zip Ankle Jeans,Mid-rise floral ankle jeans with a wide straight leg and clean hem.,Apparel & Accessories > Clothing,female,adult,,new,TRUE,PrimeStyleAI Demo,,,,,https://res.cloudinary.com/dgvtynla7/image/upload/v1779970612/demo/products/mid-rise-floral-zip-ankle-jeans/image-01.webp,lb,,,active
mid-rise-floral-zip-ankle-jeans,Mid Rise Floral Zip Ankle Jeans,"<p>Mid-rise floral ankle jeans with a wide straight leg and clean hem.</p>
<p><strong>Material:</strong> 100% cotton rigid denim</p>
<p><strong>Available sizes:</strong> 23, 24, 25, 26, 27, 28, 29, 30, 31, 32, 33, 34</p>
<div class=""primestyle-size-guide""><h3>Women&#39;s Floral Denim Fit Matching Guide</h3><table><thead><tr><th>Size</th><th>Waist (in)</th><th>Hips (in)</th><th>Waist (cm)</th><th>Hips (cm)</th><th>US</th></tr></thead><tbody><tr><td></td><td></td><td></td><td></td><td></td><td></td></tr><tr><td></td><td></td><td></td><td></td><td></td><td></td></tr><tr><td></td><td></td><td></td><td></td><td></td><td></td></tr><tr><td></td><td></td><td></td><td></td><td></td><td></td></tr><tr><td></td><td></td><td></td><td></td><td></td><td></td></tr><tr><td></td><td></td><td></td><td></td><td></td><td></td></tr><tr><td></td><td></td><td></td><td></td><td></td><td></td></tr><tr><td></td><td></td><td></td><td></td><td></td><td></td></tr><tr><td></td><td></td><td></td><td></td><td></td><td></td></tr><tr><td></td><td></td><td></td><td></td><td></td><td></td></tr><tr><td></td><td></td><td></td><td></td><td></td><td></td></tr><tr><td></td><td></td><td></td><td></td><td></td><td></td></tr></tbody></table></div>",PrimeStyleAI,Apparel & Accessories > Clothing,Pants,"PrimeStyleAI Demo, PrimeStyleAI Import, Pants, Jeans, female, demo, jeans, denim, pants, floral print, mid rise, straight leg, ankle length, rigid cotton, women",TRUE,Color,Ivory Floral,Size,25,,,psai-floral-zip-ankle-25,0,shopify,100,deny,manual,228.00,,TRUE,TRUE,,https://res.cloudinary.com/dgvtynla7/image/upload/v1779970615/demo/products/mid-rise-floral-zip-ankle-jeans/image-03.webp,3,Mid Rise Floral Zip Ankle Jeans,FALSE,Mid Rise Floral Zip Ankle Jeans,Mid-rise floral ankle jeans with a wide straight leg and clean hem.,Apparel & Accessories > Clothing,female,adult,,new,TRUE,PrimeStyleAI Demo,,,,,https://res.cloudinary.com/dgvtynla7/image/upload/v1779970612/demo/products/mid-rise-floral-zip-ankle-jeans/image-01.webp,lb,,,active
mid-rise-floral-zip-ankle-jeans,Mid Rise Floral Zip Ankle Jeans,"<p>Mid-rise floral ankle jeans with a wide straight leg and clean hem.</p>
<p><strong>Material:</strong> 100% cotton rigid denim</p>
<p><strong>Available sizes:</strong> 23, 24, 25, 26, 27, 28, 29, 30, 31, 32, 33, 34</p>
<div class=""primestyle-size-guide""><h3>Women&#39;s Floral Denim Fit Matching Guide</h3><table><thead><tr><th>Size</th><th>Waist (in)</th><th>Hips (in)</th><th>Waist (cm)</th><th>Hips (cm)</th><th>US</th></tr></thead><tbody><tr><td></td><td></td><td></td><td></td><td></td><td></td></tr><tr><td></td><td></td><td></td><td></td><td></td><td></td></tr><tr><td></td><td></td><td></td><td></td><td></td><td></td></tr><tr><td></td><td></td><td></td><td></td><td></td><td></td></tr><tr><td></td><td></td><td></td><td></td><td></td><td></td></tr><tr><td></td><td></td><td></td><td></td><td></td><td></td></tr><tr><td></td><td></td><td></td><td></td><td></td><td></td></tr><tr><td></td><td></td><td></td><td></td><td></td><td></td></tr><tr><td></td><td></td><td></td><td></td><td></td><td></td></tr><tr><td></td><td></td><td></td><td></td><td></td><td></td></tr><tr><td></td><td></td><td></td><td></td><td></td><td></td></tr><tr><td></td><td></td><td></td><td></td><td></td><td></td></tr></tbody></table></div>",PrimeStyleAI,Apparel & Accessories > Clothing,Pants,"PrimeStyleAI Demo, PrimeStyleAI Import, Pants, Jeans, female, demo, jeans, denim, pants, floral print, mid rise, straight leg, ankle length, rigid cotton, women",TRUE,Color,Ivory Floral,Size,26,,,psai-floral-zip-ankle-26,0,shopify,100,deny,manual,228.00,,TRUE,TRUE,,https://res.cloudinary.com/dgvtynla7/image/upload/v1779970617/demo/products/mid-rise-floral-zip-ankle-jeans/image-04.webp,4,Mid Rise Floral Zip Ankle Jeans,FALSE,Mid Rise Floral Zip Ankle Jeans,Mid-rise floral ankle jeans with a wide straight leg and clean hem.,Apparel & Accessories > Clothing,female,adult,,new,TRUE,PrimeStyleAI Demo,,,,,https://res.cloudinary.com/dgvtynla7/image/upload/v1779970612/demo/products/mid-rise-floral-zip-ankle-jeans/image-01.webp,lb,,,active
mid-rise-floral-zip-ankle-jeans,Mid Rise Floral Zip Ankle Jeans,"<p>Mid-rise floral ankle jeans with a wide straight leg and clean hem.</p>
<p><strong>Material:</strong> 100% cotton rigid denim</p>
<p><strong>Available sizes:</strong> 23, 24, 25, 26, 27, 28, 29, 30, 31, 32, 33, 34</p>
<div class=""primestyle-size-guide""><h3>Women&#39;s Floral Denim Fit Matching Guide</h3><table><thead><tr><th>Size</th><th>Waist (in)</th><th>Hips (in)</th><th>Waist (cm)</th><th>Hips (cm)</th><th>US</th></tr></thead><tbody><tr><td></td><td></td><td></td><td></td><td></td><td></td></tr><tr><td></td><td></td><td></td><td></td><td></td><td></td></tr><tr><td></td><td></td><td></td><td></td><td></td><td></td></tr><tr><td></td><td></td><td></td><td></td><td></td><td></td></tr><tr><td></td><td></td><td></td><td></td><td></td><td></td></tr><tr><td></td><td></td><td></td><td></td><td></td><td></td></tr><tr><td></td><td></td><td></td><td></td><td></td><td></td></tr><tr><td></td><td></td><td></td><td></td><td></td><td></td></tr><tr><td></td><td></td><td></td><td></td><td></td><td></td></tr><tr><td></td><td></td><td></td><td></td><td></td><td></td></tr><tr><td></td><td></td><td></td><td></td><td></td><td></td></tr><tr><td></td><td></td><td></td><td></td><td></td><td></td></tr></tbody></table></div>",PrimeStyleAI,Apparel & Accessories > Clothing,Pants,"PrimeStyleAI Demo, PrimeStyleAI Import, Pants, Jeans, female, demo, jeans, denim, pants, floral print, mid rise, straight leg, ankle length, rigid cotton, women",TRUE,Color,Ivory Floral,Size,27,,,psai-floral-zip-ankle-27,0,shopify,100,deny,manual,228.00,,TRUE,TRUE,,https://res.cloudinary.com/dgvtynla7/image/upload/v1779970622/demo/products/mid-rise-floral-zip-ankle-jeans/image-05.jpg,5,Mid Rise Floral Zip Ankle Jeans,FALSE,Mid Rise Floral Zip Ankle Jeans,Mid-rise floral ankle jeans with a wide straight leg and clean hem.,Apparel & Accessories > Clothing,female,adult,,new,TRUE,PrimeStyleAI Demo,,,,,https://res.cloudinary.com/dgvtynla7/image/upload/v1779970612/demo/products/mid-rise-floral-zip-ankle-jeans/image-01.webp,lb,,,active
mid-rise-floral-zip-ankle-jeans,Mid Rise Floral Zip Ankle Jeans,"<p>Mid-rise floral ankle jeans with a wide straight leg and clean hem.</p>
<p><strong>Material:</strong> 100% cotton rigid denim</p>
<p><strong>Available sizes:</strong> 23, 24, 25, 26, 27, 28, 29, 30, 31, 32, 33, 34</p>
<div class=""primestyle-size-guide""><h3>Women&#39;s Floral Denim Fit Matching Guide</h3><table><thead><tr><th>Size</th><th>Waist (in)</th><th>Hips (in)</th><th>Waist (cm)</th><th>Hips (cm)</th><th>US</th></tr></thead><tbody><tr><td></td><td></td><td></td><td></td><td></td><td></td></tr><tr><td></td><td></td><td></td><td></td><td></td><td></td></tr><tr><td></td><td></td><td></td><td></td><td></td><td></td></tr><tr><td></td><td></td><td></td><td></td><td></td><td></td></tr><tr><td></td><td></td><td></td><td></td><td></td><td></td></tr><tr><td></td><td></td><td></td><td></td><td></td><td></td></tr><tr><td></td><td></td><td></td><td></td><td></td><td></td></tr><tr><td></td><td></td><td></td><td></td><td></td><td></td></tr><tr><td></td><td></td><td></td><td></td><td></td><td></td></tr><tr><td></td><td></td><td></td><td></td><td></td><td></td></tr><tr><td></td><td></td><td></td><td></td><td></td><td></td></tr><tr><td></td><td></td><td></td><td></td><td></td><td></td></tr></tbody></table></div>",PrimeStyleAI,Apparel & Accessories > Clothing,Pants,"PrimeStyleAI Demo, PrimeStyleAI Import, Pants, Jeans, female, demo, jeans, denim, pants, floral print, mid rise, straight leg, ankle length, rigid cotton, women",TRUE,Color,Ivory Floral,Size,28,,,psai-floral-zip-ankle-28,0,shopify,100,deny,manual,228.00,,TRUE,TRUE,,https://res.cloudinary.com/dgvtynla7/image/upload/v1779970626/demo/products/mid-rise-floral-zip-ankle-jeans/image-06.jpg,6,Mid Rise Floral Zip Ankle Jeans,FALSE,Mid Rise Floral Zip Ankle Jeans,Mid-rise floral ankle jeans with a wide straight leg and clean hem.,Apparel & Accessories > Clothing,female,adult,,new,TRUE,PrimeStyleAI Demo,,,,,https://res.cloudinary.com/dgvtynla7/image/upload/v1779970612/demo/products/mid-rise-floral-zip-ankle-jeans/image-01.webp,lb,,,active
mid-rise-floral-zip-ankle-jeans,Mid Rise Floral Zip Ankle Jeans,"<p>Mid-rise floral ankle jeans with a wide straight leg and clean hem.</p>
<p><strong>Material:</strong> 100% cotton rigid denim</p>
<p><strong>Available sizes:</strong> 23, 24, 25, 26, 27, 28, 29, 30, 31, 32, 33, 34</p>
<div class=""primestyle-size-guide""><h3>Women&#39;s Floral Denim Fit Matching Guide</h3><table><thead><tr><th>Size</th><th>Waist (in)</th><th>Hips (in)</th><th>Waist (cm)</th><th>Hips (cm)</th><th>US</th></tr></thead><tbody><tr><td></td><td></td><td></td><td></td><td></td><td></td></tr><tr><td></td><td></td><td></td><td></td><td></td><td></td></tr><tr><td></td><td></td><td></td><td></td><td></td><td></td></tr><tr><td></td><td></td><td></td><td></td><td></td><td></td></tr><tr><td></td><td></td><td></td><td></td><td></td><td></td></tr><tr><td></td><td></td><td></td><td></td><td></td><td></td></tr><tr><td></td><td></td><td></td><td></td><td></td><td></td></tr><tr><td></td><td></td><td></td><td></td><td></td><td></td></tr><tr><td></td><td></td><td></td><td></td><td></td><td></td></tr><tr><td></td><td></td><td></td><td></td><td></td><td></td></tr><tr><td></td><td></td><td></td><td></td><td></td><td></td></tr><tr><td></td><td></td><td></td><td></td><td></td><td></td></tr></tbody></table></div>",PrimeStyleAI,Apparel & Accessories > Clothing,Pants,"PrimeStyleAI Demo, PrimeStyleAI Import, Pants, Jeans, female, demo, jeans, denim, pants, floral print, mid rise, straight leg, ankle length, rigid cotton, women",TRUE,Color,Ivory Floral,Size,29,,,psai-floral-zip-ankle-29,0,shopify,100,deny,manual,228.00,,TRUE,TRUE,,,,,FALSE,Mid Rise Floral Zip Ankle Jeans,Mid-rise floral ankle jeans with a wide straight leg and clean hem.,Apparel & Accessories > Clothing,female,adult,,new,TRUE,PrimeStyleAI Demo,,,,,https://res.cloudinary.com/dgvtynla7/image/upload/v1779970612/demo/products/mid-rise-floral-zip-ankle-jeans/image-01.webp,lb,,,active
mid-rise-floral-zip-ankle-jeans,Mid Rise Floral Zip Ankle Jeans,"<p>Mid-rise floral ankle jeans with a wide straight leg and clean hem.</p>
<p><strong>Material:</strong> 100% cotton rigid denim</p>
<p><strong>Available sizes:</strong> 23, 24, 25, 26, 27, 28, 29, 30, 31, 32, 33, 34</p>
<div class=""primestyle-size-guide""><h3>Women&#39;s Floral Denim Fit Matching Guide</h3><table><thead><tr><th>Size</th><th>Waist (in)</th><th>Hips (in)</th><th>Waist (cm)</th><th>Hips (cm)</th><th>US</th></tr></thead><tbody><tr><td></td><td></td><td></td><td></td><td></td><td></td></tr><tr><td></td><td></td><td></td><td></td><td></td><td></td></tr><tr><td></td><td></td><td></td><td></td><td></td><td></td></tr><tr><td></td><td></td><td></td><td></td><td></td><td></td></tr><tr><td></td><td></td><td></td><td></td><td></td><td></td></tr><tr><td></td><td></td><td></td><td></td><td></td><td></td></tr><tr><td></td><td></td><td></td><td></td><td></td><td></td></tr><tr><td></td><td></td><td></td><td></td><td></td><td></td></tr><tr><td></td><td></td><td></td><td></td><td></td><td></td></tr><tr><td></td><td></td><td></td><td></td><td></td><td></td></tr><tr><td></td><td></td><td></td><td></td><td></td><td></td></tr><tr><td></td><td></td><td></td><td></td><td></td><td></td></tr></tbody></table></div>",PrimeStyleAI,Apparel & Accessories > Clothing,Pants,"PrimeStyleAI Demo, PrimeStyleAI Import, Pants, Jeans, female, demo, jeans, denim, pants, floral print, mid rise, straight leg, ankle length, rigid cotton, women",TRUE,Color,Ivory Floral,Size,30,,,psai-floral-zip-ankle-30,0,shopify,100,deny,manual,228.00,,TRUE,TRUE,,,,,FALSE,Mid Rise Floral Zip Ankle Jeans,Mid-rise floral ankle jeans with a wide straight leg and clean hem.,Apparel & Accessories > Clothing,female,adult,,new,TRUE,PrimeStyleAI Demo,,,,,https://res.cloudinary.com/dgvtynla7/image/upload/v1779970612/demo/products/mid-rise-floral-zip-ankle-jeans/image-01.webp,lb,,,active
mid-rise-floral-zip-ankle-jeans,Mid Rise Floral Zip Ankle Jeans,"<p>Mid-rise floral ankle jeans with a wide straight leg and clean hem.</p>
<p><strong>Material:</strong> 100% cotton rigid denim</p>
<p><strong>Available sizes:</strong> 23, 24, 25, 26, 27, 28, 29, 30, 31, 32, 33, 34</p>
<div class=""primestyle-size-guide""><h3>Women&#39;s Floral Denim Fit Matching Guide</h3><table><thead><tr><th>Size</th><th>Waist (in)</th><th>Hips (in)</th><th>Waist (cm)</th><th>Hips (cm)</th><th>US</th></tr></thead><tbody><tr><td></td><td></td><td></td><td></td><td></td><td></td></tr><tr><td></td><td></td><td></td><td></td><td></td><td></td></tr><tr><td></td><td></td><td></td><td></td><td></td><td></td></tr><tr><td></td><td></td><td></td><td></td><td></td><td></td></tr><tr><td></td><td></td><td></td><td></td><td></td><td></td></tr><tr><td></td><td></td><td></td><td></td><td></td><td></td></tr><tr><td></td><td></td><td></td><td></td><td></td><td></td></tr><tr><td></td><td></td><td></td><td></td><td></td><td></td></tr><tr><td></td><td></td><td></td><td></td><td></td><td></td></tr><tr><td></td><td></td><td></td><td></td><td></td><td></td></tr><tr><td></td><td></td><td></td><td></td><td></td><td></td></tr><tr><td></td><td></td><td></td><td></td><td></td><td></td></tr></tbody></table></div>",PrimeStyleAI,Apparel & Accessories > Clothing,Pants,"PrimeStyleAI Demo, PrimeStyleAI Import, Pants, Jeans, female, demo, jeans, denim, pants, floral print, mid rise, straight leg, ankle length, rigid cotton, women",TRUE,Color,Ivory Floral,Size,31,,,psai-floral-zip-ankle-31,0,shopify,100,deny,manual,228.00,,TRUE,TRUE,,,,,FALSE,Mid Rise Floral Zip Ankle Jeans,Mid-rise floral ankle jeans with a wide straight leg and clean hem.,Apparel & Accessories > Clothing,female,adult,,new,TRUE,PrimeStyleAI Demo,,,,,https://res.cloudinary.com/dgvtynla7/image/upload/v1779970612/demo/products/mid-rise-floral-zip-ankle-jeans/image-01.webp,lb,,,active
mid-rise-floral-zip-ankle-jeans,Mid Rise Floral Zip Ankle Jeans,"<p>Mid-rise floral ankle jeans with a wide straight leg and clean hem.</p>
<p><strong>Material:</strong> 100% cotton rigid denim</p>
<p><strong>Available sizes:</strong> 23, 24, 25, 26, 27, 28, 29, 30, 31, 32, 33, 34</p>
<div class=""primestyle-size-guide""><h3>Women&#39;s Floral Denim Fit Matching Guide</h3><table><thead><tr><th>Size</th><th>Waist (in)</th><th>Hips (in)</th><th>Waist (cm)</th><th>Hips (cm)</th><th>US</th></tr></thead><tbody><tr><td></td><td></td><td></td><td></td><td></td><td></td></tr><tr><td></td><td></td><td></td><td></td><td></td><td></td></tr><tr><td></td><td></td><td></td><td></td><td></td><td></td></tr><tr><td></td><td></td><td></td><td></td><td></td><td></td></tr><tr><td></td><td></td><td></td><td></td><td></td><td></td></tr><tr><td></td><td></td><td></td><td></td><td></td><td></td></tr><tr><td></td><td></td><td></td><td></td><td></td><td></td></tr><tr><td></td><td></td><td></td><td></td><td></td><td></td></tr><tr><td></td><td></td><td></td><td></td><td></td><td></td></tr><tr><td></td><td></td><td></td><td></td><td></td><td></td></tr><tr><td></td><td></td><td></td><td></td><td></td><td></td></tr><tr><td></td><td></td><td></td><td></td><td></td><td></td></tr></tbody></table></div>",PrimeStyleAI,Apparel & Accessories > Clothing,Pants,"PrimeStyleAI Demo, PrimeStyleAI Import, Pants, Jeans, female, demo, jeans, denim, pants, floral print, mid rise, straight leg, ankle length, rigid cotton, women",TRUE,Color,Ivory Floral,Size,32,,,psai-floral-zip-ankle-32,0,shopify,100,deny,manual,228.00,,TRUE,TRUE,,,,,FALSE,Mid Rise Floral Zip Ankle Jeans,Mid-rise floral ankle jeans with a wide straight leg and clean hem.,Apparel & Accessories > Clothing,female,adult,,new,TRUE,PrimeStyleAI Demo,,,,,https://res.cloudinary.com/dgvtynla7/image/upload/v1779970612/demo/products/mid-rise-floral-zip-ankle-jeans/image-01.webp,lb,,,active
mid-rise-floral-zip-ankle-jeans,Mid Rise Floral Zip Ankle Jeans,"<p>Mid-rise floral ankle jeans with a wide straight leg and clean hem.</p>
<p><strong>Material:</strong> 100% cotton rigid denim</p>
<p><strong>Available sizes:</strong> 23, 24, 25, 26, 27, 28, 29, 30, 31, 32, 33, 34</p>
<div class=""primestyle-size-guide""><h3>Women&#39;s Floral Denim Fit Matching Guide</h3><table><thead><tr><th>Size</th><th>Waist (in)</th><th>Hips (in)</th><th>Waist (cm)</th><th>Hips (cm)</th><th>US</th></tr></thead><tbody><tr><td></td><td></td><td></td><td></td><td></td><td></td></tr><tr><td></td><td></td><td></td><td></td><td></td><td></td></tr><tr><td></td><td></td><td></td><td></td><td></td><td></td></tr><tr><td></td><td></td><td></td><td></td><td></td><td></td></tr><tr><td></td><td></td><td></td><td></td><td></td><td></td></tr><tr><td></td><td></td><td></td><td></td><td></td><td></td></tr><tr><td></td><td></td><td></td><td></td><td></td><td></td></tr><tr><td></td><td></td><td></td><td></td><td></td><td></td></tr><tr><td></td><td></td><td></td><td></td><td></td><td></td></tr><tr><td></td><td></td><td></td><td></td><td></td><td></td></tr><tr><td></td><td></td><td></td><td></td><td></td><td></td></tr><tr><td></td><td></td><td></td><td></td><td></td><td></td></tr></tbody></table></div>",PrimeStyleAI,Apparel & Accessories > Clothing,Pants,"PrimeStyleAI Demo, PrimeStyleAI Import, Pants, Jeans, female, demo, jeans, denim, pants, floral print, mid rise, straight leg, ankle length, rigid cotton, women",TRUE,Color,Ivory Floral,Size,33,,,psai-floral-zip-ankle-33,0,shopify,100,deny,manual,228.00,,TRUE,TRUE,,,,,FALSE,Mid Rise Floral Zip Ankle Jeans,Mid-rise floral ankle jeans with a wide straight leg and clean hem.,Apparel & Accessories > Clothing,female,adult,,new,TRUE,PrimeStyleAI Demo,,,,,https://res.cloudinary.com/dgvtynla7/image/upload/v1779970612/demo/products/mid-rise-floral-zip-ankle-jeans/image-01.webp,lb,,,active
mid-rise-floral-zip-ankle-jeans,Mid Rise Floral Zip Ankle Jeans,"<p>Mid-rise floral ankle jeans with a wide straight leg and clean hem.</p>
<p><strong>Material:</strong> 100% cotton rigid denim</p>
<p><strong>Available sizes:</strong> 23, 24, 25, 26, 27, 28, 29, 30, 31, 32, 33, 34</p>
<div class=""primestyle-size-guide""><h3>Women&#39;s Floral Denim Fit Matching Guide</h3><table><thead><tr><th>Size</th><th>Waist (in)</th><th>Hips (in)</th><th>Waist (cm)</th><th>Hips (cm)</th><th>US</th></tr></thead><tbody><tr><td></td><td></td><td></td><td></td><td></td><td></td></tr><tr><td></td><td></td><td></td><td></td><td></td><td></td></tr><tr><td></td><td></td><td></td><td></td><td></td><td></td></tr><tr><td></td><td></td><td></td><td></td><td></td><td></td></tr><tr><td></td><td></td><td></td><td></td><td></td><td></td></tr><tr><td></td><td></td><td></td><td></td><td></td><td></td></tr><tr><td></td><td></td><td></td><td></td><td></td><td></td></tr><tr><td></td><td></td><td></td><td></td><td></td><td></td></tr><tr><td></td><td></td><td></td><td></td><td></td><td></td></tr><tr><td></td><td></td><td></td><td></td><td></td><td></td></tr><tr><td></td><td></td><td></td><td></td><td></td><td></td></tr><tr><td></td><td></td><td></td><td></td><td></td><td></td></tr></tbody></table></div>",PrimeStyleAI,Apparel & Accessories > Clothing,Pants,"PrimeStyleAI Demo, PrimeStyleAI Import, Pants, Jeans, female, demo, jeans, denim, pants, floral print, mid rise, straight leg, ankle length, rigid cotton, women",TRUE,Color,Ivory Floral,Size,34,,,psai-floral-zip-ankle-34,0,shopify,100,deny,manual,228.00,,TRUE,TRUE,,,,,FALSE,Mid Rise Floral Zip Ankle Jeans,Mid-rise floral ankle jeans with a wide straight leg and clean hem.,Apparel & Accessories > Clothing,female,adult,,new,TRUE,PrimeStyleAI Demo,,,,,https://res.cloudinary.com/dgvtynla7/image/upload/v1779970612/demo/products/mid-rise-floral-zip-ankle-jeans/image-01.webp,lb,,,active
womens-stretch-flare-jeans-layover,Women's Stretch Flare Jeans,"<p>Mid-rise stretch flare jeans in a medium blue wash with a clean hem.</p>
<p><strong>Material:</strong> 78% Cotton, 16% Modal, 4% Polyester, 2% Elastane</p>
<p><strong>Available sizes:</strong> 23, 24, 25, 26, 27, 28, 29, 30, 31, 32, 33, 34</p>
<div class=""primestyle-size-guide""><h3>Women&#39;s Stretch Denim Fit Matching Guide</h3><table><thead><tr><th>Size</th><th>Waist (in)</th><th>Hips (in)</th><th>Waist (cm)</th><th>Hips (cm)</th><th>US</th></tr></thead><tbody><tr><td></td><td></td><td></td><td></td><td></td><td></td></tr><tr><td></td><td></td><td></td><td></td><td></td><td></td></tr><tr><td></td><td></td><td></td><td></td><td></td><td></td></tr><tr><td></td><td></td><td></td><td></td><td></td><td></td></tr><tr><td></td><td></td><td></td><td></td><td></td><td></td></tr><tr><td></td><td></td><td></td><td></td><td></td><td></td></tr><tr><td></td><td></td><td></td><td></td><td></td><td></td></tr><tr><td></td><td></td><td></td><td></td><td></td><td></td></tr><tr><td></td><td></td><td></td><td></td><td></td><td></td></tr><tr><td></td><td></td><td></td><td></td><td></td><td></td></tr><tr><td></td><td></td><td></td><td></td><td></td><td></td></tr><tr><td></td><td></td><td></td><td></td><td></td><td></td></tr></tbody></table></div>",PrimeStyleAI,Apparel & Accessories > Clothing,Pants,"PrimeStyleAI Demo, PrimeStyleAI Import, Pants, Jeans, female, women, jeans, denim, flare, mid rise, stretch denim, medium blue, clean hem, 31 inch inseam, zip fly, very stretchy, bottoms, pants",TRUE,Color,Medium Blue,Size,23,,,1585-1008-lyr-23,0,shopify,100,deny,manual,112800.00,,TRUE,TRUE,,https://cdn.shopify.com/s/files/1/2094/5935/files/1585-1008-LYR_VW-B-FullBodySide_42286.jpg?v=1766080638,1,Women's Stretch Flare Jeans,FALSE,Women's Stretch Flare Jeans,Mid-rise stretch flare jeans in a medium blue wash with a clean hem.,Apparel & Accessories > Clothing,female,adult,,new,TRUE,PrimeStyleAI Demo,,,,,https://cdn.shopify.com/s/files/1/2094/5935/files/1585-1008-LYR_VW-B-FullBodySide_42286.jpg?v=1766080638,lb,,,active
womens-stretch-flare-jeans-layover,Women's Stretch Flare Jeans,"<p>Mid-rise stretch flare jeans in a medium blue wash with a clean hem.</p>
<p><strong>Material:</strong> 78% Cotton, 16% Modal, 4% Polyester, 2% Elastane</p>
<p><strong>Available sizes:</strong> 23, 24, 25, 26, 27, 28, 29, 30, 31, 32, 33, 34</p>
<div class=""primestyle-size-guide""><h3>Women&#39;s Stretch Denim Fit Matching Guide</h3><table><thead><tr><th>Size</th><th>Waist (in)</th><th>Hips (in)</th><th>Waist (cm)</th><th>Hips (cm)</th><th>US</th></tr></thead><tbody><tr><td></td><td></td><td></td><td></td><td></td><td></td></tr><tr><td></td><td></td><td></td><td></td><td></td><td></td></tr><tr><td></td><td></td><td></td><td></td><td></td><td></td></tr><tr><td></td><td></td><td></td><td></td><td></td><td></td></tr><tr><td></td><td></td><td></td><td></td><td></td><td></td></tr><tr><td></td><td></td><td></td><td></td><td></td><td></td></tr><tr><td></td><td></td><td></td><td></td><td></td><td></td></tr><tr><td></td><td></td><td></td><td></td><td></td><td></td></tr><tr><td></td><td></td><td></td><td></td><td></td><td></td></tr><tr><td></td><td></td><td></td><td></td><td></td><td></td></tr><tr><td></td><td></td><td></td><td></td><td></td><td></td></tr><tr><td></td><td></td><td></td><td></td><td></td><td></td></tr></tbody></table></div>",PrimeStyleAI,Apparel & Accessories > Clothing,Pants,"PrimeStyleAI Demo, PrimeStyleAI Import, Pants, Jeans, female, women, jeans, denim, flare, mid rise, stretch denim, medium blue, clean hem, 31 inch inseam, zip fly, very stretchy, bottoms, pants",TRUE,Color,Medium Blue,Size,24,,,1585-1008-lyr-24,0,shopify,100,deny,manual,112800.00,,TRUE,TRUE,,https://cdn.shopify.com/s/files/1/2094/5935/files/1585-1008-LYR_VW-B-FullBodySide_42286_26d96df7-5e11-448c-9ffe-8eb677bda155.jpg?v=1766080874,2,Women's Stretch Flare Jeans,FALSE,Women's Stretch Flare Jeans,Mid-rise stretch flare jeans in a medium blue wash with a clean hem.,Apparel & Accessories > Clothing,female,adult,,new,TRUE,PrimeStyleAI Demo,,,,,https://cdn.shopify.com/s/files/1/2094/5935/files/1585-1008-LYR_VW-B-FullBodySide_42286.jpg?v=1766080638,lb,,,active
womens-stretch-flare-jeans-layover,Women's Stretch Flare Jeans,"<p>Mid-rise stretch flare jeans in a medium blue wash with a clean hem.</p>
<p><strong>Material:</strong> 78% Cotton, 16% Modal, 4% Polyester, 2% Elastane</p>
<p><strong>Available sizes:</strong> 23, 24, 25, 26, 27, 28, 29, 30, 31, 32, 33, 34</p>
<div class=""primestyle-size-guide""><h3>Women&#39;s Stretch Denim Fit Matching Guide</h3><table><thead><tr><th>Size</th><th>Waist (in)</th><th>Hips (in)</th><th>Waist (cm)</th><th>Hips (cm)</th><th>US</th></tr></thead><tbody><tr><td></td><td></td><td></td><td></td><td></td><td></td></tr><tr><td></td><td></td><td></td><td></td><td></td><td></td></tr><tr><td></td><td></td><td></td><td></td><td></td><td></td></tr><tr><td></td><td></td><td></td><td></td><td></td><td></td></tr><tr><td></td><td></td><td></td><td></td><td></td><td></td></tr><tr><td></td><td></td><td></td><td></td><td></td><td></td></tr><tr><td></td><td></td><td></td><td></td><td></td><td></td></tr><tr><td></td><td></td><td></td><td></td><td></td><td></td></tr><tr><td></td><td></td><td></td><td></td><td></td><td></td></tr><tr><td></td><td></td><td></td><td></td><td></td><td></td></tr><tr><td></td><td></td><td></td><td></td><td></td><td></td></tr><tr><td></td><td></td><td></td><td></td><td></td><td></td></tr></tbody></table></div>",PrimeStyleAI,Apparel & Accessories > Clothing,Pants,"PrimeStyleAI Demo, PrimeStyleAI Import, Pants, Jeans, female, women, jeans, denim, flare, mid rise, stretch denim, medium blue, clean hem, 31 inch inseam, zip fly, very stretchy, bottoms, pants",TRUE,Color,Medium Blue,Size,25,,,1585-1008-lyr-25,0,shopify,100,deny,manual,112800.00,,TRUE,TRUE,,https://cdn.shopify.com/s/files/1/2094/5935/files/1585-1008-LYR_VW-A-FullBodyFront_42336.jpg?v=1766080874,3,Women's Stretch Flare Jeans,FALSE,Women's Stretch Flare Jeans,Mid-rise stretch flare jeans in a medium blue wash with a clean hem.,Apparel & Accessories > Clothing,female,adult,,new,TRUE,PrimeStyleAI Demo,,,,,https://cdn.shopify.com/s/files/1/2094/5935/files/1585-1008-LYR_VW-B-FullBodySide_42286.jpg?v=1766080638,lb,,,active
womens-stretch-flare-jeans-layover,Women's Stretch Flare Jeans,"<p>Mid-rise stretch flare jeans in a medium blue wash with a clean hem.</p>
<p><strong>Material:</strong> 78% Cotton, 16% Modal, 4% Polyester, 2% Elastane</p>
<p><strong>Available sizes:</strong> 23, 24, 25, 26, 27, 28, 29, 30, 31, 32, 33, 34</p>
<div class=""primestyle-size-guide""><h3>Women&#39;s Stretch Denim Fit Matching Guide</h3><table><thead><tr><th>Size</th><th>Waist (in)</th><th>Hips (in)</th><th>Waist (cm)</th><th>Hips (cm)</th><th>US</th></tr></thead><tbody><tr><td></td><td></td><td></td><td></td><td></td><td></td></tr><tr><td></td><td></td><td></td><td></td><td></td><td></td></tr><tr><td></td><td></td><td></td><td></td><td></td><td></td></tr><tr><td></td><td></td><td></td><td></td><td></td><td></td></tr><tr><td></td><td></td><td></td><td></td><td></td><td></td></tr><tr><td></td><td></td><td></td><td></td><td></td><td></td></tr><tr><td></td><td></td><td></td><td></td><td></td><td></td></tr><tr><td></td><td></td><td></td><td></td><td></td><td></td></tr><tr><td></td><td></td><td></td><td></td><td></td><td></td></tr><tr><td></td><td></td><td></td><td></td><td></td><td></td></tr><tr><td></td><td></td><td></td><td></td><td></td><td></td></tr><tr><td></td><td></td><td></td><td></td><td></td><td></td></tr></tbody></table></div>",PrimeStyleAI,Apparel & Accessories > Clothing,Pants,"PrimeStyleAI Demo, PrimeStyleAI Import, Pants, Jeans, female, women, jeans, denim, flare, mid rise, stretch denim, medium blue, clean hem, 31 inch inseam, zip fly, very stretchy, bottoms, pants",TRUE,Color,Medium Blue,Size,26,,,1585-1008-lyr-26,0,shopify,100,deny,manual,112800.00,,TRUE,TRUE,,https://cdn.shopify.com/s/files/1/2094/5935/files/1585-1008-LYR_VW-B-FullBodySide_42332.jpg?v=1766080874,4,Women's Stretch Flare Jeans,FALSE,Women's Stretch Flare Jeans,Mid-rise stretch flare jeans in a medium blue wash with a clean hem.,Apparel & Accessories > Clothing,female,adult,,new,TRUE,PrimeStyleAI Demo,,,,,https://cdn.shopify.com/s/files/1/2094/5935/files/1585-1008-LYR_VW-B-FullBodySide_42286.jpg?v=1766080638,lb,,,active
womens-stretch-flare-jeans-layover,Women's Stretch Flare Jeans,"<p>Mid-rise stretch flare jeans in a medium blue wash with a clean hem.</p>
<p><strong>Material:</strong> 78% Cotton, 16% Modal, 4% Polyester, 2% Elastane</p>
<p><strong>Available sizes:</strong> 23, 24, 25, 26, 27, 28, 29, 30, 31, 32, 33, 34</p>
<div class=""primestyle-size-guide""><h3>Women&#39;s Stretch Denim Fit Matching Guide</h3><table><thead><tr><th>Size</th><th>Waist (in)</th><th>Hips (in)</th><th>Waist (cm)</th><th>Hips (cm)</th><th>US</th></tr></thead><tbody><tr><td></td><td></td><td></td><td></td><td></td><td></td></tr><tr><td></td><td></td><td></td><td></td><td></td><td></td></tr><tr><td></td><td></td><td></td><td></td><td></td><td></td></tr><tr><td></td><td></td><td></td><td></td><td></td><td></td></tr><tr><td></td><td></td><td></td><td></td><td></td><td></td></tr><tr><td></td><td></td><td></td><td></td><td></td><td></td></tr><tr><td></td><td></td><td></td><td></td><td></td><td></td></tr><tr><td></td><td></td><td></td><td></td><td></td><td></td></tr><tr><td></td><td></td><td></td><td></td><td></td><td></td></tr><tr><td></td><td></td><td></td><td></td><td></td><td></td></tr><tr><td></td><td></td><td></td><td></td><td></td><td></td></tr><tr><td></td><td></td><td></td><td></td><td></td><td></td></tr></tbody></table></div>",PrimeStyleAI,Apparel & Accessories > Clothing,Pants,"PrimeStyleAI Demo, PrimeStyleAI Import, Pants, Jeans, female, women, jeans, denim, flare, mid rise, stretch denim, medium blue, clean hem, 31 inch inseam, zip fly, very stretchy, bottoms, pants",TRUE,Color,Medium Blue,Size,27,,,1585-1008-lyr-27,0,shopify,100,deny,manual,112800.00,,TRUE,TRUE,,https://cdn.shopify.com/s/files/1/2094/5935/files/1585-1008-LYR_VW-C-FullBodyBack_42204.jpg?v=1766080874,5,Women's Stretch Flare Jeans,FALSE,Women's Stretch Flare Jeans,Mid-rise stretch flare jeans in a medium blue wash with a clean hem.,Apparel & Accessories > Clothing,female,adult,,new,TRUE,PrimeStyleAI Demo,,,,,https://cdn.shopify.com/s/files/1/2094/5935/files/1585-1008-LYR_VW-B-FullBodySide_42286.jpg?v=1766080638,lb,,,active
womens-stretch-flare-jeans-layover,Women's Stretch Flare Jeans,"<p>Mid-rise stretch flare jeans in a medium blue wash with a clean hem.</p>
<p><strong>Material:</strong> 78% Cotton, 16% Modal, 4% Polyester, 2% Elastane</p>
<p><strong>Available sizes:</strong> 23, 24, 25, 26, 27, 28, 29, 30, 31, 32, 33, 34</p>
<div class=""primestyle-size-guide""><h3>Women&#39;s Stretch Denim Fit Matching Guide</h3><table><thead><tr><th>Size</th><th>Waist (in)</th><th>Hips (in)</th><th>Waist (cm)</th><th>Hips (cm)</th><th>US</th></tr></thead><tbody><tr><td></td><td></td><td></td><td></td><td></td><td></td></tr><tr><td></td><td></td><td></td><td></td><td></td><td></td></tr><tr><td></td><td></td><td></td><td></td><td></td><td></td></tr><tr><td></td><td></td><td></td><td></td><td></td><td></td></tr><tr><td></td><td></td><td></td><td></td><td></td><td></td></tr><tr><td></td><td></td><td></td><td></td><td></td><td></td></tr><tr><td></td><td></td><td></td><td></td><td></td><td></td></tr><tr><td></td><td></td><td></td><td></td><td></td><td></td></tr><tr><td></td><td></td><td></td><td></td><td></td><td></td></tr><tr><td></td><td></td><td></td><td></td><td></td><td></td></tr><tr><td></td><td></td><td></td><td></td><td></td><td></td></tr><tr><td></td><td></td><td></td><td></td><td></td><td></td></tr></tbody></table></div>",PrimeStyleAI,Apparel & Accessories > Clothing,Pants,"PrimeStyleAI Demo, PrimeStyleAI Import, Pants, Jeans, female, women, jeans, denim, flare, mid rise, stretch denim, medium blue, clean hem, 31 inch inseam, zip fly, very stretchy, bottoms, pants",TRUE,Color,Medium Blue,Size,28,,,1585-1008-lyr-28,0,shopify,100,deny,manual,112800.00,,TRUE,TRUE,,https://cdn.shopify.com/s/files/1/2094/5935/files/1585-1008-LYR_VW-E-Swatch_42265.jpg?v=1766080874,6,Women's Stretch Flare Jeans,FALSE,Women's Stretch Flare Jeans,Mid-rise stretch flare jeans in a medium blue wash with a clean hem.,Apparel & Accessories > Clothing,female,adult,,new,TRUE,PrimeStyleAI Demo,,,,,https://cdn.shopify.com/s/files/1/2094/5935/files/1585-1008-LYR_VW-B-FullBodySide_42286.jpg?v=1766080638,lb,,,active
womens-stretch-flare-jeans-layover,Women's Stretch Flare Jeans,"<p>Mid-rise stretch flare jeans in a medium blue wash with a clean hem.</p>
<p><strong>Material:</strong> 78% Cotton, 16% Modal, 4% Polyester, 2% Elastane</p>
<p><strong>Available sizes:</strong> 23, 24, 25, 26, 27, 28, 29, 30, 31, 32, 33, 34</p>
<div class=""primestyle-size-guide""><h3>Women&#39;s Stretch Denim Fit Matching Guide</h3><table><thead><tr><th>Size</th><th>Waist (in)</th><th>Hips (in)</th><th>Waist (cm)</th><th>Hips (cm)</th><th>US</th></tr></thead><tbody><tr><td></td><td></td><td></td><td></td><td></td><td></td></tr><tr><td></td><td></td><td></td><td></td><td></td><td></td></tr><tr><td></td><td></td><td></td><td></td><td></td><td></td></tr><tr><td></td><td></td><td></td><td></td><td></td><td></td></tr><tr><td></td><td></td><td></td><td></td><td></td><td></td></tr><tr><td></td><td></td><td></td><td></td><td></td><td></td></tr><tr><td></td><td></td><td></td><td></td><td></td><td></td></tr><tr><td></td><td></td><td></td><td></td><td></td><td></td></tr><tr><td></td><td></td><td></td><td></td><td></td><td></td></tr><tr><td></td><td></td><td></td><td></td><td></td><td></td></tr><tr><td></td><td></td><td></td><td></td><td></td><td></td></tr><tr><td></td><td></td><td></td><td></td><td></td><td></td></tr></tbody></table></div>",PrimeStyleAI,Apparel & Accessories > Clothing,Pants,"PrimeStyleAI Demo, PrimeStyleAI Import, Pants, Jeans, female, women, jeans, denim, flare, mid rise, stretch denim, medium blue, clean hem, 31 inch inseam, zip fly, very stretchy, bottoms, pants",TRUE,Color,Medium Blue,Size,29,,,1585-1008-lyr-29,0,shopify,100,deny,manual,112800.00,,TRUE,TRUE,,https://cdn.shopify.com/s/files/1/2094/5935/files/1585-1008-LYR_VW-F-Detail_42192.jpg?v=1766080874,7,Women's Stretch Flare Jeans,FALSE,Women's Stretch Flare Jeans,Mid-rise stretch flare jeans in a medium blue wash with a clean hem.,Apparel & Accessories > Clothing,female,adult,,new,TRUE,PrimeStyleAI Demo,,,,,https://cdn.shopify.com/s/files/1/2094/5935/files/1585-1008-LYR_VW-B-FullBodySide_42286.jpg?v=1766080638,lb,,,active
womens-stretch-flare-jeans-layover,Women's Stretch Flare Jeans,"<p>Mid-rise stretch flare jeans in a medium blue wash with a clean hem.</p>
<p><strong>Material:</strong> 78% Cotton, 16% Modal, 4% Polyester, 2% Elastane</p>
<p><strong>Available sizes:</strong> 23, 24, 25, 26, 27, 28, 29, 30, 31, 32, 33, 34</p>
<div class=""primestyle-size-guide""><h3>Women&#39;s Stretch Denim Fit Matching Guide</h3><table><thead><tr><th>Size</th><th>Waist (in)</th><th>Hips (in)</th><th>Waist (cm)</th><th>Hips (cm)</th><th>US</th></tr></thead><tbody><tr><td></td><td></td><td></td><td></td><td></td><td></td></tr><tr><td></td><td></td><td></td><td></td><td></td><td></td></tr><tr><td></td><td></td><td></td><td></td><td></td><td></td></tr><tr><td></td><td></td><td></td><td></td><td></td><td></td></tr><tr><td></td><td></td><td></td><td></td><td></td><td></td></tr><tr><td></td><td></td><td></td><td></td><td></td><td></td></tr><tr><td></td><td></td><td></td><td></td><td></td><td></td></tr><tr><td></td><td></td><td></td><td></td><td></td><td></td></tr><tr><td></td><td></td><td></td><td></td><td></td><td></td></tr><tr><td></td><td></td><td></td><td></td><td></td><td></td></tr><tr><td></td><td></td><td></td><td></td><td></td><td></td></tr><tr><td></td><td></td><td></td><td></td><td></td><td></td></tr></tbody></table></div>",PrimeStyleAI,Apparel & Accessories > Clothing,Pants,"PrimeStyleAI Demo, PrimeStyleAI Import, Pants, Jeans, female, women, jeans, denim, flare, mid rise, stretch denim, medium blue, clean hem, 31 inch inseam, zip fly, very stretchy, bottoms, pants",TRUE,Color,Medium Blue,Size,30,,,1585-1008-lyr-30,0,shopify,100,deny,manual,112800.00,,TRUE,TRUE,,,,,FALSE,Women's Stretch Flare Jeans,Mid-rise stretch flare jeans in a medium blue wash with a clean hem.,Apparel & Accessories > Clothing,female,adult,,new,TRUE,PrimeStyleAI Demo,,,,,https://cdn.shopify.com/s/files/1/2094/5935/files/1585-1008-LYR_VW-B-FullBodySide_42286.jpg?v=1766080638,lb,,,active
womens-stretch-flare-jeans-layover,Women's Stretch Flare Jeans,"<p>Mid-rise stretch flare jeans in a medium blue wash with a clean hem.</p>
<p><strong>Material:</strong> 78% Cotton, 16% Modal, 4% Polyester, 2% Elastane</p>
<p><strong>Available sizes:</strong> 23, 24, 25, 26, 27, 28, 29, 30, 31, 32, 33, 34</p>
<div class=""primestyle-size-guide""><h3>Women&#39;s Stretch Denim Fit Matching Guide</h3><table><thead><tr><th>Size</th><th>Waist (in)</th><th>Hips (in)</th><th>Waist (cm)</th><th>Hips (cm)</th><th>US</th></tr></thead><tbody><tr><td></td><td></td><td></td><td></td><td></td><td></td></tr><tr><td></td><td></td><td></td><td></td><td></td><td></td></tr><tr><td></td><td></td><td></td><td></td><td></td><td></td></tr><tr><td></td><td></td><td></td><td></td><td></td><td></td></tr><tr><td></td><td></td><td></td><td></td><td></td><td></td></tr><tr><td></td><td></td><td></td><td></td><td></td><td></td></tr><tr><td></td><td></td><td></td><td></td><td></td><td></td></tr><tr><td></td><td></td><td></td><td></td><td></td><td></td></tr><tr><td></td><td></td><td></td><td></td><td></td><td></td></tr><tr><td></td><td></td><td></td><td></td><td></td><td></td></tr><tr><td></td><td></td><td></td><td></td><td></td><td></td></tr><tr><td></td><td></td><td></td><td></td><td></td><td></td></tr></tbody></table></div>",PrimeStyleAI,Apparel & Accessories > Clothing,Pants,"PrimeStyleAI Demo, PrimeStyleAI Import, Pants, Jeans, female, women, jeans, denim, flare, mid rise, stretch denim, medium blue, clean hem, 31 inch inseam, zip fly, very stretchy, bottoms, pants",TRUE,Color,Medium Blue,Size,31,,,1585-1008-lyr-31,0,shopify,100,deny,manual,112800.00,,TRUE,TRUE,,,,,FALSE,Women's Stretch Flare Jeans,Mid-rise stretch flare jeans in a medium blue wash with a clean hem.,Apparel & Accessories > Clothing,female,adult,,new,TRUE,PrimeStyleAI Demo,,,,,https://cdn.shopify.com/s/files/1/2094/5935/files/1585-1008-LYR_VW-B-FullBodySide_42286.jpg?v=1766080638,lb,,,active
womens-stretch-flare-jeans-layover,Women's Stretch Flare Jeans,"<p>Mid-rise stretch flare jeans in a medium blue wash with a clean hem.</p>
<p><strong>Material:</strong> 78% Cotton, 16% Modal, 4% Polyester, 2% Elastane</p>
<p><strong>Available sizes:</strong> 23, 24, 25, 26, 27, 28, 29, 30, 31, 32, 33, 34</p>
<div class=""primestyle-size-guide""><h3>Women&#39;s Stretch Denim Fit Matching Guide</h3><table><thead><tr><th>Size</th><th>Waist (in)</th><th>Hips (in)</th><th>Waist (cm)</th><th>Hips (cm)</th><th>US</th></tr></thead><tbody><tr><td></td><td></td><td></td><td></td><td></td><td></td></tr><tr><td></td><td></td><td></td><td></td><td></td><td></td></tr><tr><td></td><td></td><td></td><td></td><td></td><td></td></tr><tr><td></td><td></td><td></td><td></td><td></td><td></td></tr><tr><td></td><td></td><td></td><td></td><td></td><td></td></tr><tr><td></td><td></td><td></td><td></td><td></td><td></td></tr><tr><td></td><td></td><td></td><td></td><td></td><td></td></tr><tr><td></td><td></td><td></td><td></td><td></td><td></td></tr><tr><td></td><td></td><td></td><td></td><td></td><td></td></tr><tr><td></td><td></td><td></td><td></td><td></td><td></td></tr><tr><td></td><td></td><td></td><td></td><td></td><td></td></tr><tr><td></td><td></td><td></td><td></td><td></td><td></td></tr></tbody></table></div>",PrimeStyleAI,Apparel & Accessories > Clothing,Pants,"PrimeStyleAI Demo, PrimeStyleAI Import, Pants, Jeans, female, women, jeans, denim, flare, mid rise, stretch denim, medium blue, clean hem, 31 inch inseam, zip fly, very stretchy, bottoms, pants",TRUE,Color,Medium Blue,Size,32,,,1585-1008-lyr-32,0,shopify,100,deny,manual,112800.00,,TRUE,TRUE,,,,,FALSE,Women's Stretch Flare Jeans,Mid-rise stretch flare jeans in a medium blue wash with a clean hem.,Apparel & Accessories > Clothing,female,adult,,new,TRUE,PrimeStyleAI Demo,,,,,https://cdn.shopify.com/s/files/1/2094/5935/files/1585-1008-LYR_VW-B-FullBodySide_42286.jpg?v=1766080638,lb,,,active
womens-stretch-flare-jeans-layover,Women's Stretch Flare Jeans,"<p>Mid-rise stretch flare jeans in a medium blue wash with a clean hem.</p>
<p><strong>Material:</strong> 78% Cotton, 16% Modal, 4% Polyester, 2% Elastane</p>
<p><strong>Available sizes:</strong> 23, 24, 25, 26, 27, 28, 29, 30, 31, 32, 33, 34</p>
<div class=""primestyle-size-guide""><h3>Women&#39;s Stretch Denim Fit Matching Guide</h3><table><thead><tr><th>Size</th><th>Waist (in)</th><th>Hips (in)</th><th>Waist (cm)</th><th>Hips (cm)</th><th>US</th></tr></thead><tbody><tr><td></td><td></td><td></td><td></td><td></td><td></td></tr><tr><td></td><td></td><td></td><td></td><td></td><td></td></tr><tr><td></td><td></td><td></td><td></td><td></td><td></td></tr><tr><td></td><td></td><td></td><td></td><td></td><td></td></tr><tr><td></td><td></td><td></td><td></td><td></td><td></td></tr><tr><td></td><td></td><td></td><td></td><td></td><td></td></tr><tr><td></td><td></td><td></td><td></td><td></td><td></td></tr><tr><td></td><td></td><td></td><td></td><td></td><td></td></tr><tr><td></td><td></td><td></td><td></td><td></td><td></td></tr><tr><td></td><td></td><td></td><td></td><td></td><td></td></tr><tr><td></td><td></td><td></td><td></td><td></td><td></td></tr><tr><td></td><td></td><td></td><td></td><td></td><td></td></tr></tbody></table></div>",PrimeStyleAI,Apparel & Accessories > Clothing,Pants,"PrimeStyleAI Demo, PrimeStyleAI Import, Pants, Jeans, female, women, jeans, denim, flare, mid rise, stretch denim, medium blue, clean hem, 31 inch inseam, zip fly, very stretchy, bottoms, pants",TRUE,Color,Medium Blue,Size,33,,,1585-1008-lyr-33,0,shopify,100,deny,manual,112800.00,,TRUE,TRUE,,,,,FALSE,Women's Stretch Flare Jeans,Mid-rise stretch flare jeans in a medium blue wash with a clean hem.,Apparel & Accessories > Clothing,female,adult,,new,TRUE,PrimeStyleAI Demo,,,,,https://cdn.shopify.com/s/files/1/2094/5935/files/1585-1008-LYR_VW-B-FullBodySide_42286.jpg?v=1766080638,lb,,,active
womens-stretch-flare-jeans-layover,Women's Stretch Flare Jeans,"<p>Mid-rise stretch flare jeans in a medium blue wash with a clean hem.</p>
<p><strong>Material:</strong> 78% Cotton, 16% Modal, 4% Polyester, 2% Elastane</p>
<p><strong>Available sizes:</strong> 23, 24, 25, 26, 27, 28, 29, 30, 31, 32, 33, 34</p>
<div class=""primestyle-size-guide""><h3>Women&#39;s Stretch Denim Fit Matching Guide</h3><table><thead><tr><th>Size</th><th>Waist (in)</th><th>Hips (in)</th><th>Waist (cm)</th><th>Hips (cm)</th><th>US</th></tr></thead><tbody><tr><td></td><td></td><td></td><td></td><td></td><td></td></tr><tr><td></td><td></td><td></td><td></td><td></td><td></td></tr><tr><td></td><td></td><td></td><td></td><td></td><td></td></tr><tr><td></td><td></td><td></td><td></td><td></td><td></td></tr><tr><td></td><td></td><td></td><td></td><td></td><td></td></tr><tr><td></td><td></td><td></td><td></td><td></td><td></td></tr><tr><td></td><td></td><td></td><td></td><td></td><td></td></tr><tr><td></td><td></td><td></td><td></td><td></td><td></td></tr><tr><td></td><td></td><td></td><td></td><td></td><td></td></tr><tr><td></td><td></td><td></td><td></td><td></td><td></td></tr><tr><td></td><td></td><td></td><td></td><td></td><td></td></tr><tr><td></td><td></td><td></td><td></td><td></td><td></td></tr></tbody></table></div>",PrimeStyleAI,Apparel & Accessories > Clothing,Pants,"PrimeStyleAI Demo, PrimeStyleAI Import, Pants, Jeans, female, women, jeans, denim, flare, mid rise, stretch denim, medium blue, clean hem, 31 inch inseam, zip fly, very stretchy, bottoms, pants",TRUE,Color,Medium Blue,Size,34,,,1585-1008-lyr-34,0,shopify,100,deny,manual,112800.00,,TRUE,TRUE,,,,,FALSE,Women's Stretch Flare Jeans,Mid-rise stretch flare jeans in a medium blue wash with a clean hem.,Apparel & Accessories > Clothing,female,adult,,new,TRUE,PrimeStyleAI Demo,,,,,https://cdn.shopify.com/s/files/1/2094/5935/files/1585-1008-LYR_VW-B-FullBodySide_42286.jpg?v=1766080638,lb,,,active
flat-leather-criss-cross-sandals,Flat Leather Criss-Cross Sandals,"<p>Reference: 2647/710</p>
<p><strong>Available sizes:</strong> 35, 36, 37, 38, 39, 40, 41, 42</p>
<div class=""primestyle-size-guide""><h3>Flat Leather Criss-Cross Sandals Fit Matching Guide</h3><table><thead><tr><th>size</th><th>footLengthCm_cm</th><th>footLengthCm_in</th></tr></thead><tbody><tr><td></td><td></td><td></td></tr><tr><td></td><td></td><td></td></tr><tr><td></td><td></td><td></td></tr><tr><td></td><td></td><td></td></tr><tr><td></td><td></td><td></td></tr><tr><td></td><td></td><td></td></tr><tr><td></td><td></td><td></td></tr><tr><td></td><td></td><td></td></tr></tbody></table></div>",PrimeStyleAI,Apparel & Accessories > Shoes,Shoes,"PrimeStyleAI Demo, PrimeStyleAI Import, Shoes, Sandals, female, complete look, Mustard",TRUE,Color,Mustard,Size,35,,,504614062,0,shopify,100,deny,manual,0.00,,TRUE,TRUE,,https://res.cloudinary.com/dgvtynla7/image/upload/v1779971228/demo/products/flat-leather-criss-cross-sandals/00-12614711305-e2.jpg,1,Flat Leather Criss-Cross Sandals,FALSE,Flat Leather Criss-Cross Sandals,Reference: 2647/710,Apparel & Accessories > Shoes,female,adult,,new,TRUE,PrimeStyleAI Demo,,,,,https://res.cloudinary.com/dgvtynla7/image/upload/v1779971228/demo/products/flat-leather-criss-cross-sandals/00-12614711305-e2.jpg,lb,,,active
flat-leather-criss-cross-sandals,Flat Leather Criss-Cross Sandals,"<p>Reference: 2647/710</p>
<p><strong>Available sizes:</strong> 35, 36, 37, 38, 39, 40, 41, 42</p>
<div class=""primestyle-size-guide""><h3>Flat Leather Criss-Cross Sandals Fit Matching Guide</h3><table><thead><tr><th>size</th><th>footLengthCm_cm</th><th>footLengthCm_in</th></tr></thead><tbody><tr><td></td><td></td><td></td></tr><tr><td></td><td></td><td></td></tr><tr><td></td><td></td><td></td></tr><tr><td></td><td></td><td></td></tr><tr><td></td><td></td><td></td></tr><tr><td></td><td></td><td></td></tr><tr><td></td><td></td><td></td></tr><tr><td></td><td></td><td></td></tr></tbody></table></div>",PrimeStyleAI,Apparel & Accessories > Shoes,Shoes,"PrimeStyleAI Demo, PrimeStyleAI Import, Shoes, Sandals, female, complete look, Mustard",TRUE,Color,Mustard,Size,36,,,504614063,0,shopify,100,deny,manual,0.00,,TRUE,TRUE,,https://res.cloudinary.com/dgvtynla7/image/upload/v1779971229/demo/products/flat-leather-criss-cross-sandals/01-12614711305-e3.jpg,2,Flat Leather Criss-Cross Sandals,FALSE,Flat Leather Criss-Cross Sandals,Reference: 2647/710,Apparel & Accessories > Shoes,female,adult,,new,TRUE,PrimeStyleAI Demo,,,,,https://res.cloudinary.com/dgvtynla7/image/upload/v1779971228/demo/products/flat-leather-criss-cross-sandals/00-12614711305-e2.jpg,lb,,,active
flat-leather-criss-cross-sandals,Flat Leather Criss-Cross Sandals,"<p>Reference: 2647/710</p>
<p><strong>Available sizes:</strong> 35, 36, 37, 38, 39, 40, 41, 42</p>
<div class=""primestyle-size-guide""><h3>Flat Leather Criss-Cross Sandals Fit Matching Guide</h3><table><thead><tr><th>size</th><th>footLengthCm_cm</th><th>footLengthCm_in</th></tr></thead><tbody><tr><td></td><td></td><td></td></tr><tr><td></td><td></td><td></td></tr><tr><td></td><td></td><td></td></tr><tr><td></td><td></td><td></td></tr><tr><td></td><td></td><td></td></tr><tr><td></td><td></td><td></td></tr><tr><td></td><td></td><td></td></tr><tr><td></td><td></td><td></td></tr></tbody></table></div>",PrimeStyleAI,Apparel & Accessories > Shoes,Shoes,"PrimeStyleAI Demo, PrimeStyleAI Import, Shoes, Sandals, female, complete look, Mustard",TRUE,Color,Mustard,Size,37,,,504614068,0,shopify,100,deny,manual,0.00,,TRUE,TRUE,,https://res.cloudinary.com/dgvtynla7/image/upload/v1779971230/demo/products/flat-leather-criss-cross-sandals/02-12614711305-e4.jpg,3,Flat Leather Criss-Cross Sandals,FALSE,Flat Leather Criss-Cross Sandals,Reference: 2647/710,Apparel & Accessories > Shoes,female,adult,,new,TRUE,PrimeStyleAI Demo,,,,,https://res.cloudinary.com/dgvtynla7/image/upload/v1779971228/demo/products/flat-leather-criss-cross-sandals/00-12614711305-e2.jpg,lb,,,active
flat-leather-criss-cross-sandals,Flat Leather Criss-Cross Sandals,"<p>Reference: 2647/710</p>
<p><strong>Available sizes:</strong> 35, 36, 37, 38, 39, 40, 41, 42</p>
<div class=""primestyle-size-guide""><h3>Flat Leather Criss-Cross Sandals Fit Matching Guide</h3><table><thead><tr><th>size</th><th>footLengthCm_cm</th><th>footLengthCm_in</th></tr></thead><tbody><tr><td></td><td></td><td></td></tr><tr><td></td><td></td><td></td></tr><tr><td></td><td></td><td></td></tr><tr><td></td><td></td><td></td></tr><tr><td></td><td></td><td></td></tr><tr><td></td><td></td><td></td></tr><tr><td></td><td></td><td></td></tr><tr><td></td><td></td><td></td></tr></tbody></table></div>",PrimeStyleAI,Apparel & Accessories > Shoes,Shoes,"PrimeStyleAI Demo, PrimeStyleAI Import, Shoes, Sandals, female, complete look, Mustard",TRUE,Color,Mustard,Size,38,,,504614069,0,shopify,100,deny,manual,0.00,,TRUE,TRUE,,https://res.cloudinary.com/dgvtynla7/image/upload/v1779971231/demo/products/flat-leather-criss-cross-sandals/03-12614711305-f1.jpg,4,Flat Leather Criss-Cross Sandals,FALSE,Flat Leather Criss-Cross Sandals,Reference: 2647/710,Apparel & Accessories > Shoes,female,adult,,new,TRUE,PrimeStyleAI Demo,,,,,https://res.cloudinary.com/dgvtynla7/image/upload/v1779971228/demo/products/flat-leather-criss-cross-sandals/00-12614711305-e2.jpg,lb,,,active
flat-leather-criss-cross-sandals,Flat Leather Criss-Cross Sandals,"<p>Reference: 2647/710</p>
<p><strong>Available sizes:</strong> 35, 36, 37, 38, 39, 40, 41, 42</p>
<div class=""primestyle-size-guide""><h3>Flat Leather Criss-Cross Sandals Fit Matching Guide</h3><table><thead><tr><th>size</th><th>footLengthCm_cm</th><th>footLengthCm_in</th></tr></thead><tbody><tr><td></td><td></td><td></td></tr><tr><td></td><td></td><td></td></tr><tr><td></td><td></td><td></td></tr><tr><td></td><td></td><td></td></tr><tr><td></td><td></td><td></td></tr><tr><td></td><td></td><td></td></tr><tr><td></td><td></td><td></td></tr><tr><td></td><td></td><td></td></tr></tbody></table></div>",PrimeStyleAI,Apparel & Accessories > Shoes,Shoes,"PrimeStyleAI Demo, PrimeStyleAI Import, Shoes, Sandals, female, complete look, Mustard",TRUE,Color,Mustard,Size,39,,,504614066,0,shopify,100,deny,manual,0.00,,TRUE,TRUE,,https://res.cloudinary.com/dgvtynla7/image/upload/v1779971232/demo/products/flat-leather-criss-cross-sandals/04-12614711305-p.jpg,5,Flat Leather Criss-Cross Sandals,FALSE,Flat Leather Criss-Cross Sandals,Reference: 2647/710,Apparel & Accessories > Shoes,female,adult,,new,TRUE,PrimeStyleAI Demo,,,,,https://res.cloudinary.com/dgvtynla7/image/upload/v1779971228/demo/products/flat-leather-criss-cross-sandals/00-12614711305-e2.jpg,lb,,,active
flat-leather-criss-cross-sandals,Flat Leather Criss-Cross Sandals,"<p>Reference: 2647/710</p>
<p><strong>Available sizes:</strong> 35, 36, 37, 38, 39, 40, 41, 42</p>
<div class=""primestyle-size-guide""><h3>Flat Leather Criss-Cross Sandals Fit Matching Guide</h3><table><thead><tr><th>size</th><th>footLengthCm_cm</th><th>footLengthCm_in</th></tr></thead><tbody><tr><td></td><td></td><td></td></tr><tr><td></td><td></td><td></td></tr><tr><td></td><td></td><td></td></tr><tr><td></td><td></td><td></td></tr><tr><td></td><td></td><td></td></tr><tr><td></td><td></td><td></td></tr><tr><td></td><td></td><td></td></tr><tr><td></td><td></td><td></td></tr></tbody></table></div>",PrimeStyleAI,Apparel & Accessories > Shoes,Shoes,"PrimeStyleAI Demo, PrimeStyleAI Import, Shoes, Sandals, female, complete look, Mustard",TRUE,Color,Mustard,Size,40,,,504614067,0,shopify,100,deny,manual,0.00,,TRUE,TRUE,,https://res.cloudinary.com/dgvtynla7/image/upload/v1779971233/demo/products/flat-leather-criss-cross-sandals/05-12614711305-a1.jpg,6,Flat Leather Criss-Cross Sandals,FALSE,Flat Leather Criss-Cross Sandals,Reference: 2647/710,Apparel & Accessories > Shoes,female,adult,,new,TRUE,PrimeStyleAI Demo,,,,,https://res.cloudinary.com/dgvtynla7/image/upload/v1779971228/demo/products/flat-leather-criss-cross-sandals/00-12614711305-e2.jpg,lb,,,active
flat-leather-criss-cross-sandals,Flat Leather Criss-Cross Sandals,"<p>Reference: 2647/710</p>
<p><strong>Available sizes:</strong> 35, 36, 37, 38, 39, 40, 41, 42</p>
<div class=""primestyle-size-guide""><h3>Flat Leather Criss-Cross Sandals Fit Matching Guide</h3><table><thead><tr><th>size</th><th>footLengthCm_cm</th><th>footLengthCm_in</th></tr></thead><tbody><tr><td></td><td></td><td></td></tr><tr><td></td><td></td><td></td></tr><tr><td></td><td></td><td></td></tr><tr><td></td><td></td><td></td></tr><tr><td></td><td></td><td></td></tr><tr><td></td><td></td><td></td></tr><tr><td></td><td></td><td></td></tr><tr><td></td><td></td><td></td></tr></tbody></table></div>",PrimeStyleAI,Apparel & Accessories > Shoes,Shoes,"PrimeStyleAI Demo, PrimeStyleAI Import, Shoes, Sandals, female, complete look, Mustard",TRUE,Color,Mustard,Size,41,,,504614064,0,shopify,100,deny,manual,0.00,,TRUE,TRUE,,https://res.cloudinary.com/dgvtynla7/image/upload/v1779971233/demo/products/flat-leather-criss-cross-sandals/06-12614711305-e1.jpg,7,Flat Leather Criss-Cross Sandals,FALSE,Flat Leather Criss-Cross Sandals,Reference: 2647/710,Apparel & Accessories > Shoes,female,adult,,new,TRUE,PrimeStyleAI Demo,,,,,https://res.cloudinary.com/dgvtynla7/image/upload/v1779971228/demo/products/flat-leather-criss-cross-sandals/00-12614711305-e2.jpg,lb,,,active
flat-leather-criss-cross-sandals,Flat Leather Criss-Cross Sandals,"<p>Reference: 2647/710</p>
<p><strong>Available sizes:</strong> 35, 36, 37, 38, 39, 40, 41, 42</p>
<div class=""primestyle-size-guide""><h3>Flat Leather Criss-Cross Sandals Fit Matching Guide</h3><table><thead><tr><th>size</th><th>footLengthCm_cm</th><th>footLengthCm_in</th></tr></thead><tbody><tr><td></td><td></td><td></td></tr><tr><td></td><td></td><td></td></tr><tr><td></td><td></td><td></td></tr><tr><td></td><td></td><td></td></tr><tr><td></td><td></td><td></td></tr><tr><td></td><td></td><td></td></tr><tr><td></td><td></td><td></td></tr><tr><td></td><td></td><td></td></tr></tbody></table></div>",PrimeStyleAI,Apparel & Accessories > Shoes,Shoes,"PrimeStyleAI Demo, PrimeStyleAI Import, Shoes, Sandals, female, complete look, Mustard",TRUE,Color,Mustard,Size,42,,,504614074,0,shopify,100,deny,manual,0.00,,TRUE,TRUE,,,,,FALSE,Flat Leather Criss-Cross Sandals,Reference: 2647/710,Apparel & Accessories > Shoes,female,adult,,new,TRUE,PrimeStyleAI Demo,,,,,https://res.cloudinary.com/dgvtynla7/image/upload/v1779971228/demo/products/flat-leather-criss-cross-sandals/00-12614711305-e2.jpg,lb,,,active
floral-print-linen-blend-trousers,Floral Print Linen Blend Trousers,"<p>Reference: 2587/058</p>
<p><strong>Available sizes:</strong> XS, S, M, L, XL</p>
<div class=""primestyle-size-guide""><h3>Floral Print Linen Blend Trousers Fit Matching Guide</h3><table><thead><tr><th>size</th><th>waist_cm</th><th>waist_in</th><th>hips_cm</th><th>hips_in</th><th>length_cm</th><th>length_in</th></tr></thead><tbody><tr><td></td><td></td><td></td><td></td><td></td><td></td><td></td></tr><tr><td></td><td></td><td></td><td></td><td></td><td></td><td></td></tr><tr><td></td><td></td><td></td><td></td><td></td><td></td><td></td></tr><tr><td></td><td></td><td></td><td></td><td></td><td></td><td></td></tr><tr><td></td><td></td><td></td><td></td><td></td><td></td><td></td></tr></tbody></table></div>",PrimeStyleAI,Apparel & Accessories > Clothing,Pants,"PrimeStyleAI Demo, PrimeStyleAI Import, Pants, Trousers, female, complete look, Multicoloured",TRUE,Color,Multicoloured,Size,XS,,,539579244,0,shopify,100,deny,manual,0.00,,TRUE,TRUE,,https://res.cloudinary.com/dgvtynla7/image/upload/v1779971243/demo/products/floral-print-linen-blend-trousers/00-02587058330-e1.jpg,1,Floral Print Linen Blend Trousers,FALSE,Floral Print Linen Blend Trousers,Reference: 2587/058,Apparel & Accessories > Clothing,female,adult,,new,TRUE,PrimeStyleAI Demo,,,,,https://res.cloudinary.com/dgvtynla7/image/upload/v1779971243/demo/products/floral-print-linen-blend-trousers/00-02587058330-e1.jpg,lb,,,active
floral-print-linen-blend-trousers,Floral Print Linen Blend Trousers,"<p>Reference: 2587/058</p>
<p><strong>Available sizes:</strong> XS, S, M, L, XL</p>
<div class=""primestyle-size-guide""><h3>Floral Print Linen Blend Trousers Fit Matching Guide</h3><table><thead><tr><th>size</th><th>waist_cm</th><th>waist_in</th><th>hips_cm</th><th>hips_in</th><th>length_cm</th><th>length_in</th></tr></thead><tbody><tr><td></td><td></td><td></td><td></td><td></td><td></td><td></td></tr><tr><td></td><td></td><td></td><td></td><td></td><td></td><td></td></tr><tr><td></td><td></td><td></td><td></td><td></td><td></td><td></td></tr><tr><td></td><td></td><td></td><td></td><td></td><td></td><td></td></tr><tr><td></td><td></td><td></td><td></td><td></td><td></td><td></td></tr></tbody></table></div>",PrimeStyleAI,Apparel & Accessories > Clothing,Pants,"PrimeStyleAI Demo, PrimeStyleAI Import, Pants, Trousers, female, complete look, Multicoloured",TRUE,Color,Multicoloured,Size,S,,,539579245,0,shopify,100,deny,manual,0.00,,TRUE,TRUE,,https://res.cloudinary.com/dgvtynla7/image/upload/v1779971243/demo/products/floral-print-linen-blend-trousers/01-02587058330-e2.jpg,2,Floral Print Linen Blend Trousers,FALSE,Floral Print Linen Blend Trousers,Reference: 2587/058,Apparel & Accessories > Clothing,female,adult,,new,TRUE,PrimeStyleAI Demo,,,,,https://res.cloudinary.com/dgvtynla7/image/upload/v1779971243/demo/products/floral-print-linen-blend-trousers/00-02587058330-e1.jpg,lb,,,active
floral-print-linen-blend-trousers,Floral Print Linen Blend Trousers,"<p>Reference: 2587/058</p>
<p><strong>Available sizes:</strong> XS, S, M, L, XL</p>
<div class=""primestyle-size-guide""><h3>Floral Print Linen Blend Trousers Fit Matching Guide</h3><table><thead><tr><th>size</th><th>waist_cm</th><th>waist_in</th><th>hips_cm</th><th>hips_in</th><th>length_cm</th><th>length_in</th></tr></thead><tbody><tr><td></td><td></td><td></td><td></td><td></td><td></td><td></td></tr><tr><td></td><td></td><td></td><td></td><td></td><td></td><td></td></tr><tr><td></td><td></td><td></td><td></td><td></td><td></td><td></td></tr><tr><td></td><td></td><td></td><td></td><td></td><td></td><td></td></tr><tr><td></td><td></td><td></td><td></td><td></td><td></td><td></td></tr></tbody></table></div>",PrimeStyleAI,Apparel & Accessories > Clothing,Pants,"PrimeStyleAI Demo, PrimeStyleAI Import, Pants, Trousers, female, complete look, Multicoloured",TRUE,Color,Multicoloured,Size,M,,,539579246,0,shopify,100,deny,manual,0.00,,TRUE,TRUE,,https://res.cloudinary.com/dgvtynla7/image/upload/v1779971244/demo/products/floral-print-linen-blend-trousers/02-02587058330-e3.jpg,3,Floral Print Linen Blend Trousers,FALSE,Floral Print Linen Blend Trousers,Reference: 2587/058,Apparel & Accessories > Clothing,female,adult,,new,TRUE,PrimeStyleAI Demo,,,,,https://res.cloudinary.com/dgvtynla7/image/upload/v1779971243/demo/products/floral-print-linen-blend-trousers/00-02587058330-e1.jpg,lb,,,active
floral-print-linen-blend-trousers,Floral Print Linen Blend Trousers,"<p>Reference: 2587/058</p>
<p><strong>Available sizes:</strong> XS, S, M, L, XL</p>
<div class=""primestyle-size-guide""><h3>Floral Print Linen Blend Trousers Fit Matching Guide</h3><table><thead><tr><th>size</th><th>waist_cm</th><th>waist_in</th><th>hips_cm</th><th>hips_in</th><th>length_cm</th><th>length_in</th></tr></thead><tbody><tr><td></td><td></td><td></td><td></td><td></td><td></td><td></td></tr><tr><td></td><td></td><td></td><td></td><td></td><td></td><td></td></tr><tr><td></td><td></td><td></td><td></td><td></td><td></td><td></td></tr><tr><td></td><td></td><td></td><td></td><td></td><td></td><td></td></tr><tr><td></td><td></td><td></td><td></td><td></td><td></td><td></td></tr></tbody></table></div>",PrimeStyleAI,Apparel & Accessories > Clothing,Pants,"PrimeStyleAI Demo, PrimeStyleAI Import, Pants, Trousers, female, complete look, Multicoloured",TRUE,Color,Multicoloured,Size,L,,,539579242,0,shopify,100,deny,manual,0.00,,TRUE,TRUE,,https://res.cloudinary.com/dgvtynla7/image/upload/v1779971245/demo/products/floral-print-linen-blend-trousers/03-02587058330-f1.jpg,4,Floral Print Linen Blend Trousers,FALSE,Floral Print Linen Blend Trousers,Reference: 2587/058,Apparel & Accessories > Clothing,female,adult,,new,TRUE,PrimeStyleAI Demo,,,,,https://res.cloudinary.com/dgvtynla7/image/upload/v1779971243/demo/products/floral-print-linen-blend-trousers/00-02587058330-e1.jpg,lb,,,active
floral-print-linen-blend-trousers,Floral Print Linen Blend Trousers,"<p>Reference: 2587/058</p>
<p><strong>Available sizes:</strong> XS, S, M, L, XL</p>
<div class=""primestyle-size-guide""><h3>Floral Print Linen Blend Trousers Fit Matching Guide</h3><table><thead><tr><th>size</th><th>waist_cm</th><th>waist_in</th><th>hips_cm</th><th>hips_in</th><th>length_cm</th><th>length_in</th></tr></thead><tbody><tr><td></td><td></td><td></td><td></td><td></td><td></td><td></td></tr><tr><td></td><td></td><td></td><td></td><td></td><td></td><td></td></tr><tr><td></td><td></td><td></td><td></td><td></td><td></td><td></td></tr><tr><td></td><td></td><td></td><td></td><td></td><td></td><td></td></tr><tr><td></td><td></td><td></td><td></td><td></td><td></td><td></td></tr></tbody></table></div>",PrimeStyleAI,Apparel & Accessories > Clothing,Pants,"PrimeStyleAI Demo, PrimeStyleAI Import, Pants, Trousers, female, complete look, Multicoloured",TRUE,Color,Multicoloured,Size,XL,,,539579243,0,shopify,100,deny,manual,0.00,,TRUE,TRUE,,https://res.cloudinary.com/dgvtynla7/image/upload/v1779971247/demo/products/floral-print-linen-blend-trousers/04-02587058330-p.jpg,5,Floral Print Linen Blend Trousers,FALSE,Floral Print Linen Blend Trousers,Reference: 2587/058,Apparel & Accessories > Clothing,female,adult,,new,TRUE,PrimeStyleAI Demo,,,,,https://res.cloudinary.com/dgvtynla7/image/upload/v1779971243/demo/products/floral-print-linen-blend-trousers/00-02587058330-e1.jpg,lb,,,active
floral-print-linen-blend-trousers,,,,,,,,,,,,,,,,,,,,,,,,,https://res.cloudinary.com/dgvtynla7/image/upload/v1779971248/demo/products/floral-print-linen-blend-trousers/05-02587058330-a1.jpg,6,Floral Print Linen Blend Trousers,,,,,,,,,,,,,,,,,,,
floral-print-linen-blend-trousers,,,,,,,,,,,,,,,,,,,,,,,,,https://res.cloudinary.com/dgvtynla7/image/upload/v1779971249/demo/products/floral-print-linen-blend-trousers/06-02587058330-a2.jpg,7,Floral Print Linen Blend Trousers,,,,,,,,,,,,,,,,,,,
floral-print-linen-blend-trousers,,,,,,,,,,,,,,,,,,,,,,,,,https://res.cloudinary.com/dgvtynla7/image/upload/v1779971249/demo/products/floral-print-linen-blend-trousers/07-02587058330-a3.jpg,8,Floral Print Linen Blend Trousers,,,,,,,,,,,,,,,,,,,
floral-linen-blend-shirt,Floral Linen Blend Shirt,"<p>Linen blend shirt with a regular collar, v-neck and short turn-up sleeves. Featuring a button-up front.</p>
<p><strong>Material:</strong> 70% viscose · 30% linen</p>
<p><strong>Available sizes:</strong> XS, S, M, L, XL</p>
<div class=""primestyle-size-guide""><h3>Floral Linen Blend Shirt Size Guide</h3><p>Size labels captured from the live product data.</p><table><thead><tr><th>Standard</th><th>US</th><th>EU</th><th>UK</th></tr></thead><tbody><tr><td>XS</td><td>0-2</td><td>32-34</td><td>4-6</td></tr><tr><td>S</td><td>4-6</td><td>36-38</td><td>8-10</td></tr><tr><td>M</td><td>8-10</td><td>40-42</td><td>12-14</td></tr><tr><td>L</td><td>12-14</td><td>44-46</td><td>16-18</td></tr><tr><td>XL</td><td>16</td><td>48</td><td>20</td></tr></tbody></table></div>",PrimeStyleAI,Apparel & Accessories > Clothing,Tops,"PrimeStyleAI Demo, PrimeStyleAI Import, Tops, Shirts, female, complete look, Multicoloured",TRUE,Color,Multicoloured,Size,XS,,,541444692,0,shopify,100,deny,manual,0.00,,TRUE,TRUE,,https://res.cloudinary.com/dgvtynla7/image/upload/v1779971236/demo/products/floral-linen-blend-shirt/00-02587057330-e1.jpg,1,Floral Linen Blend Shirt,FALSE,Floral Linen Blend Shirt,"Linen blend shirt with a regular collar, v-neck and short turn-up sleeves. Featuring a button-up front.",Apparel & Accessories > Clothing,female,adult,,new,TRUE,PrimeStyleAI Demo,,,,,https://res.cloudinary.com/dgvtynla7/image/upload/v1779971236/demo/products/floral-linen-blend-shirt/00-02587057330-e1.jpg,lb,,,active
floral-linen-blend-shirt,Floral Linen Blend Shirt,"<p>Linen blend shirt with a regular collar, v-neck and short turn-up sleeves. Featuring a button-up front.</p>
<p><strong>Material:</strong> 70% viscose · 30% linen</p>
<p><strong>Available sizes:</strong> XS, S, M, L, XL</p>
<div class=""primestyle-size-guide""><h3>Floral Linen Blend Shirt Size Guide</h3><p>Size labels captured from the live product data.</p><table><thead><tr><th>Standard</th><th>US</th><th>EU</th><th>UK</th></tr></thead><tbody><tr><td>XS</td><td>0-2</td><td>32-34</td><td>4-6</td></tr><tr><td>S</td><td>4-6</td><td>36-38</td><td>8-10</td></tr><tr><td>M</td><td>8-10</td><td>40-42</td><td>12-14</td></tr><tr><td>L</td><td>12-14</td><td>44-46</td><td>16-18</td></tr><tr><td>XL</td><td>16</td><td>48</td><td>20</td></tr></tbody></table></div>",PrimeStyleAI,Apparel & Accessories > Clothing,Tops,"PrimeStyleAI Demo, PrimeStyleAI Import, Tops, Shirts, female, complete look, Multicoloured",TRUE,Color,Multicoloured,Size,S,,,541444693,0,shopify,100,deny,manual,0.00,,TRUE,TRUE,,https://res.cloudinary.com/dgvtynla7/image/upload/v1779971236/demo/products/floral-linen-blend-shirt/01-02587057330-e2.jpg,2,Floral Linen Blend Shirt,FALSE,Floral Linen Blend Shirt,"Linen blend shirt with a regular collar, v-neck and short turn-up sleeves. Featuring a button-up front.",Apparel & Accessories > Clothing,female,adult,,new,TRUE,PrimeStyleAI Demo,,,,,https://res.cloudinary.com/dgvtynla7/image/upload/v1779971236/demo/products/floral-linen-blend-shirt/00-02587057330-e1.jpg,lb,,,active
floral-linen-blend-shirt,Floral Linen Blend Shirt,"<p>Linen blend shirt with a regular collar, v-neck and short turn-up sleeves. Featuring a button-up front.</p>
<p><strong>Material:</strong> 70% viscose · 30% linen</p>
<p><strong>Available sizes:</strong> XS, S, M, L, XL</p>
<div class=""primestyle-size-guide""><h3>Floral Linen Blend Shirt Size Guide</h3><p>Size labels captured from the live product data.</p><table><thead><tr><th>Standard</th><th>US</th><th>EU</th><th>UK</th></tr></thead><tbody><tr><td>XS</td><td>0-2</td><td>32-34</td><td>4-6</td></tr><tr><td>S</td><td>4-6</td><td>36-38</td><td>8-10</td></tr><tr><td>M</td><td>8-10</td><td>40-42</td><td>12-14</td></tr><tr><td>L</td><td>12-14</td><td>44-46</td><td>16-18</td></tr><tr><td>XL</td><td>16</td><td>48</td><td>20</td></tr></tbody></table></div>",PrimeStyleAI,Apparel & Accessories > Clothing,Tops,"PrimeStyleAI Demo, PrimeStyleAI Import, Tops, Shirts, female, complete look, Multicoloured",TRUE,Color,Multicoloured,Size,M,,,541444694,0,shopify,100,deny,manual,0.00,,TRUE,TRUE,,https://res.cloudinary.com/dgvtynla7/image/upload/v1779971237/demo/products/floral-linen-blend-shirt/02-02587057330-e3.jpg,3,Floral Linen Blend Shirt,FALSE,Floral Linen Blend Shirt,"Linen blend shirt with a regular collar, v-neck and short turn-up sleeves. Featuring a button-up front.",Apparel & Accessories > Clothing,female,adult,,new,TRUE,PrimeStyleAI Demo,,,,,https://res.cloudinary.com/dgvtynla7/image/upload/v1779971236/demo/products/floral-linen-blend-shirt/00-02587057330-e1.jpg,lb,,,active
floral-linen-blend-shirt,Floral Linen Blend Shirt,"<p>Linen blend shirt with a regular collar, v-neck and short turn-up sleeves. Featuring a button-up front.</p>
<p><strong>Material:</strong> 70% viscose · 30% linen</p>
<p><strong>Available sizes:</strong> XS, S, M, L, XL</p>
<div class=""primestyle-size-guide""><h3>Floral Linen Blend Shirt Size Guide</h3><p>Size labels captured from the live product data.</p><table><thead><tr><th>Standard</th><th>US</th><th>EU</th><th>UK</th></tr></thead><tbody><tr><td>XS</td><td>0-2</td><td>32-34</td><td>4-6</td></tr><tr><td>S</td><td>4-6</td><td>36-38</td><td>8-10</td></tr><tr><td>M</td><td>8-10</td><td>40-42</td><td>12-14</td></tr><tr><td>L</td><td>12-14</td><td>44-46</td><td>16-18</td></tr><tr><td>XL</td><td>16</td><td>48</td><td>20</td></tr></tbody></table></div>",PrimeStyleAI,Apparel & Accessories > Clothing,Tops,"PrimeStyleAI Demo, PrimeStyleAI Import, Tops, Shirts, female, complete look, Multicoloured",TRUE,Color,Multicoloured,Size,L,,,541444690,0,shopify,100,deny,manual,0.00,,TRUE,TRUE,,https://res.cloudinary.com/dgvtynla7/image/upload/v1779971238/demo/products/floral-linen-blend-shirt/03-02587057330-p.jpg,4,Floral Linen Blend Shirt,FALSE,Floral Linen Blend Shirt,"Linen blend shirt with a regular collar, v-neck and short turn-up sleeves. Featuring a button-up front.",Apparel & Accessories > Clothing,female,adult,,new,TRUE,PrimeStyleAI Demo,,,,,https://res.cloudinary.com/dgvtynla7/image/upload/v1779971236/demo/products/floral-linen-blend-shirt/00-02587057330-e1.jpg,lb,,,active
floral-linen-blend-shirt,Floral Linen Blend Shirt,"<p>Linen blend shirt with a regular collar, v-neck and short turn-up sleeves. Featuring a button-up front.</p>
<p><strong>Material:</strong> 70% viscose · 30% linen</p>
<p><strong>Available sizes:</strong> XS, S, M, L, XL</p>
<div class=""primestyle-size-guide""><h3>Floral Linen Blend Shirt Size Guide</h3><p>Size labels captured from the live product data.</p><table><thead><tr><th>Standard</th><th>US</th><th>EU</th><th>UK</th></tr></thead><tbody><tr><td>XS</td><td>0-2</td><td>32-34</td><td>4-6</td></tr><tr><td>S</td><td>4-6</td><td>36-38</td><td>8-10</td></tr><tr><td>M</td><td>8-10</td><td>40-42</td><td>12-14</td></tr><tr><td>L</td><td>12-14</td><td>44-46</td><td>16-18</td></tr><tr><td>XL</td><td>16</td><td>48</td><td>20</td></tr></tbody></table></div>",PrimeStyleAI,Apparel & Accessories > Clothing,Tops,"PrimeStyleAI Demo, PrimeStyleAI Import, Tops, Shirts, female, complete look, Multicoloured",TRUE,Color,Multicoloured,Size,XL,,,541444691,0,shopify,100,deny,manual,0.00,,TRUE,TRUE,,https://res.cloudinary.com/dgvtynla7/image/upload/v1779971239/demo/products/floral-linen-blend-shirt/04-02587057330-a1.jpg,5,Floral Linen Blend Shirt,FALSE,Floral Linen Blend Shirt,"Linen blend shirt with a regular collar, v-neck and short turn-up sleeves. Featuring a button-up front.",Apparel & Accessories > Clothing,female,adult,,new,TRUE,PrimeStyleAI Demo,,,,,https://res.cloudinary.com/dgvtynla7/image/upload/v1779971236/demo/products/floral-linen-blend-shirt/00-02587057330-e1.jpg,lb,,,active
floral-linen-blend-shirt,,,,,,,,,,,,,,,,,,,,,,,,,https://res.cloudinary.com/dgvtynla7/image/upload/v1779971239/demo/products/floral-linen-blend-shirt/05-02587057330-a2.jpg,6,Floral Linen Blend Shirt,,,,,,,,,,,,,,,,,,,
floral-linen-blend-shirt,,,,,,,,,,,,,,,,,,,,,,,,,https://res.cloudinary.com/dgvtynla7/image/upload/v1779971240/demo/products/floral-linen-blend-shirt/06-02587057330-a3.jpg,7,Floral Linen Blend Shirt,,,,,,,,,,,,,,,,,,,
ferragamo-utility-backpack-hug-buckle-786279,Men's Utility Backpack,"<p>A practical black backpack with a technical fabric body, hammered leather details, drawstring main compartment, and adjustable padded shoulder straps.</p>
<p><strong>Material:</strong> Technical fabric and hammered calfskin</p>
<p><strong>Available sizes:</strong> One Size</p>
<div class=""primestyle-size-guide""><h3>Backpack Dimensions</h3><table><thead><tr><th>Standard</th><th>Height</th><th>Length</th><th>Width</th></tr></thead><tbody><tr><td>One Size</td><td>17.3 in / 43.9 cm</td><td>12.5 in / 31.8 cm</td><td>5.1 in / 13.0 cm</td></tr></tbody></table></div>",Ferragamo,Apparel & Accessories,Bags,"PrimeStyleAI Demo, PrimeStyleAI Import, Bags, Backpacks, male, backpack, travel bag, mens bag, nylon backpack, leather trim, utility backpack, black bag",TRUE,Color,Black,Size,One Size,,,ferragamo-utility-backpack-hug-buckle-786279-one-size,0,shopify,100,deny,manual,2400.00,,TRUE,TRUE,,https://res.cloudinary.com/dgvtynla7/image/upload/v1779018406/demo/products/ferragamo_utility_backpack_hug_buckle_786279/image_01.jpg,1,Men's Utility Backpack,FALSE,Men's Utility Backpack,"A practical black backpack with a technical fabric body, hammered leather details, drawstring main compartment, and adjustable padded shoulder straps.","Apparel & Accessories > Handbags, Wallets & Cases",male,adult,,new,TRUE,PrimeStyleAI Demo,,,,,https://res.cloudinary.com/dgvtynla7/image/upload/v1779018406/demo/products/ferragamo_utility_backpack_hug_buckle_786279/image_01.jpg,lb,,,active
ferragamo-utility-backpack-hug-buckle-786279,,,,,,,,,,,,,,,,,,,,,,,,,https://res.cloudinary.com/dgvtynla7/image/upload/v1779018408/demo/products/ferragamo_utility_backpack_hug_buckle_786279/image_02.jpg,2,Men's Utility Backpack,,,,,,,,,,,,,,,,,,,
ferragamo-utility-backpack-hug-buckle-786279,,,,,,,,,,,,,,,,,,,,,,,,,https://res.cloudinary.com/dgvtynla7/image/upload/v1779018408/demo/products/ferragamo_utility_backpack_hug_buckle_786279/image_03.jpg,3,Men's Utility Backpack,,,,,,,,,,,,,,,,,,,
ferragamo-utility-backpack-hug-buckle-786279,,,,,,,,,,,,,,,,,,,,,,,,,https://res.cloudinary.com/dgvtynla7/image/upload/v1779018409/demo/products/ferragamo_utility_backpack_hug_buckle_786279/image_04.jpg,4,Men's Utility Backpack,,,,,,,,,,,,,,,,,,,
ferragamo-utility-backpack-hug-buckle-786279,,,,,,,,,,,,,,,,,,,,,,,,,https://res.cloudinary.com/dgvtynla7/image/upload/v1779018411/demo/products/ferragamo_utility_backpack_hug_buckle_786279/image_05.jpg,5,Men's Utility Backpack,,,,,,,,,,,,,,,,,,,
ferragamo-utility-backpack-hug-buckle-786279,,,,,,,,,,,,,,,,,,,,,,,,,https://res.cloudinary.com/dgvtynla7/image/upload/v1779018412/demo/products/ferragamo_utility_backpack_hug_buckle_786279/image_06.jpg,6,Men's Utility Backpack,,,,,,,,,,,,,,,,,,,
sunglasshut-oakley-meta-vanguard-prizm-black-888392690401,Smart Sport Sunglasses,"<p>Performance sunglasses with a wraparound shield lens, hands-free capture, open-ear audio, and sport-focused AI features.</p>
<p><strong>Material:</strong> O Matter frame, Prizm lens</p>
<p><strong>Available sizes:</strong> One Size</p>
<div class=""primestyle-size-guide""><h3>Oakley Meta Vanguard Fit Guide</h3><table><thead><tr><th>Size</th><th>Model Code</th><th>Lens Width</th><th>Frame Width</th><th>Fit</th><th>Bridge / Nosepad</th></tr></thead><tbody><tr><td>XL / One Size</td><td>OW8001-070</td><td>52 mm</td><td>152 mm</td><td>Wide</td><td>Universal Fit</td></tr></tbody></table></div>",Oakley,Apparel & Accessories,Accessories,"PrimeStyleAI Demo, PrimeStyleAI Import, Accessories, Sunglasses, unisex, sunglasses, smart glasses, sport sunglasses, ai glasses, performance eyewear, prizm lens, black frame",TRUE,Color,Black / Prizm Road,Size,One Size,,,sunglasshut-oakley-meta-vanguard-prizm-black-888392690401-888392690418,0,shopify,100,deny,manual,499.00,579.00,TRUE,TRUE,,https://res.cloudinary.com/dgvtynla7/image/upload/v1779017085/demo/products/sunglasshut_oakley_meta_vanguard_prizm_black_888392690401/image_01.png,1,Smart Sport Sunglasses,FALSE,Smart Sport Sunglasses,"Performance sunglasses with a wraparound shield lens, hands-free capture, open-ear audio, and sport-focused AI features.",Apparel & Accessories > Clothing Accessories > Sunglasses,unisex,adult,,new,TRUE,PrimeStyleAI Demo,,,,,https://res.cloudinary.com/dgvtynla7/image/upload/v1779018091/demo/products/sunglasshut_oakley_meta_vanguard_prizm_black_888392690401/black_prizm_road/image_01.png,lb,,,active
sunglasshut-oakley-meta-vanguard-prizm-black-888392690401,Smart Sport Sunglasses,"<p>Performance sunglasses with a wraparound shield lens, hands-free capture, open-ear audio, and sport-focused AI features.</p>
<p><strong>Material:</strong> O Matter frame, Prizm lens</p>
<p><strong>Available sizes:</strong> One Size</p>
<div class=""primestyle-size-guide""><h3>Oakley Meta Vanguard Fit Guide</h3><table><thead><tr><th>Size</th><th>Model Code</th><th>Lens Width</th><th>Frame Width</th><th>Fit</th><th>Bridge / Nosepad</th></tr></thead><tbody><tr><td>XL / One Size</td><td>OW8001-070</td><td>52 mm</td><td>152 mm</td><td>Wide</td><td>Universal Fit</td></tr></tbody></table></div>",Oakley,Apparel & Accessories,Accessories,"PrimeStyleAI Demo, PrimeStyleAI Import, Accessories, Sunglasses, unisex, sunglasses, smart glasses, sport sunglasses, ai glasses, performance eyewear, prizm lens, black frame",TRUE,Color,Black / Prizm 24K,Size,One Size,,,sunglasshut-oakley-meta-vanguard-prizm-black-888392690401-888392690371,0,shopify,100,deny,manual,499.00,579.00,TRUE,TRUE,,https://res.cloudinary.com/dgvtynla7/image/upload/v1779017086/demo/products/sunglasshut_oakley_meta_vanguard_prizm_black_888392690401/image_02.png,2,Smart Sport Sunglasses,FALSE,Smart Sport Sunglasses,"Performance sunglasses with a wraparound shield lens, hands-free capture, open-ear audio, and sport-focused AI features.",Apparel & Accessories > Clothing Accessories > Sunglasses,unisex,adult,,new,TRUE,PrimeStyleAI Demo,,,,,https://res.cloudinary.com/dgvtynla7/image/upload/v1779018096/demo/products/sunglasshut_oakley_meta_vanguard_prizm_black_888392690401/black_prizm_24k/image_01.png,lb,,,active
sunglasshut-oakley-meta-vanguard-prizm-black-888392690401,Smart Sport Sunglasses,"<p>Performance sunglasses with a wraparound shield lens, hands-free capture, open-ear audio, and sport-focused AI features.</p>
<p><strong>Material:</strong> O Matter frame, Prizm lens</p>
<p><strong>Available sizes:</strong> One Size</p>
<div class=""primestyle-size-guide""><h3>Oakley Meta Vanguard Fit Guide</h3><table><thead><tr><th>Size</th><th>Model Code</th><th>Lens Width</th><th>Frame Width</th><th>Fit</th><th>Bridge / Nosepad</th></tr></thead><tbody><tr><td>XL / One Size</td><td>OW8001-070</td><td>52 mm</td><td>152 mm</td><td>Wide</td><td>Universal Fit</td></tr></tbody></table></div>",Oakley,Apparel & Accessories,Accessories,"PrimeStyleAI Demo, PrimeStyleAI Import, Accessories, Sunglasses, unisex, sunglasses, smart glasses, sport sunglasses, ai glasses, performance eyewear, prizm lens, black frame",TRUE,Color,White / Prizm Black,Size,One Size,,,sunglasshut-oakley-meta-vanguard-prizm-black-888392690401-888392690388,0,shopify,100,deny,manual,499.00,579.00,TRUE,TRUE,,https://res.cloudinary.com/dgvtynla7/image/upload/v1779017088/demo/products/sunglasshut_oakley_meta_vanguard_prizm_black_888392690401/image_03.jpg,3,Smart Sport Sunglasses,FALSE,Smart Sport Sunglasses,"Performance sunglasses with a wraparound shield lens, hands-free capture, open-ear audio, and sport-focused AI features.",Apparel & Accessories > Clothing Accessories > Sunglasses,unisex,adult,,new,TRUE,PrimeStyleAI Demo,,,,,https://res.cloudinary.com/dgvtynla7/image/upload/v1779018102/demo/products/sunglasshut_oakley_meta_vanguard_prizm_black_888392690401/white_prizm_black/image_01.png,lb,,,active
sunglasshut-oakley-meta-vanguard-prizm-black-888392690401,Smart Sport Sunglasses,"<p>Performance sunglasses with a wraparound shield lens, hands-free capture, open-ear audio, and sport-focused AI features.</p>
<p><strong>Material:</strong> O Matter frame, Prizm lens</p>
<p><strong>Available sizes:</strong> One Size</p>
<div class=""primestyle-size-guide""><h3>Oakley Meta Vanguard Fit Guide</h3><table><thead><tr><th>Size</th><th>Model Code</th><th>Lens Width</th><th>Frame Width</th><th>Fit</th><th>Bridge / Nosepad</th></tr></thead><tbody><tr><td>XL / One Size</td><td>OW8001-070</td><td>52 mm</td><td>152 mm</td><td>Wide</td><td>Universal Fit</td></tr></tbody></table></div>",Oakley,Apparel & Accessories,Accessories,"PrimeStyleAI Demo, PrimeStyleAI Import, Accessories, Sunglasses, unisex, sunglasses, smart glasses, sport sunglasses, ai glasses, performance eyewear, prizm lens, black frame",TRUE,Color,White / Prizm Sapphire,Size,One Size,,,sunglasshut-oakley-meta-vanguard-prizm-black-888392690401-888392690395,0,shopify,100,deny,manual,499.00,579.00,TRUE,TRUE,,https://res.cloudinary.com/dgvtynla7/image/upload/v1779017089/demo/products/sunglasshut_oakley_meta_vanguard_prizm_black_888392690401/image_04.png,4,Smart Sport Sunglasses,FALSE,Smart Sport Sunglasses,"Performance sunglasses with a wraparound shield lens, hands-free capture, open-ear audio, and sport-focused AI features.",Apparel & Accessories > Clothing Accessories > Sunglasses,unisex,adult,,new,TRUE,PrimeStyleAI Demo,,,,,https://res.cloudinary.com/dgvtynla7/image/upload/v1779018108/demo/products/sunglasshut_oakley_meta_vanguard_prizm_black_888392690401/white_prizm_sapphire/image_01.png,lb,,,active
sunglasshut-oakley-meta-vanguard-prizm-black-888392690401,Smart Sport Sunglasses,"<p>Performance sunglasses with a wraparound shield lens, hands-free capture, open-ear audio, and sport-focused AI features.</p>
<p><strong>Material:</strong> O Matter frame, Prizm lens</p>
<p><strong>Available sizes:</strong> One Size</p>
<div class=""primestyle-size-guide""><h3>Oakley Meta Vanguard Fit Guide</h3><table><thead><tr><th>Size</th><th>Model Code</th><th>Lens Width</th><th>Frame Width</th><th>Fit</th><th>Bridge / Nosepad</th></tr></thead><tbody><tr><td>XL / One Size</td><td>OW8001-070</td><td>52 mm</td><td>152 mm</td><td>Wide</td><td>Universal Fit</td></tr></tbody></table></div>",Oakley,Apparel & Accessories,Accessories,"PrimeStyleAI Demo, PrimeStyleAI Import, Accessories, Sunglasses, unisex, sunglasses, smart glasses, sport sunglasses, ai glasses, performance eyewear, prizm lens, black frame",TRUE,Color,Black / Prizm Black,Size,One Size,,,sunglasshut-oakley-meta-vanguard-prizm-black-888392690401-888392690401,0,shopify,100,deny,manual,499.00,579.00,TRUE,TRUE,,https://res.cloudinary.com/dgvtynla7/image/upload/v1779017089/demo/products/sunglasshut_oakley_meta_vanguard_prizm_black_888392690401/image_05.png,5,Smart Sport Sunglasses,FALSE,Smart Sport Sunglasses,"Performance sunglasses with a wraparound shield lens, hands-free capture, open-ear audio, and sport-focused AI features.",Apparel & Accessories > Clothing Accessories > Sunglasses,unisex,adult,,new,TRUE,PrimeStyleAI Demo,,,,,https://res.cloudinary.com/dgvtynla7/image/upload/v1779017085/demo/products/sunglasshut_oakley_meta_vanguard_prizm_black_888392690401/image_01.png,lb,,,active
sunglasshut-oakley-meta-vanguard-prizm-black-888392690401,Smart Sport Sunglasses,"<p>Performance sunglasses with a wraparound shield lens, hands-free capture, open-ear audio, and sport-focused AI features.</p>
<p><strong>Material:</strong> O Matter frame, Prizm lens</p>
<p><strong>Available sizes:</strong> One Size</p>
<div class=""primestyle-size-guide""><h3>Oakley Meta Vanguard Fit Guide</h3><table><thead><tr><th>Size</th><th>Model Code</th><th>Lens Width</th><th>Frame Width</th><th>Fit</th><th>Bridge / Nosepad</th></tr></thead><tbody><tr><td>XL / One Size</td><td>OW8001-070</td><td>52 mm</td><td>152 mm</td><td>Wide</td><td>Universal Fit</td></tr></tbody></table></div>",Oakley,Apparel & Accessories,Accessories,"PrimeStyleAI Demo, PrimeStyleAI Import, Accessories, Sunglasses, unisex, sunglasses, smart glasses, sport sunglasses, ai glasses, performance eyewear, prizm lens, black frame",TRUE,Color,White / Prizm Rose Gold,Size,One Size,,,sunglasshut-oakley-meta-vanguard-prizm-black-888392690401-888392697677,0,shopify,100,deny,manual,499.00,579.00,TRUE,TRUE,,https://res.cloudinary.com/dgvtynla7/image/upload/v1779017090/demo/products/sunglasshut_oakley_meta_vanguard_prizm_black_888392690401/image_06.png,6,Smart Sport Sunglasses,FALSE,Smart Sport Sunglasses,"Performance sunglasses with a wraparound shield lens, hands-free capture, open-ear audio, and sport-focused AI features.",Apparel & Accessories > Clothing Accessories > Sunglasses,unisex,adult,,new,TRUE,PrimeStyleAI Demo,,,,,https://res.cloudinary.com/dgvtynla7/image/upload/v1779018113/demo/products/sunglasshut_oakley_meta_vanguard_prizm_black_888392690401/white_prizm_rose_gold/image_01.jpg,lb,,,active
sunglasshut-oakley-meta-vanguard-prizm-black-888392690401,Smart Sport Sunglasses,"<p>Performance sunglasses with a wraparound shield lens, hands-free capture, open-ear audio, and sport-focused AI features.</p>
<p><strong>Material:</strong> O Matter frame, Prizm lens</p>
<p><strong>Available sizes:</strong> One Size</p>
<div class=""primestyle-size-guide""><h3>Oakley Meta Vanguard Fit Guide</h3><table><thead><tr><th>Size</th><th>Model Code</th><th>Lens Width</th><th>Frame Width</th><th>Fit</th><th>Bridge / Nosepad</th></tr></thead><tbody><tr><td>XL / One Size</td><td>OW8001-070</td><td>52 mm</td><td>152 mm</td><td>Wide</td><td>Universal Fit</td></tr></tbody></table></div>",Oakley,Apparel & Accessories,Accessories,"PrimeStyleAI Demo, PrimeStyleAI Import, Accessories, Sunglasses, unisex, sunglasses, smart glasses, sport sunglasses, ai glasses, performance eyewear, prizm lens, black frame",TRUE,Color,Black / Prizm Transitions Ember,Size,One Size,,,sunglasshut-oakley-meta-vanguard-prizm-black-888392690401-888392697653,0,shopify,100,deny,manual,579.00,579.00,TRUE,TRUE,,https://res.cloudinary.com/dgvtynla7/image/upload/v1779017091/demo/products/sunglasshut_oakley_meta_vanguard_prizm_black_888392690401/image_07.png,7,Smart Sport Sunglasses,FALSE,Smart Sport Sunglasses,"Performance sunglasses with a wraparound shield lens, hands-free capture, open-ear audio, and sport-focused AI features.",Apparel & Accessories > Clothing Accessories > Sunglasses,unisex,adult,,new,TRUE,PrimeStyleAI Demo,,,,,https://res.cloudinary.com/dgvtynla7/image/upload/v1779018122/demo/products/sunglasshut_oakley_meta_vanguard_prizm_black_888392690401/black_prizm_transitions_ember/image_01.jpg,lb,,,active
sunglasshut-oakley-meta-vanguard-prizm-black-888392690401,,,,,,,,,,,,,,,,,,,,,,,,,https://res.cloudinary.com/dgvtynla7/image/upload/v1779017092/demo/products/sunglasshut_oakley_meta_vanguard_prizm_black_888392690401/image_08.png,8,Smart Sport Sunglasses,,,,,,,,,,,,,,,,,,,
sunglasshut-oakley-meta-vanguard-prizm-black-888392690401,,,,,,,,,,,,,,,,,,,,,,,,,https://res.cloudinary.com/dgvtynla7/image/upload/v1779018091/demo/products/sunglasshut_oakley_meta_vanguard_prizm_black_888392690401/black_prizm_road/image_01.png,9,Smart Sport Sunglasses,,,,,,,,,,,,,,,,,,,
sunglasshut-oakley-meta-vanguard-prizm-black-888392690401,,,,,,,,,,,,,,,,,,,,,,,,,https://res.cloudinary.com/dgvtynla7/image/upload/v1779018092/demo/products/sunglasshut_oakley_meta_vanguard_prizm_black_888392690401/black_prizm_road/image_02.png,10,Smart Sport Sunglasses,,,,,,,,,,,,,,,,,,,
sunglasshut-oakley-meta-vanguard-prizm-black-888392690401,,,,,,,,,,,,,,,,,,,,,,,,,https://res.cloudinary.com/dgvtynla7/image/upload/v1779018093/demo/products/sunglasshut_oakley_meta_vanguard_prizm_black_888392690401/black_prizm_road/image_03.png,11,Smart Sport Sunglasses,,,,,,,,,,,,,,,,,,,
sunglasshut-oakley-meta-vanguard-prizm-black-888392690401,,,,,,,,,,,,,,,,,,,,,,,,,https://res.cloudinary.com/dgvtynla7/image/upload/v1779018093/demo/products/sunglasshut_oakley_meta_vanguard_prizm_black_888392690401/black_prizm_road/image_04.png,12,Smart Sport Sunglasses,,,,,,,,,,,,,,,,,,,
sunglasshut-oakley-meta-vanguard-prizm-black-888392690401,,,,,,,,,,,,,,,,,,,,,,,,,https://res.cloudinary.com/dgvtynla7/image/upload/v1779018095/demo/products/sunglasshut_oakley_meta_vanguard_prizm_black_888392690401/black_prizm_road/image_05.png,13,Smart Sport Sunglasses,,,,,,,,,,,,,,,,,,,
sunglasshut-oakley-meta-vanguard-prizm-black-888392690401,,,,,,,,,,,,,,,,,,,,,,,,,https://res.cloudinary.com/dgvtynla7/image/upload/v1779018096/demo/products/sunglasshut_oakley_meta_vanguard_prizm_black_888392690401/black_prizm_road/image_06.png,14,Smart Sport Sunglasses,,,,,,,,,,,,,,,,,,,
sunglasshut-oakley-meta-vanguard-prizm-black-888392690401,,,,,,,,,,,,,,,,,,,,,,,,,https://res.cloudinary.com/dgvtynla7/image/upload/v1779018096/demo/products/sunglasshut_oakley_meta_vanguard_prizm_black_888392690401/black_prizm_24k/image_01.png,15,Smart Sport Sunglasses,,,,,,,,,,,,,,,,,,,
sunglasshut-oakley-meta-vanguard-prizm-black-888392690401,,,,,,,,,,,,,,,,,,,,,,,,,https://res.cloudinary.com/dgvtynla7/image/upload/v1779018097/demo/products/sunglasshut_oakley_meta_vanguard_prizm_black_888392690401/black_prizm_24k/image_02.png,16,Smart Sport Sunglasses,,,,,,,,,,,,,,,,,,,
sunglasshut-oakley-meta-vanguard-prizm-black-888392690401,,,,,,,,,,,,,,,,,,,,,,,,,https://res.cloudinary.com/dgvtynla7/image/upload/v1779018099/demo/products/sunglasshut_oakley_meta_vanguard_prizm_black_888392690401/black_prizm_24k/image_03.png,17,Smart Sport Sunglasses,,,,,,,,,,,,,,,,,,,
sunglasshut-oakley-meta-vanguard-prizm-black-888392690401,,,,,,,,,,,,,,,,,,,,,,,,,https://res.cloudinary.com/dgvtynla7/image/upload/v1779018099/demo/products/sunglasshut_oakley_meta_vanguard_prizm_black_888392690401/black_prizm_24k/image_04.png,18,Smart Sport Sunglasses,,,,,,,,,,,,,,,,,,,
sunglasshut-oakley-meta-vanguard-prizm-black-888392690401,,,,,,,,,,,,,,,,,,,,,,,,,https://res.cloudinary.com/dgvtynla7/image/upload/v1779018100/demo/products/sunglasshut_oakley_meta_vanguard_prizm_black_888392690401/black_prizm_24k/image_05.png,19,Smart Sport Sunglasses,,,,,,,,,,,,,,,,,,,
sunglasshut-oakley-meta-vanguard-prizm-black-888392690401,,,,,,,,,,,,,,,,,,,,,,,,,https://res.cloudinary.com/dgvtynla7/image/upload/v1779018101/demo/products/sunglasshut_oakley_meta_vanguard_prizm_black_888392690401/black_prizm_24k/image_06.png,20,Smart Sport Sunglasses,,,,,,,,,,,,,,,,,,,
sunglasshut-oakley-meta-vanguard-prizm-black-888392690401,,,,,,,,,,,,,,,,,,,,,,,,,https://res.cloudinary.com/dgvtynla7/image/upload/v1779018102/demo/products/sunglasshut_oakley_meta_vanguard_prizm_black_888392690401/white_prizm_black/image_01.png,21,Smart Sport Sunglasses,,,,,,,,,,,,,,,,,,,
sunglasshut-oakley-meta-vanguard-prizm-black-888392690401,,,,,,,,,,,,,,,,,,,,,,,,,https://res.cloudinary.com/dgvtynla7/image/upload/v1779018103/demo/products/sunglasshut_oakley_meta_vanguard_prizm_black_888392690401/white_prizm_black/image_02.png,22,Smart Sport Sunglasses,,,,,,,,,,,,,,,,,,,
sunglasshut-oakley-meta-vanguard-prizm-black-888392690401,,,,,,,,,,,,,,,,,,,,,,,,,https://res.cloudinary.com/dgvtynla7/image/upload/v1779018104/demo/products/sunglasshut_oakley_meta_vanguard_prizm_black_888392690401/white_prizm_black/image_03.png,23,Smart Sport Sunglasses,,,,,,,,,,,,,,,,,,,
sunglasshut-oakley-meta-vanguard-prizm-black-888392690401,,,,,,,,,,,,,,,,,,,,,,,,,https://res.cloudinary.com/dgvtynla7/image/upload/v1779018105/demo/products/sunglasshut_oakley_meta_vanguard_prizm_black_888392690401/white_prizm_black/image_04.png,24,Smart Sport Sunglasses,,,,,,,,,,,,,,,,,,,
sunglasshut-oakley-meta-vanguard-prizm-black-888392690401,,,,,,,,,,,,,,,,,,,,,,,,,https://res.cloudinary.com/dgvtynla7/image/upload/v1779018106/demo/products/sunglasshut_oakley_meta_vanguard_prizm_black_888392690401/white_prizm_black/image_05.png,25,Smart Sport Sunglasses,,,,,,,,,,,,,,,,,,,
sunglasshut-oakley-meta-vanguard-prizm-black-888392690401,,,,,,,,,,,,,,,,,,,,,,,,,https://res.cloudinary.com/dgvtynla7/image/upload/v1779018107/demo/products/sunglasshut_oakley_meta_vanguard_prizm_black_888392690401/white_prizm_black/image_06.png,26,Smart Sport Sunglasses,,,,,,,,,,,,,,,,,,,
sunglasshut-oakley-meta-vanguard-prizm-black-888392690401,,,,,,,,,,,,,,,,,,,,,,,,,https://res.cloudinary.com/dgvtynla7/image/upload/v1779018108/demo/products/sunglasshut_oakley_meta_vanguard_prizm_black_888392690401/white_prizm_sapphire/image_01.png,27,Smart Sport Sunglasses,,,,,,,,,,,,,,,,,,,
sunglasshut-oakley-meta-vanguard-prizm-black-888392690401,,,,,,,,,,,,,,,,,,,,,,,,,https://res.cloudinary.com/dgvtynla7/image/upload/v1779018108/demo/products/sunglasshut_oakley_meta_vanguard_prizm_black_888392690401/white_prizm_sapphire/image_02.png,28,Smart Sport Sunglasses,,,,,,,,,,,,,,,,,,,
sunglasshut-oakley-meta-vanguard-prizm-black-888392690401,,,,,,,,,,,,,,,,,,,,,,,,,https://res.cloudinary.com/dgvtynla7/image/upload/v1779018109/demo/products/sunglasshut_oakley_meta_vanguard_prizm_black_888392690401/white_prizm_sapphire/image_03.png,29,Smart Sport Sunglasses,,,,,,,,,,,,,,,,,,,
sunglasshut-oakley-meta-vanguard-prizm-black-888392690401,,,,,,,,,,,,,,,,,,,,,,,,,https://res.cloudinary.com/dgvtynla7/image/upload/v1779018110/demo/products/sunglasshut_oakley_meta_vanguard_prizm_black_888392690401/white_prizm_sapphire/image_04.png,30,Smart Sport Sunglasses,,,,,,,,,,,,,,,,,,,
sunglasshut-oakley-meta-vanguard-prizm-black-888392690401,,,,,,,,,,,,,,,,,,,,,,,,,https://res.cloudinary.com/dgvtynla7/image/upload/v1779018111/demo/products/sunglasshut_oakley_meta_vanguard_prizm_black_888392690401/white_prizm_sapphire/image_05.png,31,Smart Sport Sunglasses,,,,,,,,,,,,,,,,,,,
sunglasshut-oakley-meta-vanguard-prizm-black-888392690401,,,,,,,,,,,,,,,,,,,,,,,,,https://res.cloudinary.com/dgvtynla7/image/upload/v1779018111/demo/products/sunglasshut_oakley_meta_vanguard_prizm_black_888392690401/white_prizm_sapphire/image_06.png,32,Smart Sport Sunglasses,,,,,,,,,,,,,,,,,,,
sunglasshut-oakley-meta-vanguard-prizm-black-888392690401,,,,,,,,,,,,,,,,,,,,,,,,,https://res.cloudinary.com/dgvtynla7/image/upload/v1779018113/demo/products/sunglasshut_oakley_meta_vanguard_prizm_black_888392690401/white_prizm_rose_gold/image_01.jpg,33,Smart Sport Sunglasses,,,,,,,,,,,,,,,,,,,
sunglasshut-oakley-meta-vanguard-prizm-black-888392690401,,,,,,,,,,,,,,,,,,,,,,,,,https://res.cloudinary.com/dgvtynla7/image/upload/v1779018114/demo/products/sunglasshut_oakley_meta_vanguard_prizm_black_888392690401/white_prizm_rose_gold/image_02.jpg,34,Smart Sport Sunglasses,,,,,,,,,,,,,,,,,,,
sunglasshut-oakley-meta-vanguard-prizm-black-888392690401,,,,,,,,,,,,,,,,,,,,,,,,,https://res.cloudinary.com/dgvtynla7/image/upload/v1779018116/demo/products/sunglasshut_oakley_meta_vanguard_prizm_black_888392690401/white_prizm_rose_gold/image_03.png,35,Smart Sport Sunglasses,,,,,,,,,,,,,,,,,,,
sunglasshut-oakley-meta-vanguard-prizm-black-888392690401,,,,,,,,,,,,,,,,,,,,,,,,,https://res.cloudinary.com/dgvtynla7/image/upload/v1779018117/demo/products/sunglasshut_oakley_meta_vanguard_prizm_black_888392690401/white_prizm_rose_gold/image_04.png,36,Smart Sport Sunglasses,,,,,,,,,,,,,,,,,,,
sunglasshut-oakley-meta-vanguard-prizm-black-888392690401,,,,,,,,,,,,,,,,,,,,,,,,,https://res.cloudinary.com/dgvtynla7/image/upload/v1779018119/demo/products/sunglasshut_oakley_meta_vanguard_prizm_black_888392690401/white_prizm_rose_gold/image_05.png,37,Smart Sport Sunglasses,,,,,,,,,,,,,,,,,,,
sunglasshut-oakley-meta-vanguard-prizm-black-888392690401,,,,,,,,,,,,,,,,,,,,,,,,,https://res.cloudinary.com/dgvtynla7/image/upload/v1779018121/demo/products/sunglasshut_oakley_meta_vanguard_prizm_black_888392690401/white_prizm_rose_gold/image_06.png,38,Smart Sport Sunglasses,,,,,,,,,,,,,,,,,,,
sunglasshut-oakley-meta-vanguard-prizm-black-888392690401,,,,,,,,,,,,,,,,,,,,,,,,,https://res.cloudinary.com/dgvtynla7/image/upload/v1779018122/demo/products/sunglasshut_oakley_meta_vanguard_prizm_black_888392690401/black_prizm_transitions_ember/image_01.jpg,39,Smart Sport Sunglasses,,,,,,,,,,,,,,,,,,,
sunglasshut-oakley-meta-vanguard-prizm-black-888392690401,,,,,,,,,,,,,,,,,,,,,,,,,https://res.cloudinary.com/dgvtynla7/image/upload/v1779018124/demo/products/sunglasshut_oakley_meta_vanguard_prizm_black_888392690401/black_prizm_transitions_ember/image_02.jpg,40,Smart Sport Sunglasses,,,,,,,,,,,,,,,,,,,
sunglasshut-oakley-meta-vanguard-prizm-black-888392690401,,,,,,,,,,,,,,,,,,,,,,,,,https://res.cloudinary.com/dgvtynla7/image/upload/v1779018125/demo/products/sunglasshut_oakley_meta_vanguard_prizm_black_888392690401/black_prizm_transitions_ember/image_03.jpg,41,Smart Sport Sunglasses,,,,,,,,,,,,,,,,,,,
sunglasshut-oakley-meta-vanguard-prizm-black-888392690401,,,,,,,,,,,,,,,,,,,,,,,,,https://res.cloudinary.com/dgvtynla7/image/upload/v1779018127/demo/products/sunglasshut_oakley_meta_vanguard_prizm_black_888392690401/black_prizm_transitions_ember/image_04.png,42,Smart Sport Sunglasses,,,,,,,,,,,,,,,,,,,
sunglasshut-oakley-meta-vanguard-prizm-black-888392690401,,,,,,,,,,,,,,,,,,,,,,,,,https://res.cloudinary.com/dgvtynla7/image/upload/v1779018128/demo/products/sunglasshut_oakley_meta_vanguard_prizm_black_888392690401/black_prizm_transitions_ember/image_05.png,43,Smart Sport Sunglasses,,,,,,,,,,,,,,,,,,,
sunglasshut-oakley-meta-vanguard-prizm-black-888392690401,,,,,,,,,,,,,,,,,,,,,,,,,https://res.cloudinary.com/dgvtynla7/image/upload/v1779018130/demo/products/sunglasshut_oakley_meta_vanguard_prizm_black_888392690401/black_prizm_transitions_ember/image_06.png,44,Smart Sport Sunglasses,,,,,,,,,,,,,,,,,,,
nike-pegasus-42-womens-road-running-shoes-ib1881-602,Women's Running Shoes,"<p>Responsive road running shoes with full-length Air Zoom cushioning, ReactX foam, breathable mesh, and a roomier forefoot fit.</p>
<p><strong>Material:</strong> Lightweight mesh upper, ReactX foam midsole, high-abrasion rubber outsole</p>
<p><strong>Available sizes:</strong> W 5 / M 3.5, W 5.5 / M 4, W 6 / M 4.5, W 6.5 / M 5, W 7 / M 5.5, W 7.5 / M 6, W 8 / M 6.5, W 8.5 / M 7, W 9 / M 7.5, W 9.5 / M 8, W 10 / M 8.5, W 10.5 / M 9, W 11 / M 9.5, W 11.5 / M 10, W 12 / M 10.5</p>
<div class=""primestyle-size-guide""><h3>Nike Unisex Shoes Women&#39;s Based Size Guide</h3><table><thead><tr><th>Standard</th><th>US Women</th><th>US Men</th><th>UK</th><th>CM / JP</th><th>EU</th></tr></thead><tbody><tr><td>W 5 / M 3.5</td><td>5</td><td>3.5</td><td>2.5</td><td>22</td><td>35.5</td></tr><tr><td>W 5.5 / M 4</td><td>5.5</td><td>4</td><td>3</td><td>22.5</td><td>36</td></tr><tr><td>W 6 / M 4.5</td><td>6</td><td>4.5</td><td>3.5</td><td>23</td><td>36.5</td></tr><tr><td>W 6.5 / M 5</td><td>6.5</td><td>5</td><td>4</td><td>23.5</td><td>37.5</td></tr><tr><td>W 7 / M 5.5</td><td>7</td><td>5.5</td><td>4.5</td><td>24</td><td>38</td></tr><tr><td>W 7.5 / M 6</td><td>7.5</td><td>6</td><td>5</td><td>24.5</td><td>38.5</td></tr><tr><td>W 8 / M 6.5</td><td>8</td><td>6.5</td><td>5.5</td><td>25</td><td>39</td></tr><tr><td>W 8.5 / M 7</td><td>8.5</td><td>7</td><td>6</td><td>25.5</td><td>40</td></tr><tr><td>W 9 / M 7.5</td><td>9</td><td>7.5</td><td>6.5</td><td>26</td><td>40.5</td></tr><tr><td>W 9.5 / M 8</td><td>9.5</td><td>8</td><td>7</td><td>26.5</td><td>41</td></tr><tr><td>W 10 / M 8.5</td><td>10</td><td>8.5</td><td>7.5</td><td>27</td><td>42</td></tr><tr><td>W 10.5 / M 9</td><td>10.5</td><td>9</td><td>8</td><td>27.5</td><td>42.5</td></tr><tr><td>W 11 / M 9.5</td><td>11</td><td>9.5</td><td>8.5</td><td>28</td><td>43</td></tr><tr><td>W 11.5 / M 10</td><td>11.5</td><td>10</td><td>9</td><td>28.5</td><td>44</td></tr><tr><td>W 12 / M 10.5</td><td>12</td><td>10.5</td><td>9.5</td><td>29</td><td>44.5</td></tr></tbody></table></div>",Nike,Apparel & Accessories > Shoes,Shoes,"PrimeStyleAI Demo, PrimeStyleAI Import, Shoes, Road Running Shoes, female, nike, pegasus, pegasus 42, running shoes, road running, reactx, air zoom, women, footwear, demo",TRUE,Color,Lava Glow/Flash Crimson/Light Magenta/Black,Size,W 5 / M 3.5,,,nike-pegasus-42-womens-road-running-shoes-ib1881-602-5,0,shopify,100,deny,manual,145.00,,TRUE,TRUE,,https://res.cloudinary.com/dgvtynla7/image/upload/v1779029439/demo/products/nike_pegasus_42_womens_road_running_shoes_ib1881_602/variants-highres/IB1881-602/01.webp,1,Women's Running Shoes,FALSE,Women's Running Shoes,"Responsive road running shoes with full-length Air Zoom cushioning, ReactX foam, breathable mesh, and a roomier forefoot fit.",Apparel & Accessories > Shoes,female,adult,,new,TRUE,PrimeStyleAI Demo,,,,,https://res.cloudinary.com/dgvtynla7/image/upload/v1779029439/demo/products/nike_pegasus_42_womens_road_running_shoes_ib1881_602/variants-highres/IB1881-602/01.webp,lb,,,active
nike-pegasus-42-womens-road-running-shoes-ib1881-602,Women's Running Shoes,"<p>Responsive road running shoes with full-length Air Zoom cushioning, ReactX foam, breathable mesh, and a roomier forefoot fit.</p>
<p><strong>Material:</strong> Lightweight mesh upper, ReactX foam midsole, high-abrasion rubber outsole</p>
<p><strong>Available sizes:</strong> W 5 / M 3.5, W 5.5 / M 4, W 6 / M 4.5, W 6.5 / M 5, W 7 / M 5.5, W 7.5 / M 6, W 8 / M 6.5, W 8.5 / M 7, W 9 / M 7.5, W 9.5 / M 8, W 10 / M 8.5, W 10.5 / M 9, W 11 / M 9.5, W 11.5 / M 10, W 12 / M 10.5</p>
<div class=""primestyle-size-guide""><h3>Nike Unisex Shoes Women&#39;s Based Size Guide</h3><table><thead><tr><th>Standard</th><th>US Women</th><th>US Men</th><th>UK</th><th>CM / JP</th><th>EU</th></tr></thead><tbody><tr><td>W 5 / M 3.5</td><td>5</td><td>3.5</td><td>2.5</td><td>22</td><td>35.5</td></tr><tr><td>W 5.5 / M 4</td><td>5.5</td><td>4</td><td>3</td><td>22.5</td><td>36</td></tr><tr><td>W 6 / M 4.5</td><td>6</td><td>4.5</td><td>3.5</td><td>23</td><td>36.5</td></tr><tr><td>W 6.5 / M 5</td><td>6.5</td><td>5</td><td>4</td><td>23.5</td><td>37.5</td></tr><tr><td>W 7 / M 5.5</td><td>7</td><td>5.5</td><td>4.5</td><td>24</td><td>38</td></tr><tr><td>W 7.5 / M 6</td><td>7.5</td><td>6</td><td>5</td><td>24.5</td><td>38.5</td></tr><tr><td>W 8 / M 6.5</td><td>8</td><td>6.5</td><td>5.5</td><td>25</td><td>39</td></tr><tr><td>W 8.5 / M 7</td><td>8.5</td><td>7</td><td>6</td><td>25.5</td><td>40</td></tr><tr><td>W 9 / M 7.5</td><td>9</td><td>7.5</td><td>6.5</td><td>26</td><td>40.5</td></tr><tr><td>W 9.5 / M 8</td><td>9.5</td><td>8</td><td>7</td><td>26.5</td><td>41</td></tr><tr><td>W 10 / M 8.5</td><td>10</td><td>8.5</td><td>7.5</td><td>27</td><td>42</td></tr><tr><td>W 10.5 / M 9</td><td>10.5</td><td>9</td><td>8</td><td>27.5</td><td>42.5</td></tr><tr><td>W 11 / M 9.5</td><td>11</td><td>9.5</td><td>8.5</td><td>28</td><td>43</td></tr><tr><td>W 11.5 / M 10</td><td>11.5</td><td>10</td><td>9</td><td>28.5</td><td>44</td></tr><tr><td>W 12 / M 10.5</td><td>12</td><td>10.5</td><td>9.5</td><td>29</td><td>44.5</td></tr></tbody></table></div>",Nike,Apparel & Accessories > Shoes,Shoes,"PrimeStyleAI Demo, PrimeStyleAI Import, Shoes, Road Running Shoes, female, nike, pegasus, pegasus 42, running shoes, road running, reactx, air zoom, women, footwear, demo",TRUE,Color,Lava Glow/Flash Crimson/Light Magenta/Black,Size,W 5.5 / M 4,,,nike-pegasus-42-womens-road-running-shoes-ib1881-602-5-5,0,shopify,100,deny,manual,145.00,,TRUE,TRUE,,https://res.cloudinary.com/dgvtynla7/image/upload/v1779029446/demo/products/nike_pegasus_42_womens_road_running_shoes_ib1881_602/variants-highres/IB1881-602/02.webp,2,Women's Running Shoes,FALSE,Women's Running Shoes,"Responsive road running shoes with full-length Air Zoom cushioning, ReactX foam, breathable mesh, and a roomier forefoot fit.",Apparel & Accessories > Shoes,female,adult,,new,TRUE,PrimeStyleAI Demo,,,,,https://res.cloudinary.com/dgvtynla7/image/upload/v1779029439/demo/products/nike_pegasus_42_womens_road_running_shoes_ib1881_602/variants-highres/IB1881-602/01.webp,lb,,,active
nike-pegasus-42-womens-road-running-shoes-ib1881-602,Women's Running Shoes,"<p>Responsive road running shoes with full-length Air Zoom cushioning, ReactX foam, breathable mesh, and a roomier forefoot fit.</p>
<p><strong>Material:</strong> Lightweight mesh upper, ReactX foam midsole, high-abrasion rubber outsole</p>
<p><strong>Available sizes:</strong> W 5 / M 3.5, W 5.5 / M 4, W 6 / M 4.5, W 6.5 / M 5, W 7 / M 5.5, W 7.5 / M 6, W 8 / M 6.5, W 8.5 / M 7, W 9 / M 7.5, W 9.5 / M 8, W 10 / M 8.5, W 10.5 / M 9, W 11 / M 9.5, W 11.5 / M 10, W 12 / M 10.5</p>
<div class=""primestyle-size-guide""><h3>Nike Unisex Shoes Women&#39;s Based Size Guide</h3><table><thead><tr><th>Standard</th><th>US Women</th><th>US Men</th><th>UK</th><th>CM / JP</th><th>EU</th></tr></thead><tbody><tr><td>W 5 / M 3.5</td><td>5</td><td>3.5</td><td>2.5</td><td>22</td><td>35.5</td></tr><tr><td>W 5.5 / M 4</td><td>5.5</td><td>4</td><td>3</td><td>22.5</td><td>36</td></tr><tr><td>W 6 / M 4.5</td><td>6</td><td>4.5</td><td>3.5</td><td>23</td><td>36.5</td></tr><tr><td>W 6.5 / M 5</td><td>6.5</td><td>5</td><td>4</td><td>23.5</td><td>37.5</td></tr><tr><td>W 7 / M 5.5</td><td>7</td><td>5.5</td><td>4.5</td><td>24</td><td>38</td></tr><tr><td>W 7.5 / M 6</td><td>7.5</td><td>6</td><td>5</td><td>24.5</td><td>38.5</td></tr><tr><td>W 8 / M 6.5</td><td>8</td><td>6.5</td><td>5.5</td><td>25</td><td>39</td></tr><tr><td>W 8.5 / M 7</td><td>8.5</td><td>7</td><td>6</td><td>25.5</td><td>40</td></tr><tr><td>W 9 / M 7.5</td><td>9</td><td>7.5</td><td>6.5</td><td>26</td><td>40.5</td></tr><tr><td>W 9.5 / M 8</td><td>9.5</td><td>8</td><td>7</td><td>26.5</td><td>41</td></tr><tr><td>W 10 / M 8.5</td><td>10</td><td>8.5</td><td>7.5</td><td>27</td><td>42</td></tr><tr><td>W 10.5 / M 9</td><td>10.5</td><td>9</td><td>8</td><td>27.5</td><td>42.5</td></tr><tr><td>W 11 / M 9.5</td><td>11</td><td>9.5</td><td>8.5</td><td>28</td><td>43</td></tr><tr><td>W 11.5 / M 10</td><td>11.5</td><td>10</td><td>9</td><td>28.5</td><td>44</td></tr><tr><td>W 12 / M 10.5</td><td>12</td><td>10.5</td><td>9.5</td><td>29</td><td>44.5</td></tr></tbody></table></div>",Nike,Apparel & Accessories > Shoes,Shoes,"PrimeStyleAI Demo, PrimeStyleAI Import, Shoes, Road Running Shoes, female, nike, pegasus, pegasus 42, running shoes, road running, reactx, air zoom, women, footwear, demo",TRUE,Color,Lava Glow/Flash Crimson/Light Magenta/Black,Size,W 6 / M 4.5,,,nike-pegasus-42-womens-road-running-shoes-ib1881-602-6,0,shopify,100,deny,manual,145.00,,TRUE,TRUE,,https://res.cloudinary.com/dgvtynla7/image/upload/v1779029452/demo/products/nike_pegasus_42_womens_road_running_shoes_ib1881_602/variants-highres/IB1881-602/03.webp,3,Women's Running Shoes,FALSE,Women's Running Shoes,"Responsive road running shoes with full-length Air Zoom cushioning, ReactX foam, breathable mesh, and a roomier forefoot fit.",Apparel & Accessories > Shoes,female,adult,,new,TRUE,PrimeStyleAI Demo,,,,,https://res.cloudinary.com/dgvtynla7/image/upload/v1779029439/demo/products/nike_pegasus_42_womens_road_running_shoes_ib1881_602/variants-highres/IB1881-602/01.webp,lb,,,active
nike-pegasus-42-womens-road-running-shoes-ib1881-602,Women's Running Shoes,"<p>Responsive road running shoes with full-length Air Zoom cushioning, ReactX foam, breathable mesh, and a roomier forefoot fit.</p>
<p><strong>Material:</strong> Lightweight mesh upper, ReactX foam midsole, high-abrasion rubber outsole</p>
<p><strong>Available sizes:</strong> W 5 / M 3.5, W 5.5 / M 4, W 6 / M 4.5, W 6.5 / M 5, W 7 / M 5.5, W 7.5 / M 6, W 8 / M 6.5, W 8.5 / M 7, W 9 / M 7.5, W 9.5 / M 8, W 10 / M 8.5, W 10.5 / M 9, W 11 / M 9.5, W 11.5 / M 10, W 12 / M 10.5</p>
<div class=""primestyle-size-guide""><h3>Nike Unisex Shoes Women&#39;s Based Size Guide</h3><table><thead><tr><th>Standard</th><th>US Women</th><th>US Men</th><th>UK</th><th>CM / JP</th><th>EU</th></tr></thead><tbody><tr><td>W 5 / M 3.5</td><td>5</td><td>3.5</td><td>2.5</td><td>22</td><td>35.5</td></tr><tr><td>W 5.5 / M 4</td><td>5.5</td><td>4</td><td>3</td><td>22.5</td><td>36</td></tr><tr><td>W 6 / M 4.5</td><td>6</td><td>4.5</td><td>3.5</td><td>23</td><td>36.5</td></tr><tr><td>W 6.5 / M 5</td><td>6.5</td><td>5</td><td>4</td><td>23.5</td><td>37.5</td></tr><tr><td>W 7 / M 5.5</td><td>7</td><td>5.5</td><td>4.5</td><td>24</td><td>38</td></tr><tr><td>W 7.5 / M 6</td><td>7.5</td><td>6</td><td>5</td><td>24.5</td><td>38.5</td></tr><tr><td>W 8 / M 6.5</td><td>8</td><td>6.5</td><td>5.5</td><td>25</td><td>39</td></tr><tr><td>W 8.5 / M 7</td><td>8.5</td><td>7</td><td>6</td><td>25.5</td><td>40</td></tr><tr><td>W 9 / M 7.5</td><td>9</td><td>7.5</td><td>6.5</td><td>26</td><td>40.5</td></tr><tr><td>W 9.5 / M 8</td><td>9.5</td><td>8</td><td>7</td><td>26.5</td><td>41</td></tr><tr><td>W 10 / M 8.5</td><td>10</td><td>8.5</td><td>7.5</td><td>27</td><td>42</td></tr><tr><td>W 10.5 / M 9</td><td>10.5</td><td>9</td><td>8</td><td>27.5</td><td>42.5</td></tr><tr><td>W 11 / M 9.5</td><td>11</td><td>9.5</td><td>8.5</td><td>28</td><td>43</td></tr><tr><td>W 11.5 / M 10</td><td>11.5</td><td>10</td><td>9</td><td>28.5</td><td>44</td></tr><tr><td>W 12 / M 10.5</td><td>12</td><td>10.5</td><td>9.5</td><td>29</td><td>44.5</td></tr></tbody></table></div>",Nike,Apparel & Accessories > Shoes,Shoes,"PrimeStyleAI Demo, PrimeStyleAI Import, Shoes, Road Running Shoes, female, nike, pegasus, pegasus 42, running shoes, road running, reactx, air zoom, women, footwear, demo",TRUE,Color,Lava Glow/Flash Crimson/Light Magenta/Black,Size,W 6.5 / M 5,,,nike-pegasus-42-womens-road-running-shoes-ib1881-602-6-5,0,shopify,100,deny,manual,145.00,,TRUE,TRUE,,https://res.cloudinary.com/dgvtynla7/image/upload/v1779029458/demo/products/nike_pegasus_42_womens_road_running_shoes_ib1881_602/variants-highres/IB1881-602/04.webp,4,Women's Running Shoes,FALSE,Women's Running Shoes,"Responsive road running shoes with full-length Air Zoom cushioning, ReactX foam, breathable mesh, and a roomier forefoot fit.",Apparel & Accessories > Shoes,female,adult,,new,TRUE,PrimeStyleAI Demo,,,,,https://res.cloudinary.com/dgvtynla7/image/upload/v1779029439/demo/products/nike_pegasus_42_womens_road_running_shoes_ib1881_602/variants-highres/IB1881-602/01.webp,lb,,,active
nike-pegasus-42-womens-road-running-shoes-ib1881-602,Women's Running Shoes,"<p>Responsive road running shoes with full-length Air Zoom cushioning, ReactX foam, breathable mesh, and a roomier forefoot fit.</p>
<p><strong>Material:</strong> Lightweight mesh upper, ReactX foam midsole, high-abrasion rubber outsole</p>
<p><strong>Available sizes:</strong> W 5 / M 3.5, W 5.5 / M 4, W 6 / M 4.5, W 6.5 / M 5, W 7 / M 5.5, W 7.5 / M 6, W 8 / M 6.5, W 8.5 / M 7, W 9 / M 7.5, W 9.5 / M 8, W 10 / M 8.5, W 10.5 / M 9, W 11 / M 9.5, W 11.5 / M 10, W 12 / M 10.5</p>
<div class=""primestyle-size-guide""><h3>Nike Unisex Shoes Women&#39;s Based Size Guide</h3><table><thead><tr><th>Standard</th><th>US Women</th><th>US Men</th><th>UK</th><th>CM / JP</th><th>EU</th></tr></thead><tbody><tr><td>W 5 / M 3.5</td><td>5</td><td>3.5</td><td>2.5</td><td>22</td><td>35.5</td></tr><tr><td>W 5.5 / M 4</td><td>5.5</td><td>4</td><td>3</td><td>22.5</td><td>36</td></tr><tr><td>W 6 / M 4.5</td><td>6</td><td>4.5</td><td>3.5</td><td>23</td><td>36.5</td></tr><tr><td>W 6.5 / M 5</td><td>6.5</td><td>5</td><td>4</td><td>23.5</td><td>37.5</td></tr><tr><td>W 7 / M 5.5</td><td>7</td><td>5.5</td><td>4.5</td><td>24</td><td>38</td></tr><tr><td>W 7.5 / M 6</td><td>7.5</td><td>6</td><td>5</td><td>24.5</td><td>38.5</td></tr><tr><td>W 8 / M 6.5</td><td>8</td><td>6.5</td><td>5.5</td><td>25</td><td>39</td></tr><tr><td>W 8.5 / M 7</td><td>8.5</td><td>7</td><td>6</td><td>25.5</td><td>40</td></tr><tr><td>W 9 / M 7.5</td><td>9</td><td>7.5</td><td>6.5</td><td>26</td><td>40.5</td></tr><tr><td>W 9.5 / M 8</td><td>9.5</td><td>8</td><td>7</td><td>26.5</td><td>41</td></tr><tr><td>W 10 / M 8.5</td><td>10</td><td>8.5</td><td>7.5</td><td>27</td><td>42</td></tr><tr><td>W 10.5 / M 9</td><td>10.5</td><td>9</td><td>8</td><td>27.5</td><td>42.5</td></tr><tr><td>W 11 / M 9.5</td><td>11</td><td>9.5</td><td>8.5</td><td>28</td><td>43</td></tr><tr><td>W 11.5 / M 10</td><td>11.5</td><td>10</td><td>9</td><td>28.5</td><td>44</td></tr><tr><td>W 12 / M 10.5</td><td>12</td><td>10.5</td><td>9.5</td><td>29</td><td>44.5</td></tr></tbody></table></div>",Nike,Apparel & Accessories > Shoes,Shoes,"PrimeStyleAI Demo, PrimeStyleAI Import, Shoes, Road Running Shoes, female, nike, pegasus, pegasus 42, running shoes, road running, reactx, air zoom, women, footwear, demo",TRUE,Color,Lava Glow/Flash Crimson/Light Magenta/Black,Size,W 7 / M 5.5,,,nike-pegasus-42-womens-road-running-shoes-ib1881-602-7,0,shopify,100,deny,manual,145.00,,TRUE,TRUE,,https://res.cloudinary.com/dgvtynla7/image/upload/v1779029464/demo/products/nike_pegasus_42_womens_road_running_shoes_ib1881_602/variants-highres/IB1881-602/05.webp,5,Women's Running Shoes,FALSE,Women's Running Shoes,"Responsive road running shoes with full-length Air Zoom cushioning, ReactX foam, breathable mesh, and a roomier forefoot fit.",Apparel & Accessories > Shoes,female,adult,,new,TRUE,PrimeStyleAI Demo,,,,,https://res.cloudinary.com/dgvtynla7/image/upload/v1779029439/demo/products/nike_pegasus_42_womens_road_running_shoes_ib1881_602/variants-highres/IB1881-602/01.webp,lb,,,active
nike-pegasus-42-womens-road-running-shoes-ib1881-602,Women's Running Shoes,"<p>Responsive road running shoes with full-length Air Zoom cushioning, ReactX foam, breathable mesh, and a roomier forefoot fit.</p>
<p><strong>Material:</strong> Lightweight mesh upper, ReactX foam midsole, high-abrasion rubber outsole</p>
<p><strong>Available sizes:</strong> W 5 / M 3.5, W 5.5 / M 4, W 6 / M 4.5, W 6.5 / M 5, W 7 / M 5.5, W 7.5 / M 6, W 8 / M 6.5, W 8.5 / M 7, W 9 / M 7.5, W 9.5 / M 8, W 10 / M 8.5, W 10.5 / M 9, W 11 / M 9.5, W 11.5 / M 10, W 12 / M 10.5</p>
<div class=""primestyle-size-guide""><h3>Nike Unisex Shoes Women&#39;s Based Size Guide</h3><table><thead><tr><th>Standard</th><th>US Women</th><th>US Men</th><th>UK</th><th>CM / JP</th><th>EU</th></tr></thead><tbody><tr><td>W 5 / M 3.5</td><td>5</td><td>3.5</td><td>2.5</td><td>22</td><td>35.5</td></tr><tr><td>W 5.5 / M 4</td><td>5.5</td><td>4</td><td>3</td><td>22.5</td><td>36</td></tr><tr><td>W 6 / M 4.5</td><td>6</td><td>4.5</td><td>3.5</td><td>23</td><td>36.5</td></tr><tr><td>W 6.5 / M 5</td><td>6.5</td><td>5</td><td>4</td><td>23.5</td><td>37.5</td></tr><tr><td>W 7 / M 5.5</td><td>7</td><td>5.5</td><td>4.5</td><td>24</td><td>38</td></tr><tr><td>W 7.5 / M 6</td><td>7.5</td><td>6</td><td>5</td><td>24.5</td><td>38.5</td></tr><tr><td>W 8 / M 6.5</td><td>8</td><td>6.5</td><td>5.5</td><td>25</td><td>39</td></tr><tr><td>W 8.5 / M 7</td><td>8.5</td><td>7</td><td>6</td><td>25.5</td><td>40</td></tr><tr><td>W 9 / M 7.5</td><td>9</td><td>7.5</td><td>6.5</td><td>26</td><td>40.5</td></tr><tr><td>W 9.5 / M 8</td><td>9.5</td><td>8</td><td>7</td><td>26.5</td><td>41</td></tr><tr><td>W 10 / M 8.5</td><td>10</td><td>8.5</td><td>7.5</td><td>27</td><td>42</td></tr><tr><td>W 10.5 / M 9</td><td>10.5</td><td>9</td><td>8</td><td>27.5</td><td>42.5</td></tr><tr><td>W 11 / M 9.5</td><td>11</td><td>9.5</td><td>8.5</td><td>28</td><td>43</td></tr><tr><td>W 11.5 / M 10</td><td>11.5</td><td>10</td><td>9</td><td>28.5</td><td>44</td></tr><tr><td>W 12 / M 10.5</td><td>12</td><td>10.5</td><td>9.5</td><td>29</td><td>44.5</td></tr></tbody></table></div>",Nike,Apparel & Accessories > Shoes,Shoes,"PrimeStyleAI Demo, PrimeStyleAI Import, Shoes, Road Running Shoes, female, nike, pegasus, pegasus 42, running shoes, road running, reactx, air zoom, women, footwear, demo",TRUE,Color,Lava Glow/Flash Crimson/Light Magenta/Black,Size,W 7.5 / M 6,,,nike-pegasus-42-womens-road-running-shoes-ib1881-602-7-5,0,shopify,100,deny,manual,145.00,,TRUE,TRUE,,https://res.cloudinary.com/dgvtynla7/image/upload/v1779029469/demo/products/nike_pegasus_42_womens_road_running_shoes_ib1881_602/variants-highres/IB1881-602/06.webp,6,Women's Running Shoes,FALSE,Women's Running Shoes,"Responsive road running shoes with full-length Air Zoom cushioning, ReactX foam, breathable mesh, and a roomier forefoot fit.",Apparel & Accessories > Shoes,female,adult,,new,TRUE,PrimeStyleAI Demo,,,,,https://res.cloudinary.com/dgvtynla7/image/upload/v1779029439/demo/products/nike_pegasus_42_womens_road_running_shoes_ib1881_602/variants-highres/IB1881-602/01.webp,lb,,,active
nike-pegasus-42-womens-road-running-shoes-ib1881-602,Women's Running Shoes,"<p>Responsive road running shoes with full-length Air Zoom cushioning, ReactX foam, breathable mesh, and a roomier forefoot fit.</p>
<p><strong>Material:</strong> Lightweight mesh upper, ReactX foam midsole, high-abrasion rubber outsole</p>
<p><strong>Available sizes:</strong> W 5 / M 3.5, W 5.5 / M 4, W 6 / M 4.5, W 6.5 / M 5, W 7 / M 5.5, W 7.5 / M 6, W 8 / M 6.5, W 8.5 / M 7, W 9 / M 7.5, W 9.5 / M 8, W 10 / M 8.5, W 10.5 / M 9, W 11 / M 9.5, W 11.5 / M 10, W 12 / M 10.5</p>
<div class=""primestyle-size-guide""><h3>Nike Unisex Shoes Women&#39;s Based Size Guide</h3><table><thead><tr><th>Standard</th><th>US Women</th><th>US Men</th><th>UK</th><th>CM / JP</th><th>EU</th></tr></thead><tbody><tr><td>W 5 / M 3.5</td><td>5</td><td>3.5</td><td>2.5</td><td>22</td><td>35.5</td></tr><tr><td>W 5.5 / M 4</td><td>5.5</td><td>4</td><td>3</td><td>22.5</td><td>36</td></tr><tr><td>W 6 / M 4.5</td><td>6</td><td>4.5</td><td>3.5</td><td>23</td><td>36.5</td></tr><tr><td>W 6.5 / M 5</td><td>6.5</td><td>5</td><td>4</td><td>23.5</td><td>37.5</td></tr><tr><td>W 7 / M 5.5</td><td>7</td><td>5.5</td><td>4.5</td><td>24</td><td>38</td></tr><tr><td>W 7.5 / M 6</td><td>7.5</td><td>6</td><td>5</td><td>24.5</td><td>38.5</td></tr><tr><td>W 8 / M 6.5</td><td>8</td><td>6.5</td><td>5.5</td><td>25</td><td>39</td></tr><tr><td>W 8.5 / M 7</td><td>8.5</td><td>7</td><td>6</td><td>25.5</td><td>40</td></tr><tr><td>W 9 / M 7.5</td><td>9</td><td>7.5</td><td>6.5</td><td>26</td><td>40.5</td></tr><tr><td>W 9.5 / M 8</td><td>9.5</td><td>8</td><td>7</td><td>26.5</td><td>41</td></tr><tr><td>W 10 / M 8.5</td><td>10</td><td>8.5</td><td>7.5</td><td>27</td><td>42</td></tr><tr><td>W 10.5 / M 9</td><td>10.5</td><td>9</td><td>8</td><td>27.5</td><td>42.5</td></tr><tr><td>W 11 / M 9.5</td><td>11</td><td>9.5</td><td>8.5</td><td>28</td><td>43</td></tr><tr><td>W 11.5 / M 10</td><td>11.5</td><td>10</td><td>9</td><td>28.5</td><td>44</td></tr><tr><td>W 12 / M 10.5</td><td>12</td><td>10.5</td><td>9.5</td><td>29</td><td>44.5</td></tr></tbody></table></div>",Nike,Apparel & Accessories > Shoes,Shoes,"PrimeStyleAI Demo, PrimeStyleAI Import, Shoes, Road Running Shoes, female, nike, pegasus, pegasus 42, running shoes, road running, reactx, air zoom, women, footwear, demo",TRUE,Color,Lava Glow/Flash Crimson/Light Magenta/Black,Size,W 8 / M 6.5,,,nike-pegasus-42-womens-road-running-shoes-ib1881-602-8,0,shopify,100,deny,manual,145.00,,TRUE,TRUE,,https://res.cloudinary.com/dgvtynla7/image/upload/v1779029474/demo/products/nike_pegasus_42_womens_road_running_shoes_ib1881_602/variants-highres/IB1881-602/07.webp,7,Women's Running Shoes,FALSE,Women's Running Shoes,"Responsive road running shoes with full-length Air Zoom cushioning, ReactX foam, breathable mesh, and a roomier forefoot fit.",Apparel & Accessories > Shoes,female,adult,,new,TRUE,PrimeStyleAI Demo,,,,,https://res.cloudinary.com/dgvtynla7/image/upload/v1779029439/demo/products/nike_pegasus_42_womens_road_running_shoes_ib1881_602/variants-highres/IB1881-602/01.webp,lb,,,active
nike-pegasus-42-womens-road-running-shoes-ib1881-602,Women's Running Shoes,"<p>Responsive road running shoes with full-length Air Zoom cushioning, ReactX foam, breathable mesh, and a roomier forefoot fit.</p>
<p><strong>Material:</strong> Lightweight mesh upper, ReactX foam midsole, high-abrasion rubber outsole</p>
<p><strong>Available sizes:</strong> W 5 / M 3.5, W 5.5 / M 4, W 6 / M 4.5, W 6.5 / M 5, W 7 / M 5.5, W 7.5 / M 6, W 8 / M 6.5, W 8.5 / M 7, W 9 / M 7.5, W 9.5 / M 8, W 10 / M 8.5, W 10.5 / M 9, W 11 / M 9.5, W 11.5 / M 10, W 12 / M 10.5</p>
<div class=""primestyle-size-guide""><h3>Nike Unisex Shoes Women&#39;s Based Size Guide</h3><table><thead><tr><th>Standard</th><th>US Women</th><th>US Men</th><th>UK</th><th>CM / JP</th><th>EU</th></tr></thead><tbody><tr><td>W 5 / M 3.5</td><td>5</td><td>3.5</td><td>2.5</td><td>22</td><td>35.5</td></tr><tr><td>W 5.5 / M 4</td><td>5.5</td><td>4</td><td>3</td><td>22.5</td><td>36</td></tr><tr><td>W 6 / M 4.5</td><td>6</td><td>4.5</td><td>3.5</td><td>23</td><td>36.5</td></tr><tr><td>W 6.5 / M 5</td><td>6.5</td><td>5</td><td>4</td><td>23.5</td><td>37.5</td></tr><tr><td>W 7 / M 5.5</td><td>7</td><td>5.5</td><td>4.5</td><td>24</td><td>38</td></tr><tr><td>W 7.5 / M 6</td><td>7.5</td><td>6</td><td>5</td><td>24.5</td><td>38.5</td></tr><tr><td>W 8 / M 6.5</td><td>8</td><td>6.5</td><td>5.5</td><td>25</td><td>39</td></tr><tr><td>W 8.5 / M 7</td><td>8.5</td><td>7</td><td>6</td><td>25.5</td><td>40</td></tr><tr><td>W 9 / M 7.5</td><td>9</td><td>7.5</td><td>6.5</td><td>26</td><td>40.5</td></tr><tr><td>W 9.5 / M 8</td><td>9.5</td><td>8</td><td>7</td><td>26.5</td><td>41</td></tr><tr><td>W 10 / M 8.5</td><td>10</td><td>8.5</td><td>7.5</td><td>27</td><td>42</td></tr><tr><td>W 10.5 / M 9</td><td>10.5</td><td>9</td><td>8</td><td>27.5</td><td>42.5</td></tr><tr><td>W 11 / M 9.5</td><td>11</td><td>9.5</td><td>8.5</td><td>28</td><td>43</td></tr><tr><td>W 11.5 / M 10</td><td>11.5</td><td>10</td><td>9</td><td>28.5</td><td>44</td></tr><tr><td>W 12 / M 10.5</td><td>12</td><td>10.5</td><td>9.5</td><td>29</td><td>44.5</td></tr></tbody></table></div>",Nike,Apparel & Accessories > Shoes,Shoes,"PrimeStyleAI Demo, PrimeStyleAI Import, Shoes, Road Running Shoes, female, nike, pegasus, pegasus 42, running shoes, road running, reactx, air zoom, women, footwear, demo",TRUE,Color,Lava Glow/Flash Crimson/Light Magenta/Black,Size,W 8.5 / M 7,,,nike-pegasus-42-womens-road-running-shoes-ib1881-602-8-5,0,shopify,100,deny,manual,145.00,,TRUE,TRUE,,https://res.cloudinary.com/dgvtynla7/image/upload/v1779029480/demo/products/nike_pegasus_42_womens_road_running_shoes_ib1881_602/variants-highres/IB1881-602/08.webp,8,Women's Running Shoes,FALSE,Women's Running Shoes,"Responsive road running shoes with full-length Air Zoom cushioning, ReactX foam, breathable mesh, and a roomier forefoot fit.",Apparel & Accessories > Shoes,female,adult,,new,TRUE,PrimeStyleAI Demo,,,,,https://res.cloudinary.com/dgvtynla7/image/upload/v1779029439/demo/products/nike_pegasus_42_womens_road_running_shoes_ib1881_602/variants-highres/IB1881-602/01.webp,lb,,,active
nike-pegasus-42-womens-road-running-shoes-ib1881-602,Women's Running Shoes,"<p>Responsive road running shoes with full-length Air Zoom cushioning, ReactX foam, breathable mesh, and a roomier forefoot fit.</p>
<p><strong>Material:</strong> Lightweight mesh upper, ReactX foam midsole, high-abrasion rubber outsole</p>
<p><strong>Available sizes:</strong> W 5 / M 3.5, W 5.5 / M 4, W 6 / M 4.5, W 6.5 / M 5, W 7 / M 5.5, W 7.5 / M 6, W 8 / M 6.5, W 8.5 / M 7, W 9 / M 7.5, W 9.5 / M 8, W 10 / M 8.5, W 10.5 / M 9, W 11 / M 9.5, W 11.5 / M 10, W 12 / M 10.5</p>
<div class=""primestyle-size-guide""><h3>Nike Unisex Shoes Women&#39;s Based Size Guide</h3><table><thead><tr><th>Standard</th><th>US Women</th><th>US Men</th><th>UK</th><th>CM / JP</th><th>EU</th></tr></thead><tbody><tr><td>W 5 / M 3.5</td><td>5</td><td>3.5</td><td>2.5</td><td>22</td><td>35.5</td></tr><tr><td>W 5.5 / M 4</td><td>5.5</td><td>4</td><td>3</td><td>22.5</td><td>36</td></tr><tr><td>W 6 / M 4.5</td><td>6</td><td>4.5</td><td>3.5</td><td>23</td><td>36.5</td></tr><tr><td>W 6.5 / M 5</td><td>6.5</td><td>5</td><td>4</td><td>23.5</td><td>37.5</td></tr><tr><td>W 7 / M 5.5</td><td>7</td><td>5.5</td><td>4.5</td><td>24</td><td>38</td></tr><tr><td>W 7.5 / M 6</td><td>7.5</td><td>6</td><td>5</td><td>24.5</td><td>38.5</td></tr><tr><td>W 8 / M 6.5</td><td>8</td><td>6.5</td><td>5.5</td><td>25</td><td>39</td></tr><tr><td>W 8.5 / M 7</td><td>8.5</td><td>7</td><td>6</td><td>25.5</td><td>40</td></tr><tr><td>W 9 / M 7.5</td><td>9</td><td>7.5</td><td>6.5</td><td>26</td><td>40.5</td></tr><tr><td>W 9.5 / M 8</td><td>9.5</td><td>8</td><td>7</td><td>26.5</td><td>41</td></tr><tr><td>W 10 / M 8.5</td><td>10</td><td>8.5</td><td>7.5</td><td>27</td><td>42</td></tr><tr><td>W 10.5 / M 9</td><td>10.5</td><td>9</td><td>8</td><td>27.5</td><td>42.5</td></tr><tr><td>W 11 / M 9.5</td><td>11</td><td>9.5</td><td>8.5</td><td>28</td><td>43</td></tr><tr><td>W 11.5 / M 10</td><td>11.5</td><td>10</td><td>9</td><td>28.5</td><td>44</td></tr><tr><td>W 12 / M 10.5</td><td>12</td><td>10.5</td><td>9.5</td><td>29</td><td>44.5</td></tr></tbody></table></div>",Nike,Apparel & Accessories > Shoes,Shoes,"PrimeStyleAI Demo, PrimeStyleAI Import, Shoes, Road Running Shoes, female, nike, pegasus, pegasus 42, running shoes, road running, reactx, air zoom, women, footwear, demo",TRUE,Color,Lava Glow/Flash Crimson/Light Magenta/Black,Size,W 9 / M 7.5,,,nike-pegasus-42-womens-road-running-shoes-ib1881-602-9,0,shopify,100,deny,manual,145.00,,TRUE,TRUE,,https://res.cloudinary.com/dgvtynla7/image/upload/v1779029485/demo/products/nike_pegasus_42_womens_road_running_shoes_ib1881_602/variants-highres/IB1881-602/09.webp,9,Women's Running Shoes,FALSE,Women's Running Shoes,"Responsive road running shoes with full-length Air Zoom cushioning, ReactX foam, breathable mesh, and a roomier forefoot fit.",Apparel & Accessories > Shoes,female,adult,,new,TRUE,PrimeStyleAI Demo,,,,,https://res.cloudinary.com/dgvtynla7/image/upload/v1779029439/demo/products/nike_pegasus_42_womens_road_running_shoes_ib1881_602/variants-highres/IB1881-602/01.webp,lb,,,active
nike-pegasus-42-womens-road-running-shoes-ib1881-602,Women's Running Shoes,"<p>Responsive road running shoes with full-length Air Zoom cushioning, ReactX foam, breathable mesh, and a roomier forefoot fit.</p>
<p><strong>Material:</strong> Lightweight mesh upper, ReactX foam midsole, high-abrasion rubber outsole</p>
<p><strong>Available sizes:</strong> W 5 / M 3.5, W 5.5 / M 4, W 6 / M 4.5, W 6.5 / M 5, W 7 / M 5.5, W 7.5 / M 6, W 8 / M 6.5, W 8.5 / M 7, W 9 / M 7.5, W 9.5 / M 8, W 10 / M 8.5, W 10.5 / M 9, W 11 / M 9.5, W 11.5 / M 10, W 12 / M 10.5</p>
<div class=""primestyle-size-guide""><h3>Nike Unisex Shoes Women&#39;s Based Size Guide</h3><table><thead><tr><th>Standard</th><th>US Women</th><th>US Men</th><th>UK</th><th>CM / JP</th><th>EU</th></tr></thead><tbody><tr><td>W 5 / M 3.5</td><td>5</td><td>3.5</td><td>2.5</td><td>22</td><td>35.5</td></tr><tr><td>W 5.5 / M 4</td><td>5.5</td><td>4</td><td>3</td><td>22.5</td><td>36</td></tr><tr><td>W 6 / M 4.5</td><td>6</td><td>4.5</td><td>3.5</td><td>23</td><td>36.5</td></tr><tr><td>W 6.5 / M 5</td><td>6.5</td><td>5</td><td>4</td><td>23.5</td><td>37.5</td></tr><tr><td>W 7 / M 5.5</td><td>7</td><td>5.5</td><td>4.5</td><td>24</td><td>38</td></tr><tr><td>W 7.5 / M 6</td><td>7.5</td><td>6</td><td>5</td><td>24.5</td><td>38.5</td></tr><tr><td>W 8 / M 6.5</td><td>8</td><td>6.5</td><td>5.5</td><td>25</td><td>39</td></tr><tr><td>W 8.5 / M 7</td><td>8.5</td><td>7</td><td>6</td><td>25.5</td><td>40</td></tr><tr><td>W 9 / M 7.5</td><td>9</td><td>7.5</td><td>6.5</td><td>26</td><td>40.5</td></tr><tr><td>W 9.5 / M 8</td><td>9.5</td><td>8</td><td>7</td><td>26.5</td><td>41</td></tr><tr><td>W 10 / M 8.5</td><td>10</td><td>8.5</td><td>7.5</td><td>27</td><td>42</td></tr><tr><td>W 10.5 / M 9</td><td>10.5</td><td>9</td><td>8</td><td>27.5</td><td>42.5</td></tr><tr><td>W 11 / M 9.5</td><td>11</td><td>9.5</td><td>8.5</td><td>28</td><td>43</td></tr><tr><td>W 11.5 / M 10</td><td>11.5</td><td>10</td><td>9</td><td>28.5</td><td>44</td></tr><tr><td>W 12 / M 10.5</td><td>12</td><td>10.5</td><td>9.5</td><td>29</td><td>44.5</td></tr></tbody></table></div>",Nike,Apparel & Accessories > Shoes,Shoes,"PrimeStyleAI Demo, PrimeStyleAI Import, Shoes, Road Running Shoes, female, nike, pegasus, pegasus 42, running shoes, road running, reactx, air zoom, women, footwear, demo",TRUE,Color,Lava Glow/Flash Crimson/Light Magenta/Black,Size,W 9.5 / M 8,,,nike-pegasus-42-womens-road-running-shoes-ib1881-602-9-5,0,shopify,100,deny,manual,145.00,,TRUE,TRUE,,https://res.cloudinary.com/dgvtynla7/image/upload/v1779029491/demo/products/nike_pegasus_42_womens_road_running_shoes_ib1881_602/variants-highres/IB1881-102/01.webp,10,Women's Running Shoes,FALSE,Women's Running Shoes,"Responsive road running shoes with full-length Air Zoom cushioning, ReactX foam, breathable mesh, and a roomier forefoot fit.",Apparel & Accessories > Shoes,female,adult,,new,TRUE,PrimeStyleAI Demo,,,,,https://res.cloudinary.com/dgvtynla7/image/upload/v1779029439/demo/products/nike_pegasus_42_womens_road_running_shoes_ib1881_602/variants-highres/IB1881-602/01.webp,lb,,,active
nike-pegasus-42-womens-road-running-shoes-ib1881-602,Women's Running Shoes,"<p>Responsive road running shoes with full-length Air Zoom cushioning, ReactX foam, breathable mesh, and a roomier forefoot fit.</p>
<p><strong>Material:</strong> Lightweight mesh upper, ReactX foam midsole, high-abrasion rubber outsole</p>
<p><strong>Available sizes:</strong> W 5 / M 3.5, W 5.5 / M 4, W 6 / M 4.5, W 6.5 / M 5, W 7 / M 5.5, W 7.5 / M 6, W 8 / M 6.5, W 8.5 / M 7, W 9 / M 7.5, W 9.5 / M 8, W 10 / M 8.5, W 10.5 / M 9, W 11 / M 9.5, W 11.5 / M 10, W 12 / M 10.5</p>
<div class=""primestyle-size-guide""><h3>Nike Unisex Shoes Women&#39;s Based Size Guide</h3><table><thead><tr><th>Standard</th><th>US Women</th><th>US Men</th><th>UK</th><th>CM / JP</th><th>EU</th></tr></thead><tbody><tr><td>W 5 / M 3.5</td><td>5</td><td>3.5</td><td>2.5</td><td>22</td><td>35.5</td></tr><tr><td>W 5.5 / M 4</td><td>5.5</td><td>4</td><td>3</td><td>22.5</td><td>36</td></tr><tr><td>W 6 / M 4.5</td><td>6</td><td>4.5</td><td>3.5</td><td>23</td><td>36.5</td></tr><tr><td>W 6.5 / M 5</td><td>6.5</td><td>5</td><td>4</td><td>23.5</td><td>37.5</td></tr><tr><td>W 7 / M 5.5</td><td>7</td><td>5.5</td><td>4.5</td><td>24</td><td>38</td></tr><tr><td>W 7.5 / M 6</td><td>7.5</td><td>6</td><td>5</td><td>24.5</td><td>38.5</td></tr><tr><td>W 8 / M 6.5</td><td>8</td><td>6.5</td><td>5.5</td><td>25</td><td>39</td></tr><tr><td>W 8.5 / M 7</td><td>8.5</td><td>7</td><td>6</td><td>25.5</td><td>40</td></tr><tr><td>W 9 / M 7.5</td><td>9</td><td>7.5</td><td>6.5</td><td>26</td><td>40.5</td></tr><tr><td>W 9.5 / M 8</td><td>9.5</td><td>8</td><td>7</td><td>26.5</td><td>41</td></tr><tr><td>W 10 / M 8.5</td><td>10</td><td>8.5</td><td>7.5</td><td>27</td><td>42</td></tr><tr><td>W 10.5 / M 9</td><td>10.5</td><td>9</td><td>8</td><td>27.5</td><td>42.5</td></tr><tr><td>W 11 / M 9.5</td><td>11</td><td>9.5</td><td>8.5</td><td>28</td><td>43</td></tr><tr><td>W 11.5 / M 10</td><td>11.5</td><td>10</td><td>9</td><td>28.5</td><td>44</td></tr><tr><td>W 12 / M 10.5</td><td>12</td><td>10.5</td><td>9.5</td><td>29</td><td>44.5</td></tr></tbody></table></div>",Nike,Apparel & Accessories > Shoes,Shoes,"PrimeStyleAI Demo, PrimeStyleAI Import, Shoes, Road Running Shoes, female, nike, pegasus, pegasus 42, running shoes, road running, reactx, air zoom, women, footwear, demo",TRUE,Color,Lava Glow/Flash Crimson/Light Magenta/Black,Size,W 10 / M 8.5,,,nike-pegasus-42-womens-road-running-shoes-ib1881-602-10,0,shopify,100,deny,manual,145.00,,TRUE,TRUE,,https://res.cloudinary.com/dgvtynla7/image/upload/v1779029497/demo/products/nike_pegasus_42_womens_road_running_shoes_ib1881_602/variants-highres/IB1881-102/02.webp,11,Women's Running Shoes,FALSE,Women's Running Shoes,"Responsive road running shoes with full-length Air Zoom cushioning, ReactX foam, breathable mesh, and a roomier forefoot fit.",Apparel & Accessories > Shoes,female,adult,,new,TRUE,PrimeStyleAI Demo,,,,,https://res.cloudinary.com/dgvtynla7/image/upload/v1779029439/demo/products/nike_pegasus_42_womens_road_running_shoes_ib1881_602/variants-highres/IB1881-602/01.webp,lb,,,active
nike-pegasus-42-womens-road-running-shoes-ib1881-602,Women's Running Shoes,"<p>Responsive road running shoes with full-length Air Zoom cushioning, ReactX foam, breathable mesh, and a roomier forefoot fit.</p>
<p><strong>Material:</strong> Lightweight mesh upper, ReactX foam midsole, high-abrasion rubber outsole</p>
<p><strong>Available sizes:</strong> W 5 / M 3.5, W 5.5 / M 4, W 6 / M 4.5, W 6.5 / M 5, W 7 / M 5.5, W 7.5 / M 6, W 8 / M 6.5, W 8.5 / M 7, W 9 / M 7.5, W 9.5 / M 8, W 10 / M 8.5, W 10.5 / M 9, W 11 / M 9.5, W 11.5 / M 10, W 12 / M 10.5</p>
<div class=""primestyle-size-guide""><h3>Nike Unisex Shoes Women&#39;s Based Size Guide</h3><table><thead><tr><th>Standard</th><th>US Women</th><th>US Men</th><th>UK</th><th>CM / JP</th><th>EU</th></tr></thead><tbody><tr><td>W 5 / M 3.5</td><td>5</td><td>3.5</td><td>2.5</td><td>22</td><td>35.5</td></tr><tr><td>W 5.5 / M 4</td><td>5.5</td><td>4</td><td>3</td><td>22.5</td><td>36</td></tr><tr><td>W 6 / M 4.5</td><td>6</td><td>4.5</td><td>3.5</td><td>23</td><td>36.5</td></tr><tr><td>W 6.5 / M 5</td><td>6.5</td><td>5</td><td>4</td><td>23.5</td><td>37.5</td></tr><tr><td>W 7 / M 5.5</td><td>7</td><td>5.5</td><td>4.5</td><td>24</td><td>38</td></tr><tr><td>W 7.5 / M 6</td><td>7.5</td><td>6</td><td>5</td><td>24.5</td><td>38.5</td></tr><tr><td>W 8 / M 6.5</td><td>8</td><td>6.5</td><td>5.5</td><td>25</td><td>39</td></tr><tr><td>W 8.5 / M 7</td><td>8.5</td><td>7</td><td>6</td><td>25.5</td><td>40</td></tr><tr><td>W 9 / M 7.5</td><td>9</td><td>7.5</td><td>6.5</td><td>26</td><td>40.5</td></tr><tr><td>W 9.5 / M 8</td><td>9.5</td><td>8</td><td>7</td><td>26.5</td><td>41</td></tr><tr><td>W 10 / M 8.5</td><td>10</td><td>8.5</td><td>7.5</td><td>27</td><td>42</td></tr><tr><td>W 10.5 / M 9</td><td>10.5</td><td>9</td><td>8</td><td>27.5</td><td>42.5</td></tr><tr><td>W 11 / M 9.5</td><td>11</td><td>9.5</td><td>8.5</td><td>28</td><td>43</td></tr><tr><td>W 11.5 / M 10</td><td>11.5</td><td>10</td><td>9</td><td>28.5</td><td>44</td></tr><tr><td>W 12 / M 10.5</td><td>12</td><td>10.5</td><td>9.5</td><td>29</td><td>44.5</td></tr></tbody></table></div>",Nike,Apparel & Accessories > Shoes,Shoes,"PrimeStyleAI Demo, PrimeStyleAI Import, Shoes, Road Running Shoes, female, nike, pegasus, pegasus 42, running shoes, road running, reactx, air zoom, women, footwear, demo",TRUE,Color,Lava Glow/Flash Crimson/Light Magenta/Black,Size,W 10.5 / M 9,,,nike-pegasus-42-womens-road-running-shoes-ib1881-602-10-5,0,shopify,100,deny,manual,145.00,,TRUE,TRUE,,https://res.cloudinary.com/dgvtynla7/image/upload/v1779029502/demo/products/nike_pegasus_42_womens_road_running_shoes_ib1881_602/variants-highres/IB1881-102/03.webp,12,Women's Running Shoes,FALSE,Women's Running Shoes,"Responsive road running shoes with full-length Air Zoom cushioning, ReactX foam, breathable mesh, and a roomier forefoot fit.",Apparel & Accessories > Shoes,female,adult,,new,TRUE,PrimeStyleAI Demo,,,,,https://res.cloudinary.com/dgvtynla7/image/upload/v1779029439/demo/products/nike_pegasus_42_womens_road_running_shoes_ib1881_602/variants-highres/IB1881-602/01.webp,lb,,,active
nike-pegasus-42-womens-road-running-shoes-ib1881-602,Women's Running Shoes,"<p>Responsive road running shoes with full-length Air Zoom cushioning, ReactX foam, breathable mesh, and a roomier forefoot fit.</p>
<p><strong>Material:</strong> Lightweight mesh upper, ReactX foam midsole, high-abrasion rubber outsole</p>
<p><strong>Available sizes:</strong> W 5 / M 3.5, W 5.5 / M 4, W 6 / M 4.5, W 6.5 / M 5, W 7 / M 5.5, W 7.5 / M 6, W 8 / M 6.5, W 8.5 / M 7, W 9 / M 7.5, W 9.5 / M 8, W 10 / M 8.5, W 10.5 / M 9, W 11 / M 9.5, W 11.5 / M 10, W 12 / M 10.5</p>
<div class=""primestyle-size-guide""><h3>Nike Unisex Shoes Women&#39;s Based Size Guide</h3><table><thead><tr><th>Standard</th><th>US Women</th><th>US Men</th><th>UK</th><th>CM / JP</th><th>EU</th></tr></thead><tbody><tr><td>W 5 / M 3.5</td><td>5</td><td>3.5</td><td>2.5</td><td>22</td><td>35.5</td></tr><tr><td>W 5.5 / M 4</td><td>5.5</td><td>4</td><td>3</td><td>22.5</td><td>36</td></tr><tr><td>W 6 / M 4.5</td><td>6</td><td>4.5</td><td>3.5</td><td>23</td><td>36.5</td></tr><tr><td>W 6.5 / M 5</td><td>6.5</td><td>5</td><td>4</td><td>23.5</td><td>37.5</td></tr><tr><td>W 7 / M 5.5</td><td>7</td><td>5.5</td><td>4.5</td><td>24</td><td>38</td></tr><tr><td>W 7.5 / M 6</td><td>7.5</td><td>6</td><td>5</td><td>24.5</td><td>38.5</td></tr><tr><td>W 8 / M 6.5</td><td>8</td><td>6.5</td><td>5.5</td><td>25</td><td>39</td></tr><tr><td>W 8.5 / M 7</td><td>8.5</td><td>7</td><td>6</td><td>25.5</td><td>40</td></tr><tr><td>W 9 / M 7.5</td><td>9</td><td>7.5</td><td>6.5</td><td>26</td><td>40.5</td></tr><tr><td>W 9.5 / M 8</td><td>9.5</td><td>8</td><td>7</td><td>26.5</td><td>41</td></tr><tr><td>W 10 / M 8.5</td><td>10</td><td>8.5</td><td>7.5</td><td>27</td><td>42</td></tr><tr><td>W 10.5 / M 9</td><td>10.5</td><td>9</td><td>8</td><td>27.5</td><td>42.5</td></tr><tr><td>W 11 / M 9.5</td><td>11</td><td>9.5</td><td>8.5</td><td>28</td><td>43</td></tr><tr><td>W 11.5 / M 10</td><td>11.5</td><td>10</td><td>9</td><td>28.5</td><td>44</td></tr><tr><td>W 12 / M 10.5</td><td>12</td><td>10.5</td><td>9.5</td><td>29</td><td>44.5</td></tr></tbody></table></div>",Nike,Apparel & Accessories > Shoes,Shoes,"PrimeStyleAI Demo, PrimeStyleAI Import, Shoes, Road Running Shoes, female, nike, pegasus, pegasus 42, running shoes, road running, reactx, air zoom, women, footwear, demo",TRUE,Color,Lava Glow/Flash Crimson/Light Magenta/Black,Size,W 11 / M 9.5,,,nike-pegasus-42-womens-road-running-shoes-ib1881-602-11,0,shopify,100,deny,manual,145.00,,TRUE,TRUE,,https://res.cloudinary.com/dgvtynla7/image/upload/v1779029508/demo/products/nike_pegasus_42_womens_road_running_shoes_ib1881_602/variants-highres/IB1881-102/04.webp,13,Women's Running Shoes,FALSE,Women's Running Shoes,"Responsive road running shoes with full-length Air Zoom cushioning, ReactX foam, breathable mesh, and a roomier forefoot fit.",Apparel & Accessories > Shoes,female,adult,,new,TRUE,PrimeStyleAI Demo,,,,,https://res.cloudinary.com/dgvtynla7/image/upload/v1779029439/demo/products/nike_pegasus_42_womens_road_running_shoes_ib1881_602/variants-highres/IB1881-602/01.webp,lb,,,active
nike-pegasus-42-womens-road-running-shoes-ib1881-602,Women's Running Shoes,"<p>Responsive road running shoes with full-length Air Zoom cushioning, ReactX foam, breathable mesh, and a roomier forefoot fit.</p>
<p><strong>Material:</strong> Lightweight mesh upper, ReactX foam midsole, high-abrasion rubber outsole</p>
<p><strong>Available sizes:</strong> W 5 / M 3.5, W 5.5 / M 4, W 6 / M 4.5, W 6.5 / M 5, W 7 / M 5.5, W 7.5 / M 6, W 8 / M 6.5, W 8.5 / M 7, W 9 / M 7.5, W 9.5 / M 8, W 10 / M 8.5, W 10.5 / M 9, W 11 / M 9.5, W 11.5 / M 10, W 12 / M 10.5</p>
<div class=""primestyle-size-guide""><h3>Nike Unisex Shoes Women&#39;s Based Size Guide</h3><table><thead><tr><th>Standard</th><th>US Women</th><th>US Men</th><th>UK</th><th>CM / JP</th><th>EU</th></tr></thead><tbody><tr><td>W 5 / M 3.5</td><td>5</td><td>3.5</td><td>2.5</td><td>22</td><td>35.5</td></tr><tr><td>W 5.5 / M 4</td><td>5.5</td><td>4</td><td>3</td><td>22.5</td><td>36</td></tr><tr><td>W 6 / M 4.5</td><td>6</td><td>4.5</td><td>3.5</td><td>23</td><td>36.5</td></tr><tr><td>W 6.5 / M 5</td><td>6.5</td><td>5</td><td>4</td><td>23.5</td><td>37.5</td></tr><tr><td>W 7 / M 5.5</td><td>7</td><td>5.5</td><td>4.5</td><td>24</td><td>38</td></tr><tr><td>W 7.5 / M 6</td><td>7.5</td><td>6</td><td>5</td><td>24.5</td><td>38.5</td></tr><tr><td>W 8 / M 6.5</td><td>8</td><td>6.5</td><td>5.5</td><td>25</td><td>39</td></tr><tr><td>W 8.5 / M 7</td><td>8.5</td><td>7</td><td>6</td><td>25.5</td><td>40</td></tr><tr><td>W 9 / M 7.5</td><td>9</td><td>7.5</td><td>6.5</td><td>26</td><td>40.5</td></tr><tr><td>W 9.5 / M 8</td><td>9.5</td><td>8</td><td>7</td><td>26.5</td><td>41</td></tr><tr><td>W 10 / M 8.5</td><td>10</td><td>8.5</td><td>7.5</td><td>27</td><td>42</td></tr><tr><td>W 10.5 / M 9</td><td>10.5</td><td>9</td><td>8</td><td>27.5</td><td>42.5</td></tr><tr><td>W 11 / M 9.5</td><td>11</td><td>9.5</td><td>8.5</td><td>28</td><td>43</td></tr><tr><td>W 11.5 / M 10</td><td>11.5</td><td>10</td><td>9</td><td>28.5</td><td>44</td></tr><tr><td>W 12 / M 10.5</td><td>12</td><td>10.5</td><td>9.5</td><td>29</td><td>44.5</td></tr></tbody></table></div>",Nike,Apparel & Accessories > Shoes,Shoes,"PrimeStyleAI Demo, PrimeStyleAI Import, Shoes, Road Running Shoes, female, nike, pegasus, pegasus 42, running shoes, road running, reactx, air zoom, women, footwear, demo",TRUE,Color,Lava Glow/Flash Crimson/Light Magenta/Black,Size,W 11.5 / M 10,,,nike-pegasus-42-womens-road-running-shoes-ib1881-602-11-5,0,shopify,100,deny,manual,145.00,,TRUE,TRUE,,https://res.cloudinary.com/dgvtynla7/image/upload/v1779029513/demo/products/nike_pegasus_42_womens_road_running_shoes_ib1881_602/variants-highres/IB1881-102/05.webp,14,Women's Running Shoes,FALSE,Women's Running Shoes,"Responsive road running shoes with full-length Air Zoom cushioning, ReactX foam, breathable mesh, and a roomier forefoot fit.",Apparel & Accessories > Shoes,female,adult,,new,TRUE,PrimeStyleAI Demo,,,,,https://res.cloudinary.com/dgvtynla7/image/upload/v1779029439/demo/products/nike_pegasus_42_womens_road_running_shoes_ib1881_602/variants-highres/IB1881-602/01.webp,lb,,,active
nike-pegasus-42-womens-road-running-shoes-ib1881-602,Women's Running Shoes,"<p>Responsive road running shoes with full-length Air Zoom cushioning, ReactX foam, breathable mesh, and a roomier forefoot fit.</p>
<p><strong>Material:</strong> Lightweight mesh upper, ReactX foam midsole, high-abrasion rubber outsole</p>
<p><strong>Available sizes:</strong> W 5 / M 3.5, W 5.5 / M 4, W 6 / M 4.5, W 6.5 / M 5, W 7 / M 5.5, W 7.5 / M 6, W 8 / M 6.5, W 8.5 / M 7, W 9 / M 7.5, W 9.5 / M 8, W 10 / M 8.5, W 10.5 / M 9, W 11 / M 9.5, W 11.5 / M 10, W 12 / M 10.5</p>
<div class=""primestyle-size-guide""><h3>Nike Unisex Shoes Women&#39;s Based Size Guide</h3><table><thead><tr><th>Standard</th><th>US Women</th><th>US Men</th><th>UK</th><th>CM / JP</th><th>EU</th></tr></thead><tbody><tr><td>W 5 / M 3.5</td><td>5</td><td>3.5</td><td>2.5</td><td>22</td><td>35.5</td></tr><tr><td>W 5.5 / M 4</td><td>5.5</td><td>4</td><td>3</td><td>22.5</td><td>36</td></tr><tr><td>W 6 / M 4.5</td><td>6</td><td>4.5</td><td>3.5</td><td>23</td><td>36.5</td></tr><tr><td>W 6.5 / M 5</td><td>6.5</td><td>5</td><td>4</td><td>23.5</td><td>37.5</td></tr><tr><td>W 7 / M 5.5</td><td>7</td><td>5.5</td><td>4.5</td><td>24</td><td>38</td></tr><tr><td>W 7.5 / M 6</td><td>7.5</td><td>6</td><td>5</td><td>24.5</td><td>38.5</td></tr><tr><td>W 8 / M 6.5</td><td>8</td><td>6.5</td><td>5.5</td><td>25</td><td>39</td></tr><tr><td>W 8.5 / M 7</td><td>8.5</td><td>7</td><td>6</td><td>25.5</td><td>40</td></tr><tr><td>W 9 / M 7.5</td><td>9</td><td>7.5</td><td>6.5</td><td>26</td><td>40.5</td></tr><tr><td>W 9.5 / M 8</td><td>9.5</td><td>8</td><td>7</td><td>26.5</td><td>41</td></tr><tr><td>W 10 / M 8.5</td><td>10</td><td>8.5</td><td>7.5</td><td>27</td><td>42</td></tr><tr><td>W 10.5 / M 9</td><td>10.5</td><td>9</td><td>8</td><td>27.5</td><td>42.5</td></tr><tr><td>W 11 / M 9.5</td><td>11</td><td>9.5</td><td>8.5</td><td>28</td><td>43</td></tr><tr><td>W 11.5 / M 10</td><td>11.5</td><td>10</td><td>9</td><td>28.5</td><td>44</td></tr><tr><td>W 12 / M 10.5</td><td>12</td><td>10.5</td><td>9.5</td><td>29</td><td>44.5</td></tr></tbody></table></div>",Nike,Apparel & Accessories > Shoes,Shoes,"PrimeStyleAI Demo, PrimeStyleAI Import, Shoes, Road Running Shoes, female, nike, pegasus, pegasus 42, running shoes, road running, reactx, air zoom, women, footwear, demo",TRUE,Color,Lava Glow/Flash Crimson/Light Magenta/Black,Size,W 12 / M 10.5,,,nike-pegasus-42-womens-road-running-shoes-ib1881-602-12,0,shopify,100,deny,manual,145.00,,TRUE,TRUE,,https://res.cloudinary.com/dgvtynla7/image/upload/v1779029519/demo/products/nike_pegasus_42_womens_road_running_shoes_ib1881_602/variants-highres/IB1881-102/06.webp,15,Women's Running Shoes,FALSE,Women's Running Shoes,"Responsive road running shoes with full-length Air Zoom cushioning, ReactX foam, breathable mesh, and a roomier forefoot fit.",Apparel & Accessories > Shoes,female,adult,,new,TRUE,PrimeStyleAI Demo,,,,,https://res.cloudinary.com/dgvtynla7/image/upload/v1779029439/demo/products/nike_pegasus_42_womens_road_running_shoes_ib1881_602/variants-highres/IB1881-602/01.webp,lb,,,active
nike-pegasus-42-womens-road-running-shoes-ib1881-602,Women's Running Shoes,"<p>Responsive road running shoes with full-length Air Zoom cushioning, ReactX foam, breathable mesh, and a roomier forefoot fit.</p>
<p><strong>Material:</strong> Lightweight mesh upper, ReactX foam midsole, high-abrasion rubber outsole</p>
<p><strong>Available sizes:</strong> W 5 / M 3.5, W 5.5 / M 4, W 6 / M 4.5, W 6.5 / M 5, W 7 / M 5.5, W 7.5 / M 6, W 8 / M 6.5, W 8.5 / M 7, W 9 / M 7.5, W 9.5 / M 8, W 10 / M 8.5, W 10.5 / M 9, W 11 / M 9.5, W 11.5 / M 10, W 12 / M 10.5</p>
<div class=""primestyle-size-guide""><h3>Nike Unisex Shoes Women&#39;s Based Size Guide</h3><table><thead><tr><th>Standard</th><th>US Women</th><th>US Men</th><th>UK</th><th>CM / JP</th><th>EU</th></tr></thead><tbody><tr><td>W 5 / M 3.5</td><td>5</td><td>3.5</td><td>2.5</td><td>22</td><td>35.5</td></tr><tr><td>W 5.5 / M 4</td><td>5.5</td><td>4</td><td>3</td><td>22.5</td><td>36</td></tr><tr><td>W 6 / M 4.5</td><td>6</td><td>4.5</td><td>3.5</td><td>23</td><td>36.5</td></tr><tr><td>W 6.5 / M 5</td><td>6.5</td><td>5</td><td>4</td><td>23.5</td><td>37.5</td></tr><tr><td>W 7 / M 5.5</td><td>7</td><td>5.5</td><td>4.5</td><td>24</td><td>38</td></tr><tr><td>W 7.5 / M 6</td><td>7.5</td><td>6</td><td>5</td><td>24.5</td><td>38.5</td></tr><tr><td>W 8 / M 6.5</td><td>8</td><td>6.5</td><td>5.5</td><td>25</td><td>39</td></tr><tr><td>W 8.5 / M 7</td><td>8.5</td><td>7</td><td>6</td><td>25.5</td><td>40</td></tr><tr><td>W 9 / M 7.5</td><td>9</td><td>7.5</td><td>6.5</td><td>26</td><td>40.5</td></tr><tr><td>W 9.5 / M 8</td><td>9.5</td><td>8</td><td>7</td><td>26.5</td><td>41</td></tr><tr><td>W 10 / M 8.5</td><td>10</td><td>8.5</td><td>7.5</td><td>27</td><td>42</td></tr><tr><td>W 10.5 / M 9</td><td>10.5</td><td>9</td><td>8</td><td>27.5</td><td>42.5</td></tr><tr><td>W 11 / M 9.5</td><td>11</td><td>9.5</td><td>8.5</td><td>28</td><td>43</td></tr><tr><td>W 11.5 / M 10</td><td>11.5</td><td>10</td><td>9</td><td>28.5</td><td>44</td></tr><tr><td>W 12 / M 10.5</td><td>12</td><td>10.5</td><td>9.5</td><td>29</td><td>44.5</td></tr></tbody></table></div>",Nike,Apparel & Accessories > Shoes,Shoes,"PrimeStyleAI Demo, PrimeStyleAI Import, Shoes, Road Running Shoes, female, nike, pegasus, pegasus 42, running shoes, road running, reactx, air zoom, women, footwear, demo",TRUE,Color,White/Wolf Grey/Cool Grey/Metallic Silver,Size,W 5 / M 3.5,,,nike-pegasus-42-womens-road-running-shoes-ib1881-602-5-2,0,shopify,100,deny,manual,145.00,,TRUE,TRUE,,https://res.cloudinary.com/dgvtynla7/image/upload/v1779029524/demo/products/nike_pegasus_42_womens_road_running_shoes_ib1881_602/variants-highres/IB1881-102/07.webp,16,Women's Running Shoes,FALSE,Women's Running Shoes,"Responsive road running shoes with full-length Air Zoom cushioning, ReactX foam, breathable mesh, and a roomier forefoot fit.",Apparel & Accessories > Shoes,female,adult,,new,TRUE,PrimeStyleAI Demo,,,,,https://res.cloudinary.com/dgvtynla7/image/upload/v1779029491/demo/products/nike_pegasus_42_womens_road_running_shoes_ib1881_602/variants-highres/IB1881-102/01.webp,lb,,,active
nike-pegasus-42-womens-road-running-shoes-ib1881-602,Women's Running Shoes,"<p>Responsive road running shoes with full-length Air Zoom cushioning, ReactX foam, breathable mesh, and a roomier forefoot fit.</p>
<p><strong>Material:</strong> Lightweight mesh upper, ReactX foam midsole, high-abrasion rubber outsole</p>
<p><strong>Available sizes:</strong> W 5 / M 3.5, W 5.5 / M 4, W 6 / M 4.5, W 6.5 / M 5, W 7 / M 5.5, W 7.5 / M 6, W 8 / M 6.5, W 8.5 / M 7, W 9 / M 7.5, W 9.5 / M 8, W 10 / M 8.5, W 10.5 / M 9, W 11 / M 9.5, W 11.5 / M 10, W 12 / M 10.5</p>
<div class=""primestyle-size-guide""><h3>Nike Unisex Shoes Women&#39;s Based Size Guide</h3><table><thead><tr><th>Standard</th><th>US Women</th><th>US Men</th><th>UK</th><th>CM / JP</th><th>EU</th></tr></thead><tbody><tr><td>W 5 / M 3.5</td><td>5</td><td>3.5</td><td>2.5</td><td>22</td><td>35.5</td></tr><tr><td>W 5.5 / M 4</td><td>5.5</td><td>4</td><td>3</td><td>22.5</td><td>36</td></tr><tr><td>W 6 / M 4.5</td><td>6</td><td>4.5</td><td>3.5</td><td>23</td><td>36.5</td></tr><tr><td>W 6.5 / M 5</td><td>6.5</td><td>5</td><td>4</td><td>23.5</td><td>37.5</td></tr><tr><td>W 7 / M 5.5</td><td>7</td><td>5.5</td><td>4.5</td><td>24</td><td>38</td></tr><tr><td>W 7.5 / M 6</td><td>7.5</td><td>6</td><td>5</td><td>24.5</td><td>38.5</td></tr><tr><td>W 8 / M 6.5</td><td>8</td><td>6.5</td><td>5.5</td><td>25</td><td>39</td></tr><tr><td>W 8.5 / M 7</td><td>8.5</td><td>7</td><td>6</td><td>25.5</td><td>40</td></tr><tr><td>W 9 / M 7.5</td><td>9</td><td>7.5</td><td>6.5</td><td>26</td><td>40.5</td></tr><tr><td>W 9.5 / M 8</td><td>9.5</td><td>8</td><td>7</td><td>26.5</td><td>41</td></tr><tr><td>W 10 / M 8.5</td><td>10</td><td>8.5</td><td>7.5</td><td>27</td><td>42</td></tr><tr><td>W 10.5 / M 9</td><td>10.5</td><td>9</td><td>8</td><td>27.5</td><td>42.5</td></tr><tr><td>W 11 / M 9.5</td><td>11</td><td>9.5</td><td>8.5</td><td>28</td><td>43</td></tr><tr><td>W 11.5 / M 10</td><td>11.5</td><td>10</td><td>9</td><td>28.5</td><td>44</td></tr><tr><td>W 12 / M 10.5</td><td>12</td><td>10.5</td><td>9.5</td><td>29</td><td>44.5</td></tr></tbody></table></div>",Nike,Apparel & Accessories > Shoes,Shoes,"PrimeStyleAI Demo, PrimeStyleAI Import, Shoes, Road Running Shoes, female, nike, pegasus, pegasus 42, running shoes, road running, reactx, air zoom, women, footwear, demo",TRUE,Color,White/Wolf Grey/Cool Grey/Metallic Silver,Size,W 5.5 / M 4,,,nike-pegasus-42-womens-road-running-shoes-ib1881-602-5-5-2,0,shopify,100,deny,manual,145.00,,TRUE,TRUE,,https://res.cloudinary.com/dgvtynla7/image/upload/v1779029529/demo/products/nike_pegasus_42_womens_road_running_shoes_ib1881_602/variants-highres/IB1881-102/08.webp,17,Women's Running Shoes,FALSE,Women's Running Shoes,"Responsive road running shoes with full-length Air Zoom cushioning, ReactX foam, breathable mesh, and a roomier forefoot fit.",Apparel & Accessories > Shoes,female,adult,,new,TRUE,PrimeStyleAI Demo,,,,,https://res.cloudinary.com/dgvtynla7/image/upload/v1779029491/demo/products/nike_pegasus_42_womens_road_running_shoes_ib1881_602/variants-highres/IB1881-102/01.webp,lb,,,active
nike-pegasus-42-womens-road-running-shoes-ib1881-602,Women's Running Shoes,"<p>Responsive road running shoes with full-length Air Zoom cushioning, ReactX foam, breathable mesh, and a roomier forefoot fit.</p>
<p><strong>Material:</strong> Lightweight mesh upper, ReactX foam midsole, high-abrasion rubber outsole</p>
<p><strong>Available sizes:</strong> W 5 / M 3.5, W 5.5 / M 4, W 6 / M 4.5, W 6.5 / M 5, W 7 / M 5.5, W 7.5 / M 6, W 8 / M 6.5, W 8.5 / M 7, W 9 / M 7.5, W 9.5 / M 8, W 10 / M 8.5, W 10.5 / M 9, W 11 / M 9.5, W 11.5 / M 10, W 12 / M 10.5</p>
<div class=""primestyle-size-guide""><h3>Nike Unisex Shoes Women&#39;s Based Size Guide</h3><table><thead><tr><th>Standard</th><th>US Women</th><th>US Men</th><th>UK</th><th>CM / JP</th><th>EU</th></tr></thead><tbody><tr><td>W 5 / M 3.5</td><td>5</td><td>3.5</td><td>2.5</td><td>22</td><td>35.5</td></tr><tr><td>W 5.5 / M 4</td><td>5.5</td><td>4</td><td>3</td><td>22.5</td><td>36</td></tr><tr><td>W 6 / M 4.5</td><td>6</td><td>4.5</td><td>3.5</td><td>23</td><td>36.5</td></tr><tr><td>W 6.5 / M 5</td><td>6.5</td><td>5</td><td>4</td><td>23.5</td><td>37.5</td></tr><tr><td>W 7 / M 5.5</td><td>7</td><td>5.5</td><td>4.5</td><td>24</td><td>38</td></tr><tr><td>W 7.5 / M 6</td><td>7.5</td><td>6</td><td>5</td><td>24.5</td><td>38.5</td></tr><tr><td>W 8 / M 6.5</td><td>8</td><td>6.5</td><td>5.5</td><td>25</td><td>39</td></tr><tr><td>W 8.5 / M 7</td><td>8.5</td><td>7</td><td>6</td><td>25.5</td><td>40</td></tr><tr><td>W 9 / M 7.5</td><td>9</td><td>7.5</td><td>6.5</td><td>26</td><td>40.5</td></tr><tr><td>W 9.5 / M 8</td><td>9.5</td><td>8</td><td>7</td><td>26.5</td><td>41</td></tr><tr><td>W 10 / M 8.5</td><td>10</td><td>8.5</td><td>7.5</td><td>27</td><td>42</td></tr><tr><td>W 10.5 / M 9</td><td>10.5</td><td>9</td><td>8</td><td>27.5</td><td>42.5</td></tr><tr><td>W 11 / M 9.5</td><td>11</td><td>9.5</td><td>8.5</td><td>28</td><td>43</td></tr><tr><td>W 11.5 / M 10</td><td>11.5</td><td>10</td><td>9</td><td>28.5</td><td>44</td></tr><tr><td>W 12 / M 10.5</td><td>12</td><td>10.5</td><td>9.5</td><td>29</td><td>44.5</td></tr></tbody></table></div>",Nike,Apparel & Accessories > Shoes,Shoes,"PrimeStyleAI Demo, PrimeStyleAI Import, Shoes, Road Running Shoes, female, nike, pegasus, pegasus 42, running shoes, road running, reactx, air zoom, women, footwear, demo",TRUE,Color,White/Wolf Grey/Cool Grey/Metallic Silver,Size,W 6 / M 4.5,,,nike-pegasus-42-womens-road-running-shoes-ib1881-602-6-2,0,shopify,100,deny,manual,145.00,,TRUE,TRUE,,https://res.cloudinary.com/dgvtynla7/image/upload/v1779029534/demo/products/nike_pegasus_42_womens_road_running_shoes_ib1881_602/variants-highres/IB1881-113/01.webp,18,Women's Running Shoes,FALSE,Women's Running Shoes,"Responsive road running shoes with full-length Air Zoom cushioning, ReactX foam, breathable mesh, and a roomier forefoot fit.",Apparel & Accessories > Shoes,female,adult,,new,TRUE,PrimeStyleAI Demo,,,,,https://res.cloudinary.com/dgvtynla7/image/upload/v1779029491/demo/products/nike_pegasus_42_womens_road_running_shoes_ib1881_602/variants-highres/IB1881-102/01.webp,lb,,,active
nike-pegasus-42-womens-road-running-shoes-ib1881-602,Women's Running Shoes,"<p>Responsive road running shoes with full-length Air Zoom cushioning, ReactX foam, breathable mesh, and a roomier forefoot fit.</p>
<p><strong>Material:</strong> Lightweight mesh upper, ReactX foam midsole, high-abrasion rubber outsole</p>
<p><strong>Available sizes:</strong> W 5 / M 3.5, W 5.5 / M 4, W 6 / M 4.5, W 6.5 / M 5, W 7 / M 5.5, W 7.5 / M 6, W 8 / M 6.5, W 8.5 / M 7, W 9 / M 7.5, W 9.5 / M 8, W 10 / M 8.5, W 10.5 / M 9, W 11 / M 9.5, W 11.5 / M 10, W 12 / M 10.5</p>
<div class=""primestyle-size-guide""><h3>Nike Unisex Shoes Women&#39;s Based Size Guide</h3><table><thead><tr><th>Standard</th><th>US Women</th><th>US Men</th><th>UK</th><th>CM / JP</th><th>EU</th></tr></thead><tbody><tr><td>W 5 / M 3.5</td><td>5</td><td>3.5</td><td>2.5</td><td>22</td><td>35.5</td></tr><tr><td>W 5.5 / M 4</td><td>5.5</td><td>4</td><td>3</td><td>22.5</td><td>36</td></tr><tr><td>W 6 / M 4.5</td><td>6</td><td>4.5</td><td>3.5</td><td>23</td><td>36.5</td></tr><tr><td>W 6.5 / M 5</td><td>6.5</td><td>5</td><td>4</td><td>23.5</td><td>37.5</td></tr><tr><td>W 7 / M 5.5</td><td>7</td><td>5.5</td><td>4.5</td><td>24</td><td>38</td></tr><tr><td>W 7.5 / M 6</td><td>7.5</td><td>6</td><td>5</td><td>24.5</td><td>38.5</td></tr><tr><td>W 8 / M 6.5</td><td>8</td><td>6.5</td><td>5.5</td><td>25</td><td>39</td></tr><tr><td>W 8.5 / M 7</td><td>8.5</td><td>7</td><td>6</td><td>25.5</td><td>40</td></tr><tr><td>W 9 / M 7.5</td><td>9</td><td>7.5</td><td>6.5</td><td>26</td><td>40.5</td></tr><tr><td>W 9.5 / M 8</td><td>9.5</td><td>8</td><td>7</td><td>26.5</td><td>41</td></tr><tr><td>W 10 / M 8.5</td><td>10</td><td>8.5</td><td>7.5</td><td>27</td><td>42</td></tr><tr><td>W 10.5 / M 9</td><td>10.5</td><td>9</td><td>8</td><td>27.5</td><td>42.5</td></tr><tr><td>W 11 / M 9.5</td><td>11</td><td>9.5</td><td>8.5</td><td>28</td><td>43</td></tr><tr><td>W 11.5 / M 10</td><td>11.5</td><td>10</td><td>9</td><td>28.5</td><td>44</td></tr><tr><td>W 12 / M 10.5</td><td>12</td><td>10.5</td><td>9.5</td><td>29</td><td>44.5</td></tr></tbody></table></div>",Nike,Apparel & Accessories > Shoes,Shoes,"PrimeStyleAI Demo, PrimeStyleAI Import, Shoes, Road Running Shoes, female, nike, pegasus, pegasus 42, running shoes, road running, reactx, air zoom, women, footwear, demo",TRUE,Color,White/Wolf Grey/Cool Grey/Metallic Silver,Size,W 6.5 / M 5,,,nike-pegasus-42-womens-road-running-shoes-ib1881-602-6-5-2,0,shopify,100,deny,manual,145.00,,TRUE,TRUE,,https://res.cloudinary.com/dgvtynla7/image/upload/v1779029539/demo/products/nike_pegasus_42_womens_road_running_shoes_ib1881_602/variants-highres/IB1881-113/02.webp,19,Women's Running Shoes,FALSE,Women's Running Shoes,"Responsive road running shoes with full-length Air Zoom cushioning, ReactX foam, breathable mesh, and a roomier forefoot fit.",Apparel & Accessories > Shoes,female,adult,,new,TRUE,PrimeStyleAI Demo,,,,,https://res.cloudinary.com/dgvtynla7/image/upload/v1779029491/demo/products/nike_pegasus_42_womens_road_running_shoes_ib1881_602/variants-highres/IB1881-102/01.webp,lb,,,active
nike-pegasus-42-womens-road-running-shoes-ib1881-602,Women's Running Shoes,"<p>Responsive road running shoes with full-length Air Zoom cushioning, ReactX foam, breathable mesh, and a roomier forefoot fit.</p>
<p><strong>Material:</strong> Lightweight mesh upper, ReactX foam midsole, high-abrasion rubber outsole</p>
<p><strong>Available sizes:</strong> W 5 / M 3.5, W 5.5 / M 4, W 6 / M 4.5, W 6.5 / M 5, W 7 / M 5.5, W 7.5 / M 6, W 8 / M 6.5, W 8.5 / M 7, W 9 / M 7.5, W 9.5 / M 8, W 10 / M 8.5, W 10.5 / M 9, W 11 / M 9.5, W 11.5 / M 10, W 12 / M 10.5</p>
<div class=""primestyle-size-guide""><h3>Nike Unisex Shoes Women&#39;s Based Size Guide</h3><table><thead><tr><th>Standard</th><th>US Women</th><th>US Men</th><th>UK</th><th>CM / JP</th><th>EU</th></tr></thead><tbody><tr><td>W 5 / M 3.5</td><td>5</td><td>3.5</td><td>2.5</td><td>22</td><td>35.5</td></tr><tr><td>W 5.5 / M 4</td><td>5.5</td><td>4</td><td>3</td><td>22.5</td><td>36</td></tr><tr><td>W 6 / M 4.5</td><td>6</td><td>4.5</td><td>3.5</td><td>23</td><td>36.5</td></tr><tr><td>W 6.5 / M 5</td><td>6.5</td><td>5</td><td>4</td><td>23.5</td><td>37.5</td></tr><tr><td>W 7 / M 5.5</td><td>7</td><td>5.5</td><td>4.5</td><td>24</td><td>38</td></tr><tr><td>W 7.5 / M 6</td><td>7.5</td><td>6</td><td>5</td><td>24.5</td><td>38.5</td></tr><tr><td>W 8 / M 6.5</td><td>8</td><td>6.5</td><td>5.5</td><td>25</td><td>39</td></tr><tr><td>W 8.5 / M 7</td><td>8.5</td><td>7</td><td>6</td><td>25.5</td><td>40</td></tr><tr><td>W 9 / M 7.5</td><td>9</td><td>7.5</td><td>6.5</td><td>26</td><td>40.5</td></tr><tr><td>W 9.5 / M 8</td><td>9.5</td><td>8</td><td>7</td><td>26.5</td><td>41</td></tr><tr><td>W 10 / M 8.5</td><td>10</td><td>8.5</td><td>7.5</td><td>27</td><td>42</td></tr><tr><td>W 10.5 / M 9</td><td>10.5</td><td>9</td><td>8</td><td>27.5</td><td>42.5</td></tr><tr><td>W 11 / M 9.5</td><td>11</td><td>9.5</td><td>8.5</td><td>28</td><td>43</td></tr><tr><td>W 11.5 / M 10</td><td>11.5</td><td>10</td><td>9</td><td>28.5</td><td>44</td></tr><tr><td>W 12 / M 10.5</td><td>12</td><td>10.5</td><td>9.5</td><td>29</td><td>44.5</td></tr></tbody></table></div>",Nike,Apparel & Accessories > Shoes,Shoes,"PrimeStyleAI Demo, PrimeStyleAI Import, Shoes, Road Running Shoes, female, nike, pegasus, pegasus 42, running shoes, road running, reactx, air zoom, women, footwear, demo",TRUE,Color,White/Wolf Grey/Cool Grey/Metallic Silver,Size,W 7 / M 5.5,,,nike-pegasus-42-womens-road-running-shoes-ib1881-602-7-2,0,shopify,100,deny,manual,145.00,,TRUE,TRUE,,https://res.cloudinary.com/dgvtynla7/image/upload/v1779029545/demo/products/nike_pegasus_42_womens_road_running_shoes_ib1881_602/variants-highres/IB1881-113/03.webp,20,Women's Running Shoes,FALSE,Women's Running Shoes,"Responsive road running shoes with full-length Air Zoom cushioning, ReactX foam, breathable mesh, and a roomier forefoot fit.",Apparel & Accessories > Shoes,female,adult,,new,TRUE,PrimeStyleAI Demo,,,,,https://res.cloudinary.com/dgvtynla7/image/upload/v1779029491/demo/products/nike_pegasus_42_womens_road_running_shoes_ib1881_602/variants-highres/IB1881-102/01.webp,lb,,,active
nike-pegasus-42-womens-road-running-shoes-ib1881-602,Women's Running Shoes,"<p>Responsive road running shoes with full-length Air Zoom cushioning, ReactX foam, breathable mesh, and a roomier forefoot fit.</p>
<p><strong>Material:</strong> Lightweight mesh upper, ReactX foam midsole, high-abrasion rubber outsole</p>
<p><strong>Available sizes:</strong> W 5 / M 3.5, W 5.5 / M 4, W 6 / M 4.5, W 6.5 / M 5, W 7 / M 5.5, W 7.5 / M 6, W 8 / M 6.5, W 8.5 / M 7, W 9 / M 7.5, W 9.5 / M 8, W 10 / M 8.5, W 10.5 / M 9, W 11 / M 9.5, W 11.5 / M 10, W 12 / M 10.5</p>
<div class=""primestyle-size-guide""><h3>Nike Unisex Shoes Women&#39;s Based Size Guide</h3><table><thead><tr><th>Standard</th><th>US Women</th><th>US Men</th><th>UK</th><th>CM / JP</th><th>EU</th></tr></thead><tbody><tr><td>W 5 / M 3.5</td><td>5</td><td>3.5</td><td>2.5</td><td>22</td><td>35.5</td></tr><tr><td>W 5.5 / M 4</td><td>5.5</td><td>4</td><td>3</td><td>22.5</td><td>36</td></tr><tr><td>W 6 / M 4.5</td><td>6</td><td>4.5</td><td>3.5</td><td>23</td><td>36.5</td></tr><tr><td>W 6.5 / M 5</td><td>6.5</td><td>5</td><td>4</td><td>23.5</td><td>37.5</td></tr><tr><td>W 7 / M 5.5</td><td>7</td><td>5.5</td><td>4.5</td><td>24</td><td>38</td></tr><tr><td>W 7.5 / M 6</td><td>7.5</td><td>6</td><td>5</td><td>24.5</td><td>38.5</td></tr><tr><td>W 8 / M 6.5</td><td>8</td><td>6.5</td><td>5.5</td><td>25</td><td>39</td></tr><tr><td>W 8.5 / M 7</td><td>8.5</td><td>7</td><td>6</td><td>25.5</td><td>40</td></tr><tr><td>W 9 / M 7.5</td><td>9</td><td>7.5</td><td>6.5</td><td>26</td><td>40.5</td></tr><tr><td>W 9.5 / M 8</td><td>9.5</td><td>8</td><td>7</td><td>26.5</td><td>41</td></tr><tr><td>W 10 / M 8.5</td><td>10</td><td>8.5</td><td>7.5</td><td>27</td><td>42</td></tr><tr><td>W 10.5 / M 9</td><td>10.5</td><td>9</td><td>8</td><td>27.5</td><td>42.5</td></tr><tr><td>W 11 / M 9.5</td><td>11</td><td>9.5</td><td>8.5</td><td>28</td><td>43</td></tr><tr><td>W 11.5 / M 10</td><td>11.5</td><td>10</td><td>9</td><td>28.5</td><td>44</td></tr><tr><td>W 12 / M 10.5</td><td>12</td><td>10.5</td><td>9.5</td><td>29</td><td>44.5</td></tr></tbody></table></div>",Nike,Apparel & Accessories > Shoes,Shoes,"PrimeStyleAI Demo, PrimeStyleAI Import, Shoes, Road Running Shoes, female, nike, pegasus, pegasus 42, running shoes, road running, reactx, air zoom, women, footwear, demo",TRUE,Color,White/Wolf Grey/Cool Grey/Metallic Silver,Size,W 7.5 / M 6,,,nike-pegasus-42-womens-road-running-shoes-ib1881-602-7-5-2,0,shopify,100,deny,manual,145.00,,TRUE,TRUE,,https://res.cloudinary.com/dgvtynla7/image/upload/v1779029551/demo/products/nike_pegasus_42_womens_road_running_shoes_ib1881_602/variants-highres/IB1881-113/04.webp,21,Women's Running Shoes,FALSE,Women's Running Shoes,"Responsive road running shoes with full-length Air Zoom cushioning, ReactX foam, breathable mesh, and a roomier forefoot fit.",Apparel & Accessories > Shoes,female,adult,,new,TRUE,PrimeStyleAI Demo,,,,,https://res.cloudinary.com/dgvtynla7/image/upload/v1779029491/demo/products/nike_pegasus_42_womens_road_running_shoes_ib1881_602/variants-highres/IB1881-102/01.webp,lb,,,active
nike-pegasus-42-womens-road-running-shoes-ib1881-602,Women's Running Shoes,"<p>Responsive road running shoes with full-length Air Zoom cushioning, ReactX foam, breathable mesh, and a roomier forefoot fit.</p>
<p><strong>Material:</strong> Lightweight mesh upper, ReactX foam midsole, high-abrasion rubber outsole</p>
<p><strong>Available sizes:</strong> W 5 / M 3.5, W 5.5 / M 4, W 6 / M 4.5, W 6.5 / M 5, W 7 / M 5.5, W 7.5 / M 6, W 8 / M 6.5, W 8.5 / M 7, W 9 / M 7.5, W 9.5 / M 8, W 10 / M 8.5, W 10.5 / M 9, W 11 / M 9.5, W 11.5 / M 10, W 12 / M 10.5</p>
<div class=""primestyle-size-guide""><h3>Nike Unisex Shoes Women&#39;s Based Size Guide</h3><table><thead><tr><th>Standard</th><th>US Women</th><th>US Men</th><th>UK</th><th>CM / JP</th><th>EU</th></tr></thead><tbody><tr><td>W 5 / M 3.5</td><td>5</td><td>3.5</td><td>2.5</td><td>22</td><td>35.5</td></tr><tr><td>W 5.5 / M 4</td><td>5.5</td><td>4</td><td>3</td><td>22.5</td><td>36</td></tr><tr><td>W 6 / M 4.5</td><td>6</td><td>4.5</td><td>3.5</td><td>23</td><td>36.5</td></tr><tr><td>W 6.5 / M 5</td><td>6.5</td><td>5</td><td>4</td><td>23.5</td><td>37.5</td></tr><tr><td>W 7 / M 5.5</td><td>7</td><td>5.5</td><td>4.5</td><td>24</td><td>38</td></tr><tr><td>W 7.5 / M 6</td><td>7.5</td><td>6</td><td>5</td><td>24.5</td><td>38.5</td></tr><tr><td>W 8 / M 6.5</td><td>8</td><td>6.5</td><td>5.5</td><td>25</td><td>39</td></tr><tr><td>W 8.5 / M 7</td><td>8.5</td><td>7</td><td>6</td><td>25.5</td><td>40</td></tr><tr><td>W 9 / M 7.5</td><td>9</td><td>7.5</td><td>6.5</td><td>26</td><td>40.5</td></tr><tr><td>W 9.5 / M 8</td><td>9.5</td><td>8</td><td>7</td><td>26.5</td><td>41</td></tr><tr><td>W 10 / M 8.5</td><td>10</td><td>8.5</td><td>7.5</td><td>27</td><td>42</td></tr><tr><td>W 10.5 / M 9</td><td>10.5</td><td>9</td><td>8</td><td>27.5</td><td>42.5</td></tr><tr><td>W 11 / M 9.5</td><td>11</td><td>9.5</td><td>8.5</td><td>28</td><td>43</td></tr><tr><td>W 11.5 / M 10</td><td>11.5</td><td>10</td><td>9</td><td>28.5</td><td>44</td></tr><tr><td>W 12 / M 10.5</td><td>12</td><td>10.5</td><td>9.5</td><td>29</td><td>44.5</td></tr></tbody></table></div>",Nike,Apparel & Accessories > Shoes,Shoes,"PrimeStyleAI Demo, PrimeStyleAI Import, Shoes, Road Running Shoes, female, nike, pegasus, pegasus 42, running shoes, road running, reactx, air zoom, women, footwear, demo",TRUE,Color,White/Wolf Grey/Cool Grey/Metallic Silver,Size,W 8 / M 6.5,,,nike-pegasus-42-womens-road-running-shoes-ib1881-602-8-2,0,shopify,100,deny,manual,145.00,,TRUE,TRUE,,https://res.cloudinary.com/dgvtynla7/image/upload/v1779029556/demo/products/nike_pegasus_42_womens_road_running_shoes_ib1881_602/variants-highres/IB1881-113/05.webp,22,Women's Running Shoes,FALSE,Women's Running Shoes,"Responsive road running shoes with full-length Air Zoom cushioning, ReactX foam, breathable mesh, and a roomier forefoot fit.",Apparel & Accessories > Shoes,female,adult,,new,TRUE,PrimeStyleAI Demo,,,,,https://res.cloudinary.com/dgvtynla7/image/upload/v1779029491/demo/products/nike_pegasus_42_womens_road_running_shoes_ib1881_602/variants-highres/IB1881-102/01.webp,lb,,,active
nike-pegasus-42-womens-road-running-shoes-ib1881-602,Women's Running Shoes,"<p>Responsive road running shoes with full-length Air Zoom cushioning, ReactX foam, breathable mesh, and a roomier forefoot fit.</p>
<p><strong>Material:</strong> Lightweight mesh upper, ReactX foam midsole, high-abrasion rubber outsole</p>
<p><strong>Available sizes:</strong> W 5 / M 3.5, W 5.5 / M 4, W 6 / M 4.5, W 6.5 / M 5, W 7 / M 5.5, W 7.5 / M 6, W 8 / M 6.5, W 8.5 / M 7, W 9 / M 7.5, W 9.5 / M 8, W 10 / M 8.5, W 10.5 / M 9, W 11 / M 9.5, W 11.5 / M 10, W 12 / M 10.5</p>
<div class=""primestyle-size-guide""><h3>Nike Unisex Shoes Women&#39;s Based Size Guide</h3><table><thead><tr><th>Standard</th><th>US Women</th><th>US Men</th><th>UK</th><th>CM / JP</th><th>EU</th></tr></thead><tbody><tr><td>W 5 / M 3.5</td><td>5</td><td>3.5</td><td>2.5</td><td>22</td><td>35.5</td></tr><tr><td>W 5.5 / M 4</td><td>5.5</td><td>4</td><td>3</td><td>22.5</td><td>36</td></tr><tr><td>W 6 / M 4.5</td><td>6</td><td>4.5</td><td>3.5</td><td>23</td><td>36.5</td></tr><tr><td>W 6.5 / M 5</td><td>6.5</td><td>5</td><td>4</td><td>23.5</td><td>37.5</td></tr><tr><td>W 7 / M 5.5</td><td>7</td><td>5.5</td><td>4.5</td><td>24</td><td>38</td></tr><tr><td>W 7.5 / M 6</td><td>7.5</td><td>6</td><td>5</td><td>24.5</td><td>38.5</td></tr><tr><td>W 8 / M 6.5</td><td>8</td><td>6.5</td><td>5.5</td><td>25</td><td>39</td></tr><tr><td>W 8.5 / M 7</td><td>8.5</td><td>7</td><td>6</td><td>25.5</td><td>40</td></tr><tr><td>W 9 / M 7.5</td><td>9</td><td>7.5</td><td>6.5</td><td>26</td><td>40.5</td></tr><tr><td>W 9.5 / M 8</td><td>9.5</td><td>8</td><td>7</td><td>26.5</td><td>41</td></tr><tr><td>W 10 / M 8.5</td><td>10</td><td>8.5</td><td>7.5</td><td>27</td><td>42</td></tr><tr><td>W 10.5 / M 9</td><td>10.5</td><td>9</td><td>8</td><td>27.5</td><td>42.5</td></tr><tr><td>W 11 / M 9.5</td><td>11</td><td>9.5</td><td>8.5</td><td>28</td><td>43</td></tr><tr><td>W 11.5 / M 10</td><td>11.5</td><td>10</td><td>9</td><td>28.5</td><td>44</td></tr><tr><td>W 12 / M 10.5</td><td>12</td><td>10.5</td><td>9.5</td><td>29</td><td>44.5</td></tr></tbody></table></div>",Nike,Apparel & Accessories > Shoes,Shoes,"PrimeStyleAI Demo, PrimeStyleAI Import, Shoes, Road Running Shoes, female, nike, pegasus, pegasus 42, running shoes, road running, reactx, air zoom, women, footwear, demo",TRUE,Color,White/Wolf Grey/Cool Grey/Metallic Silver,Size,W 8.5 / M 7,,,nike-pegasus-42-womens-road-running-shoes-ib1881-602-8-5-2,0,shopify,100,deny,manual,145.00,,TRUE,TRUE,,https://res.cloudinary.com/dgvtynla7/image/upload/v1779029562/demo/products/nike_pegasus_42_womens_road_running_shoes_ib1881_602/variants-highres/IB1881-113/06.webp,23,Women's Running Shoes,FALSE,Women's Running Shoes,"Responsive road running shoes with full-length Air Zoom cushioning, ReactX foam, breathable mesh, and a roomier forefoot fit.",Apparel & Accessories > Shoes,female,adult,,new,TRUE,PrimeStyleAI Demo,,,,,https://res.cloudinary.com/dgvtynla7/image/upload/v1779029491/demo/products/nike_pegasus_42_womens_road_running_shoes_ib1881_602/variants-highres/IB1881-102/01.webp,lb,,,active
nike-pegasus-42-womens-road-running-shoes-ib1881-602,Women's Running Shoes,"<p>Responsive road running shoes with full-length Air Zoom cushioning, ReactX foam, breathable mesh, and a roomier forefoot fit.</p>
<p><strong>Material:</strong> Lightweight mesh upper, ReactX foam midsole, high-abrasion rubber outsole</p>
<p><strong>Available sizes:</strong> W 5 / M 3.5, W 5.5 / M 4, W 6 / M 4.5, W 6.5 / M 5, W 7 / M 5.5, W 7.5 / M 6, W 8 / M 6.5, W 8.5 / M 7, W 9 / M 7.5, W 9.5 / M 8, W 10 / M 8.5, W 10.5 / M 9, W 11 / M 9.5, W 11.5 / M 10, W 12 / M 10.5</p>
<div class=""primestyle-size-guide""><h3>Nike Unisex Shoes Women&#39;s Based Size Guide</h3><table><thead><tr><th>Standard</th><th>US Women</th><th>US Men</th><th>UK</th><th>CM / JP</th><th>EU</th></tr></thead><tbody><tr><td>W 5 / M 3.5</td><td>5</td><td>3.5</td><td>2.5</td><td>22</td><td>35.5</td></tr><tr><td>W 5.5 / M 4</td><td>5.5</td><td>4</td><td>3</td><td>22.5</td><td>36</td></tr><tr><td>W 6 / M 4.5</td><td>6</td><td>4.5</td><td>3.5</td><td>23</td><td>36.5</td></tr><tr><td>W 6.5 / M 5</td><td>6.5</td><td>5</td><td>4</td><td>23.5</td><td>37.5</td></tr><tr><td>W 7 / M 5.5</td><td>7</td><td>5.5</td><td>4.5</td><td>24</td><td>38</td></tr><tr><td>W 7.5 / M 6</td><td>7.5</td><td>6</td><td>5</td><td>24.5</td><td>38.5</td></tr><tr><td>W 8 / M 6.5</td><td>8</td><td>6.5</td><td>5.5</td><td>25</td><td>39</td></tr><tr><td>W 8.5 / M 7</td><td>8.5</td><td>7</td><td>6</td><td>25.5</td><td>40</td></tr><tr><td>W 9 / M 7.5</td><td>9</td><td>7.5</td><td>6.5</td><td>26</td><td>40.5</td></tr><tr><td>W 9.5 / M 8</td><td>9.5</td><td>8</td><td>7</td><td>26.5</td><td>41</td></tr><tr><td>W 10 / M 8.5</td><td>10</td><td>8.5</td><td>7.5</td><td>27</td><td>42</td></tr><tr><td>W 10.5 / M 9</td><td>10.5</td><td>9</td><td>8</td><td>27.5</td><td>42.5</td></tr><tr><td>W 11 / M 9.5</td><td>11</td><td>9.5</td><td>8.5</td><td>28</td><td>43</td></tr><tr><td>W 11.5 / M 10</td><td>11.5</td><td>10</td><td>9</td><td>28.5</td><td>44</td></tr><tr><td>W 12 / M 10.5</td><td>12</td><td>10.5</td><td>9.5</td><td>29</td><td>44.5</td></tr></tbody></table></div>",Nike,Apparel & Accessories > Shoes,Shoes,"PrimeStyleAI Demo, PrimeStyleAI Import, Shoes, Road Running Shoes, female, nike, pegasus, pegasus 42, running shoes, road running, reactx, air zoom, women, footwear, demo",TRUE,Color,White/Wolf Grey/Cool Grey/Metallic Silver,Size,W 9 / M 7.5,,,nike-pegasus-42-womens-road-running-shoes-ib1881-602-9-2,0,shopify,100,deny,manual,145.00,,TRUE,TRUE,,https://res.cloudinary.com/dgvtynla7/image/upload/v1779029566/demo/products/nike_pegasus_42_womens_road_running_shoes_ib1881_602/variants-highres/IB1881-113/07.webp,24,Women's Running Shoes,FALSE,Women's Running Shoes,"Responsive road running shoes with full-length Air Zoom cushioning, ReactX foam, breathable mesh, and a roomier forefoot fit.",Apparel & Accessories > Shoes,female,adult,,new,TRUE,PrimeStyleAI Demo,,,,,https://res.cloudinary.com/dgvtynla7/image/upload/v1779029491/demo/products/nike_pegasus_42_womens_road_running_shoes_ib1881_602/variants-highres/IB1881-102/01.webp,lb,,,active
nike-pegasus-42-womens-road-running-shoes-ib1881-602,Women's Running Shoes,"<p>Responsive road running shoes with full-length Air Zoom cushioning, ReactX foam, breathable mesh, and a roomier forefoot fit.</p>
<p><strong>Material:</strong> Lightweight mesh upper, ReactX foam midsole, high-abrasion rubber outsole</p>
<p><strong>Available sizes:</strong> W 5 / M 3.5, W 5.5 / M 4, W 6 / M 4.5, W 6.5 / M 5, W 7 / M 5.5, W 7.5 / M 6, W 8 / M 6.5, W 8.5 / M 7, W 9 / M 7.5, W 9.5 / M 8, W 10 / M 8.5, W 10.5 / M 9, W 11 / M 9.5, W 11.5 / M 10, W 12 / M 10.5</p>
<div class=""primestyle-size-guide""><h3>Nike Unisex Shoes Women&#39;s Based Size Guide</h3><table><thead><tr><th>Standard</th><th>US Women</th><th>US Men</th><th>UK</th><th>CM / JP</th><th>EU</th></tr></thead><tbody><tr><td>W 5 / M 3.5</td><td>5</td><td>3.5</td><td>2.5</td><td>22</td><td>35.5</td></tr><tr><td>W 5.5 / M 4</td><td>5.5</td><td>4</td><td>3</td><td>22.5</td><td>36</td></tr><tr><td>W 6 / M 4.5</td><td>6</td><td>4.5</td><td>3.5</td><td>23</td><td>36.5</td></tr><tr><td>W 6.5 / M 5</td><td>6.5</td><td>5</td><td>4</td><td>23.5</td><td>37.5</td></tr><tr><td>W 7 / M 5.5</td><td>7</td><td>5.5</td><td>4.5</td><td>24</td><td>38</td></tr><tr><td>W 7.5 / M 6</td><td>7.5</td><td>6</td><td>5</td><td>24.5</td><td>38.5</td></tr><tr><td>W 8 / M 6.5</td><td>8</td><td>6.5</td><td>5.5</td><td>25</td><td>39</td></tr><tr><td>W 8.5 / M 7</td><td>8.5</td><td>7</td><td>6</td><td>25.5</td><td>40</td></tr><tr><td>W 9 / M 7.5</td><td>9</td><td>7.5</td><td>6.5</td><td>26</td><td>40.5</td></tr><tr><td>W 9.5 / M 8</td><td>9.5</td><td>8</td><td>7</td><td>26.5</td><td>41</td></tr><tr><td>W 10 / M 8.5</td><td>10</td><td>8.5</td><td>7.5</td><td>27</td><td>42</td></tr><tr><td>W 10.5 / M 9</td><td>10.5</td><td>9</td><td>8</td><td>27.5</td><td>42.5</td></tr><tr><td>W 11 / M 9.5</td><td>11</td><td>9.5</td><td>8.5</td><td>28</td><td>43</td></tr><tr><td>W 11.5 / M 10</td><td>11.5</td><td>10</td><td>9</td><td>28.5</td><td>44</td></tr><tr><td>W 12 / M 10.5</td><td>12</td><td>10.5</td><td>9.5</td><td>29</td><td>44.5</td></tr></tbody></table></div>",Nike,Apparel & Accessories > Shoes,Shoes,"PrimeStyleAI Demo, PrimeStyleAI Import, Shoes, Road Running Shoes, female, nike, pegasus, pegasus 42, running shoes, road running, reactx, air zoom, women, footwear, demo",TRUE,Color,White/Wolf Grey/Cool Grey/Metallic Silver,Size,W 9.5 / M 8,,,nike-pegasus-42-womens-road-running-shoes-ib1881-602-9-5-2,0,shopify,100,deny,manual,145.00,,TRUE,TRUE,,https://res.cloudinary.com/dgvtynla7/image/upload/v1779029572/demo/products/nike_pegasus_42_womens_road_running_shoes_ib1881_602/variants-highres/IB1881-113/08.webp,25,Women's Running Shoes,FALSE,Women's Running Shoes,"Responsive road running shoes with full-length Air Zoom cushioning, ReactX foam, breathable mesh, and a roomier forefoot fit.",Apparel & Accessories > Shoes,female,adult,,new,TRUE,PrimeStyleAI Demo,,,,,https://res.cloudinary.com/dgvtynla7/image/upload/v1779029491/demo/products/nike_pegasus_42_womens_road_running_shoes_ib1881_602/variants-highres/IB1881-102/01.webp,lb,,,active
nike-pegasus-42-womens-road-running-shoes-ib1881-602,Women's Running Shoes,"<p>Responsive road running shoes with full-length Air Zoom cushioning, ReactX foam, breathable mesh, and a roomier forefoot fit.</p>
<p><strong>Material:</strong> Lightweight mesh upper, ReactX foam midsole, high-abrasion rubber outsole</p>
<p><strong>Available sizes:</strong> W 5 / M 3.5, W 5.5 / M 4, W 6 / M 4.5, W 6.5 / M 5, W 7 / M 5.5, W 7.5 / M 6, W 8 / M 6.5, W 8.5 / M 7, W 9 / M 7.5, W 9.5 / M 8, W 10 / M 8.5, W 10.5 / M 9, W 11 / M 9.5, W 11.5 / M 10, W 12 / M 10.5</p>
<div class=""primestyle-size-guide""><h3>Nike Unisex Shoes Women&#39;s Based Size Guide</h3><table><thead><tr><th>Standard</th><th>US Women</th><th>US Men</th><th>UK</th><th>CM / JP</th><th>EU</th></tr></thead><tbody><tr><td>W 5 / M 3.5</td><td>5</td><td>3.5</td><td>2.5</td><td>22</td><td>35.5</td></tr><tr><td>W 5.5 / M 4</td><td>5.5</td><td>4</td><td>3</td><td>22.5</td><td>36</td></tr><tr><td>W 6 / M 4.5</td><td>6</td><td>4.5</td><td>3.5</td><td>23</td><td>36.5</td></tr><tr><td>W 6.5 / M 5</td><td>6.5</td><td>5</td><td>4</td><td>23.5</td><td>37.5</td></tr><tr><td>W 7 / M 5.5</td><td>7</td><td>5.5</td><td>4.5</td><td>24</td><td>38</td></tr><tr><td>W 7.5 / M 6</td><td>7.5</td><td>6</td><td>5</td><td>24.5</td><td>38.5</td></tr><tr><td>W 8 / M 6.5</td><td>8</td><td>6.5</td><td>5.5</td><td>25</td><td>39</td></tr><tr><td>W 8.5 / M 7</td><td>8.5</td><td>7</td><td>6</td><td>25.5</td><td>40</td></tr><tr><td>W 9 / M 7.5</td><td>9</td><td>7.5</td><td>6.5</td><td>26</td><td>40.5</td></tr><tr><td>W 9.5 / M 8</td><td>9.5</td><td>8</td><td>7</td><td>26.5</td><td>41</td></tr><tr><td>W 10 / M 8.5</td><td>10</td><td>8.5</td><td>7.5</td><td>27</td><td>42</td></tr><tr><td>W 10.5 / M 9</td><td>10.5</td><td>9</td><td>8</td><td>27.5</td><td>42.5</td></tr><tr><td>W 11 / M 9.5</td><td>11</td><td>9.5</td><td>8.5</td><td>28</td><td>43</td></tr><tr><td>W 11.5 / M 10</td><td>11.5</td><td>10</td><td>9</td><td>28.5</td><td>44</td></tr><tr><td>W 12 / M 10.5</td><td>12</td><td>10.5</td><td>9.5</td><td>29</td><td>44.5</td></tr></tbody></table></div>",Nike,Apparel & Accessories > Shoes,Shoes,"PrimeStyleAI Demo, PrimeStyleAI Import, Shoes, Road Running Shoes, female, nike, pegasus, pegasus 42, running shoes, road running, reactx, air zoom, women, footwear, demo",TRUE,Color,White/Wolf Grey/Cool Grey/Metallic Silver,Size,W 10 / M 8.5,,,nike-pegasus-42-womens-road-running-shoes-ib1881-602-10-2,0,shopify,100,deny,manual,145.00,,TRUE,TRUE,,https://res.cloudinary.com/dgvtynla7/image/upload/v1779029577/demo/products/nike_pegasus_42_womens_road_running_shoes_ib1881_602/variants-highres/IB1881-002/01.webp,26,Women's Running Shoes,FALSE,Women's Running Shoes,"Responsive road running shoes with full-length Air Zoom cushioning, ReactX foam, breathable mesh, and a roomier forefoot fit.",Apparel & Accessories > Shoes,female,adult,,new,TRUE,PrimeStyleAI Demo,,,,,https://res.cloudinary.com/dgvtynla7/image/upload/v1779029491/demo/products/nike_pegasus_42_womens_road_running_shoes_ib1881_602/variants-highres/IB1881-102/01.webp,lb,,,active
nike-pegasus-42-womens-road-running-shoes-ib1881-602,Women's Running Shoes,"<p>Responsive road running shoes with full-length Air Zoom cushioning, ReactX foam, breathable mesh, and a roomier forefoot fit.</p>
<p><strong>Material:</strong> Lightweight mesh upper, ReactX foam midsole, high-abrasion rubber outsole</p>
<p><strong>Available sizes:</strong> W 5 / M 3.5, W 5.5 / M 4, W 6 / M 4.5, W 6.5 / M 5, W 7 / M 5.5, W 7.5 / M 6, W 8 / M 6.5, W 8.5 / M 7, W 9 / M 7.5, W 9.5 / M 8, W 10 / M 8.5, W 10.5 / M 9, W 11 / M 9.5, W 11.5 / M 10, W 12 / M 10.5</p>
<div class=""primestyle-size-guide""><h3>Nike Unisex Shoes Women&#39;s Based Size Guide</h3><table><thead><tr><th>Standard</th><th>US Women</th><th>US Men</th><th>UK</th><th>CM / JP</th><th>EU</th></tr></thead><tbody><tr><td>W 5 / M 3.5</td><td>5</td><td>3.5</td><td>2.5</td><td>22</td><td>35.5</td></tr><tr><td>W 5.5 / M 4</td><td>5.5</td><td>4</td><td>3</td><td>22.5</td><td>36</td></tr><tr><td>W 6 / M 4.5</td><td>6</td><td>4.5</td><td>3.5</td><td>23</td><td>36.5</td></tr><tr><td>W 6.5 / M 5</td><td>6.5</td><td>5</td><td>4</td><td>23.5</td><td>37.5</td></tr><tr><td>W 7 / M 5.5</td><td>7</td><td>5.5</td><td>4.5</td><td>24</td><td>38</td></tr><tr><td>W 7.5 / M 6</td><td>7.5</td><td>6</td><td>5</td><td>24.5</td><td>38.5</td></tr><tr><td>W 8 / M 6.5</td><td>8</td><td>6.5</td><td>5.5</td><td>25</td><td>39</td></tr><tr><td>W 8.5 / M 7</td><td>8.5</td><td>7</td><td>6</td><td>25.5</td><td>40</td></tr><tr><td>W 9 / M 7.5</td><td>9</td><td>7.5</td><td>6.5</td><td>26</td><td>40.5</td></tr><tr><td>W 9.5 / M 8</td><td>9.5</td><td>8</td><td>7</td><td>26.5</td><td>41</td></tr><tr><td>W 10 / M 8.5</td><td>10</td><td>8.5</td><td>7.5</td><td>27</td><td>42</td></tr><tr><td>W 10.5 / M 9</td><td>10.5</td><td>9</td><td>8</td><td>27.5</td><td>42.5</td></tr><tr><td>W 11 / M 9.5</td><td>11</td><td>9.5</td><td>8.5</td><td>28</td><td>43</td></tr><tr><td>W 11.5 / M 10</td><td>11.5</td><td>10</td><td>9</td><td>28.5</td><td>44</td></tr><tr><td>W 12 / M 10.5</td><td>12</td><td>10.5</td><td>9.5</td><td>29</td><td>44.5</td></tr></tbody></table></div>",Nike,Apparel & Accessories > Shoes,Shoes,"PrimeStyleAI Demo, PrimeStyleAI Import, Shoes, Road Running Shoes, female, nike, pegasus, pegasus 42, running shoes, road running, reactx, air zoom, women, footwear, demo",TRUE,Color,White/Wolf Grey/Cool Grey/Metallic Silver,Size,W 10.5 / M 9,,,nike-pegasus-42-womens-road-running-shoes-ib1881-602-10-5-2,0,shopify,100,deny,manual,145.00,,TRUE,TRUE,,https://res.cloudinary.com/dgvtynla7/image/upload/v1779029582/demo/products/nike_pegasus_42_womens_road_running_shoes_ib1881_602/variants-highres/IB1881-002/02.webp,27,Women's Running Shoes,FALSE,Women's Running Shoes,"Responsive road running shoes with full-length Air Zoom cushioning, ReactX foam, breathable mesh, and a roomier forefoot fit.",Apparel & Accessories > Shoes,female,adult,,new,TRUE,PrimeStyleAI Demo,,,,,https://res.cloudinary.com/dgvtynla7/image/upload/v1779029491/demo/products/nike_pegasus_42_womens_road_running_shoes_ib1881_602/variants-highres/IB1881-102/01.webp,lb,,,active
nike-pegasus-42-womens-road-running-shoes-ib1881-602,Women's Running Shoes,"<p>Responsive road running shoes with full-length Air Zoom cushioning, ReactX foam, breathable mesh, and a roomier forefoot fit.</p>
<p><strong>Material:</strong> Lightweight mesh upper, ReactX foam midsole, high-abrasion rubber outsole</p>
<p><strong>Available sizes:</strong> W 5 / M 3.5, W 5.5 / M 4, W 6 / M 4.5, W 6.5 / M 5, W 7 / M 5.5, W 7.5 / M 6, W 8 / M 6.5, W 8.5 / M 7, W 9 / M 7.5, W 9.5 / M 8, W 10 / M 8.5, W 10.5 / M 9, W 11 / M 9.5, W 11.5 / M 10, W 12 / M 10.5</p>
<div class=""primestyle-size-guide""><h3>Nike Unisex Shoes Women&#39;s Based Size Guide</h3><table><thead><tr><th>Standard</th><th>US Women</th><th>US Men</th><th>UK</th><th>CM / JP</th><th>EU</th></tr></thead><tbody><tr><td>W 5 / M 3.5</td><td>5</td><td>3.5</td><td>2.5</td><td>22</td><td>35.5</td></tr><tr><td>W 5.5 / M 4</td><td>5.5</td><td>4</td><td>3</td><td>22.5</td><td>36</td></tr><tr><td>W 6 / M 4.5</td><td>6</td><td>4.5</td><td>3.5</td><td>23</td><td>36.5</td></tr><tr><td>W 6.5 / M 5</td><td>6.5</td><td>5</td><td>4</td><td>23.5</td><td>37.5</td></tr><tr><td>W 7 / M 5.5</td><td>7</td><td>5.5</td><td>4.5</td><td>24</td><td>38</td></tr><tr><td>W 7.5 / M 6</td><td>7.5</td><td>6</td><td>5</td><td>24.5</td><td>38.5</td></tr><tr><td>W 8 / M 6.5</td><td>8</td><td>6.5</td><td>5.5</td><td>25</td><td>39</td></tr><tr><td>W 8.5 / M 7</td><td>8.5</td><td>7</td><td>6</td><td>25.5</td><td>40</td></tr><tr><td>W 9 / M 7.5</td><td>9</td><td>7.5</td><td>6.5</td><td>26</td><td>40.5</td></tr><tr><td>W 9.5 / M 8</td><td>9.5</td><td>8</td><td>7</td><td>26.5</td><td>41</td></tr><tr><td>W 10 / M 8.5</td><td>10</td><td>8.5</td><td>7.5</td><td>27</td><td>42</td></tr><tr><td>W 10.5 / M 9</td><td>10.5</td><td>9</td><td>8</td><td>27.5</td><td>42.5</td></tr><tr><td>W 11 / M 9.5</td><td>11</td><td>9.5</td><td>8.5</td><td>28</td><td>43</td></tr><tr><td>W 11.5 / M 10</td><td>11.5</td><td>10</td><td>9</td><td>28.5</td><td>44</td></tr><tr><td>W 12 / M 10.5</td><td>12</td><td>10.5</td><td>9.5</td><td>29</td><td>44.5</td></tr></tbody></table></div>",Nike,Apparel & Accessories > Shoes,Shoes,"PrimeStyleAI Demo, PrimeStyleAI Import, Shoes, Road Running Shoes, female, nike, pegasus, pegasus 42, running shoes, road running, reactx, air zoom, women, footwear, demo",TRUE,Color,White/Wolf Grey/Cool Grey/Metallic Silver,Size,W 11 / M 9.5,,,nike-pegasus-42-womens-road-running-shoes-ib1881-602-11-2,0,shopify,100,deny,manual,145.00,,TRUE,TRUE,,https://res.cloudinary.com/dgvtynla7/image/upload/v1779029588/demo/products/nike_pegasus_42_womens_road_running_shoes_ib1881_602/variants-highres/IB1881-002/03.webp,28,Women's Running Shoes,FALSE,Women's Running Shoes,"Responsive road running shoes with full-length Air Zoom cushioning, ReactX foam, breathable mesh, and a roomier forefoot fit.",Apparel & Accessories > Shoes,female,adult,,new,TRUE,PrimeStyleAI Demo,,,,,https://res.cloudinary.com/dgvtynla7/image/upload/v1779029491/demo/products/nike_pegasus_42_womens_road_running_shoes_ib1881_602/variants-highres/IB1881-102/01.webp,lb,,,active
nike-pegasus-42-womens-road-running-shoes-ib1881-602,Women's Running Shoes,"<p>Responsive road running shoes with full-length Air Zoom cushioning, ReactX foam, breathable mesh, and a roomier forefoot fit.</p>
<p><strong>Material:</strong> Lightweight mesh upper, ReactX foam midsole, high-abrasion rubber outsole</p>
<p><strong>Available sizes:</strong> W 5 / M 3.5, W 5.5 / M 4, W 6 / M 4.5, W 6.5 / M 5, W 7 / M 5.5, W 7.5 / M 6, W 8 / M 6.5, W 8.5 / M 7, W 9 / M 7.5, W 9.5 / M 8, W 10 / M 8.5, W 10.5 / M 9, W 11 / M 9.5, W 11.5 / M 10, W 12 / M 10.5</p>
<div class=""primestyle-size-guide""><h3>Nike Unisex Shoes Women&#39;s Based Size Guide</h3><table><thead><tr><th>Standard</th><th>US Women</th><th>US Men</th><th>UK</th><th>CM / JP</th><th>EU</th></tr></thead><tbody><tr><td>W 5 / M 3.5</td><td>5</td><td>3.5</td><td>2.5</td><td>22</td><td>35.5</td></tr><tr><td>W 5.5 / M 4</td><td>5.5</td><td>4</td><td>3</td><td>22.5</td><td>36</td></tr><tr><td>W 6 / M 4.5</td><td>6</td><td>4.5</td><td>3.5</td><td>23</td><td>36.5</td></tr><tr><td>W 6.5 / M 5</td><td>6.5</td><td>5</td><td>4</td><td>23.5</td><td>37.5</td></tr><tr><td>W 7 / M 5.5</td><td>7</td><td>5.5</td><td>4.5</td><td>24</td><td>38</td></tr><tr><td>W 7.5 / M 6</td><td>7.5</td><td>6</td><td>5</td><td>24.5</td><td>38.5</td></tr><tr><td>W 8 / M 6.5</td><td>8</td><td>6.5</td><td>5.5</td><td>25</td><td>39</td></tr><tr><td>W 8.5 / M 7</td><td>8.5</td><td>7</td><td>6</td><td>25.5</td><td>40</td></tr><tr><td>W 9 / M 7.5</td><td>9</td><td>7.5</td><td>6.5</td><td>26</td><td>40.5</td></tr><tr><td>W 9.5 / M 8</td><td>9.5</td><td>8</td><td>7</td><td>26.5</td><td>41</td></tr><tr><td>W 10 / M 8.5</td><td>10</td><td>8.5</td><td>7.5</td><td>27</td><td>42</td></tr><tr><td>W 10.5 / M 9</td><td>10.5</td><td>9</td><td>8</td><td>27.5</td><td>42.5</td></tr><tr><td>W 11 / M 9.5</td><td>11</td><td>9.5</td><td>8.5</td><td>28</td><td>43</td></tr><tr><td>W 11.5 / M 10</td><td>11.5</td><td>10</td><td>9</td><td>28.5</td><td>44</td></tr><tr><td>W 12 / M 10.5</td><td>12</td><td>10.5</td><td>9.5</td><td>29</td><td>44.5</td></tr></tbody></table></div>",Nike,Apparel & Accessories > Shoes,Shoes,"PrimeStyleAI Demo, PrimeStyleAI Import, Shoes, Road Running Shoes, female, nike, pegasus, pegasus 42, running shoes, road running, reactx, air zoom, women, footwear, demo",TRUE,Color,White/Wolf Grey/Cool Grey/Metallic Silver,Size,W 11.5 / M 10,,,nike-pegasus-42-womens-road-running-shoes-ib1881-602-11-5-2,0,shopify,100,deny,manual,145.00,,TRUE,TRUE,,https://res.cloudinary.com/dgvtynla7/image/upload/v1779029593/demo/products/nike_pegasus_42_womens_road_running_shoes_ib1881_602/variants-highres/IB1881-002/04.webp,29,Women's Running Shoes,FALSE,Women's Running Shoes,"Responsive road running shoes with full-length Air Zoom cushioning, ReactX foam, breathable mesh, and a roomier forefoot fit.",Apparel & Accessories > Shoes,female,adult,,new,TRUE,PrimeStyleAI Demo,,,,,https://res.cloudinary.com/dgvtynla7/image/upload/v1779029491/demo/products/nike_pegasus_42_womens_road_running_shoes_ib1881_602/variants-highres/IB1881-102/01.webp,lb,,,active
nike-pegasus-42-womens-road-running-shoes-ib1881-602,Women's Running Shoes,"<p>Responsive road running shoes with full-length Air Zoom cushioning, ReactX foam, breathable mesh, and a roomier forefoot fit.</p>
<p><strong>Material:</strong> Lightweight mesh upper, ReactX foam midsole, high-abrasion rubber outsole</p>
<p><strong>Available sizes:</strong> W 5 / M 3.5, W 5.5 / M 4, W 6 / M 4.5, W 6.5 / M 5, W 7 / M 5.5, W 7.5 / M 6, W 8 / M 6.5, W 8.5 / M 7, W 9 / M 7.5, W 9.5 / M 8, W 10 / M 8.5, W 10.5 / M 9, W 11 / M 9.5, W 11.5 / M 10, W 12 / M 10.5</p>
<div class=""primestyle-size-guide""><h3>Nike Unisex Shoes Women&#39;s Based Size Guide</h3><table><thead><tr><th>Standard</th><th>US Women</th><th>US Men</th><th>UK</th><th>CM / JP</th><th>EU</th></tr></thead><tbody><tr><td>W 5 / M 3.5</td><td>5</td><td>3.5</td><td>2.5</td><td>22</td><td>35.5</td></tr><tr><td>W 5.5 / M 4</td><td>5.5</td><td>4</td><td>3</td><td>22.5</td><td>36</td></tr><tr><td>W 6 / M 4.5</td><td>6</td><td>4.5</td><td>3.5</td><td>23</td><td>36.5</td></tr><tr><td>W 6.5 / M 5</td><td>6.5</td><td>5</td><td>4</td><td>23.5</td><td>37.5</td></tr><tr><td>W 7 / M 5.5</td><td>7</td><td>5.5</td><td>4.5</td><td>24</td><td>38</td></tr><tr><td>W 7.5 / M 6</td><td>7.5</td><td>6</td><td>5</td><td>24.5</td><td>38.5</td></tr><tr><td>W 8 / M 6.5</td><td>8</td><td>6.5</td><td>5.5</td><td>25</td><td>39</td></tr><tr><td>W 8.5 / M 7</td><td>8.5</td><td>7</td><td>6</td><td>25.5</td><td>40</td></tr><tr><td>W 9 / M 7.5</td><td>9</td><td>7.5</td><td>6.5</td><td>26</td><td>40.5</td></tr><tr><td>W 9.5 / M 8</td><td>9.5</td><td>8</td><td>7</td><td>26.5</td><td>41</td></tr><tr><td>W 10 / M 8.5</td><td>10</td><td>8.5</td><td>7.5</td><td>27</td><td>42</td></tr><tr><td>W 10.5 / M 9</td><td>10.5</td><td>9</td><td>8</td><td>27.5</td><td>42.5</td></tr><tr><td>W 11 / M 9.5</td><td>11</td><td>9.5</td><td>8.5</td><td>28</td><td>43</td></tr><tr><td>W 11.5 / M 10</td><td>11.5</td><td>10</td><td>9</td><td>28.5</td><td>44</td></tr><tr><td>W 12 / M 10.5</td><td>12</td><td>10.5</td><td>9.5</td><td>29</td><td>44.5</td></tr></tbody></table></div>",Nike,Apparel & Accessories > Shoes,Shoes,"PrimeStyleAI Demo, PrimeStyleAI Import, Shoes, Road Running Shoes, female, nike, pegasus, pegasus 42, running shoes, road running, reactx, air zoom, women, footwear, demo",TRUE,Color,White/Wolf Grey/Cool Grey/Metallic Silver,Size,W 12 / M 10.5,,,nike-pegasus-42-womens-road-running-shoes-ib1881-602-12-2,0,shopify,100,deny,manual,145.00,,TRUE,TRUE,,https://res.cloudinary.com/dgvtynla7/image/upload/v1779029599/demo/products/nike_pegasus_42_womens_road_running_shoes_ib1881_602/variants-highres/IB1881-002/05.webp,30,Women's Running Shoes,FALSE,Women's Running Shoes,"Responsive road running shoes with full-length Air Zoom cushioning, ReactX foam, breathable mesh, and a roomier forefoot fit.",Apparel & Accessories > Shoes,female,adult,,new,TRUE,PrimeStyleAI Demo,,,,,https://res.cloudinary.com/dgvtynla7/image/upload/v1779029491/demo/products/nike_pegasus_42_womens_road_running_shoes_ib1881_602/variants-highres/IB1881-102/01.webp,lb,,,active
nike-pegasus-42-womens-road-running-shoes-ib1881-602,Women's Running Shoes,"<p>Responsive road running shoes with full-length Air Zoom cushioning, ReactX foam, breathable mesh, and a roomier forefoot fit.</p>
<p><strong>Material:</strong> Lightweight mesh upper, ReactX foam midsole, high-abrasion rubber outsole</p>
<p><strong>Available sizes:</strong> W 5 / M 3.5, W 5.5 / M 4, W 6 / M 4.5, W 6.5 / M 5, W 7 / M 5.5, W 7.5 / M 6, W 8 / M 6.5, W 8.5 / M 7, W 9 / M 7.5, W 9.5 / M 8, W 10 / M 8.5, W 10.5 / M 9, W 11 / M 9.5, W 11.5 / M 10, W 12 / M 10.5</p>
<div class=""primestyle-size-guide""><h3>Nike Unisex Shoes Women&#39;s Based Size Guide</h3><table><thead><tr><th>Standard</th><th>US Women</th><th>US Men</th><th>UK</th><th>CM / JP</th><th>EU</th></tr></thead><tbody><tr><td>W 5 / M 3.5</td><td>5</td><td>3.5</td><td>2.5</td><td>22</td><td>35.5</td></tr><tr><td>W 5.5 / M 4</td><td>5.5</td><td>4</td><td>3</td><td>22.5</td><td>36</td></tr><tr><td>W 6 / M 4.5</td><td>6</td><td>4.5</td><td>3.5</td><td>23</td><td>36.5</td></tr><tr><td>W 6.5 / M 5</td><td>6.5</td><td>5</td><td>4</td><td>23.5</td><td>37.5</td></tr><tr><td>W 7 / M 5.5</td><td>7</td><td>5.5</td><td>4.5</td><td>24</td><td>38</td></tr><tr><td>W 7.5 / M 6</td><td>7.5</td><td>6</td><td>5</td><td>24.5</td><td>38.5</td></tr><tr><td>W 8 / M 6.5</td><td>8</td><td>6.5</td><td>5.5</td><td>25</td><td>39</td></tr><tr><td>W 8.5 / M 7</td><td>8.5</td><td>7</td><td>6</td><td>25.5</td><td>40</td></tr><tr><td>W 9 / M 7.5</td><td>9</td><td>7.5</td><td>6.5</td><td>26</td><td>40.5</td></tr><tr><td>W 9.5 / M 8</td><td>9.5</td><td>8</td><td>7</td><td>26.5</td><td>41</td></tr><tr><td>W 10 / M 8.5</td><td>10</td><td>8.5</td><td>7.5</td><td>27</td><td>42</td></tr><tr><td>W 10.5 / M 9</td><td>10.5</td><td>9</td><td>8</td><td>27.5</td><td>42.5</td></tr><tr><td>W 11 / M 9.5</td><td>11</td><td>9.5</td><td>8.5</td><td>28</td><td>43</td></tr><tr><td>W 11.5 / M 10</td><td>11.5</td><td>10</td><td>9</td><td>28.5</td><td>44</td></tr><tr><td>W 12 / M 10.5</td><td>12</td><td>10.5</td><td>9.5</td><td>29</td><td>44.5</td></tr></tbody></table></div>",Nike,Apparel & Accessories > Shoes,Shoes,"PrimeStyleAI Demo, PrimeStyleAI Import, Shoes, Road Running Shoes, female, nike, pegasus, pegasus 42, running shoes, road running, reactx, air zoom, women, footwear, demo",TRUE,Color,Chalk/Orange Pulse/Bright Violet/Tattoo,Size,W 5 / M 3.5,,,nike-pegasus-42-womens-road-running-shoes-ib1881-602-5-3,0,shopify,100,deny,manual,145.00,,TRUE,TRUE,,https://res.cloudinary.com/dgvtynla7/image/upload/v1779029605/demo/products/nike_pegasus_42_womens_road_running_shoes_ib1881_602/variants-highres/IB1881-002/06.webp,31,Women's Running Shoes,FALSE,Women's Running Shoes,"Responsive road running shoes with full-length Air Zoom cushioning, ReactX foam, breathable mesh, and a roomier forefoot fit.",Apparel & Accessories > Shoes,female,adult,,new,TRUE,PrimeStyleAI Demo,,,,,https://res.cloudinary.com/dgvtynla7/image/upload/v1779029534/demo/products/nike_pegasus_42_womens_road_running_shoes_ib1881_602/variants-highres/IB1881-113/01.webp,lb,,,active
nike-pegasus-42-womens-road-running-shoes-ib1881-602,Women's Running Shoes,"<p>Responsive road running shoes with full-length Air Zoom cushioning, ReactX foam, breathable mesh, and a roomier forefoot fit.</p>
<p><strong>Material:</strong> Lightweight mesh upper, ReactX foam midsole, high-abrasion rubber outsole</p>
<p><strong>Available sizes:</strong> W 5 / M 3.5, W 5.5 / M 4, W 6 / M 4.5, W 6.5 / M 5, W 7 / M 5.5, W 7.5 / M 6, W 8 / M 6.5, W 8.5 / M 7, W 9 / M 7.5, W 9.5 / M 8, W 10 / M 8.5, W 10.5 / M 9, W 11 / M 9.5, W 11.5 / M 10, W 12 / M 10.5</p>
<div class=""primestyle-size-guide""><h3>Nike Unisex Shoes Women&#39;s Based Size Guide</h3><table><thead><tr><th>Standard</th><th>US Women</th><th>US Men</th><th>UK</th><th>CM / JP</th><th>EU</th></tr></thead><tbody><tr><td>W 5 / M 3.5</td><td>5</td><td>3.5</td><td>2.5</td><td>22</td><td>35.5</td></tr><tr><td>W 5.5 / M 4</td><td>5.5</td><td>4</td><td>3</td><td>22.5</td><td>36</td></tr><tr><td>W 6 / M 4.5</td><td>6</td><td>4.5</td><td>3.5</td><td>23</td><td>36.5</td></tr><tr><td>W 6.5 / M 5</td><td>6.5</td><td>5</td><td>4</td><td>23.5</td><td>37.5</td></tr><tr><td>W 7 / M 5.5</td><td>7</td><td>5.5</td><td>4.5</td><td>24</td><td>38</td></tr><tr><td>W 7.5 / M 6</td><td>7.5</td><td>6</td><td>5</td><td>24.5</td><td>38.5</td></tr><tr><td>W 8 / M 6.5</td><td>8</td><td>6.5</td><td>5.5</td><td>25</td><td>39</td></tr><tr><td>W 8.5 / M 7</td><td>8.5</td><td>7</td><td>6</td><td>25.5</td><td>40</td></tr><tr><td>W 9 / M 7.5</td><td>9</td><td>7.5</td><td>6.5</td><td>26</td><td>40.5</td></tr><tr><td>W 9.5 / M 8</td><td>9.5</td><td>8</td><td>7</td><td>26.5</td><td>41</td></tr><tr><td>W 10 / M 8.5</td><td>10</td><td>8.5</td><td>7.5</td><td>27</td><td>42</td></tr><tr><td>W 10.5 / M 9</td><td>10.5</td><td>9</td><td>8</td><td>27.5</td><td>42.5</td></tr><tr><td>W 11 / M 9.5</td><td>11</td><td>9.5</td><td>8.5</td><td>28</td><td>43</td></tr><tr><td>W 11.5 / M 10</td><td>11.5</td><td>10</td><td>9</td><td>28.5</td><td>44</td></tr><tr><td>W 12 / M 10.5</td><td>12</td><td>10.5</td><td>9.5</td><td>29</td><td>44.5</td></tr></tbody></table></div>",Nike,Apparel & Accessories > Shoes,Shoes,"PrimeStyleAI Demo, PrimeStyleAI Import, Shoes, Road Running Shoes, female, nike, pegasus, pegasus 42, running shoes, road running, reactx, air zoom, women, footwear, demo",TRUE,Color,Chalk/Orange Pulse/Bright Violet/Tattoo,Size,W 5.5 / M 4,,,nike-pegasus-42-womens-road-running-shoes-ib1881-602-5-5-3,0,shopify,100,deny,manual,145.00,,TRUE,TRUE,,https://res.cloudinary.com/dgvtynla7/image/upload/v1779029609/demo/products/nike_pegasus_42_womens_road_running_shoes_ib1881_602/variants-highres/IB1881-002/07.webp,32,Women's Running Shoes,FALSE,Women's Running Shoes,"Responsive road running shoes with full-length Air Zoom cushioning, ReactX foam, breathable mesh, and a roomier forefoot fit.",Apparel & Accessories > Shoes,female,adult,,new,TRUE,PrimeStyleAI Demo,,,,,https://res.cloudinary.com/dgvtynla7/image/upload/v1779029534/demo/products/nike_pegasus_42_womens_road_running_shoes_ib1881_602/variants-highres/IB1881-113/01.webp,lb,,,active
nike-pegasus-42-womens-road-running-shoes-ib1881-602,Women's Running Shoes,"<p>Responsive road running shoes with full-length Air Zoom cushioning, ReactX foam, breathable mesh, and a roomier forefoot fit.</p>
<p><strong>Material:</strong> Lightweight mesh upper, ReactX foam midsole, high-abrasion rubber outsole</p>
<p><strong>Available sizes:</strong> W 5 / M 3.5, W 5.5 / M 4, W 6 / M 4.5, W 6.5 / M 5, W 7 / M 5.5, W 7.5 / M 6, W 8 / M 6.5, W 8.5 / M 7, W 9 / M 7.5, W 9.5 / M 8, W 10 / M 8.5, W 10.5 / M 9, W 11 / M 9.5, W 11.5 / M 10, W 12 / M 10.5</p>
<div class=""primestyle-size-guide""><h3>Nike Unisex Shoes Women&#39;s Based Size Guide</h3><table><thead><tr><th>Standard</th><th>US Women</th><th>US Men</th><th>UK</th><th>CM / JP</th><th>EU</th></tr></thead><tbody><tr><td>W 5 / M 3.5</td><td>5</td><td>3.5</td><td>2.5</td><td>22</td><td>35.5</td></tr><tr><td>W 5.5 / M 4</td><td>5.5</td><td>4</td><td>3</td><td>22.5</td><td>36</td></tr><tr><td>W 6 / M 4.5</td><td>6</td><td>4.5</td><td>3.5</td><td>23</td><td>36.5</td></tr><tr><td>W 6.5 / M 5</td><td>6.5</td><td>5</td><td>4</td><td>23.5</td><td>37.5</td></tr><tr><td>W 7 / M 5.5</td><td>7</td><td>5.5</td><td>4.5</td><td>24</td><td>38</td></tr><tr><td>W 7.5 / M 6</td><td>7.5</td><td>6</td><td>5</td><td>24.5</td><td>38.5</td></tr><tr><td>W 8 / M 6.5</td><td>8</td><td>6.5</td><td>5.5</td><td>25</td><td>39</td></tr><tr><td>W 8.5 / M 7</td><td>8.5</td><td>7</td><td>6</td><td>25.5</td><td>40</td></tr><tr><td>W 9 / M 7.5</td><td>9</td><td>7.5</td><td>6.5</td><td>26</td><td>40.5</td></tr><tr><td>W 9.5 / M 8</td><td>9.5</td><td>8</td><td>7</td><td>26.5</td><td>41</td></tr><tr><td>W 10 / M 8.5</td><td>10</td><td>8.5</td><td>7.5</td><td>27</td><td>42</td></tr><tr><td>W 10.5 / M 9</td><td>10.5</td><td>9</td><td>8</td><td>27.5</td><td>42.5</td></tr><tr><td>W 11 / M 9.5</td><td>11</td><td>9.5</td><td>8.5</td><td>28</td><td>43</td></tr><tr><td>W 11.5 / M 10</td><td>11.5</td><td>10</td><td>9</td><td>28.5</td><td>44</td></tr><tr><td>W 12 / M 10.5</td><td>12</td><td>10.5</td><td>9.5</td><td>29</td><td>44.5</td></tr></tbody></table></div>",Nike,Apparel & Accessories > Shoes,Shoes,"PrimeStyleAI Demo, PrimeStyleAI Import, Shoes, Road Running Shoes, female, nike, pegasus, pegasus 42, running shoes, road running, reactx, air zoom, women, footwear, demo",TRUE,Color,Chalk/Orange Pulse/Bright Violet/Tattoo,Size,W 6 / M 4.5,,,nike-pegasus-42-womens-road-running-shoes-ib1881-602-6-3,0,shopify,100,deny,manual,145.00,,TRUE,TRUE,,https://res.cloudinary.com/dgvtynla7/image/upload/v1779029615/demo/products/nike_pegasus_42_womens_road_running_shoes_ib1881_602/variants-highres/IB1881-002/08.webp,33,Women's Running Shoes,FALSE,Women's Running Shoes,"Responsive road running shoes with full-length Air Zoom cushioning, ReactX foam, breathable mesh, and a roomier forefoot fit.",Apparel & Accessories > Shoes,female,adult,,new,TRUE,PrimeStyleAI Demo,,,,,https://res.cloudinary.com/dgvtynla7/image/upload/v1779029534/demo/products/nike_pegasus_42_womens_road_running_shoes_ib1881_602/variants-highres/IB1881-113/01.webp,lb,,,active
nike-pegasus-42-womens-road-running-shoes-ib1881-602,Women's Running Shoes,"<p>Responsive road running shoes with full-length Air Zoom cushioning, ReactX foam, breathable mesh, and a roomier forefoot fit.</p>
<p><strong>Material:</strong> Lightweight mesh upper, ReactX foam midsole, high-abrasion rubber outsole</p>
<p><strong>Available sizes:</strong> W 5 / M 3.5, W 5.5 / M 4, W 6 / M 4.5, W 6.5 / M 5, W 7 / M 5.5, W 7.5 / M 6, W 8 / M 6.5, W 8.5 / M 7, W 9 / M 7.5, W 9.5 / M 8, W 10 / M 8.5, W 10.5 / M 9, W 11 / M 9.5, W 11.5 / M 10, W 12 / M 10.5</p>
<div class=""primestyle-size-guide""><h3>Nike Unisex Shoes Women&#39;s Based Size Guide</h3><table><thead><tr><th>Standard</th><th>US Women</th><th>US Men</th><th>UK</th><th>CM / JP</th><th>EU</th></tr></thead><tbody><tr><td>W 5 / M 3.5</td><td>5</td><td>3.5</td><td>2.5</td><td>22</td><td>35.5</td></tr><tr><td>W 5.5 / M 4</td><td>5.5</td><td>4</td><td>3</td><td>22.5</td><td>36</td></tr><tr><td>W 6 / M 4.5</td><td>6</td><td>4.5</td><td>3.5</td><td>23</td><td>36.5</td></tr><tr><td>W 6.5 / M 5</td><td>6.5</td><td>5</td><td>4</td><td>23.5</td><td>37.5</td></tr><tr><td>W 7 / M 5.5</td><td>7</td><td>5.5</td><td>4.5</td><td>24</td><td>38</td></tr><tr><td>W 7.5 / M 6</td><td>7.5</td><td>6</td><td>5</td><td>24.5</td><td>38.5</td></tr><tr><td>W 8 / M 6.5</td><td>8</td><td>6.5</td><td>5.5</td><td>25</td><td>39</td></tr><tr><td>W 8.5 / M 7</td><td>8.5</td><td>7</td><td>6</td><td>25.5</td><td>40</td></tr><tr><td>W 9 / M 7.5</td><td>9</td><td>7.5</td><td>6.5</td><td>26</td><td>40.5</td></tr><tr><td>W 9.5 / M 8</td><td>9.5</td><td>8</td><td>7</td><td>26.5</td><td>41</td></tr><tr><td>W 10 / M 8.5</td><td>10</td><td>8.5</td><td>7.5</td><td>27</td><td>42</td></tr><tr><td>W 10.5 / M 9</td><td>10.5</td><td>9</td><td>8</td><td>27.5</td><td>42.5</td></tr><tr><td>W 11 / M 9.5</td><td>11</td><td>9.5</td><td>8.5</td><td>28</td><td>43</td></tr><tr><td>W 11.5 / M 10</td><td>11.5</td><td>10</td><td>9</td><td>28.5</td><td>44</td></tr><tr><td>W 12 / M 10.5</td><td>12</td><td>10.5</td><td>9.5</td><td>29</td><td>44.5</td></tr></tbody></table></div>",Nike,Apparel & Accessories > Shoes,Shoes,"PrimeStyleAI Demo, PrimeStyleAI Import, Shoes, Road Running Shoes, female, nike, pegasus, pegasus 42, running shoes, road running, reactx, air zoom, women, footwear, demo",TRUE,Color,Chalk/Orange Pulse/Bright Violet/Tattoo,Size,W 6.5 / M 5,,,nike-pegasus-42-womens-road-running-shoes-ib1881-602-6-5-3,0,shopify,100,deny,manual,145.00,,TRUE,TRUE,,https://res.cloudinary.com/dgvtynla7/image/upload/v1779029620/demo/products/nike_pegasus_42_womens_road_running_shoes_ib1881_602/variants-highres/IB1881-100/01.webp,34,Women's Running Shoes,FALSE,Women's Running Shoes,"Responsive road running shoes with full-length Air Zoom cushioning, ReactX foam, breathable mesh, and a roomier forefoot fit.",Apparel & Accessories > Shoes,female,adult,,new,TRUE,PrimeStyleAI Demo,,,,,https://res.cloudinary.com/dgvtynla7/image/upload/v1779029534/demo/products/nike_pegasus_42_womens_road_running_shoes_ib1881_602/variants-highres/IB1881-113/01.webp,lb,,,active
nike-pegasus-42-womens-road-running-shoes-ib1881-602,Women's Running Shoes,"<p>Responsive road running shoes with full-length Air Zoom cushioning, ReactX foam, breathable mesh, and a roomier forefoot fit.</p>
<p><strong>Material:</strong> Lightweight mesh upper, ReactX foam midsole, high-abrasion rubber outsole</p>
<p><strong>Available sizes:</strong> W 5 / M 3.5, W 5.5 / M 4, W 6 / M 4.5, W 6.5 / M 5, W 7 / M 5.5, W 7.5 / M 6, W 8 / M 6.5, W 8.5 / M 7, W 9 / M 7.5, W 9.5 / M 8, W 10 / M 8.5, W 10.5 / M 9, W 11 / M 9.5, W 11.5 / M 10, W 12 / M 10.5</p>
<div class=""primestyle-size-guide""><h3>Nike Unisex Shoes Women&#39;s Based Size Guide</h3><table><thead><tr><th>Standard</th><th>US Women</th><th>US Men</th><th>UK</th><th>CM / JP</th><th>EU</th></tr></thead><tbody><tr><td>W 5 / M 3.5</td><td>5</td><td>3.5</td><td>2.5</td><td>22</td><td>35.5</td></tr><tr><td>W 5.5 / M 4</td><td>5.5</td><td>4</td><td>3</td><td>22.5</td><td>36</td></tr><tr><td>W 6 / M 4.5</td><td>6</td><td>4.5</td><td>3.5</td><td>23</td><td>36.5</td></tr><tr><td>W 6.5 / M 5</td><td>6.5</td><td>5</td><td>4</td><td>23.5</td><td>37.5</td></tr><tr><td>W 7 / M 5.5</td><td>7</td><td>5.5</td><td>4.5</td><td>24</td><td>38</td></tr><tr><td>W 7.5 / M 6</td><td>7.5</td><td>6</td><td>5</td><td>24.5</td><td>38.5</td></tr><tr><td>W 8 / M 6.5</td><td>8</td><td>6.5</td><td>5.5</td><td>25</td><td>39</td></tr><tr><td>W 8.5 / M 7</td><td>8.5</td><td>7</td><td>6</td><td>25.5</td><td>40</td></tr><tr><td>W 9 / M 7.5</td><td>9</td><td>7.5</td><td>6.5</td><td>26</td><td>40.5</td></tr><tr><td>W 9.5 / M 8</td><td>9.5</td><td>8</td><td>7</td><td>26.5</td><td>41</td></tr><tr><td>W 10 / M 8.5</td><td>10</td><td>8.5</td><td>7.5</td><td>27</td><td>42</td></tr><tr><td>W 10.5 / M 9</td><td>10.5</td><td>9</td><td>8</td><td>27.5</td><td>42.5</td></tr><tr><td>W 11 / M 9.5</td><td>11</td><td>9.5</td><td>8.5</td><td>28</td><td>43</td></tr><tr><td>W 11.5 / M 10</td><td>11.5</td><td>10</td><td>9</td><td>28.5</td><td>44</td></tr><tr><td>W 12 / M 10.5</td><td>12</td><td>10.5</td><td>9.5</td><td>29</td><td>44.5</td></tr></tbody></table></div>",Nike,Apparel & Accessories > Shoes,Shoes,"PrimeStyleAI Demo, PrimeStyleAI Import, Shoes, Road Running Shoes, female, nike, pegasus, pegasus 42, running shoes, road running, reactx, air zoom, women, footwear, demo",TRUE,Color,Chalk/Orange Pulse/Bright Violet/Tattoo,Size,W 7 / M 5.5,,,nike-pegasus-42-womens-road-running-shoes-ib1881-602-7-3,0,shopify,100,deny,manual,145.00,,TRUE,TRUE,,https://res.cloudinary.com/dgvtynla7/image/upload/v1779029627/demo/products/nike_pegasus_42_womens_road_running_shoes_ib1881_602/variants-highres/IB1881-100/02.webp,35,Women's Running Shoes,FALSE,Women's Running Shoes,"Responsive road running shoes with full-length Air Zoom cushioning, ReactX foam, breathable mesh, and a roomier forefoot fit.",Apparel & Accessories > Shoes,female,adult,,new,TRUE,PrimeStyleAI Demo,,,,,https://res.cloudinary.com/dgvtynla7/image/upload/v1779029534/demo/products/nike_pegasus_42_womens_road_running_shoes_ib1881_602/variants-highres/IB1881-113/01.webp,lb,,,active
nike-pegasus-42-womens-road-running-shoes-ib1881-602,Women's Running Shoes,"<p>Responsive road running shoes with full-length Air Zoom cushioning, ReactX foam, breathable mesh, and a roomier forefoot fit.</p>
<p><strong>Material:</strong> Lightweight mesh upper, ReactX foam midsole, high-abrasion rubber outsole</p>
<p><strong>Available sizes:</strong> W 5 / M 3.5, W 5.5 / M 4, W 6 / M 4.5, W 6.5 / M 5, W 7 / M 5.5, W 7.5 / M 6, W 8 / M 6.5, W 8.5 / M 7, W 9 / M 7.5, W 9.5 / M 8, W 10 / M 8.5, W 10.5 / M 9, W 11 / M 9.5, W 11.5 / M 10, W 12 / M 10.5</p>
<div class=""primestyle-size-guide""><h3>Nike Unisex Shoes Women&#39;s Based Size Guide</h3><table><thead><tr><th>Standard</th><th>US Women</th><th>US Men</th><th>UK</th><th>CM / JP</th><th>EU</th></tr></thead><tbody><tr><td>W 5 / M 3.5</td><td>5</td><td>3.5</td><td>2.5</td><td>22</td><td>35.5</td></tr><tr><td>W 5.5 / M 4</td><td>5.5</td><td>4</td><td>3</td><td>22.5</td><td>36</td></tr><tr><td>W 6 / M 4.5</td><td>6</td><td>4.5</td><td>3.5</td><td>23</td><td>36.5</td></tr><tr><td>W 6.5 / M 5</td><td>6.5</td><td>5</td><td>4</td><td>23.5</td><td>37.5</td></tr><tr><td>W 7 / M 5.5</td><td>7</td><td>5.5</td><td>4.5</td><td>24</td><td>38</td></tr><tr><td>W 7.5 / M 6</td><td>7.5</td><td>6</td><td>5</td><td>24.5</td><td>38.5</td></tr><tr><td>W 8 / M 6.5</td><td>8</td><td>6.5</td><td>5.5</td><td>25</td><td>39</td></tr><tr><td>W 8.5 / M 7</td><td>8.5</td><td>7</td><td>6</td><td>25.5</td><td>40</td></tr><tr><td>W 9 / M 7.5</td><td>9</td><td>7.5</td><td>6.5</td><td>26</td><td>40.5</td></tr><tr><td>W 9.5 / M 8</td><td>9.5</td><td>8</td><td>7</td><td>26.5</td><td>41</td></tr><tr><td>W 10 / M 8.5</td><td>10</td><td>8.5</td><td>7.5</td><td>27</td><td>42</td></tr><tr><td>W 10.5 / M 9</td><td>10.5</td><td>9</td><td>8</td><td>27.5</td><td>42.5</td></tr><tr><td>W 11 / M 9.5</td><td>11</td><td>9.5</td><td>8.5</td><td>28</td><td>43</td></tr><tr><td>W 11.5 / M 10</td><td>11.5</td><td>10</td><td>9</td><td>28.5</td><td>44</td></tr><tr><td>W 12 / M 10.5</td><td>12</td><td>10.5</td><td>9.5</td><td>29</td><td>44.5</td></tr></tbody></table></div>",Nike,Apparel & Accessories > Shoes,Shoes,"PrimeStyleAI Demo, PrimeStyleAI Import, Shoes, Road Running Shoes, female, nike, pegasus, pegasus 42, running shoes, road running, reactx, air zoom, women, footwear, demo",TRUE,Color,Chalk/Orange Pulse/Bright Violet/Tattoo,Size,W 7.5 / M 6,,,nike-pegasus-42-womens-road-running-shoes-ib1881-602-7-5-3,0,shopify,100,deny,manual,145.00,,TRUE,TRUE,,https://res.cloudinary.com/dgvtynla7/image/upload/v1779029633/demo/products/nike_pegasus_42_womens_road_running_shoes_ib1881_602/variants-highres/IB1881-100/03.webp,36,Women's Running Shoes,FALSE,Women's Running Shoes,"Responsive road running shoes with full-length Air Zoom cushioning, ReactX foam, breathable mesh, and a roomier forefoot fit.",Apparel & Accessories > Shoes,female,adult,,new,TRUE,PrimeStyleAI Demo,,,,,https://res.cloudinary.com/dgvtynla7/image/upload/v1779029534/demo/products/nike_pegasus_42_womens_road_running_shoes_ib1881_602/variants-highres/IB1881-113/01.webp,lb,,,active
nike-pegasus-42-womens-road-running-shoes-ib1881-602,Women's Running Shoes,"<p>Responsive road running shoes with full-length Air Zoom cushioning, ReactX foam, breathable mesh, and a roomier forefoot fit.</p>
<p><strong>Material:</strong> Lightweight mesh upper, ReactX foam midsole, high-abrasion rubber outsole</p>
<p><strong>Available sizes:</strong> W 5 / M 3.5, W 5.5 / M 4, W 6 / M 4.5, W 6.5 / M 5, W 7 / M 5.5, W 7.5 / M 6, W 8 / M 6.5, W 8.5 / M 7, W 9 / M 7.5, W 9.5 / M 8, W 10 / M 8.5, W 10.5 / M 9, W 11 / M 9.5, W 11.5 / M 10, W 12 / M 10.5</p>
<div class=""primestyle-size-guide""><h3>Nike Unisex Shoes Women&#39;s Based Size Guide</h3><table><thead><tr><th>Standard</th><th>US Women</th><th>US Men</th><th>UK</th><th>CM / JP</th><th>EU</th></tr></thead><tbody><tr><td>W 5 / M 3.5</td><td>5</td><td>3.5</td><td>2.5</td><td>22</td><td>35.5</td></tr><tr><td>W 5.5 / M 4</td><td>5.5</td><td>4</td><td>3</td><td>22.5</td><td>36</td></tr><tr><td>W 6 / M 4.5</td><td>6</td><td>4.5</td><td>3.5</td><td>23</td><td>36.5</td></tr><tr><td>W 6.5 / M 5</td><td>6.5</td><td>5</td><td>4</td><td>23.5</td><td>37.5</td></tr><tr><td>W 7 / M 5.5</td><td>7</td><td>5.5</td><td>4.5</td><td>24</td><td>38</td></tr><tr><td>W 7.5 / M 6</td><td>7.5</td><td>6</td><td>5</td><td>24.5</td><td>38.5</td></tr><tr><td>W 8 / M 6.5</td><td>8</td><td>6.5</td><td>5.5</td><td>25</td><td>39</td></tr><tr><td>W 8.5 / M 7</td><td>8.5</td><td>7</td><td>6</td><td>25.5</td><td>40</td></tr><tr><td>W 9 / M 7.5</td><td>9</td><td>7.5</td><td>6.5</td><td>26</td><td>40.5</td></tr><tr><td>W 9.5 / M 8</td><td>9.5</td><td>8</td><td>7</td><td>26.5</td><td>41</td></tr><tr><td>W 10 / M 8.5</td><td>10</td><td>8.5</td><td>7.5</td><td>27</td><td>42</td></tr><tr><td>W 10.5 / M 9</td><td>10.5</td><td>9</td><td>8</td><td>27.5</td><td>42.5</td></tr><tr><td>W 11 / M 9.5</td><td>11</td><td>9.5</td><td>8.5</td><td>28</td><td>43</td></tr><tr><td>W 11.5 / M 10</td><td>11.5</td><td>10</td><td>9</td><td>28.5</td><td>44</td></tr><tr><td>W 12 / M 10.5</td><td>12</td><td>10.5</td><td>9.5</td><td>29</td><td>44.5</td></tr></tbody></table></div>",Nike,Apparel & Accessories > Shoes,Shoes,"PrimeStyleAI Demo, PrimeStyleAI Import, Shoes, Road Running Shoes, female, nike, pegasus, pegasus 42, running shoes, road running, reactx, air zoom, women, footwear, demo",TRUE,Color,Chalk/Orange Pulse/Bright Violet/Tattoo,Size,W 8 / M 6.5,,,nike-pegasus-42-womens-road-running-shoes-ib1881-602-8-3,0,shopify,100,deny,manual,145.00,,TRUE,TRUE,,https://res.cloudinary.com/dgvtynla7/image/upload/v1779029639/demo/products/nike_pegasus_42_womens_road_running_shoes_ib1881_602/variants-highres/IB1881-100/04.webp,37,Women's Running Shoes,FALSE,Women's Running Shoes,"Responsive road running shoes with full-length Air Zoom cushioning, ReactX foam, breathable mesh, and a roomier forefoot fit.",Apparel & Accessories > Shoes,female,adult,,new,TRUE,PrimeStyleAI Demo,,,,,https://res.cloudinary.com/dgvtynla7/image/upload/v1779029534/demo/products/nike_pegasus_42_womens_road_running_shoes_ib1881_602/variants-highres/IB1881-113/01.webp,lb,,,active
nike-pegasus-42-womens-road-running-shoes-ib1881-602,Women's Running Shoes,"<p>Responsive road running shoes with full-length Air Zoom cushioning, ReactX foam, breathable mesh, and a roomier forefoot fit.</p>
<p><strong>Material:</strong> Lightweight mesh upper, ReactX foam midsole, high-abrasion rubber outsole</p>
<p><strong>Available sizes:</strong> W 5 / M 3.5, W 5.5 / M 4, W 6 / M 4.5, W 6.5 / M 5, W 7 / M 5.5, W 7.5 / M 6, W 8 / M 6.5, W 8.5 / M 7, W 9 / M 7.5, W 9.5 / M 8, W 10 / M 8.5, W 10.5 / M 9, W 11 / M 9.5, W 11.5 / M 10, W 12 / M 10.5</p>
<div class=""primestyle-size-guide""><h3>Nike Unisex Shoes Women&#39;s Based Size Guide</h3><table><thead><tr><th>Standard</th><th>US Women</th><th>US Men</th><th>UK</th><th>CM / JP</th><th>EU</th></tr></thead><tbody><tr><td>W 5 / M 3.5</td><td>5</td><td>3.5</td><td>2.5</td><td>22</td><td>35.5</td></tr><tr><td>W 5.5 / M 4</td><td>5.5</td><td>4</td><td>3</td><td>22.5</td><td>36</td></tr><tr><td>W 6 / M 4.5</td><td>6</td><td>4.5</td><td>3.5</td><td>23</td><td>36.5</td></tr><tr><td>W 6.5 / M 5</td><td>6.5</td><td>5</td><td>4</td><td>23.5</td><td>37.5</td></tr><tr><td>W 7 / M 5.5</td><td>7</td><td>5.5</td><td>4.5</td><td>24</td><td>38</td></tr><tr><td>W 7.5 / M 6</td><td>7.5</td><td>6</td><td>5</td><td>24.5</td><td>38.5</td></tr><tr><td>W 8 / M 6.5</td><td>8</td><td>6.5</td><td>5.5</td><td>25</td><td>39</td></tr><tr><td>W 8.5 / M 7</td><td>8.5</td><td>7</td><td>6</td><td>25.5</td><td>40</td></tr><tr><td>W 9 / M 7.5</td><td>9</td><td>7.5</td><td>6.5</td><td>26</td><td>40.5</td></tr><tr><td>W 9.5 / M 8</td><td>9.5</td><td>8</td><td>7</td><td>26.5</td><td>41</td></tr><tr><td>W 10 / M 8.5</td><td>10</td><td>8.5</td><td>7.5</td><td>27</td><td>42</td></tr><tr><td>W 10.5 / M 9</td><td>10.5</td><td>9</td><td>8</td><td>27.5</td><td>42.5</td></tr><tr><td>W 11 / M 9.5</td><td>11</td><td>9.5</td><td>8.5</td><td>28</td><td>43</td></tr><tr><td>W 11.5 / M 10</td><td>11.5</td><td>10</td><td>9</td><td>28.5</td><td>44</td></tr><tr><td>W 12 / M 10.5</td><td>12</td><td>10.5</td><td>9.5</td><td>29</td><td>44.5</td></tr></tbody></table></div>",Nike,Apparel & Accessories > Shoes,Shoes,"PrimeStyleAI Demo, PrimeStyleAI Import, Shoes, Road Running Shoes, female, nike, pegasus, pegasus 42, running shoes, road running, reactx, air zoom, women, footwear, demo",TRUE,Color,Chalk/Orange Pulse/Bright Violet/Tattoo,Size,W 8.5 / M 7,,,nike-pegasus-42-womens-road-running-shoes-ib1881-602-8-5-3,0,shopify,100,deny,manual,145.00,,TRUE,TRUE,,https://res.cloudinary.com/dgvtynla7/image/upload/v1779029644/demo/products/nike_pegasus_42_womens_road_running_shoes_ib1881_602/variants-highres/IB1881-100/05.webp,38,Women's Running Shoes,FALSE,Women's Running Shoes,"Responsive road running shoes with full-length Air Zoom cushioning, ReactX foam, breathable mesh, and a roomier forefoot fit.",Apparel & Accessories > Shoes,female,adult,,new,TRUE,PrimeStyleAI Demo,,,,,https://res.cloudinary.com/dgvtynla7/image/upload/v1779029534/demo/products/nike_pegasus_42_womens_road_running_shoes_ib1881_602/variants-highres/IB1881-113/01.webp,lb,,,active
nike-pegasus-42-womens-road-running-shoes-ib1881-602,Women's Running Shoes,"<p>Responsive road running shoes with full-length Air Zoom cushioning, ReactX foam, breathable mesh, and a roomier forefoot fit.</p>
<p><strong>Material:</strong> Lightweight mesh upper, ReactX foam midsole, high-abrasion rubber outsole</p>
<p><strong>Available sizes:</strong> W 5 / M 3.5, W 5.5 / M 4, W 6 / M 4.5, W 6.5 / M 5, W 7 / M 5.5, W 7.5 / M 6, W 8 / M 6.5, W 8.5 / M 7, W 9 / M 7.5, W 9.5 / M 8, W 10 / M 8.5, W 10.5 / M 9, W 11 / M 9.5, W 11.5 / M 10, W 12 / M 10.5</p>
<div class=""primestyle-size-guide""><h3>Nike Unisex Shoes Women&#39;s Based Size Guide</h3><table><thead><tr><th>Standard</th><th>US Women</th><th>US Men</th><th>UK</th><th>CM / JP</th><th>EU</th></tr></thead><tbody><tr><td>W 5 / M 3.5</td><td>5</td><td>3.5</td><td>2.5</td><td>22</td><td>35.5</td></tr><tr><td>W 5.5 / M 4</td><td>5.5</td><td>4</td><td>3</td><td>22.5</td><td>36</td></tr><tr><td>W 6 / M 4.5</td><td>6</td><td>4.5</td><td>3.5</td><td>23</td><td>36.5</td></tr><tr><td>W 6.5 / M 5</td><td>6.5</td><td>5</td><td>4</td><td>23.5</td><td>37.5</td></tr><tr><td>W 7 / M 5.5</td><td>7</td><td>5.5</td><td>4.5</td><td>24</td><td>38</td></tr><tr><td>W 7.5 / M 6</td><td>7.5</td><td>6</td><td>5</td><td>24.5</td><td>38.5</td></tr><tr><td>W 8 / M 6.5</td><td>8</td><td>6.5</td><td>5.5</td><td>25</td><td>39</td></tr><tr><td>W 8.5 / M 7</td><td>8.5</td><td>7</td><td>6</td><td>25.5</td><td>40</td></tr><tr><td>W 9 / M 7.5</td><td>9</td><td>7.5</td><td>6.5</td><td>26</td><td>40.5</td></tr><tr><td>W 9.5 / M 8</td><td>9.5</td><td>8</td><td>7</td><td>26.5</td><td>41</td></tr><tr><td>W 10 / M 8.5</td><td>10</td><td>8.5</td><td>7.5</td><td>27</td><td>42</td></tr><tr><td>W 10.5 / M 9</td><td>10.5</td><td>9</td><td>8</td><td>27.5</td><td>42.5</td></tr><tr><td>W 11 / M 9.5</td><td>11</td><td>9.5</td><td>8.5</td><td>28</td><td>43</td></tr><tr><td>W 11.5 / M 10</td><td>11.5</td><td>10</td><td>9</td><td>28.5</td><td>44</td></tr><tr><td>W 12 / M 10.5</td><td>12</td><td>10.5</td><td>9.5</td><td>29</td><td>44.5</td></tr></tbody></table></div>",Nike,Apparel & Accessories > Shoes,Shoes,"PrimeStyleAI Demo, PrimeStyleAI Import, Shoes, Road Running Shoes, female, nike, pegasus, pegasus 42, running shoes, road running, reactx, air zoom, women, footwear, demo",TRUE,Color,Chalk/Orange Pulse/Bright Violet/Tattoo,Size,W 9 / M 7.5,,,nike-pegasus-42-womens-road-running-shoes-ib1881-602-9-3,0,shopify,100,deny,manual,145.00,,TRUE,TRUE,,https://res.cloudinary.com/dgvtynla7/image/upload/v1779029650/demo/products/nike_pegasus_42_womens_road_running_shoes_ib1881_602/variants-highres/IB1881-100/06.webp,39,Women's Running Shoes,FALSE,Women's Running Shoes,"Responsive road running shoes with full-length Air Zoom cushioning, ReactX foam, breathable mesh, and a roomier forefoot fit.",Apparel & Accessories > Shoes,female,adult,,new,TRUE,PrimeStyleAI Demo,,,,,https://res.cloudinary.com/dgvtynla7/image/upload/v1779029534/demo/products/nike_pegasus_42_womens_road_running_shoes_ib1881_602/variants-highres/IB1881-113/01.webp,lb,,,active
nike-pegasus-42-womens-road-running-shoes-ib1881-602,Women's Running Shoes,"<p>Responsive road running shoes with full-length Air Zoom cushioning, ReactX foam, breathable mesh, and a roomier forefoot fit.</p>
<p><strong>Material:</strong> Lightweight mesh upper, ReactX foam midsole, high-abrasion rubber outsole</p>
<p><strong>Available sizes:</strong> W 5 / M 3.5, W 5.5 / M 4, W 6 / M 4.5, W 6.5 / M 5, W 7 / M 5.5, W 7.5 / M 6, W 8 / M 6.5, W 8.5 / M 7, W 9 / M 7.5, W 9.5 / M 8, W 10 / M 8.5, W 10.5 / M 9, W 11 / M 9.5, W 11.5 / M 10, W 12 / M 10.5</p>
<div class=""primestyle-size-guide""><h3>Nike Unisex Shoes Women&#39;s Based Size Guide</h3><table><thead><tr><th>Standard</th><th>US Women</th><th>US Men</th><th>UK</th><th>CM / JP</th><th>EU</th></tr></thead><tbody><tr><td>W 5 / M 3.5</td><td>5</td><td>3.5</td><td>2.5</td><td>22</td><td>35.5</td></tr><tr><td>W 5.5 / M 4</td><td>5.5</td><td>4</td><td>3</td><td>22.5</td><td>36</td></tr><tr><td>W 6 / M 4.5</td><td>6</td><td>4.5</td><td>3.5</td><td>23</td><td>36.5</td></tr><tr><td>W 6.5 / M 5</td><td>6.5</td><td>5</td><td>4</td><td>23.5</td><td>37.5</td></tr><tr><td>W 7 / M 5.5</td><td>7</td><td>5.5</td><td>4.5</td><td>24</td><td>38</td></tr><tr><td>W 7.5 / M 6</td><td>7.5</td><td>6</td><td>5</td><td>24.5</td><td>38.5</td></tr><tr><td>W 8 / M 6.5</td><td>8</td><td>6.5</td><td>5.5</td><td>25</td><td>39</td></tr><tr><td>W 8.5 / M 7</td><td>8.5</td><td>7</td><td>6</td><td>25.5</td><td>40</td></tr><tr><td>W 9 / M 7.5</td><td>9</td><td>7.5</td><td>6.5</td><td>26</td><td>40.5</td></tr><tr><td>W 9.5 / M 8</td><td>9.5</td><td>8</td><td>7</td><td>26.5</td><td>41</td></tr><tr><td>W 10 / M 8.5</td><td>10</td><td>8.5</td><td>7.5</td><td>27</td><td>42</td></tr><tr><td>W 10.5 / M 9</td><td>10.5</td><td>9</td><td>8</td><td>27.5</td><td>42.5</td></tr><tr><td>W 11 / M 9.5</td><td>11</td><td>9.5</td><td>8.5</td><td>28</td><td>43</td></tr><tr><td>W 11.5 / M 10</td><td>11.5</td><td>10</td><td>9</td><td>28.5</td><td>44</td></tr><tr><td>W 12 / M 10.5</td><td>12</td><td>10.5</td><td>9.5</td><td>29</td><td>44.5</td></tr></tbody></table></div>",Nike,Apparel & Accessories > Shoes,Shoes,"PrimeStyleAI Demo, PrimeStyleAI Import, Shoes, Road Running Shoes, female, nike, pegasus, pegasus 42, running shoes, road running, reactx, air zoom, women, footwear, demo",TRUE,Color,Chalk/Orange Pulse/Bright Violet/Tattoo,Size,W 9.5 / M 8,,,nike-pegasus-42-womens-road-running-shoes-ib1881-602-9-5-3,0,shopify,100,deny,manual,145.00,,TRUE,TRUE,,https://res.cloudinary.com/dgvtynla7/image/upload/v1779029655/demo/products/nike_pegasus_42_womens_road_running_shoes_ib1881_602/variants-highres/IB1881-100/07.webp,40,Women's Running Shoes,FALSE,Women's Running Shoes,"Responsive road running shoes with full-length Air Zoom cushioning, ReactX foam, breathable mesh, and a roomier forefoot fit.",Apparel & Accessories > Shoes,female,adult,,new,TRUE,PrimeStyleAI Demo,,,,,https://res.cloudinary.com/dgvtynla7/image/upload/v1779029534/demo/products/nike_pegasus_42_womens_road_running_shoes_ib1881_602/variants-highres/IB1881-113/01.webp,lb,,,active
nike-pegasus-42-womens-road-running-shoes-ib1881-602,Women's Running Shoes,"<p>Responsive road running shoes with full-length Air Zoom cushioning, ReactX foam, breathable mesh, and a roomier forefoot fit.</p>
<p><strong>Material:</strong> Lightweight mesh upper, ReactX foam midsole, high-abrasion rubber outsole</p>
<p><strong>Available sizes:</strong> W 5 / M 3.5, W 5.5 / M 4, W 6 / M 4.5, W 6.5 / M 5, W 7 / M 5.5, W 7.5 / M 6, W 8 / M 6.5, W 8.5 / M 7, W 9 / M 7.5, W 9.5 / M 8, W 10 / M 8.5, W 10.5 / M 9, W 11 / M 9.5, W 11.5 / M 10, W 12 / M 10.5</p>
<div class=""primestyle-size-guide""><h3>Nike Unisex Shoes Women&#39;s Based Size Guide</h3><table><thead><tr><th>Standard</th><th>US Women</th><th>US Men</th><th>UK</th><th>CM / JP</th><th>EU</th></tr></thead><tbody><tr><td>W 5 / M 3.5</td><td>5</td><td>3.5</td><td>2.5</td><td>22</td><td>35.5</td></tr><tr><td>W 5.5 / M 4</td><td>5.5</td><td>4</td><td>3</td><td>22.5</td><td>36</td></tr><tr><td>W 6 / M 4.5</td><td>6</td><td>4.5</td><td>3.5</td><td>23</td><td>36.5</td></tr><tr><td>W 6.5 / M 5</td><td>6.5</td><td>5</td><td>4</td><td>23.5</td><td>37.5</td></tr><tr><td>W 7 / M 5.5</td><td>7</td><td>5.5</td><td>4.5</td><td>24</td><td>38</td></tr><tr><td>W 7.5 / M 6</td><td>7.5</td><td>6</td><td>5</td><td>24.5</td><td>38.5</td></tr><tr><td>W 8 / M 6.5</td><td>8</td><td>6.5</td><td>5.5</td><td>25</td><td>39</td></tr><tr><td>W 8.5 / M 7</td><td>8.5</td><td>7</td><td>6</td><td>25.5</td><td>40</td></tr><tr><td>W 9 / M 7.5</td><td>9</td><td>7.5</td><td>6.5</td><td>26</td><td>40.5</td></tr><tr><td>W 9.5 / M 8</td><td>9.5</td><td>8</td><td>7</td><td>26.5</td><td>41</td></tr><tr><td>W 10 / M 8.5</td><td>10</td><td>8.5</td><td>7.5</td><td>27</td><td>42</td></tr><tr><td>W 10.5 / M 9</td><td>10.5</td><td>9</td><td>8</td><td>27.5</td><td>42.5</td></tr><tr><td>W 11 / M 9.5</td><td>11</td><td>9.5</td><td>8.5</td><td>28</td><td>43</td></tr><tr><td>W 11.5 / M 10</td><td>11.5</td><td>10</td><td>9</td><td>28.5</td><td>44</td></tr><tr><td>W 12 / M 10.5</td><td>12</td><td>10.5</td><td>9.5</td><td>29</td><td>44.5</td></tr></tbody></table></div>",Nike,Apparel & Accessories > Shoes,Shoes,"PrimeStyleAI Demo, PrimeStyleAI Import, Shoes, Road Running Shoes, female, nike, pegasus, pegasus 42, running shoes, road running, reactx, air zoom, women, footwear, demo",TRUE,Color,Chalk/Orange Pulse/Bright Violet/Tattoo,Size,W 10 / M 8.5,,,nike-pegasus-42-womens-road-running-shoes-ib1881-602-10-3,0,shopify,100,deny,manual,145.00,,TRUE,TRUE,,https://res.cloudinary.com/dgvtynla7/image/upload/v1779029659/demo/products/nike_pegasus_42_womens_road_running_shoes_ib1881_602/variants-highres/IB1881-100/08.webp,41,Women's Running Shoes,FALSE,Women's Running Shoes,"Responsive road running shoes with full-length Air Zoom cushioning, ReactX foam, breathable mesh, and a roomier forefoot fit.",Apparel & Accessories > Shoes,female,adult,,new,TRUE,PrimeStyleAI Demo,,,,,https://res.cloudinary.com/dgvtynla7/image/upload/v1779029534/demo/products/nike_pegasus_42_womens_road_running_shoes_ib1881_602/variants-highres/IB1881-113/01.webp,lb,,,active
nike-pegasus-42-womens-road-running-shoes-ib1881-602,Women's Running Shoes,"<p>Responsive road running shoes with full-length Air Zoom cushioning, ReactX foam, breathable mesh, and a roomier forefoot fit.</p>
<p><strong>Material:</strong> Lightweight mesh upper, ReactX foam midsole, high-abrasion rubber outsole</p>
<p><strong>Available sizes:</strong> W 5 / M 3.5, W 5.5 / M 4, W 6 / M 4.5, W 6.5 / M 5, W 7 / M 5.5, W 7.5 / M 6, W 8 / M 6.5, W 8.5 / M 7, W 9 / M 7.5, W 9.5 / M 8, W 10 / M 8.5, W 10.5 / M 9, W 11 / M 9.5, W 11.5 / M 10, W 12 / M 10.5</p>
<div class=""primestyle-size-guide""><h3>Nike Unisex Shoes Women&#39;s Based Size Guide</h3><table><thead><tr><th>Standard</th><th>US Women</th><th>US Men</th><th>UK</th><th>CM / JP</th><th>EU</th></tr></thead><tbody><tr><td>W 5 / M 3.5</td><td>5</td><td>3.5</td><td>2.5</td><td>22</td><td>35.5</td></tr><tr><td>W 5.5 / M 4</td><td>5.5</td><td>4</td><td>3</td><td>22.5</td><td>36</td></tr><tr><td>W 6 / M 4.5</td><td>6</td><td>4.5</td><td>3.5</td><td>23</td><td>36.5</td></tr><tr><td>W 6.5 / M 5</td><td>6.5</td><td>5</td><td>4</td><td>23.5</td><td>37.5</td></tr><tr><td>W 7 / M 5.5</td><td>7</td><td>5.5</td><td>4.5</td><td>24</td><td>38</td></tr><tr><td>W 7.5 / M 6</td><td>7.5</td><td>6</td><td>5</td><td>24.5</td><td>38.5</td></tr><tr><td>W 8 / M 6.5</td><td>8</td><td>6.5</td><td>5.5</td><td>25</td><td>39</td></tr><tr><td>W 8.5 / M 7</td><td>8.5</td><td>7</td><td>6</td><td>25.5</td><td>40</td></tr><tr><td>W 9 / M 7.5</td><td>9</td><td>7.5</td><td>6.5</td><td>26</td><td>40.5</td></tr><tr><td>W 9.5 / M 8</td><td>9.5</td><td>8</td><td>7</td><td>26.5</td><td>41</td></tr><tr><td>W 10 / M 8.5</td><td>10</td><td>8.5</td><td>7.5</td><td>27</td><td>42</td></tr><tr><td>W 10.5 / M 9</td><td>10.5</td><td>9</td><td>8</td><td>27.5</td><td>42.5</td></tr><tr><td>W 11 / M 9.5</td><td>11</td><td>9.5</td><td>8.5</td><td>28</td><td>43</td></tr><tr><td>W 11.5 / M 10</td><td>11.5</td><td>10</td><td>9</td><td>28.5</td><td>44</td></tr><tr><td>W 12 / M 10.5</td><td>12</td><td>10.5</td><td>9.5</td><td>29</td><td>44.5</td></tr></tbody></table></div>",Nike,Apparel & Accessories > Shoes,Shoes,"PrimeStyleAI Demo, PrimeStyleAI Import, Shoes, Road Running Shoes, female, nike, pegasus, pegasus 42, running shoes, road running, reactx, air zoom, women, footwear, demo",TRUE,Color,Chalk/Orange Pulse/Bright Violet/Tattoo,Size,W 10.5 / M 9,,,nike-pegasus-42-womens-road-running-shoes-ib1881-602-10-5-3,0,shopify,100,deny,manual,145.00,,TRUE,TRUE,,https://res.cloudinary.com/dgvtynla7/image/upload/v1779029666/demo/products/nike_pegasus_42_womens_road_running_shoes_ib1881_602/variants-highres/IB1881-500/01.webp,42,Women's Running Shoes,FALSE,Women's Running Shoes,"Responsive road running shoes with full-length Air Zoom cushioning, ReactX foam, breathable mesh, and a roomier forefoot fit.",Apparel & Accessories > Shoes,female,adult,,new,TRUE,PrimeStyleAI Demo,,,,,https://res.cloudinary.com/dgvtynla7/image/upload/v1779029534/demo/products/nike_pegasus_42_womens_road_running_shoes_ib1881_602/variants-highres/IB1881-113/01.webp,lb,,,active
nike-pegasus-42-womens-road-running-shoes-ib1881-602,Women's Running Shoes,"<p>Responsive road running shoes with full-length Air Zoom cushioning, ReactX foam, breathable mesh, and a roomier forefoot fit.</p>
<p><strong>Material:</strong> Lightweight mesh upper, ReactX foam midsole, high-abrasion rubber outsole</p>
<p><strong>Available sizes:</strong> W 5 / M 3.5, W 5.5 / M 4, W 6 / M 4.5, W 6.5 / M 5, W 7 / M 5.5, W 7.5 / M 6, W 8 / M 6.5, W 8.5 / M 7, W 9 / M 7.5, W 9.5 / M 8, W 10 / M 8.5, W 10.5 / M 9, W 11 / M 9.5, W 11.5 / M 10, W 12 / M 10.5</p>
<div class=""primestyle-size-guide""><h3>Nike Unisex Shoes Women&#39;s Based Size Guide</h3><table><thead><tr><th>Standard</th><th>US Women</th><th>US Men</th><th>UK</th><th>CM / JP</th><th>EU</th></tr></thead><tbody><tr><td>W 5 / M 3.5</td><td>5</td><td>3.5</td><td>2.5</td><td>22</td><td>35.5</td></tr><tr><td>W 5.5 / M 4</td><td>5.5</td><td>4</td><td>3</td><td>22.5</td><td>36</td></tr><tr><td>W 6 / M 4.5</td><td>6</td><td>4.5</td><td>3.5</td><td>23</td><td>36.5</td></tr><tr><td>W 6.5 / M 5</td><td>6.5</td><td>5</td><td>4</td><td>23.5</td><td>37.5</td></tr><tr><td>W 7 / M 5.5</td><td>7</td><td>5.5</td><td>4.5</td><td>24</td><td>38</td></tr><tr><td>W 7.5 / M 6</td><td>7.5</td><td>6</td><td>5</td><td>24.5</td><td>38.5</td></tr><tr><td>W 8 / M 6.5</td><td>8</td><td>6.5</td><td>5.5</td><td>25</td><td>39</td></tr><tr><td>W 8.5 / M 7</td><td>8.5</td><td>7</td><td>6</td><td>25.5</td><td>40</td></tr><tr><td>W 9 / M 7.5</td><td>9</td><td>7.5</td><td>6.5</td><td>26</td><td>40.5</td></tr><tr><td>W 9.5 / M 8</td><td>9.5</td><td>8</td><td>7</td><td>26.5</td><td>41</td></tr><tr><td>W 10 / M 8.5</td><td>10</td><td>8.5</td><td>7.5</td><td>27</td><td>42</td></tr><tr><td>W 10.5 / M 9</td><td>10.5</td><td>9</td><td>8</td><td>27.5</td><td>42.5</td></tr><tr><td>W 11 / M 9.5</td><td>11</td><td>9.5</td><td>8.5</td><td>28</td><td>43</td></tr><tr><td>W 11.5 / M 10</td><td>11.5</td><td>10</td><td>9</td><td>28.5</td><td>44</td></tr><tr><td>W 12 / M 10.5</td><td>12</td><td>10.5</td><td>9.5</td><td>29</td><td>44.5</td></tr></tbody></table></div>",Nike,Apparel & Accessories > Shoes,Shoes,"PrimeStyleAI Demo, PrimeStyleAI Import, Shoes, Road Running Shoes, female, nike, pegasus, pegasus 42, running shoes, road running, reactx, air zoom, women, footwear, demo",TRUE,Color,Chalk/Orange Pulse/Bright Violet/Tattoo,Size,W 11 / M 9.5,,,nike-pegasus-42-womens-road-running-shoes-ib1881-602-11-3,0,shopify,100,deny,manual,145.00,,TRUE,TRUE,,https://res.cloudinary.com/dgvtynla7/image/upload/v1779029672/demo/products/nike_pegasus_42_womens_road_running_shoes_ib1881_602/variants-highres/IB1881-500/02.webp,43,Women's Running Shoes,FALSE,Women's Running Shoes,"Responsive road running shoes with full-length Air Zoom cushioning, ReactX foam, breathable mesh, and a roomier forefoot fit.",Apparel & Accessories > Shoes,female,adult,,new,TRUE,PrimeStyleAI Demo,,,,,https://res.cloudinary.com/dgvtynla7/image/upload/v1779029534/demo/products/nike_pegasus_42_womens_road_running_shoes_ib1881_602/variants-highres/IB1881-113/01.webp,lb,,,active
nike-pegasus-42-womens-road-running-shoes-ib1881-602,Women's Running Shoes,"<p>Responsive road running shoes with full-length Air Zoom cushioning, ReactX foam, breathable mesh, and a roomier forefoot fit.</p>
<p><strong>Material:</strong> Lightweight mesh upper, ReactX foam midsole, high-abrasion rubber outsole</p>
<p><strong>Available sizes:</strong> W 5 / M 3.5, W 5.5 / M 4, W 6 / M 4.5, W 6.5 / M 5, W 7 / M 5.5, W 7.5 / M 6, W 8 / M 6.5, W 8.5 / M 7, W 9 / M 7.5, W 9.5 / M 8, W 10 / M 8.5, W 10.5 / M 9, W 11 / M 9.5, W 11.5 / M 10, W 12 / M 10.5</p>
<div class=""primestyle-size-guide""><h3>Nike Unisex Shoes Women&#39;s Based Size Guide</h3><table><thead><tr><th>Standard</th><th>US Women</th><th>US Men</th><th>UK</th><th>CM / JP</th><th>EU</th></tr></thead><tbody><tr><td>W 5 / M 3.5</td><td>5</td><td>3.5</td><td>2.5</td><td>22</td><td>35.5</td></tr><tr><td>W 5.5 / M 4</td><td>5.5</td><td>4</td><td>3</td><td>22.5</td><td>36</td></tr><tr><td>W 6 / M 4.5</td><td>6</td><td>4.5</td><td>3.5</td><td>23</td><td>36.5</td></tr><tr><td>W 6.5 / M 5</td><td>6.5</td><td>5</td><td>4</td><td>23.5</td><td>37.5</td></tr><tr><td>W 7 / M 5.5</td><td>7</td><td>5.5</td><td>4.5</td><td>24</td><td>38</td></tr><tr><td>W 7.5 / M 6</td><td>7.5</td><td>6</td><td>5</td><td>24.5</td><td>38.5</td></tr><tr><td>W 8 / M 6.5</td><td>8</td><td>6.5</td><td>5.5</td><td>25</td><td>39</td></tr><tr><td>W 8.5 / M 7</td><td>8.5</td><td>7</td><td>6</td><td>25.5</td><td>40</td></tr><tr><td>W 9 / M 7.5</td><td>9</td><td>7.5</td><td>6.5</td><td>26</td><td>40.5</td></tr><tr><td>W 9.5 / M 8</td><td>9.5</td><td>8</td><td>7</td><td>26.5</td><td>41</td></tr><tr><td>W 10 / M 8.5</td><td>10</td><td>8.5</td><td>7.5</td><td>27</td><td>42</td></tr><tr><td>W 10.5 / M 9</td><td>10.5</td><td>9</td><td>8</td><td>27.5</td><td>42.5</td></tr><tr><td>W 11 / M 9.5</td><td>11</td><td>9.5</td><td>8.5</td><td>28</td><td>43</td></tr><tr><td>W 11.5 / M 10</td><td>11.5</td><td>10</td><td>9</td><td>28.5</td><td>44</td></tr><tr><td>W 12 / M 10.5</td><td>12</td><td>10.5</td><td>9.5</td><td>29</td><td>44.5</td></tr></tbody></table></div>",Nike,Apparel & Accessories > Shoes,Shoes,"PrimeStyleAI Demo, PrimeStyleAI Import, Shoes, Road Running Shoes, female, nike, pegasus, pegasus 42, running shoes, road running, reactx, air zoom, women, footwear, demo",TRUE,Color,Chalk/Orange Pulse/Bright Violet/Tattoo,Size,W 11.5 / M 10,,,nike-pegasus-42-womens-road-running-shoes-ib1881-602-11-5-3,0,shopify,100,deny,manual,145.00,,TRUE,TRUE,,https://res.cloudinary.com/dgvtynla7/image/upload/v1779029678/demo/products/nike_pegasus_42_womens_road_running_shoes_ib1881_602/variants-highres/IB1881-500/03.webp,44,Women's Running Shoes,FALSE,Women's Running Shoes,"Responsive road running shoes with full-length Air Zoom cushioning, ReactX foam, breathable mesh, and a roomier forefoot fit.",Apparel & Accessories > Shoes,female,adult,,new,TRUE,PrimeStyleAI Demo,,,,,https://res.cloudinary.com/dgvtynla7/image/upload/v1779029534/demo/products/nike_pegasus_42_womens_road_running_shoes_ib1881_602/variants-highres/IB1881-113/01.webp,lb,,,active
nike-pegasus-42-womens-road-running-shoes-ib1881-602,Women's Running Shoes,"<p>Responsive road running shoes with full-length Air Zoom cushioning, ReactX foam, breathable mesh, and a roomier forefoot fit.</p>
<p><strong>Material:</strong> Lightweight mesh upper, ReactX foam midsole, high-abrasion rubber outsole</p>
<p><strong>Available sizes:</strong> W 5 / M 3.5, W 5.5 / M 4, W 6 / M 4.5, W 6.5 / M 5, W 7 / M 5.5, W 7.5 / M 6, W 8 / M 6.5, W 8.5 / M 7, W 9 / M 7.5, W 9.5 / M 8, W 10 / M 8.5, W 10.5 / M 9, W 11 / M 9.5, W 11.5 / M 10, W 12 / M 10.5</p>
<div class=""primestyle-size-guide""><h3>Nike Unisex Shoes Women&#39;s Based Size Guide</h3><table><thead><tr><th>Standard</th><th>US Women</th><th>US Men</th><th>UK</th><th>CM / JP</th><th>EU</th></tr></thead><tbody><tr><td>W 5 / M 3.5</td><td>5</td><td>3.5</td><td>2.5</td><td>22</td><td>35.5</td></tr><tr><td>W 5.5 / M 4</td><td>5.5</td><td>4</td><td>3</td><td>22.5</td><td>36</td></tr><tr><td>W 6 / M 4.5</td><td>6</td><td>4.5</td><td>3.5</td><td>23</td><td>36.5</td></tr><tr><td>W 6.5 / M 5</td><td>6.5</td><td>5</td><td>4</td><td>23.5</td><td>37.5</td></tr><tr><td>W 7 / M 5.5</td><td>7</td><td>5.5</td><td>4.5</td><td>24</td><td>38</td></tr><tr><td>W 7.5 / M 6</td><td>7.5</td><td>6</td><td>5</td><td>24.5</td><td>38.5</td></tr><tr><td>W 8 / M 6.5</td><td>8</td><td>6.5</td><td>5.5</td><td>25</td><td>39</td></tr><tr><td>W 8.5 / M 7</td><td>8.5</td><td>7</td><td>6</td><td>25.5</td><td>40</td></tr><tr><td>W 9 / M 7.5</td><td>9</td><td>7.5</td><td>6.5</td><td>26</td><td>40.5</td></tr><tr><td>W 9.5 / M 8</td><td>9.5</td><td>8</td><td>7</td><td>26.5</td><td>41</td></tr><tr><td>W 10 / M 8.5</td><td>10</td><td>8.5</td><td>7.5</td><td>27</td><td>42</td></tr><tr><td>W 10.5 / M 9</td><td>10.5</td><td>9</td><td>8</td><td>27.5</td><td>42.5</td></tr><tr><td>W 11 / M 9.5</td><td>11</td><td>9.5</td><td>8.5</td><td>28</td><td>43</td></tr><tr><td>W 11.5 / M 10</td><td>11.5</td><td>10</td><td>9</td><td>28.5</td><td>44</td></tr><tr><td>W 12 / M 10.5</td><td>12</td><td>10.5</td><td>9.5</td><td>29</td><td>44.5</td></tr></tbody></table></div>",Nike,Apparel & Accessories > Shoes,Shoes,"PrimeStyleAI Demo, PrimeStyleAI Import, Shoes, Road Running Shoes, female, nike, pegasus, pegasus 42, running shoes, road running, reactx, air zoom, women, footwear, demo",TRUE,Color,Chalk/Orange Pulse/Bright Violet/Tattoo,Size,W 12 / M 10.5,,,nike-pegasus-42-womens-road-running-shoes-ib1881-602-12-3,0,shopify,100,deny,manual,145.00,,TRUE,TRUE,,https://res.cloudinary.com/dgvtynla7/image/upload/v1779029683/demo/products/nike_pegasus_42_womens_road_running_shoes_ib1881_602/variants-highres/IB1881-500/04.webp,45,Women's Running Shoes,FALSE,Women's Running Shoes,"Responsive road running shoes with full-length Air Zoom cushioning, ReactX foam, breathable mesh, and a roomier forefoot fit.",Apparel & Accessories > Shoes,female,adult,,new,TRUE,PrimeStyleAI Demo,,,,,https://res.cloudinary.com/dgvtynla7/image/upload/v1779029534/demo/products/nike_pegasus_42_womens_road_running_shoes_ib1881_602/variants-highres/IB1881-113/01.webp,lb,,,active
nike-pegasus-42-womens-road-running-shoes-ib1881-602,Women's Running Shoes,"<p>Responsive road running shoes with full-length Air Zoom cushioning, ReactX foam, breathable mesh, and a roomier forefoot fit.</p>
<p><strong>Material:</strong> Lightweight mesh upper, ReactX foam midsole, high-abrasion rubber outsole</p>
<p><strong>Available sizes:</strong> W 5 / M 3.5, W 5.5 / M 4, W 6 / M 4.5, W 6.5 / M 5, W 7 / M 5.5, W 7.5 / M 6, W 8 / M 6.5, W 8.5 / M 7, W 9 / M 7.5, W 9.5 / M 8, W 10 / M 8.5, W 10.5 / M 9, W 11 / M 9.5, W 11.5 / M 10, W 12 / M 10.5</p>
<div class=""primestyle-size-guide""><h3>Nike Unisex Shoes Women&#39;s Based Size Guide</h3><table><thead><tr><th>Standard</th><th>US Women</th><th>US Men</th><th>UK</th><th>CM / JP</th><th>EU</th></tr></thead><tbody><tr><td>W 5 / M 3.5</td><td>5</td><td>3.5</td><td>2.5</td><td>22</td><td>35.5</td></tr><tr><td>W 5.5 / M 4</td><td>5.5</td><td>4</td><td>3</td><td>22.5</td><td>36</td></tr><tr><td>W 6 / M 4.5</td><td>6</td><td>4.5</td><td>3.5</td><td>23</td><td>36.5</td></tr><tr><td>W 6.5 / M 5</td><td>6.5</td><td>5</td><td>4</td><td>23.5</td><td>37.5</td></tr><tr><td>W 7 / M 5.5</td><td>7</td><td>5.5</td><td>4.5</td><td>24</td><td>38</td></tr><tr><td>W 7.5 / M 6</td><td>7.5</td><td>6</td><td>5</td><td>24.5</td><td>38.5</td></tr><tr><td>W 8 / M 6.5</td><td>8</td><td>6.5</td><td>5.5</td><td>25</td><td>39</td></tr><tr><td>W 8.5 / M 7</td><td>8.5</td><td>7</td><td>6</td><td>25.5</td><td>40</td></tr><tr><td>W 9 / M 7.5</td><td>9</td><td>7.5</td><td>6.5</td><td>26</td><td>40.5</td></tr><tr><td>W 9.5 / M 8</td><td>9.5</td><td>8</td><td>7</td><td>26.5</td><td>41</td></tr><tr><td>W 10 / M 8.5</td><td>10</td><td>8.5</td><td>7.5</td><td>27</td><td>42</td></tr><tr><td>W 10.5 / M 9</td><td>10.5</td><td>9</td><td>8</td><td>27.5</td><td>42.5</td></tr><tr><td>W 11 / M 9.5</td><td>11</td><td>9.5</td><td>8.5</td><td>28</td><td>43</td></tr><tr><td>W 11.5 / M 10</td><td>11.5</td><td>10</td><td>9</td><td>28.5</td><td>44</td></tr><tr><td>W 12 / M 10.5</td><td>12</td><td>10.5</td><td>9.5</td><td>29</td><td>44.5</td></tr></tbody></table></div>",Nike,Apparel & Accessories > Shoes,Shoes,"PrimeStyleAI Demo, PrimeStyleAI Import, Shoes, Road Running Shoes, female, nike, pegasus, pegasus 42, running shoes, road running, reactx, air zoom, women, footwear, demo",TRUE,Color,Light Bone/Arctic Orange/Chalk/Metallic Silver,Size,W 5 / M 3.5,,,nike-pegasus-42-womens-road-running-shoes-ib1881-602-5-4,0,shopify,100,deny,manual,145.00,,TRUE,TRUE,,https://res.cloudinary.com/dgvtynla7/image/upload/v1779029688/demo/products/nike_pegasus_42_womens_road_running_shoes_ib1881_602/variants-highres/IB1881-500/05.webp,46,Women's Running Shoes,FALSE,Women's Running Shoes,"Responsive road running shoes with full-length Air Zoom cushioning, ReactX foam, breathable mesh, and a roomier forefoot fit.",Apparel & Accessories > Shoes,female,adult,,new,TRUE,PrimeStyleAI Demo,,,,,https://res.cloudinary.com/dgvtynla7/image/upload/v1779029577/demo/products/nike_pegasus_42_womens_road_running_shoes_ib1881_602/variants-highres/IB1881-002/01.webp,lb,,,active
nike-pegasus-42-womens-road-running-shoes-ib1881-602,Women's Running Shoes,"<p>Responsive road running shoes with full-length Air Zoom cushioning, ReactX foam, breathable mesh, and a roomier forefoot fit.</p>
<p><strong>Material:</strong> Lightweight mesh upper, ReactX foam midsole, high-abrasion rubber outsole</p>
<p><strong>Available sizes:</strong> W 5 / M 3.5, W 5.5 / M 4, W 6 / M 4.5, W 6.5 / M 5, W 7 / M 5.5, W 7.5 / M 6, W 8 / M 6.5, W 8.5 / M 7, W 9 / M 7.5, W 9.5 / M 8, W 10 / M 8.5, W 10.5 / M 9, W 11 / M 9.5, W 11.5 / M 10, W 12 / M 10.5</p>
<div class=""primestyle-size-guide""><h3>Nike Unisex Shoes Women&#39;s Based Size Guide</h3><table><thead><tr><th>Standard</th><th>US Women</th><th>US Men</th><th>UK</th><th>CM / JP</th><th>EU</th></tr></thead><tbody><tr><td>W 5 / M 3.5</td><td>5</td><td>3.5</td><td>2.5</td><td>22</td><td>35.5</td></tr><tr><td>W 5.5 / M 4</td><td>5.5</td><td>4</td><td>3</td><td>22.5</td><td>36</td></tr><tr><td>W 6 / M 4.5</td><td>6</td><td>4.5</td><td>3.5</td><td>23</td><td>36.5</td></tr><tr><td>W 6.5 / M 5</td><td>6.5</td><td>5</td><td>4</td><td>23.5</td><td>37.5</td></tr><tr><td>W 7 / M 5.5</td><td>7</td><td>5.5</td><td>4.5</td><td>24</td><td>38</td></tr><tr><td>W 7.5 / M 6</td><td>7.5</td><td>6</td><td>5</td><td>24.5</td><td>38.5</td></tr><tr><td>W 8 / M 6.5</td><td>8</td><td>6.5</td><td>5.5</td><td>25</td><td>39</td></tr><tr><td>W 8.5 / M 7</td><td>8.5</td><td>7</td><td>6</td><td>25.5</td><td>40</td></tr><tr><td>W 9 / M 7.5</td><td>9</td><td>7.5</td><td>6.5</td><td>26</td><td>40.5</td></tr><tr><td>W 9.5 / M 8</td><td>9.5</td><td>8</td><td>7</td><td>26.5</td><td>41</td></tr><tr><td>W 10 / M 8.5</td><td>10</td><td>8.5</td><td>7.5</td><td>27</td><td>42</td></tr><tr><td>W 10.5 / M 9</td><td>10.5</td><td>9</td><td>8</td><td>27.5</td><td>42.5</td></tr><tr><td>W 11 / M 9.5</td><td>11</td><td>9.5</td><td>8.5</td><td>28</td><td>43</td></tr><tr><td>W 11.5 / M 10</td><td>11.5</td><td>10</td><td>9</td><td>28.5</td><td>44</td></tr><tr><td>W 12 / M 10.5</td><td>12</td><td>10.5</td><td>9.5</td><td>29</td><td>44.5</td></tr></tbody></table></div>",Nike,Apparel & Accessories > Shoes,Shoes,"PrimeStyleAI Demo, PrimeStyleAI Import, Shoes, Road Running Shoes, female, nike, pegasus, pegasus 42, running shoes, road running, reactx, air zoom, women, footwear, demo",TRUE,Color,Light Bone/Arctic Orange/Chalk/Metallic Silver,Size,W 5.5 / M 4,,,nike-pegasus-42-womens-road-running-shoes-ib1881-602-5-5-4,0,shopify,100,deny,manual,145.00,,TRUE,TRUE,,https://res.cloudinary.com/dgvtynla7/image/upload/v1779029694/demo/products/nike_pegasus_42_womens_road_running_shoes_ib1881_602/variants-highres/IB1881-500/06.webp,47,Women's Running Shoes,FALSE,Women's Running Shoes,"Responsive road running shoes with full-length Air Zoom cushioning, ReactX foam, breathable mesh, and a roomier forefoot fit.",Apparel & Accessories > Shoes,female,adult,,new,TRUE,PrimeStyleAI Demo,,,,,https://res.cloudinary.com/dgvtynla7/image/upload/v1779029577/demo/products/nike_pegasus_42_womens_road_running_shoes_ib1881_602/variants-highres/IB1881-002/01.webp,lb,,,active
nike-pegasus-42-womens-road-running-shoes-ib1881-602,Women's Running Shoes,"<p>Responsive road running shoes with full-length Air Zoom cushioning, ReactX foam, breathable mesh, and a roomier forefoot fit.</p>
<p><strong>Material:</strong> Lightweight mesh upper, ReactX foam midsole, high-abrasion rubber outsole</p>
<p><strong>Available sizes:</strong> W 5 / M 3.5, W 5.5 / M 4, W 6 / M 4.5, W 6.5 / M 5, W 7 / M 5.5, W 7.5 / M 6, W 8 / M 6.5, W 8.5 / M 7, W 9 / M 7.5, W 9.5 / M 8, W 10 / M 8.5, W 10.5 / M 9, W 11 / M 9.5, W 11.5 / M 10, W 12 / M 10.5</p>
<div class=""primestyle-size-guide""><h3>Nike Unisex Shoes Women&#39;s Based Size Guide</h3><table><thead><tr><th>Standard</th><th>US Women</th><th>US Men</th><th>UK</th><th>CM / JP</th><th>EU</th></tr></thead><tbody><tr><td>W 5 / M 3.5</td><td>5</td><td>3.5</td><td>2.5</td><td>22</td><td>35.5</td></tr><tr><td>W 5.5 / M 4</td><td>5.5</td><td>4</td><td>3</td><td>22.5</td><td>36</td></tr><tr><td>W 6 / M 4.5</td><td>6</td><td>4.5</td><td>3.5</td><td>23</td><td>36.5</td></tr><tr><td>W 6.5 / M 5</td><td>6.5</td><td>5</td><td>4</td><td>23.5</td><td>37.5</td></tr><tr><td>W 7 / M 5.5</td><td>7</td><td>5.5</td><td>4.5</td><td>24</td><td>38</td></tr><tr><td>W 7.5 / M 6</td><td>7.5</td><td>6</td><td>5</td><td>24.5</td><td>38.5</td></tr><tr><td>W 8 / M 6.5</td><td>8</td><td>6.5</td><td>5.5</td><td>25</td><td>39</td></tr><tr><td>W 8.5 / M 7</td><td>8.5</td><td>7</td><td>6</td><td>25.5</td><td>40</td></tr><tr><td>W 9 / M 7.5</td><td>9</td><td>7.5</td><td>6.5</td><td>26</td><td>40.5</td></tr><tr><td>W 9.5 / M 8</td><td>9.5</td><td>8</td><td>7</td><td>26.5</td><td>41</td></tr><tr><td>W 10 / M 8.5</td><td>10</td><td>8.5</td><td>7.5</td><td>27</td><td>42</td></tr><tr><td>W 10.5 / M 9</td><td>10.5</td><td>9</td><td>8</td><td>27.5</td><td>42.5</td></tr><tr><td>W 11 / M 9.5</td><td>11</td><td>9.5</td><td>8.5</td><td>28</td><td>43</td></tr><tr><td>W 11.5 / M 10</td><td>11.5</td><td>10</td><td>9</td><td>28.5</td><td>44</td></tr><tr><td>W 12 / M 10.5</td><td>12</td><td>10.5</td><td>9.5</td><td>29</td><td>44.5</td></tr></tbody></table></div>",Nike,Apparel & Accessories > Shoes,Shoes,"PrimeStyleAI Demo, PrimeStyleAI Import, Shoes, Road Running Shoes, female, nike, pegasus, pegasus 42, running shoes, road running, reactx, air zoom, women, footwear, demo",TRUE,Color,Light Bone/Arctic Orange/Chalk/Metallic Silver,Size,W 6 / M 4.5,,,nike-pegasus-42-womens-road-running-shoes-ib1881-602-6-4,0,shopify,100,deny,manual,145.00,,TRUE,TRUE,,https://res.cloudinary.com/dgvtynla7/image/upload/v1779029699/demo/products/nike_pegasus_42_womens_road_running_shoes_ib1881_602/variants-highres/IB1881-500/07.webp,48,Women's Running Shoes,FALSE,Women's Running Shoes,"Responsive road running shoes with full-length Air Zoom cushioning, ReactX foam, breathable mesh, and a roomier forefoot fit.",Apparel & Accessories > Shoes,female,adult,,new,TRUE,PrimeStyleAI Demo,,,,,https://res.cloudinary.com/dgvtynla7/image/upload/v1779029577/demo/products/nike_pegasus_42_womens_road_running_shoes_ib1881_602/variants-highres/IB1881-002/01.webp,lb,,,active
nike-pegasus-42-womens-road-running-shoes-ib1881-602,Women's Running Shoes,"<p>Responsive road running shoes with full-length Air Zoom cushioning, ReactX foam, breathable mesh, and a roomier forefoot fit.</p>
<p><strong>Material:</strong> Lightweight mesh upper, ReactX foam midsole, high-abrasion rubber outsole</p>
<p><strong>Available sizes:</strong> W 5 / M 3.5, W 5.5 / M 4, W 6 / M 4.5, W 6.5 / M 5, W 7 / M 5.5, W 7.5 / M 6, W 8 / M 6.5, W 8.5 / M 7, W 9 / M 7.5, W 9.5 / M 8, W 10 / M 8.5, W 10.5 / M 9, W 11 / M 9.5, W 11.5 / M 10, W 12 / M 10.5</p>
<div class=""primestyle-size-guide""><h3>Nike Unisex Shoes Women&#39;s Based Size Guide</h3><table><thead><tr><th>Standard</th><th>US Women</th><th>US Men</th><th>UK</th><th>CM / JP</th><th>EU</th></tr></thead><tbody><tr><td>W 5 / M 3.5</td><td>5</td><td>3.5</td><td>2.5</td><td>22</td><td>35.5</td></tr><tr><td>W 5.5 / M 4</td><td>5.5</td><td>4</td><td>3</td><td>22.5</td><td>36</td></tr><tr><td>W 6 / M 4.5</td><td>6</td><td>4.5</td><td>3.5</td><td>23</td><td>36.5</td></tr><tr><td>W 6.5 / M 5</td><td>6.5</td><td>5</td><td>4</td><td>23.5</td><td>37.5</td></tr><tr><td>W 7 / M 5.5</td><td>7</td><td>5.5</td><td>4.5</td><td>24</td><td>38</td></tr><tr><td>W 7.5 / M 6</td><td>7.5</td><td>6</td><td>5</td><td>24.5</td><td>38.5</td></tr><tr><td>W 8 / M 6.5</td><td>8</td><td>6.5</td><td>5.5</td><td>25</td><td>39</td></tr><tr><td>W 8.5 / M 7</td><td>8.5</td><td>7</td><td>6</td><td>25.5</td><td>40</td></tr><tr><td>W 9 / M 7.5</td><td>9</td><td>7.5</td><td>6.5</td><td>26</td><td>40.5</td></tr><tr><td>W 9.5 / M 8</td><td>9.5</td><td>8</td><td>7</td><td>26.5</td><td>41</td></tr><tr><td>W 10 / M 8.5</td><td>10</td><td>8.5</td><td>7.5</td><td>27</td><td>42</td></tr><tr><td>W 10.5 / M 9</td><td>10.5</td><td>9</td><td>8</td><td>27.5</td><td>42.5</td></tr><tr><td>W 11 / M 9.5</td><td>11</td><td>9.5</td><td>8.5</td><td>28</td><td>43</td></tr><tr><td>W 11.5 / M 10</td><td>11.5</td><td>10</td><td>9</td><td>28.5</td><td>44</td></tr><tr><td>W 12 / M 10.5</td><td>12</td><td>10.5</td><td>9.5</td><td>29</td><td>44.5</td></tr></tbody></table></div>",Nike,Apparel & Accessories > Shoes,Shoes,"PrimeStyleAI Demo, PrimeStyleAI Import, Shoes, Road Running Shoes, female, nike, pegasus, pegasus 42, running shoes, road running, reactx, air zoom, women, footwear, demo",TRUE,Color,Light Bone/Arctic Orange/Chalk/Metallic Silver,Size,W 6.5 / M 5,,,nike-pegasus-42-womens-road-running-shoes-ib1881-602-6-5-4,0,shopify,100,deny,manual,145.00,,TRUE,TRUE,,https://res.cloudinary.com/dgvtynla7/image/upload/v1779029704/demo/products/nike_pegasus_42_womens_road_running_shoes_ib1881_602/variants-highres/IB1881-500/08.webp,49,Women's Running Shoes,FALSE,Women's Running Shoes,"Responsive road running shoes with full-length Air Zoom cushioning, ReactX foam, breathable mesh, and a roomier forefoot fit.",Apparel & Accessories > Shoes,female,adult,,new,TRUE,PrimeStyleAI Demo,,,,,https://res.cloudinary.com/dgvtynla7/image/upload/v1779029577/demo/products/nike_pegasus_42_womens_road_running_shoes_ib1881_602/variants-highres/IB1881-002/01.webp,lb,,,active
nike-pegasus-42-womens-road-running-shoes-ib1881-602,Women's Running Shoes,"<p>Responsive road running shoes with full-length Air Zoom cushioning, ReactX foam, breathable mesh, and a roomier forefoot fit.</p>
<p><strong>Material:</strong> Lightweight mesh upper, ReactX foam midsole, high-abrasion rubber outsole</p>
<p><strong>Available sizes:</strong> W 5 / M 3.5, W 5.5 / M 4, W 6 / M 4.5, W 6.5 / M 5, W 7 / M 5.5, W 7.5 / M 6, W 8 / M 6.5, W 8.5 / M 7, W 9 / M 7.5, W 9.5 / M 8, W 10 / M 8.5, W 10.5 / M 9, W 11 / M 9.5, W 11.5 / M 10, W 12 / M 10.5</p>
<div class=""primestyle-size-guide""><h3>Nike Unisex Shoes Women&#39;s Based Size Guide</h3><table><thead><tr><th>Standard</th><th>US Women</th><th>US Men</th><th>UK</th><th>CM / JP</th><th>EU</th></tr></thead><tbody><tr><td>W 5 / M 3.5</td><td>5</td><td>3.5</td><td>2.5</td><td>22</td><td>35.5</td></tr><tr><td>W 5.5 / M 4</td><td>5.5</td><td>4</td><td>3</td><td>22.5</td><td>36</td></tr><tr><td>W 6 / M 4.5</td><td>6</td><td>4.5</td><td>3.5</td><td>23</td><td>36.5</td></tr><tr><td>W 6.5 / M 5</td><td>6.5</td><td>5</td><td>4</td><td>23.5</td><td>37.5</td></tr><tr><td>W 7 / M 5.5</td><td>7</td><td>5.5</td><td>4.5</td><td>24</td><td>38</td></tr><tr><td>W 7.5 / M 6</td><td>7.5</td><td>6</td><td>5</td><td>24.5</td><td>38.5</td></tr><tr><td>W 8 / M 6.5</td><td>8</td><td>6.5</td><td>5.5</td><td>25</td><td>39</td></tr><tr><td>W 8.5 / M 7</td><td>8.5</td><td>7</td><td>6</td><td>25.5</td><td>40</td></tr><tr><td>W 9 / M 7.5</td><td>9</td><td>7.5</td><td>6.5</td><td>26</td><td>40.5</td></tr><tr><td>W 9.5 / M 8</td><td>9.5</td><td>8</td><td>7</td><td>26.5</td><td>41</td></tr><tr><td>W 10 / M 8.5</td><td>10</td><td>8.5</td><td>7.5</td><td>27</td><td>42</td></tr><tr><td>W 10.5 / M 9</td><td>10.5</td><td>9</td><td>8</td><td>27.5</td><td>42.5</td></tr><tr><td>W 11 / M 9.5</td><td>11</td><td>9.5</td><td>8.5</td><td>28</td><td>43</td></tr><tr><td>W 11.5 / M 10</td><td>11.5</td><td>10</td><td>9</td><td>28.5</td><td>44</td></tr><tr><td>W 12 / M 10.5</td><td>12</td><td>10.5</td><td>9.5</td><td>29</td><td>44.5</td></tr></tbody></table></div>",Nike,Apparel & Accessories > Shoes,Shoes,"PrimeStyleAI Demo, PrimeStyleAI Import, Shoes, Road Running Shoes, female, nike, pegasus, pegasus 42, running shoes, road running, reactx, air zoom, women, footwear, demo",TRUE,Color,Light Bone/Arctic Orange/Chalk/Metallic Silver,Size,W 7 / M 5.5,,,nike-pegasus-42-womens-road-running-shoes-ib1881-602-7-4,0,shopify,100,deny,manual,145.00,,TRUE,TRUE,,https://res.cloudinary.com/dgvtynla7/image/upload/v1779029710/demo/products/nike_pegasus_42_womens_road_running_shoes_ib1881_602/variants-highres/IB1881-001/01.webp,50,Women's Running Shoes,FALSE,Women's Running Shoes,"Responsive road running shoes with full-length Air Zoom cushioning, ReactX foam, breathable mesh, and a roomier forefoot fit.",Apparel & Accessories > Shoes,female,adult,,new,TRUE,PrimeStyleAI Demo,,,,,https://res.cloudinary.com/dgvtynla7/image/upload/v1779029577/demo/products/nike_pegasus_42_womens_road_running_shoes_ib1881_602/variants-highres/IB1881-002/01.webp,lb,,,active
nike-pegasus-42-womens-road-running-shoes-ib1881-602,Women's Running Shoes,"<p>Responsive road running shoes with full-length Air Zoom cushioning, ReactX foam, breathable mesh, and a roomier forefoot fit.</p>
<p><strong>Material:</strong> Lightweight mesh upper, ReactX foam midsole, high-abrasion rubber outsole</p>
<p><strong>Available sizes:</strong> W 5 / M 3.5, W 5.5 / M 4, W 6 / M 4.5, W 6.5 / M 5, W 7 / M 5.5, W 7.5 / M 6, W 8 / M 6.5, W 8.5 / M 7, W 9 / M 7.5, W 9.5 / M 8, W 10 / M 8.5, W 10.5 / M 9, W 11 / M 9.5, W 11.5 / M 10, W 12 / M 10.5</p>
<div class=""primestyle-size-guide""><h3>Nike Unisex Shoes Women&#39;s Based Size Guide</h3><table><thead><tr><th>Standard</th><th>US Women</th><th>US Men</th><th>UK</th><th>CM / JP</th><th>EU</th></tr></thead><tbody><tr><td>W 5 / M 3.5</td><td>5</td><td>3.5</td><td>2.5</td><td>22</td><td>35.5</td></tr><tr><td>W 5.5 / M 4</td><td>5.5</td><td>4</td><td>3</td><td>22.5</td><td>36</td></tr><tr><td>W 6 / M 4.5</td><td>6</td><td>4.5</td><td>3.5</td><td>23</td><td>36.5</td></tr><tr><td>W 6.5 / M 5</td><td>6.5</td><td>5</td><td>4</td><td>23.5</td><td>37.5</td></tr><tr><td>W 7 / M 5.5</td><td>7</td><td>5.5</td><td>4.5</td><td>24</td><td>38</td></tr><tr><td>W 7.5 / M 6</td><td>7.5</td><td>6</td><td>5</td><td>24.5</td><td>38.5</td></tr><tr><td>W 8 / M 6.5</td><td>8</td><td>6.5</td><td>5.5</td><td>25</td><td>39</td></tr><tr><td>W 8.5 / M 7</td><td>8.5</td><td>7</td><td>6</td><td>25.5</td><td>40</td></tr><tr><td>W 9 / M 7.5</td><td>9</td><td>7.5</td><td>6.5</td><td>26</td><td>40.5</td></tr><tr><td>W 9.5 / M 8</td><td>9.5</td><td>8</td><td>7</td><td>26.5</td><td>41</td></tr><tr><td>W 10 / M 8.5</td><td>10</td><td>8.5</td><td>7.5</td><td>27</td><td>42</td></tr><tr><td>W 10.5 / M 9</td><td>10.5</td><td>9</td><td>8</td><td>27.5</td><td>42.5</td></tr><tr><td>W 11 / M 9.5</td><td>11</td><td>9.5</td><td>8.5</td><td>28</td><td>43</td></tr><tr><td>W 11.5 / M 10</td><td>11.5</td><td>10</td><td>9</td><td>28.5</td><td>44</td></tr><tr><td>W 12 / M 10.5</td><td>12</td><td>10.5</td><td>9.5</td><td>29</td><td>44.5</td></tr></tbody></table></div>",Nike,Apparel & Accessories > Shoes,Shoes,"PrimeStyleAI Demo, PrimeStyleAI Import, Shoes, Road Running Shoes, female, nike, pegasus, pegasus 42, running shoes, road running, reactx, air zoom, women, footwear, demo",TRUE,Color,Light Bone/Arctic Orange/Chalk/Metallic Silver,Size,W 7.5 / M 6,,,nike-pegasus-42-womens-road-running-shoes-ib1881-602-7-5-4,0,shopify,100,deny,manual,145.00,,TRUE,TRUE,,https://res.cloudinary.com/dgvtynla7/image/upload/v1779029715/demo/products/nike_pegasus_42_womens_road_running_shoes_ib1881_602/variants-highres/IB1881-001/02.webp,51,Women's Running Shoes,FALSE,Women's Running Shoes,"Responsive road running shoes with full-length Air Zoom cushioning, ReactX foam, breathable mesh, and a roomier forefoot fit.",Apparel & Accessories > Shoes,female,adult,,new,TRUE,PrimeStyleAI Demo,,,,,https://res.cloudinary.com/dgvtynla7/image/upload/v1779029577/demo/products/nike_pegasus_42_womens_road_running_shoes_ib1881_602/variants-highres/IB1881-002/01.webp,lb,,,active
nike-pegasus-42-womens-road-running-shoes-ib1881-602,Women's Running Shoes,"<p>Responsive road running shoes with full-length Air Zoom cushioning, ReactX foam, breathable mesh, and a roomier forefoot fit.</p>
<p><strong>Material:</strong> Lightweight mesh upper, ReactX foam midsole, high-abrasion rubber outsole</p>
<p><strong>Available sizes:</strong> W 5 / M 3.5, W 5.5 / M 4, W 6 / M 4.5, W 6.5 / M 5, W 7 / M 5.5, W 7.5 / M 6, W 8 / M 6.5, W 8.5 / M 7, W 9 / M 7.5, W 9.5 / M 8, W 10 / M 8.5, W 10.5 / M 9, W 11 / M 9.5, W 11.5 / M 10, W 12 / M 10.5</p>
<div class=""primestyle-size-guide""><h3>Nike Unisex Shoes Women&#39;s Based Size Guide</h3><table><thead><tr><th>Standard</th><th>US Women</th><th>US Men</th><th>UK</th><th>CM / JP</th><th>EU</th></tr></thead><tbody><tr><td>W 5 / M 3.5</td><td>5</td><td>3.5</td><td>2.5</td><td>22</td><td>35.5</td></tr><tr><td>W 5.5 / M 4</td><td>5.5</td><td>4</td><td>3</td><td>22.5</td><td>36</td></tr><tr><td>W 6 / M 4.5</td><td>6</td><td>4.5</td><td>3.5</td><td>23</td><td>36.5</td></tr><tr><td>W 6.5 / M 5</td><td>6.5</td><td>5</td><td>4</td><td>23.5</td><td>37.5</td></tr><tr><td>W 7 / M 5.5</td><td>7</td><td>5.5</td><td>4.5</td><td>24</td><td>38</td></tr><tr><td>W 7.5 / M 6</td><td>7.5</td><td>6</td><td>5</td><td>24.5</td><td>38.5</td></tr><tr><td>W 8 / M 6.5</td><td>8</td><td>6.5</td><td>5.5</td><td>25</td><td>39</td></tr><tr><td>W 8.5 / M 7</td><td>8.5</td><td>7</td><td>6</td><td>25.5</td><td>40</td></tr><tr><td>W 9 / M 7.5</td><td>9</td><td>7.5</td><td>6.5</td><td>26</td><td>40.5</td></tr><tr><td>W 9.5 / M 8</td><td>9.5</td><td>8</td><td>7</td><td>26.5</td><td>41</td></tr><tr><td>W 10 / M 8.5</td><td>10</td><td>8.5</td><td>7.5</td><td>27</td><td>42</td></tr><tr><td>W 10.5 / M 9</td><td>10.5</td><td>9</td><td>8</td><td>27.5</td><td>42.5</td></tr><tr><td>W 11 / M 9.5</td><td>11</td><td>9.5</td><td>8.5</td><td>28</td><td>43</td></tr><tr><td>W 11.5 / M 10</td><td>11.5</td><td>10</td><td>9</td><td>28.5</td><td>44</td></tr><tr><td>W 12 / M 10.5</td><td>12</td><td>10.5</td><td>9.5</td><td>29</td><td>44.5</td></tr></tbody></table></div>",Nike,Apparel & Accessories > Shoes,Shoes,"PrimeStyleAI Demo, PrimeStyleAI Import, Shoes, Road Running Shoes, female, nike, pegasus, pegasus 42, running shoes, road running, reactx, air zoom, women, footwear, demo",TRUE,Color,Light Bone/Arctic Orange/Chalk/Metallic Silver,Size,W 8 / M 6.5,,,nike-pegasus-42-womens-road-running-shoes-ib1881-602-8-4,0,shopify,100,deny,manual,145.00,,TRUE,TRUE,,https://res.cloudinary.com/dgvtynla7/image/upload/v1779029720/demo/products/nike_pegasus_42_womens_road_running_shoes_ib1881_602/variants-highres/IB1881-001/03.webp,52,Women's Running Shoes,FALSE,Women's Running Shoes,"Responsive road running shoes with full-length Air Zoom cushioning, ReactX foam, breathable mesh, and a roomier forefoot fit.",Apparel & Accessories > Shoes,female,adult,,new,TRUE,PrimeStyleAI Demo,,,,,https://res.cloudinary.com/dgvtynla7/image/upload/v1779029577/demo/products/nike_pegasus_42_womens_road_running_shoes_ib1881_602/variants-highres/IB1881-002/01.webp,lb,,,active
nike-pegasus-42-womens-road-running-shoes-ib1881-602,Women's Running Shoes,"<p>Responsive road running shoes with full-length Air Zoom cushioning, ReactX foam, breathable mesh, and a roomier forefoot fit.</p>
<p><strong>Material:</strong> Lightweight mesh upper, ReactX foam midsole, high-abrasion rubber outsole</p>
<p><strong>Available sizes:</strong> W 5 / M 3.5, W 5.5 / M 4, W 6 / M 4.5, W 6.5 / M 5, W 7 / M 5.5, W 7.5 / M 6, W 8 / M 6.5, W 8.5 / M 7, W 9 / M 7.5, W 9.5 / M 8, W 10 / M 8.5, W 10.5 / M 9, W 11 / M 9.5, W 11.5 / M 10, W 12 / M 10.5</p>
<div class=""primestyle-size-guide""><h3>Nike Unisex Shoes Women&#39;s Based Size Guide</h3><table><thead><tr><th>Standard</th><th>US Women</th><th>US Men</th><th>UK</th><th>CM / JP</th><th>EU</th></tr></thead><tbody><tr><td>W 5 / M 3.5</td><td>5</td><td>3.5</td><td>2.5</td><td>22</td><td>35.5</td></tr><tr><td>W 5.5 / M 4</td><td>5.5</td><td>4</td><td>3</td><td>22.5</td><td>36</td></tr><tr><td>W 6 / M 4.5</td><td>6</td><td>4.5</td><td>3.5</td><td>23</td><td>36.5</td></tr><tr><td>W 6.5 / M 5</td><td>6.5</td><td>5</td><td>4</td><td>23.5</td><td>37.5</td></tr><tr><td>W 7 / M 5.5</td><td>7</td><td>5.5</td><td>4.5</td><td>24</td><td>38</td></tr><tr><td>W 7.5 / M 6</td><td>7.5</td><td>6</td><td>5</td><td>24.5</td><td>38.5</td></tr><tr><td>W 8 / M 6.5</td><td>8</td><td>6.5</td><td>5.5</td><td>25</td><td>39</td></tr><tr><td>W 8.5 / M 7</td><td>8.5</td><td>7</td><td>6</td><td>25.5</td><td>40</td></tr><tr><td>W 9 / M 7.5</td><td>9</td><td>7.5</td><td>6.5</td><td>26</td><td>40.5</td></tr><tr><td>W 9.5 / M 8</td><td>9.5</td><td>8</td><td>7</td><td>26.5</td><td>41</td></tr><tr><td>W 10 / M 8.5</td><td>10</td><td>8.5</td><td>7.5</td><td>27</td><td>42</td></tr><tr><td>W 10.5 / M 9</td><td>10.5</td><td>9</td><td>8</td><td>27.5</td><td>42.5</td></tr><tr><td>W 11 / M 9.5</td><td>11</td><td>9.5</td><td>8.5</td><td>28</td><td>43</td></tr><tr><td>W 11.5 / M 10</td><td>11.5</td><td>10</td><td>9</td><td>28.5</td><td>44</td></tr><tr><td>W 12 / M 10.5</td><td>12</td><td>10.5</td><td>9.5</td><td>29</td><td>44.5</td></tr></tbody></table></div>",Nike,Apparel & Accessories > Shoes,Shoes,"PrimeStyleAI Demo, PrimeStyleAI Import, Shoes, Road Running Shoes, female, nike, pegasus, pegasus 42, running shoes, road running, reactx, air zoom, women, footwear, demo",TRUE,Color,Light Bone/Arctic Orange/Chalk/Metallic Silver,Size,W 8.5 / M 7,,,nike-pegasus-42-womens-road-running-shoes-ib1881-602-8-5-4,0,shopify,100,deny,manual,145.00,,TRUE,TRUE,,https://res.cloudinary.com/dgvtynla7/image/upload/v1779029725/demo/products/nike_pegasus_42_womens_road_running_shoes_ib1881_602/variants-highres/IB1881-001/04.webp,53,Women's Running Shoes,FALSE,Women's Running Shoes,"Responsive road running shoes with full-length Air Zoom cushioning, ReactX foam, breathable mesh, and a roomier forefoot fit.",Apparel & Accessories > Shoes,female,adult,,new,TRUE,PrimeStyleAI Demo,,,,,https://res.cloudinary.com/dgvtynla7/image/upload/v1779029577/demo/products/nike_pegasus_42_womens_road_running_shoes_ib1881_602/variants-highres/IB1881-002/01.webp,lb,,,active
nike-pegasus-42-womens-road-running-shoes-ib1881-602,Women's Running Shoes,"<p>Responsive road running shoes with full-length Air Zoom cushioning, ReactX foam, breathable mesh, and a roomier forefoot fit.</p>
<p><strong>Material:</strong> Lightweight mesh upper, ReactX foam midsole, high-abrasion rubber outsole</p>
<p><strong>Available sizes:</strong> W 5 / M 3.5, W 5.5 / M 4, W 6 / M 4.5, W 6.5 / M 5, W 7 / M 5.5, W 7.5 / M 6, W 8 / M 6.5, W 8.5 / M 7, W 9 / M 7.5, W 9.5 / M 8, W 10 / M 8.5, W 10.5 / M 9, W 11 / M 9.5, W 11.5 / M 10, W 12 / M 10.5</p>
<div class=""primestyle-size-guide""><h3>Nike Unisex Shoes Women&#39;s Based Size Guide</h3><table><thead><tr><th>Standard</th><th>US Women</th><th>US Men</th><th>UK</th><th>CM / JP</th><th>EU</th></tr></thead><tbody><tr><td>W 5 / M 3.5</td><td>5</td><td>3.5</td><td>2.5</td><td>22</td><td>35.5</td></tr><tr><td>W 5.5 / M 4</td><td>5.5</td><td>4</td><td>3</td><td>22.5</td><td>36</td></tr><tr><td>W 6 / M 4.5</td><td>6</td><td>4.5</td><td>3.5</td><td>23</td><td>36.5</td></tr><tr><td>W 6.5 / M 5</td><td>6.5</td><td>5</td><td>4</td><td>23.5</td><td>37.5</td></tr><tr><td>W 7 / M 5.5</td><td>7</td><td>5.5</td><td>4.5</td><td>24</td><td>38</td></tr><tr><td>W 7.5 / M 6</td><td>7.5</td><td>6</td><td>5</td><td>24.5</td><td>38.5</td></tr><tr><td>W 8 / M 6.5</td><td>8</td><td>6.5</td><td>5.5</td><td>25</td><td>39</td></tr><tr><td>W 8.5 / M 7</td><td>8.5</td><td>7</td><td>6</td><td>25.5</td><td>40</td></tr><tr><td>W 9 / M 7.5</td><td>9</td><td>7.5</td><td>6.5</td><td>26</td><td>40.5</td></tr><tr><td>W 9.5 / M 8</td><td>9.5</td><td>8</td><td>7</td><td>26.5</td><td>41</td></tr><tr><td>W 10 / M 8.5</td><td>10</td><td>8.5</td><td>7.5</td><td>27</td><td>42</td></tr><tr><td>W 10.5 / M 9</td><td>10.5</td><td>9</td><td>8</td><td>27.5</td><td>42.5</td></tr><tr><td>W 11 / M 9.5</td><td>11</td><td>9.5</td><td>8.5</td><td>28</td><td>43</td></tr><tr><td>W 11.5 / M 10</td><td>11.5</td><td>10</td><td>9</td><td>28.5</td><td>44</td></tr><tr><td>W 12 / M 10.5</td><td>12</td><td>10.5</td><td>9.5</td><td>29</td><td>44.5</td></tr></tbody></table></div>",Nike,Apparel & Accessories > Shoes,Shoes,"PrimeStyleAI Demo, PrimeStyleAI Import, Shoes, Road Running Shoes, female, nike, pegasus, pegasus 42, running shoes, road running, reactx, air zoom, women, footwear, demo",TRUE,Color,Light Bone/Arctic Orange/Chalk/Metallic Silver,Size,W 9 / M 7.5,,,nike-pegasus-42-womens-road-running-shoes-ib1881-602-9-4,0,shopify,100,deny,manual,145.00,,TRUE,TRUE,,https://res.cloudinary.com/dgvtynla7/image/upload/v1779029731/demo/products/nike_pegasus_42_womens_road_running_shoes_ib1881_602/variants-highres/IB1881-001/05.webp,54,Women's Running Shoes,FALSE,Women's Running Shoes,"Responsive road running shoes with full-length Air Zoom cushioning, ReactX foam, breathable mesh, and a roomier forefoot fit.",Apparel & Accessories > Shoes,female,adult,,new,TRUE,PrimeStyleAI Demo,,,,,https://res.cloudinary.com/dgvtynla7/image/upload/v1779029577/demo/products/nike_pegasus_42_womens_road_running_shoes_ib1881_602/variants-highres/IB1881-002/01.webp,lb,,,active
nike-pegasus-42-womens-road-running-shoes-ib1881-602,Women's Running Shoes,"<p>Responsive road running shoes with full-length Air Zoom cushioning, ReactX foam, breathable mesh, and a roomier forefoot fit.</p>
<p><strong>Material:</strong> Lightweight mesh upper, ReactX foam midsole, high-abrasion rubber outsole</p>
<p><strong>Available sizes:</strong> W 5 / M 3.5, W 5.5 / M 4, W 6 / M 4.5, W 6.5 / M 5, W 7 / M 5.5, W 7.5 / M 6, W 8 / M 6.5, W 8.5 / M 7, W 9 / M 7.5, W 9.5 / M 8, W 10 / M 8.5, W 10.5 / M 9, W 11 / M 9.5, W 11.5 / M 10, W 12 / M 10.5</p>
<div class=""primestyle-size-guide""><h3>Nike Unisex Shoes Women&#39;s Based Size Guide</h3><table><thead><tr><th>Standard</th><th>US Women</th><th>US Men</th><th>UK</th><th>CM / JP</th><th>EU</th></tr></thead><tbody><tr><td>W 5 / M 3.5</td><td>5</td><td>3.5</td><td>2.5</td><td>22</td><td>35.5</td></tr><tr><td>W 5.5 / M 4</td><td>5.5</td><td>4</td><td>3</td><td>22.5</td><td>36</td></tr><tr><td>W 6 / M 4.5</td><td>6</td><td>4.5</td><td>3.5</td><td>23</td><td>36.5</td></tr><tr><td>W 6.5 / M 5</td><td>6.5</td><td>5</td><td>4</td><td>23.5</td><td>37.5</td></tr><tr><td>W 7 / M 5.5</td><td>7</td><td>5.5</td><td>4.5</td><td>24</td><td>38</td></tr><tr><td>W 7.5 / M 6</td><td>7.5</td><td>6</td><td>5</td><td>24.5</td><td>38.5</td></tr><tr><td>W 8 / M 6.5</td><td>8</td><td>6.5</td><td>5.5</td><td>25</td><td>39</td></tr><tr><td>W 8.5 / M 7</td><td>8.5</td><td>7</td><td>6</td><td>25.5</td><td>40</td></tr><tr><td>W 9 / M 7.5</td><td>9</td><td>7.5</td><td>6.5</td><td>26</td><td>40.5</td></tr><tr><td>W 9.5 / M 8</td><td>9.5</td><td>8</td><td>7</td><td>26.5</td><td>41</td></tr><tr><td>W 10 / M 8.5</td><td>10</td><td>8.5</td><td>7.5</td><td>27</td><td>42</td></tr><tr><td>W 10.5 / M 9</td><td>10.5</td><td>9</td><td>8</td><td>27.5</td><td>42.5</td></tr><tr><td>W 11 / M 9.5</td><td>11</td><td>9.5</td><td>8.5</td><td>28</td><td>43</td></tr><tr><td>W 11.5 / M 10</td><td>11.5</td><td>10</td><td>9</td><td>28.5</td><td>44</td></tr><tr><td>W 12 / M 10.5</td><td>12</td><td>10.5</td><td>9.5</td><td>29</td><td>44.5</td></tr></tbody></table></div>",Nike,Apparel & Accessories > Shoes,Shoes,"PrimeStyleAI Demo, PrimeStyleAI Import, Shoes, Road Running Shoes, female, nike, pegasus, pegasus 42, running shoes, road running, reactx, air zoom, women, footwear, demo",TRUE,Color,Light Bone/Arctic Orange/Chalk/Metallic Silver,Size,W 9.5 / M 8,,,nike-pegasus-42-womens-road-running-shoes-ib1881-602-9-5-4,0,shopify,100,deny,manual,145.00,,TRUE,TRUE,,https://res.cloudinary.com/dgvtynla7/image/upload/v1779029737/demo/products/nike_pegasus_42_womens_road_running_shoes_ib1881_602/variants-highres/IB1881-001/06.webp,55,Women's Running Shoes,FALSE,Women's Running Shoes,"Responsive road running shoes with full-length Air Zoom cushioning, ReactX foam, breathable mesh, and a roomier forefoot fit.",Apparel & Accessories > Shoes,female,adult,,new,TRUE,PrimeStyleAI Demo,,,,,https://res.cloudinary.com/dgvtynla7/image/upload/v1779029577/demo/products/nike_pegasus_42_womens_road_running_shoes_ib1881_602/variants-highres/IB1881-002/01.webp,lb,,,active
nike-pegasus-42-womens-road-running-shoes-ib1881-602,Women's Running Shoes,"<p>Responsive road running shoes with full-length Air Zoom cushioning, ReactX foam, breathable mesh, and a roomier forefoot fit.</p>
<p><strong>Material:</strong> Lightweight mesh upper, ReactX foam midsole, high-abrasion rubber outsole</p>
<p><strong>Available sizes:</strong> W 5 / M 3.5, W 5.5 / M 4, W 6 / M 4.5, W 6.5 / M 5, W 7 / M 5.5, W 7.5 / M 6, W 8 / M 6.5, W 8.5 / M 7, W 9 / M 7.5, W 9.5 / M 8, W 10 / M 8.5, W 10.5 / M 9, W 11 / M 9.5, W 11.5 / M 10, W 12 / M 10.5</p>
<div class=""primestyle-size-guide""><h3>Nike Unisex Shoes Women&#39;s Based Size Guide</h3><table><thead><tr><th>Standard</th><th>US Women</th><th>US Men</th><th>UK</th><th>CM / JP</th><th>EU</th></tr></thead><tbody><tr><td>W 5 / M 3.5</td><td>5</td><td>3.5</td><td>2.5</td><td>22</td><td>35.5</td></tr><tr><td>W 5.5 / M 4</td><td>5.5</td><td>4</td><td>3</td><td>22.5</td><td>36</td></tr><tr><td>W 6 / M 4.5</td><td>6</td><td>4.5</td><td>3.5</td><td>23</td><td>36.5</td></tr><tr><td>W 6.5 / M 5</td><td>6.5</td><td>5</td><td>4</td><td>23.5</td><td>37.5</td></tr><tr><td>W 7 / M 5.5</td><td>7</td><td>5.5</td><td>4.5</td><td>24</td><td>38</td></tr><tr><td>W 7.5 / M 6</td><td>7.5</td><td>6</td><td>5</td><td>24.5</td><td>38.5</td></tr><tr><td>W 8 / M 6.5</td><td>8</td><td>6.5</td><td>5.5</td><td>25</td><td>39</td></tr><tr><td>W 8.5 / M 7</td><td>8.5</td><td>7</td><td>6</td><td>25.5</td><td>40</td></tr><tr><td>W 9 / M 7.5</td><td>9</td><td>7.5</td><td>6.5</td><td>26</td><td>40.5</td></tr><tr><td>W 9.5 / M 8</td><td>9.5</td><td>8</td><td>7</td><td>26.5</td><td>41</td></tr><tr><td>W 10 / M 8.5</td><td>10</td><td>8.5</td><td>7.5</td><td>27</td><td>42</td></tr><tr><td>W 10.5 / M 9</td><td>10.5</td><td>9</td><td>8</td><td>27.5</td><td>42.5</td></tr><tr><td>W 11 / M 9.5</td><td>11</td><td>9.5</td><td>8.5</td><td>28</td><td>43</td></tr><tr><td>W 11.5 / M 10</td><td>11.5</td><td>10</td><td>9</td><td>28.5</td><td>44</td></tr><tr><td>W 12 / M 10.5</td><td>12</td><td>10.5</td><td>9.5</td><td>29</td><td>44.5</td></tr></tbody></table></div>",Nike,Apparel & Accessories > Shoes,Shoes,"PrimeStyleAI Demo, PrimeStyleAI Import, Shoes, Road Running Shoes, female, nike, pegasus, pegasus 42, running shoes, road running, reactx, air zoom, women, footwear, demo",TRUE,Color,Light Bone/Arctic Orange/Chalk/Metallic Silver,Size,W 10 / M 8.5,,,nike-pegasus-42-womens-road-running-shoes-ib1881-602-10-4,0,shopify,100,deny,manual,145.00,,TRUE,TRUE,,https://res.cloudinary.com/dgvtynla7/image/upload/v1779029742/demo/products/nike_pegasus_42_womens_road_running_shoes_ib1881_602/variants-highres/IB1881-001/07.webp,56,Women's Running Shoes,FALSE,Women's Running Shoes,"Responsive road running shoes with full-length Air Zoom cushioning, ReactX foam, breathable mesh, and a roomier forefoot fit.",Apparel & Accessories > Shoes,female,adult,,new,TRUE,PrimeStyleAI Demo,,,,,https://res.cloudinary.com/dgvtynla7/image/upload/v1779029577/demo/products/nike_pegasus_42_womens_road_running_shoes_ib1881_602/variants-highres/IB1881-002/01.webp,lb,,,active
nike-pegasus-42-womens-road-running-shoes-ib1881-602,Women's Running Shoes,"<p>Responsive road running shoes with full-length Air Zoom cushioning, ReactX foam, breathable mesh, and a roomier forefoot fit.</p>
<p><strong>Material:</strong> Lightweight mesh upper, ReactX foam midsole, high-abrasion rubber outsole</p>
<p><strong>Available sizes:</strong> W 5 / M 3.5, W 5.5 / M 4, W 6 / M 4.5, W 6.5 / M 5, W 7 / M 5.5, W 7.5 / M 6, W 8 / M 6.5, W 8.5 / M 7, W 9 / M 7.5, W 9.5 / M 8, W 10 / M 8.5, W 10.5 / M 9, W 11 / M 9.5, W 11.5 / M 10, W 12 / M 10.5</p>
<div class=""primestyle-size-guide""><h3>Nike Unisex Shoes Women&#39;s Based Size Guide</h3><table><thead><tr><th>Standard</th><th>US Women</th><th>US Men</th><th>UK</th><th>CM / JP</th><th>EU</th></tr></thead><tbody><tr><td>W 5 / M 3.5</td><td>5</td><td>3.5</td><td>2.5</td><td>22</td><td>35.5</td></tr><tr><td>W 5.5 / M 4</td><td>5.5</td><td>4</td><td>3</td><td>22.5</td><td>36</td></tr><tr><td>W 6 / M 4.5</td><td>6</td><td>4.5</td><td>3.5</td><td>23</td><td>36.5</td></tr><tr><td>W 6.5 / M 5</td><td>6.5</td><td>5</td><td>4</td><td>23.5</td><td>37.5</td></tr><tr><td>W 7 / M 5.5</td><td>7</td><td>5.5</td><td>4.5</td><td>24</td><td>38</td></tr><tr><td>W 7.5 / M 6</td><td>7.5</td><td>6</td><td>5</td><td>24.5</td><td>38.5</td></tr><tr><td>W 8 / M 6.5</td><td>8</td><td>6.5</td><td>5.5</td><td>25</td><td>39</td></tr><tr><td>W 8.5 / M 7</td><td>8.5</td><td>7</td><td>6</td><td>25.5</td><td>40</td></tr><tr><td>W 9 / M 7.5</td><td>9</td><td>7.5</td><td>6.5</td><td>26</td><td>40.5</td></tr><tr><td>W 9.5 / M 8</td><td>9.5</td><td>8</td><td>7</td><td>26.5</td><td>41</td></tr><tr><td>W 10 / M 8.5</td><td>10</td><td>8.5</td><td>7.5</td><td>27</td><td>42</td></tr><tr><td>W 10.5 / M 9</td><td>10.5</td><td>9</td><td>8</td><td>27.5</td><td>42.5</td></tr><tr><td>W 11 / M 9.5</td><td>11</td><td>9.5</td><td>8.5</td><td>28</td><td>43</td></tr><tr><td>W 11.5 / M 10</td><td>11.5</td><td>10</td><td>9</td><td>28.5</td><td>44</td></tr><tr><td>W 12 / M 10.5</td><td>12</td><td>10.5</td><td>9.5</td><td>29</td><td>44.5</td></tr></tbody></table></div>",Nike,Apparel & Accessories > Shoes,Shoes,"PrimeStyleAI Demo, PrimeStyleAI Import, Shoes, Road Running Shoes, female, nike, pegasus, pegasus 42, running shoes, road running, reactx, air zoom, women, footwear, demo",TRUE,Color,Light Bone/Arctic Orange/Chalk/Metallic Silver,Size,W 10.5 / M 9,,,nike-pegasus-42-womens-road-running-shoes-ib1881-602-10-5-4,0,shopify,100,deny,manual,145.00,,TRUE,TRUE,,https://res.cloudinary.com/dgvtynla7/image/upload/v1779029748/demo/products/nike_pegasus_42_womens_road_running_shoes_ib1881_602/variants-highres/IB1881-001/08.webp,57,Women's Running Shoes,FALSE,Women's Running Shoes,"Responsive road running shoes with full-length Air Zoom cushioning, ReactX foam, breathable mesh, and a roomier forefoot fit.",Apparel & Accessories > Shoes,female,adult,,new,TRUE,PrimeStyleAI Demo,,,,,https://res.cloudinary.com/dgvtynla7/image/upload/v1779029577/demo/products/nike_pegasus_42_womens_road_running_shoes_ib1881_602/variants-highres/IB1881-002/01.webp,lb,,,active
nike-pegasus-42-womens-road-running-shoes-ib1881-602,Women's Running Shoes,"<p>Responsive road running shoes with full-length Air Zoom cushioning, ReactX foam, breathable mesh, and a roomier forefoot fit.</p>
<p><strong>Material:</strong> Lightweight mesh upper, ReactX foam midsole, high-abrasion rubber outsole</p>
<p><strong>Available sizes:</strong> W 5 / M 3.5, W 5.5 / M 4, W 6 / M 4.5, W 6.5 / M 5, W 7 / M 5.5, W 7.5 / M 6, W 8 / M 6.5, W 8.5 / M 7, W 9 / M 7.5, W 9.5 / M 8, W 10 / M 8.5, W 10.5 / M 9, W 11 / M 9.5, W 11.5 / M 10, W 12 / M 10.5</p>
<div class=""primestyle-size-guide""><h3>Nike Unisex Shoes Women&#39;s Based Size Guide</h3><table><thead><tr><th>Standard</th><th>US Women</th><th>US Men</th><th>UK</th><th>CM / JP</th><th>EU</th></tr></thead><tbody><tr><td>W 5 / M 3.5</td><td>5</td><td>3.5</td><td>2.5</td><td>22</td><td>35.5</td></tr><tr><td>W 5.5 / M 4</td><td>5.5</td><td>4</td><td>3</td><td>22.5</td><td>36</td></tr><tr><td>W 6 / M 4.5</td><td>6</td><td>4.5</td><td>3.5</td><td>23</td><td>36.5</td></tr><tr><td>W 6.5 / M 5</td><td>6.5</td><td>5</td><td>4</td><td>23.5</td><td>37.5</td></tr><tr><td>W 7 / M 5.5</td><td>7</td><td>5.5</td><td>4.5</td><td>24</td><td>38</td></tr><tr><td>W 7.5 / M 6</td><td>7.5</td><td>6</td><td>5</td><td>24.5</td><td>38.5</td></tr><tr><td>W 8 / M 6.5</td><td>8</td><td>6.5</td><td>5.5</td><td>25</td><td>39</td></tr><tr><td>W 8.5 / M 7</td><td>8.5</td><td>7</td><td>6</td><td>25.5</td><td>40</td></tr><tr><td>W 9 / M 7.5</td><td>9</td><td>7.5</td><td>6.5</td><td>26</td><td>40.5</td></tr><tr><td>W 9.5 / M 8</td><td>9.5</td><td>8</td><td>7</td><td>26.5</td><td>41</td></tr><tr><td>W 10 / M 8.5</td><td>10</td><td>8.5</td><td>7.5</td><td>27</td><td>42</td></tr><tr><td>W 10.5 / M 9</td><td>10.5</td><td>9</td><td>8</td><td>27.5</td><td>42.5</td></tr><tr><td>W 11 / M 9.5</td><td>11</td><td>9.5</td><td>8.5</td><td>28</td><td>43</td></tr><tr><td>W 11.5 / M 10</td><td>11.5</td><td>10</td><td>9</td><td>28.5</td><td>44</td></tr><tr><td>W 12 / M 10.5</td><td>12</td><td>10.5</td><td>9.5</td><td>29</td><td>44.5</td></tr></tbody></table></div>",Nike,Apparel & Accessories > Shoes,Shoes,"PrimeStyleAI Demo, PrimeStyleAI Import, Shoes, Road Running Shoes, female, nike, pegasus, pegasus 42, running shoes, road running, reactx, air zoom, women, footwear, demo",TRUE,Color,Light Bone/Arctic Orange/Chalk/Metallic Silver,Size,W 11 / M 9.5,,,nike-pegasus-42-womens-road-running-shoes-ib1881-602-11-4,0,shopify,100,deny,manual,145.00,,TRUE,TRUE,,https://res.cloudinary.com/dgvtynla7/image/upload/v1779029753/demo/products/nike_pegasus_42_womens_road_running_shoes_ib1881_602/variants-highres/IB1881-600/01.webp,58,Women's Running Shoes,FALSE,Women's Running Shoes,"Responsive road running shoes with full-length Air Zoom cushioning, ReactX foam, breathable mesh, and a roomier forefoot fit.",Apparel & Accessories > Shoes,female,adult,,new,TRUE,PrimeStyleAI Demo,,,,,https://res.cloudinary.com/dgvtynla7/image/upload/v1779029577/demo/products/nike_pegasus_42_womens_road_running_shoes_ib1881_602/variants-highres/IB1881-002/01.webp,lb,,,active
nike-pegasus-42-womens-road-running-shoes-ib1881-602,Women's Running Shoes,"<p>Responsive road running shoes with full-length Air Zoom cushioning, ReactX foam, breathable mesh, and a roomier forefoot fit.</p>
<p><strong>Material:</strong> Lightweight mesh upper, ReactX foam midsole, high-abrasion rubber outsole</p>
<p><strong>Available sizes:</strong> W 5 / M 3.5, W 5.5 / M 4, W 6 / M 4.5, W 6.5 / M 5, W 7 / M 5.5, W 7.5 / M 6, W 8 / M 6.5, W 8.5 / M 7, W 9 / M 7.5, W 9.5 / M 8, W 10 / M 8.5, W 10.5 / M 9, W 11 / M 9.5, W 11.5 / M 10, W 12 / M 10.5</p>
<div class=""primestyle-size-guide""><h3>Nike Unisex Shoes Women&#39;s Based Size Guide</h3><table><thead><tr><th>Standard</th><th>US Women</th><th>US Men</th><th>UK</th><th>CM / JP</th><th>EU</th></tr></thead><tbody><tr><td>W 5 / M 3.5</td><td>5</td><td>3.5</td><td>2.5</td><td>22</td><td>35.5</td></tr><tr><td>W 5.5 / M 4</td><td>5.5</td><td>4</td><td>3</td><td>22.5</td><td>36</td></tr><tr><td>W 6 / M 4.5</td><td>6</td><td>4.5</td><td>3.5</td><td>23</td><td>36.5</td></tr><tr><td>W 6.5 / M 5</td><td>6.5</td><td>5</td><td>4</td><td>23.5</td><td>37.5</td></tr><tr><td>W 7 / M 5.5</td><td>7</td><td>5.5</td><td>4.5</td><td>24</td><td>38</td></tr><tr><td>W 7.5 / M 6</td><td>7.5</td><td>6</td><td>5</td><td>24.5</td><td>38.5</td></tr><tr><td>W 8 / M 6.5</td><td>8</td><td>6.5</td><td>5.5</td><td>25</td><td>39</td></tr><tr><td>W 8.5 / M 7</td><td>8.5</td><td>7</td><td>6</td><td>25.5</td><td>40</td></tr><tr><td>W 9 / M 7.5</td><td>9</td><td>7.5</td><td>6.5</td><td>26</td><td>40.5</td></tr><tr><td>W 9.5 / M 8</td><td>9.5</td><td>8</td><td>7</td><td>26.5</td><td>41</td></tr><tr><td>W 10 / M 8.5</td><td>10</td><td>8.5</td><td>7.5</td><td>27</td><td>42</td></tr><tr><td>W 10.5 / M 9</td><td>10.5</td><td>9</td><td>8</td><td>27.5</td><td>42.5</td></tr><tr><td>W 11 / M 9.5</td><td>11</td><td>9.5</td><td>8.5</td><td>28</td><td>43</td></tr><tr><td>W 11.5 / M 10</td><td>11.5</td><td>10</td><td>9</td><td>28.5</td><td>44</td></tr><tr><td>W 12 / M 10.5</td><td>12</td><td>10.5</td><td>9.5</td><td>29</td><td>44.5</td></tr></tbody></table></div>",Nike,Apparel & Accessories > Shoes,Shoes,"PrimeStyleAI Demo, PrimeStyleAI Import, Shoes, Road Running Shoes, female, nike, pegasus, pegasus 42, running shoes, road running, reactx, air zoom, women, footwear, demo",TRUE,Color,Light Bone/Arctic Orange/Chalk/Metallic Silver,Size,W 11.5 / M 10,,,nike-pegasus-42-womens-road-running-shoes-ib1881-602-11-5-4,0,shopify,100,deny,manual,145.00,,TRUE,TRUE,,https://res.cloudinary.com/dgvtynla7/image/upload/v1779029759/demo/products/nike_pegasus_42_womens_road_running_shoes_ib1881_602/variants-highres/IB1881-600/02.webp,59,Women's Running Shoes,FALSE,Women's Running Shoes,"Responsive road running shoes with full-length Air Zoom cushioning, ReactX foam, breathable mesh, and a roomier forefoot fit.",Apparel & Accessories > Shoes,female,adult,,new,TRUE,PrimeStyleAI Demo,,,,,https://res.cloudinary.com/dgvtynla7/image/upload/v1779029577/demo/products/nike_pegasus_42_womens_road_running_shoes_ib1881_602/variants-highres/IB1881-002/01.webp,lb,,,active
nike-pegasus-42-womens-road-running-shoes-ib1881-602,Women's Running Shoes,"<p>Responsive road running shoes with full-length Air Zoom cushioning, ReactX foam, breathable mesh, and a roomier forefoot fit.</p>
<p><strong>Material:</strong> Lightweight mesh upper, ReactX foam midsole, high-abrasion rubber outsole</p>
<p><strong>Available sizes:</strong> W 5 / M 3.5, W 5.5 / M 4, W 6 / M 4.5, W 6.5 / M 5, W 7 / M 5.5, W 7.5 / M 6, W 8 / M 6.5, W 8.5 / M 7, W 9 / M 7.5, W 9.5 / M 8, W 10 / M 8.5, W 10.5 / M 9, W 11 / M 9.5, W 11.5 / M 10, W 12 / M 10.5</p>
<div class=""primestyle-size-guide""><h3>Nike Unisex Shoes Women&#39;s Based Size Guide</h3><table><thead><tr><th>Standard</th><th>US Women</th><th>US Men</th><th>UK</th><th>CM / JP</th><th>EU</th></tr></thead><tbody><tr><td>W 5 / M 3.5</td><td>5</td><td>3.5</td><td>2.5</td><td>22</td><td>35.5</td></tr><tr><td>W 5.5 / M 4</td><td>5.5</td><td>4</td><td>3</td><td>22.5</td><td>36</td></tr><tr><td>W 6 / M 4.5</td><td>6</td><td>4.5</td><td>3.5</td><td>23</td><td>36.5</td></tr><tr><td>W 6.5 / M 5</td><td>6.5</td><td>5</td><td>4</td><td>23.5</td><td>37.5</td></tr><tr><td>W 7 / M 5.5</td><td>7</td><td>5.5</td><td>4.5</td><td>24</td><td>38</td></tr><tr><td>W 7.5 / M 6</td><td>7.5</td><td>6</td><td>5</td><td>24.5</td><td>38.5</td></tr><tr><td>W 8 / M 6.5</td><td>8</td><td>6.5</td><td>5.5</td><td>25</td><td>39</td></tr><tr><td>W 8.5 / M 7</td><td>8.5</td><td>7</td><td>6</td><td>25.5</td><td>40</td></tr><tr><td>W 9 / M 7.5</td><td>9</td><td>7.5</td><td>6.5</td><td>26</td><td>40.5</td></tr><tr><td>W 9.5 / M 8</td><td>9.5</td><td>8</td><td>7</td><td>26.5</td><td>41</td></tr><tr><td>W 10 / M 8.5</td><td>10</td><td>8.5</td><td>7.5</td><td>27</td><td>42</td></tr><tr><td>W 10.5 / M 9</td><td>10.5</td><td>9</td><td>8</td><td>27.5</td><td>42.5</td></tr><tr><td>W 11 / M 9.5</td><td>11</td><td>9.5</td><td>8.5</td><td>28</td><td>43</td></tr><tr><td>W 11.5 / M 10</td><td>11.5</td><td>10</td><td>9</td><td>28.5</td><td>44</td></tr><tr><td>W 12 / M 10.5</td><td>12</td><td>10.5</td><td>9.5</td><td>29</td><td>44.5</td></tr></tbody></table></div>",Nike,Apparel & Accessories > Shoes,Shoes,"PrimeStyleAI Demo, PrimeStyleAI Import, Shoes, Road Running Shoes, female, nike, pegasus, pegasus 42, running shoes, road running, reactx, air zoom, women, footwear, demo",TRUE,Color,Light Bone/Arctic Orange/Chalk/Metallic Silver,Size,W 12 / M 10.5,,,nike-pegasus-42-womens-road-running-shoes-ib1881-602-12-4,0,shopify,100,deny,manual,145.00,,TRUE,TRUE,,https://res.cloudinary.com/dgvtynla7/image/upload/v1779029766/demo/products/nike_pegasus_42_womens_road_running_shoes_ib1881_602/variants-highres/IB1881-600/03.webp,60,Women's Running Shoes,FALSE,Women's Running Shoes,"Responsive road running shoes with full-length Air Zoom cushioning, ReactX foam, breathable mesh, and a roomier forefoot fit.",Apparel & Accessories > Shoes,female,adult,,new,TRUE,PrimeStyleAI Demo,,,,,https://res.cloudinary.com/dgvtynla7/image/upload/v1779029577/demo/products/nike_pegasus_42_womens_road_running_shoes_ib1881_602/variants-highres/IB1881-002/01.webp,lb,,,active
nike-pegasus-42-womens-road-running-shoes-ib1881-602,Women's Running Shoes,"<p>Responsive road running shoes with full-length Air Zoom cushioning, ReactX foam, breathable mesh, and a roomier forefoot fit.</p>
<p><strong>Material:</strong> Lightweight mesh upper, ReactX foam midsole, high-abrasion rubber outsole</p>
<p><strong>Available sizes:</strong> W 5 / M 3.5, W 5.5 / M 4, W 6 / M 4.5, W 6.5 / M 5, W 7 / M 5.5, W 7.5 / M 6, W 8 / M 6.5, W 8.5 / M 7, W 9 / M 7.5, W 9.5 / M 8, W 10 / M 8.5, W 10.5 / M 9, W 11 / M 9.5, W 11.5 / M 10, W 12 / M 10.5</p>
<div class=""primestyle-size-guide""><h3>Nike Unisex Shoes Women&#39;s Based Size Guide</h3><table><thead><tr><th>Standard</th><th>US Women</th><th>US Men</th><th>UK</th><th>CM / JP</th><th>EU</th></tr></thead><tbody><tr><td>W 5 / M 3.5</td><td>5</td><td>3.5</td><td>2.5</td><td>22</td><td>35.5</td></tr><tr><td>W 5.5 / M 4</td><td>5.5</td><td>4</td><td>3</td><td>22.5</td><td>36</td></tr><tr><td>W 6 / M 4.5</td><td>6</td><td>4.5</td><td>3.5</td><td>23</td><td>36.5</td></tr><tr><td>W 6.5 / M 5</td><td>6.5</td><td>5</td><td>4</td><td>23.5</td><td>37.5</td></tr><tr><td>W 7 / M 5.5</td><td>7</td><td>5.5</td><td>4.5</td><td>24</td><td>38</td></tr><tr><td>W 7.5 / M 6</td><td>7.5</td><td>6</td><td>5</td><td>24.5</td><td>38.5</td></tr><tr><td>W 8 / M 6.5</td><td>8</td><td>6.5</td><td>5.5</td><td>25</td><td>39</td></tr><tr><td>W 8.5 / M 7</td><td>8.5</td><td>7</td><td>6</td><td>25.5</td><td>40</td></tr><tr><td>W 9 / M 7.5</td><td>9</td><td>7.5</td><td>6.5</td><td>26</td><td>40.5</td></tr><tr><td>W 9.5 / M 8</td><td>9.5</td><td>8</td><td>7</td><td>26.5</td><td>41</td></tr><tr><td>W 10 / M 8.5</td><td>10</td><td>8.5</td><td>7.5</td><td>27</td><td>42</td></tr><tr><td>W 10.5 / M 9</td><td>10.5</td><td>9</td><td>8</td><td>27.5</td><td>42.5</td></tr><tr><td>W 11 / M 9.5</td><td>11</td><td>9.5</td><td>8.5</td><td>28</td><td>43</td></tr><tr><td>W 11.5 / M 10</td><td>11.5</td><td>10</td><td>9</td><td>28.5</td><td>44</td></tr><tr><td>W 12 / M 10.5</td><td>12</td><td>10.5</td><td>9.5</td><td>29</td><td>44.5</td></tr></tbody></table></div>",Nike,Apparel & Accessories > Shoes,Shoes,"PrimeStyleAI Demo, PrimeStyleAI Import, Shoes, Road Running Shoes, female, nike, pegasus, pegasus 42, running shoes, road running, reactx, air zoom, women, footwear, demo",TRUE,Color,White/Malachite/Barely Green/Metallic Silver,Size,W 5 / M 3.5,,,nike-pegasus-42-womens-road-running-shoes-ib1881-602-5-5,0,shopify,100,deny,manual,145.00,,TRUE,TRUE,,https://res.cloudinary.com/dgvtynla7/image/upload/v1779029770/demo/products/nike_pegasus_42_womens_road_running_shoes_ib1881_602/variants-highres/IB1881-600/04.webp,61,Women's Running Shoes,FALSE,Women's Running Shoes,"Responsive road running shoes with full-length Air Zoom cushioning, ReactX foam, breathable mesh, and a roomier forefoot fit.",Apparel & Accessories > Shoes,female,adult,,new,TRUE,PrimeStyleAI Demo,,,,,https://res.cloudinary.com/dgvtynla7/image/upload/v1779029620/demo/products/nike_pegasus_42_womens_road_running_shoes_ib1881_602/variants-highres/IB1881-100/01.webp,lb,,,active
nike-pegasus-42-womens-road-running-shoes-ib1881-602,Women's Running Shoes,"<p>Responsive road running shoes with full-length Air Zoom cushioning, ReactX foam, breathable mesh, and a roomier forefoot fit.</p>
<p><strong>Material:</strong> Lightweight mesh upper, ReactX foam midsole, high-abrasion rubber outsole</p>
<p><strong>Available sizes:</strong> W 5 / M 3.5, W 5.5 / M 4, W 6 / M 4.5, W 6.5 / M 5, W 7 / M 5.5, W 7.5 / M 6, W 8 / M 6.5, W 8.5 / M 7, W 9 / M 7.5, W 9.5 / M 8, W 10 / M 8.5, W 10.5 / M 9, W 11 / M 9.5, W 11.5 / M 10, W 12 / M 10.5</p>
<div class=""primestyle-size-guide""><h3>Nike Unisex Shoes Women&#39;s Based Size Guide</h3><table><thead><tr><th>Standard</th><th>US Women</th><th>US Men</th><th>UK</th><th>CM / JP</th><th>EU</th></tr></thead><tbody><tr><td>W 5 / M 3.5</td><td>5</td><td>3.5</td><td>2.5</td><td>22</td><td>35.5</td></tr><tr><td>W 5.5 / M 4</td><td>5.5</td><td>4</td><td>3</td><td>22.5</td><td>36</td></tr><tr><td>W 6 / M 4.5</td><td>6</td><td>4.5</td><td>3.5</td><td>23</td><td>36.5</td></tr><tr><td>W 6.5 / M 5</td><td>6.5</td><td>5</td><td>4</td><td>23.5</td><td>37.5</td></tr><tr><td>W 7 / M 5.5</td><td>7</td><td>5.5</td><td>4.5</td><td>24</td><td>38</td></tr><tr><td>W 7.5 / M 6</td><td>7.5</td><td>6</td><td>5</td><td>24.5</td><td>38.5</td></tr><tr><td>W 8 / M 6.5</td><td>8</td><td>6.5</td><td>5.5</td><td>25</td><td>39</td></tr><tr><td>W 8.5 / M 7</td><td>8.5</td><td>7</td><td>6</td><td>25.5</td><td>40</td></tr><tr><td>W 9 / M 7.5</td><td>9</td><td>7.5</td><td>6.5</td><td>26</td><td>40.5</td></tr><tr><td>W 9.5 / M 8</td><td>9.5</td><td>8</td><td>7</td><td>26.5</td><td>41</td></tr><tr><td>W 10 / M 8.5</td><td>10</td><td>8.5</td><td>7.5</td><td>27</td><td>42</td></tr><tr><td>W 10.5 / M 9</td><td>10.5</td><td>9</td><td>8</td><td>27.5</td><td>42.5</td></tr><tr><td>W 11 / M 9.5</td><td>11</td><td>9.5</td><td>8.5</td><td>28</td><td>43</td></tr><tr><td>W 11.5 / M 10</td><td>11.5</td><td>10</td><td>9</td><td>28.5</td><td>44</td></tr><tr><td>W 12 / M 10.5</td><td>12</td><td>10.5</td><td>9.5</td><td>29</td><td>44.5</td></tr></tbody></table></div>",Nike,Apparel & Accessories > Shoes,Shoes,"PrimeStyleAI Demo, PrimeStyleAI Import, Shoes, Road Running Shoes, female, nike, pegasus, pegasus 42, running shoes, road running, reactx, air zoom, women, footwear, demo",TRUE,Color,White/Malachite/Barely Green/Metallic Silver,Size,W 5.5 / M 4,,,nike-pegasus-42-womens-road-running-shoes-ib1881-602-5-5-5,0,shopify,100,deny,manual,145.00,,TRUE,TRUE,,https://res.cloudinary.com/dgvtynla7/image/upload/v1779029775/demo/products/nike_pegasus_42_womens_road_running_shoes_ib1881_602/variants-highres/IB1881-600/05.webp,62,Women's Running Shoes,FALSE,Women's Running Shoes,"Responsive road running shoes with full-length Air Zoom cushioning, ReactX foam, breathable mesh, and a roomier forefoot fit.",Apparel & Accessories > Shoes,female,adult,,new,TRUE,PrimeStyleAI Demo,,,,,https://res.cloudinary.com/dgvtynla7/image/upload/v1779029620/demo/products/nike_pegasus_42_womens_road_running_shoes_ib1881_602/variants-highres/IB1881-100/01.webp,lb,,,active
nike-pegasus-42-womens-road-running-shoes-ib1881-602,Women's Running Shoes,"<p>Responsive road running shoes with full-length Air Zoom cushioning, ReactX foam, breathable mesh, and a roomier forefoot fit.</p>
<p><strong>Material:</strong> Lightweight mesh upper, ReactX foam midsole, high-abrasion rubber outsole</p>
<p><strong>Available sizes:</strong> W 5 / M 3.5, W 5.5 / M 4, W 6 / M 4.5, W 6.5 / M 5, W 7 / M 5.5, W 7.5 / M 6, W 8 / M 6.5, W 8.5 / M 7, W 9 / M 7.5, W 9.5 / M 8, W 10 / M 8.5, W 10.5 / M 9, W 11 / M 9.5, W 11.5 / M 10, W 12 / M 10.5</p>
<div class=""primestyle-size-guide""><h3>Nike Unisex Shoes Women&#39;s Based Size Guide</h3><table><thead><tr><th>Standard</th><th>US Women</th><th>US Men</th><th>UK</th><th>CM / JP</th><th>EU</th></tr></thead><tbody><tr><td>W 5 / M 3.5</td><td>5</td><td>3.5</td><td>2.5</td><td>22</td><td>35.5</td></tr><tr><td>W 5.5 / M 4</td><td>5.5</td><td>4</td><td>3</td><td>22.5</td><td>36</td></tr><tr><td>W 6 / M 4.5</td><td>6</td><td>4.5</td><td>3.5</td><td>23</td><td>36.5</td></tr><tr><td>W 6.5 / M 5</td><td>6.5</td><td>5</td><td>4</td><td>23.5</td><td>37.5</td></tr><tr><td>W 7 / M 5.5</td><td>7</td><td>5.5</td><td>4.5</td><td>24</td><td>38</td></tr><tr><td>W 7.5 / M 6</td><td>7.5</td><td>6</td><td>5</td><td>24.5</td><td>38.5</td></tr><tr><td>W 8 / M 6.5</td><td>8</td><td>6.5</td><td>5.5</td><td>25</td><td>39</td></tr><tr><td>W 8.5 / M 7</td><td>8.5</td><td>7</td><td>6</td><td>25.5</td><td>40</td></tr><tr><td>W 9 / M 7.5</td><td>9</td><td>7.5</td><td>6.5</td><td>26</td><td>40.5</td></tr><tr><td>W 9.5 / M 8</td><td>9.5</td><td>8</td><td>7</td><td>26.5</td><td>41</td></tr><tr><td>W 10 / M 8.5</td><td>10</td><td>8.5</td><td>7.5</td><td>27</td><td>42</td></tr><tr><td>W 10.5 / M 9</td><td>10.5</td><td>9</td><td>8</td><td>27.5</td><td>42.5</td></tr><tr><td>W 11 / M 9.5</td><td>11</td><td>9.5</td><td>8.5</td><td>28</td><td>43</td></tr><tr><td>W 11.5 / M 10</td><td>11.5</td><td>10</td><td>9</td><td>28.5</td><td>44</td></tr><tr><td>W 12 / M 10.5</td><td>12</td><td>10.5</td><td>9.5</td><td>29</td><td>44.5</td></tr></tbody></table></div>",Nike,Apparel & Accessories > Shoes,Shoes,"PrimeStyleAI Demo, PrimeStyleAI Import, Shoes, Road Running Shoes, female, nike, pegasus, pegasus 42, running shoes, road running, reactx, air zoom, women, footwear, demo",TRUE,Color,White/Malachite/Barely Green/Metallic Silver,Size,W 6 / M 4.5,,,nike-pegasus-42-womens-road-running-shoes-ib1881-602-6-5,0,shopify,100,deny,manual,145.00,,TRUE,TRUE,,https://res.cloudinary.com/dgvtynla7/image/upload/v1779029780/demo/products/nike_pegasus_42_womens_road_running_shoes_ib1881_602/variants-highres/IB1881-600/06.webp,63,Women's Running Shoes,FALSE,Women's Running Shoes,"Responsive road running shoes with full-length Air Zoom cushioning, ReactX foam, breathable mesh, and a roomier forefoot fit.",Apparel & Accessories > Shoes,female,adult,,new,TRUE,PrimeStyleAI Demo,,,,,https://res.cloudinary.com/dgvtynla7/image/upload/v1779029620/demo/products/nike_pegasus_42_womens_road_running_shoes_ib1881_602/variants-highres/IB1881-100/01.webp,lb,,,active
nike-pegasus-42-womens-road-running-shoes-ib1881-602,Women's Running Shoes,"<p>Responsive road running shoes with full-length Air Zoom cushioning, ReactX foam, breathable mesh, and a roomier forefoot fit.</p>
<p><strong>Material:</strong> Lightweight mesh upper, ReactX foam midsole, high-abrasion rubber outsole</p>
<p><strong>Available sizes:</strong> W 5 / M 3.5, W 5.5 / M 4, W 6 / M 4.5, W 6.5 / M 5, W 7 / M 5.5, W 7.5 / M 6, W 8 / M 6.5, W 8.5 / M 7, W 9 / M 7.5, W 9.5 / M 8, W 10 / M 8.5, W 10.5 / M 9, W 11 / M 9.5, W 11.5 / M 10, W 12 / M 10.5</p>
<div class=""primestyle-size-guide""><h3>Nike Unisex Shoes Women&#39;s Based Size Guide</h3><table><thead><tr><th>Standard</th><th>US Women</th><th>US Men</th><th>UK</th><th>CM / JP</th><th>EU</th></tr></thead><tbody><tr><td>W 5 / M 3.5</td><td>5</td><td>3.5</td><td>2.5</td><td>22</td><td>35.5</td></tr><tr><td>W 5.5 / M 4</td><td>5.5</td><td>4</td><td>3</td><td>22.5</td><td>36</td></tr><tr><td>W 6 / M 4.5</td><td>6</td><td>4.5</td><td>3.5</td><td>23</td><td>36.5</td></tr><tr><td>W 6.5 / M 5</td><td>6.5</td><td>5</td><td>4</td><td>23.5</td><td>37.5</td></tr><tr><td>W 7 / M 5.5</td><td>7</td><td>5.5</td><td>4.5</td><td>24</td><td>38</td></tr><tr><td>W 7.5 / M 6</td><td>7.5</td><td>6</td><td>5</td><td>24.5</td><td>38.5</td></tr><tr><td>W 8 / M 6.5</td><td>8</td><td>6.5</td><td>5.5</td><td>25</td><td>39</td></tr><tr><td>W 8.5 / M 7</td><td>8.5</td><td>7</td><td>6</td><td>25.5</td><td>40</td></tr><tr><td>W 9 / M 7.5</td><td>9</td><td>7.5</td><td>6.5</td><td>26</td><td>40.5</td></tr><tr><td>W 9.5 / M 8</td><td>9.5</td><td>8</td><td>7</td><td>26.5</td><td>41</td></tr><tr><td>W 10 / M 8.5</td><td>10</td><td>8.5</td><td>7.5</td><td>27</td><td>42</td></tr><tr><td>W 10.5 / M 9</td><td>10.5</td><td>9</td><td>8</td><td>27.5</td><td>42.5</td></tr><tr><td>W 11 / M 9.5</td><td>11</td><td>9.5</td><td>8.5</td><td>28</td><td>43</td></tr><tr><td>W 11.5 / M 10</td><td>11.5</td><td>10</td><td>9</td><td>28.5</td><td>44</td></tr><tr><td>W 12 / M 10.5</td><td>12</td><td>10.5</td><td>9.5</td><td>29</td><td>44.5</td></tr></tbody></table></div>",Nike,Apparel & Accessories > Shoes,Shoes,"PrimeStyleAI Demo, PrimeStyleAI Import, Shoes, Road Running Shoes, female, nike, pegasus, pegasus 42, running shoes, road running, reactx, air zoom, women, footwear, demo",TRUE,Color,White/Malachite/Barely Green/Metallic Silver,Size,W 6.5 / M 5,,,nike-pegasus-42-womens-road-running-shoes-ib1881-602-6-5-5,0,shopify,100,deny,manual,145.00,,TRUE,TRUE,,https://res.cloudinary.com/dgvtynla7/image/upload/v1779029786/demo/products/nike_pegasus_42_womens_road_running_shoes_ib1881_602/variants-highres/IB1881-600/07.webp,64,Women's Running Shoes,FALSE,Women's Running Shoes,"Responsive road running shoes with full-length Air Zoom cushioning, ReactX foam, breathable mesh, and a roomier forefoot fit.",Apparel & Accessories > Shoes,female,adult,,new,TRUE,PrimeStyleAI Demo,,,,,https://res.cloudinary.com/dgvtynla7/image/upload/v1779029620/demo/products/nike_pegasus_42_womens_road_running_shoes_ib1881_602/variants-highres/IB1881-100/01.webp,lb,,,active
nike-pegasus-42-womens-road-running-shoes-ib1881-602,Women's Running Shoes,"<p>Responsive road running shoes with full-length Air Zoom cushioning, ReactX foam, breathable mesh, and a roomier forefoot fit.</p>
<p><strong>Material:</strong> Lightweight mesh upper, ReactX foam midsole, high-abrasion rubber outsole</p>
<p><strong>Available sizes:</strong> W 5 / M 3.5, W 5.5 / M 4, W 6 / M 4.5, W 6.5 / M 5, W 7 / M 5.5, W 7.5 / M 6, W 8 / M 6.5, W 8.5 / M 7, W 9 / M 7.5, W 9.5 / M 8, W 10 / M 8.5, W 10.5 / M 9, W 11 / M 9.5, W 11.5 / M 10, W 12 / M 10.5</p>
<div class=""primestyle-size-guide""><h3>Nike Unisex Shoes Women&#39;s Based Size Guide</h3><table><thead><tr><th>Standard</th><th>US Women</th><th>US Men</th><th>UK</th><th>CM / JP</th><th>EU</th></tr></thead><tbody><tr><td>W 5 / M 3.5</td><td>5</td><td>3.5</td><td>2.5</td><td>22</td><td>35.5</td></tr><tr><td>W 5.5 / M 4</td><td>5.5</td><td>4</td><td>3</td><td>22.5</td><td>36</td></tr><tr><td>W 6 / M 4.5</td><td>6</td><td>4.5</td><td>3.5</td><td>23</td><td>36.5</td></tr><tr><td>W 6.5 / M 5</td><td>6.5</td><td>5</td><td>4</td><td>23.5</td><td>37.5</td></tr><tr><td>W 7 / M 5.5</td><td>7</td><td>5.5</td><td>4.5</td><td>24</td><td>38</td></tr><tr><td>W 7.5 / M 6</td><td>7.5</td><td>6</td><td>5</td><td>24.5</td><td>38.5</td></tr><tr><td>W 8 / M 6.5</td><td>8</td><td>6.5</td><td>5.5</td><td>25</td><td>39</td></tr><tr><td>W 8.5 / M 7</td><td>8.5</td><td>7</td><td>6</td><td>25.5</td><td>40</td></tr><tr><td>W 9 / M 7.5</td><td>9</td><td>7.5</td><td>6.5</td><td>26</td><td>40.5</td></tr><tr><td>W 9.5 / M 8</td><td>9.5</td><td>8</td><td>7</td><td>26.5</td><td>41</td></tr><tr><td>W 10 / M 8.5</td><td>10</td><td>8.5</td><td>7.5</td><td>27</td><td>42</td></tr><tr><td>W 10.5 / M 9</td><td>10.5</td><td>9</td><td>8</td><td>27.5</td><td>42.5</td></tr><tr><td>W 11 / M 9.5</td><td>11</td><td>9.5</td><td>8.5</td><td>28</td><td>43</td></tr><tr><td>W 11.5 / M 10</td><td>11.5</td><td>10</td><td>9</td><td>28.5</td><td>44</td></tr><tr><td>W 12 / M 10.5</td><td>12</td><td>10.5</td><td>9.5</td><td>29</td><td>44.5</td></tr></tbody></table></div>",Nike,Apparel & Accessories > Shoes,Shoes,"PrimeStyleAI Demo, PrimeStyleAI Import, Shoes, Road Running Shoes, female, nike, pegasus, pegasus 42, running shoes, road running, reactx, air zoom, women, footwear, demo",TRUE,Color,White/Malachite/Barely Green/Metallic Silver,Size,W 7 / M 5.5,,,nike-pegasus-42-womens-road-running-shoes-ib1881-602-7-5,0,shopify,100,deny,manual,145.00,,TRUE,TRUE,,https://res.cloudinary.com/dgvtynla7/image/upload/v1779029791/demo/products/nike_pegasus_42_womens_road_running_shoes_ib1881_602/variants-highres/IB1881-600/08.webp,65,Women's Running Shoes,FALSE,Women's Running Shoes,"Responsive road running shoes with full-length Air Zoom cushioning, ReactX foam, breathable mesh, and a roomier forefoot fit.",Apparel & Accessories > Shoes,female,adult,,new,TRUE,PrimeStyleAI Demo,,,,,https://res.cloudinary.com/dgvtynla7/image/upload/v1779029620/demo/products/nike_pegasus_42_womens_road_running_shoes_ib1881_602/variants-highres/IB1881-100/01.webp,lb,,,active
nike-pegasus-42-womens-road-running-shoes-ib1881-602,Women's Running Shoes,"<p>Responsive road running shoes with full-length Air Zoom cushioning, ReactX foam, breathable mesh, and a roomier forefoot fit.</p>
<p><strong>Material:</strong> Lightweight mesh upper, ReactX foam midsole, high-abrasion rubber outsole</p>
<p><strong>Available sizes:</strong> W 5 / M 3.5, W 5.5 / M 4, W 6 / M 4.5, W 6.5 / M 5, W 7 / M 5.5, W 7.5 / M 6, W 8 / M 6.5, W 8.5 / M 7, W 9 / M 7.5, W 9.5 / M 8, W 10 / M 8.5, W 10.5 / M 9, W 11 / M 9.5, W 11.5 / M 10, W 12 / M 10.5</p>
<div class=""primestyle-size-guide""><h3>Nike Unisex Shoes Women&#39;s Based Size Guide</h3><table><thead><tr><th>Standard</th><th>US Women</th><th>US Men</th><th>UK</th><th>CM / JP</th><th>EU</th></tr></thead><tbody><tr><td>W 5 / M 3.5</td><td>5</td><td>3.5</td><td>2.5</td><td>22</td><td>35.5</td></tr><tr><td>W 5.5 / M 4</td><td>5.5</td><td>4</td><td>3</td><td>22.5</td><td>36</td></tr><tr><td>W 6 / M 4.5</td><td>6</td><td>4.5</td><td>3.5</td><td>23</td><td>36.5</td></tr><tr><td>W 6.5 / M 5</td><td>6.5</td><td>5</td><td>4</td><td>23.5</td><td>37.5</td></tr><tr><td>W 7 / M 5.5</td><td>7</td><td>5.5</td><td>4.5</td><td>24</td><td>38</td></tr><tr><td>W 7.5 / M 6</td><td>7.5</td><td>6</td><td>5</td><td>24.5</td><td>38.5</td></tr><tr><td>W 8 / M 6.5</td><td>8</td><td>6.5</td><td>5.5</td><td>25</td><td>39</td></tr><tr><td>W 8.5 / M 7</td><td>8.5</td><td>7</td><td>6</td><td>25.5</td><td>40</td></tr><tr><td>W 9 / M 7.5</td><td>9</td><td>7.5</td><td>6.5</td><td>26</td><td>40.5</td></tr><tr><td>W 9.5 / M 8</td><td>9.5</td><td>8</td><td>7</td><td>26.5</td><td>41</td></tr><tr><td>W 10 / M 8.5</td><td>10</td><td>8.5</td><td>7.5</td><td>27</td><td>42</td></tr><tr><td>W 10.5 / M 9</td><td>10.5</td><td>9</td><td>8</td><td>27.5</td><td>42.5</td></tr><tr><td>W 11 / M 9.5</td><td>11</td><td>9.5</td><td>8.5</td><td>28</td><td>43</td></tr><tr><td>W 11.5 / M 10</td><td>11.5</td><td>10</td><td>9</td><td>28.5</td><td>44</td></tr><tr><td>W 12 / M 10.5</td><td>12</td><td>10.5</td><td>9.5</td><td>29</td><td>44.5</td></tr></tbody></table></div>",Nike,Apparel & Accessories > Shoes,Shoes,"PrimeStyleAI Demo, PrimeStyleAI Import, Shoes, Road Running Shoes, female, nike, pegasus, pegasus 42, running shoes, road running, reactx, air zoom, women, footwear, demo",TRUE,Color,White/Malachite/Barely Green/Metallic Silver,Size,W 7.5 / M 6,,,nike-pegasus-42-womens-road-running-shoes-ib1881-602-7-5-5,0,shopify,100,deny,manual,145.00,,TRUE,TRUE,,,,,FALSE,Women's Running Shoes,"Responsive road running shoes with full-length Air Zoom cushioning, ReactX foam, breathable mesh, and a roomier forefoot fit.",Apparel & Accessories > Shoes,female,adult,,new,TRUE,PrimeStyleAI Demo,,,,,https://res.cloudinary.com/dgvtynla7/image/upload/v1779029620/demo/products/nike_pegasus_42_womens_road_running_shoes_ib1881_602/variants-highres/IB1881-100/01.webp,lb,,,active
nike-pegasus-42-womens-road-running-shoes-ib1881-602,Women's Running Shoes,"<p>Responsive road running shoes with full-length Air Zoom cushioning, ReactX foam, breathable mesh, and a roomier forefoot fit.</p>
<p><strong>Material:</strong> Lightweight mesh upper, ReactX foam midsole, high-abrasion rubber outsole</p>
<p><strong>Available sizes:</strong> W 5 / M 3.5, W 5.5 / M 4, W 6 / M 4.5, W 6.5 / M 5, W 7 / M 5.5, W 7.5 / M 6, W 8 / M 6.5, W 8.5 / M 7, W 9 / M 7.5, W 9.5 / M 8, W 10 / M 8.5, W 10.5 / M 9, W 11 / M 9.5, W 11.5 / M 10, W 12 / M 10.5</p>
<div class=""primestyle-size-guide""><h3>Nike Unisex Shoes Women&#39;s Based Size Guide</h3><table><thead><tr><th>Standard</th><th>US Women</th><th>US Men</th><th>UK</th><th>CM / JP</th><th>EU</th></tr></thead><tbody><tr><td>W 5 / M 3.5</td><td>5</td><td>3.5</td><td>2.5</td><td>22</td><td>35.5</td></tr><tr><td>W 5.5 / M 4</td><td>5.5</td><td>4</td><td>3</td><td>22.5</td><td>36</td></tr><tr><td>W 6 / M 4.5</td><td>6</td><td>4.5</td><td>3.5</td><td>23</td><td>36.5</td></tr><tr><td>W 6.5 / M 5</td><td>6.5</td><td>5</td><td>4</td><td>23.5</td><td>37.5</td></tr><tr><td>W 7 / M 5.5</td><td>7</td><td>5.5</td><td>4.5</td><td>24</td><td>38</td></tr><tr><td>W 7.5 / M 6</td><td>7.5</td><td>6</td><td>5</td><td>24.5</td><td>38.5</td></tr><tr><td>W 8 / M 6.5</td><td>8</td><td>6.5</td><td>5.5</td><td>25</td><td>39</td></tr><tr><td>W 8.5 / M 7</td><td>8.5</td><td>7</td><td>6</td><td>25.5</td><td>40</td></tr><tr><td>W 9 / M 7.5</td><td>9</td><td>7.5</td><td>6.5</td><td>26</td><td>40.5</td></tr><tr><td>W 9.5 / M 8</td><td>9.5</td><td>8</td><td>7</td><td>26.5</td><td>41</td></tr><tr><td>W 10 / M 8.5</td><td>10</td><td>8.5</td><td>7.5</td><td>27</td><td>42</td></tr><tr><td>W 10.5 / M 9</td><td>10.5</td><td>9</td><td>8</td><td>27.5</td><td>42.5</td></tr><tr><td>W 11 / M 9.5</td><td>11</td><td>9.5</td><td>8.5</td><td>28</td><td>43</td></tr><tr><td>W 11.5 / M 10</td><td>11.5</td><td>10</td><td>9</td><td>28.5</td><td>44</td></tr><tr><td>W 12 / M 10.5</td><td>12</td><td>10.5</td><td>9.5</td><td>29</td><td>44.5</td></tr></tbody></table></div>",Nike,Apparel & Accessories > Shoes,Shoes,"PrimeStyleAI Demo, PrimeStyleAI Import, Shoes, Road Running Shoes, female, nike, pegasus, pegasus 42, running shoes, road running, reactx, air zoom, women, footwear, demo",TRUE,Color,White/Malachite/Barely Green/Metallic Silver,Size,W 8 / M 6.5,,,nike-pegasus-42-womens-road-running-shoes-ib1881-602-8-5,0,shopify,100,deny,manual,145.00,,TRUE,TRUE,,,,,FALSE,Women's Running Shoes,"Responsive road running shoes with full-length Air Zoom cushioning, ReactX foam, breathable mesh, and a roomier forefoot fit.",Apparel & Accessories > Shoes,female,adult,,new,TRUE,PrimeStyleAI Demo,,,,,https://res.cloudinary.com/dgvtynla7/image/upload/v1779029620/demo/products/nike_pegasus_42_womens_road_running_shoes_ib1881_602/variants-highres/IB1881-100/01.webp,lb,,,active
nike-pegasus-42-womens-road-running-shoes-ib1881-602,Women's Running Shoes,"<p>Responsive road running shoes with full-length Air Zoom cushioning, ReactX foam, breathable mesh, and a roomier forefoot fit.</p>
<p><strong>Material:</strong> Lightweight mesh upper, ReactX foam midsole, high-abrasion rubber outsole</p>
<p><strong>Available sizes:</strong> W 5 / M 3.5, W 5.5 / M 4, W 6 / M 4.5, W 6.5 / M 5, W 7 / M 5.5, W 7.5 / M 6, W 8 / M 6.5, W 8.5 / M 7, W 9 / M 7.5, W 9.5 / M 8, W 10 / M 8.5, W 10.5 / M 9, W 11 / M 9.5, W 11.5 / M 10, W 12 / M 10.5</p>
<div class=""primestyle-size-guide""><h3>Nike Unisex Shoes Women&#39;s Based Size Guide</h3><table><thead><tr><th>Standard</th><th>US Women</th><th>US Men</th><th>UK</th><th>CM / JP</th><th>EU</th></tr></thead><tbody><tr><td>W 5 / M 3.5</td><td>5</td><td>3.5</td><td>2.5</td><td>22</td><td>35.5</td></tr><tr><td>W 5.5 / M 4</td><td>5.5</td><td>4</td><td>3</td><td>22.5</td><td>36</td></tr><tr><td>W 6 / M 4.5</td><td>6</td><td>4.5</td><td>3.5</td><td>23</td><td>36.5</td></tr><tr><td>W 6.5 / M 5</td><td>6.5</td><td>5</td><td>4</td><td>23.5</td><td>37.5</td></tr><tr><td>W 7 / M 5.5</td><td>7</td><td>5.5</td><td>4.5</td><td>24</td><td>38</td></tr><tr><td>W 7.5 / M 6</td><td>7.5</td><td>6</td><td>5</td><td>24.5</td><td>38.5</td></tr><tr><td>W 8 / M 6.5</td><td>8</td><td>6.5</td><td>5.5</td><td>25</td><td>39</td></tr><tr><td>W 8.5 / M 7</td><td>8.5</td><td>7</td><td>6</td><td>25.5</td><td>40</td></tr><tr><td>W 9 / M 7.5</td><td>9</td><td>7.5</td><td>6.5</td><td>26</td><td>40.5</td></tr><tr><td>W 9.5 / M 8</td><td>9.5</td><td>8</td><td>7</td><td>26.5</td><td>41</td></tr><tr><td>W 10 / M 8.5</td><td>10</td><td>8.5</td><td>7.5</td><td>27</td><td>42</td></tr><tr><td>W 10.5 / M 9</td><td>10.5</td><td>9</td><td>8</td><td>27.5</td><td>42.5</td></tr><tr><td>W 11 / M 9.5</td><td>11</td><td>9.5</td><td>8.5</td><td>28</td><td>43</td></tr><tr><td>W 11.5 / M 10</td><td>11.5</td><td>10</td><td>9</td><td>28.5</td><td>44</td></tr><tr><td>W 12 / M 10.5</td><td>12</td><td>10.5</td><td>9.5</td><td>29</td><td>44.5</td></tr></tbody></table></div>",Nike,Apparel & Accessories > Shoes,Shoes,"PrimeStyleAI Demo, PrimeStyleAI Import, Shoes, Road Running Shoes, female, nike, pegasus, pegasus 42, running shoes, road running, reactx, air zoom, women, footwear, demo",TRUE,Color,White/Malachite/Barely Green/Metallic Silver,Size,W 8.5 / M 7,,,nike-pegasus-42-womens-road-running-shoes-ib1881-602-8-5-5,0,shopify,100,deny,manual,145.00,,TRUE,TRUE,,,,,FALSE,Women's Running Shoes,"Responsive road running shoes with full-length Air Zoom cushioning, ReactX foam, breathable mesh, and a roomier forefoot fit.",Apparel & Accessories > Shoes,female,adult,,new,TRUE,PrimeStyleAI Demo,,,,,https://res.cloudinary.com/dgvtynla7/image/upload/v1779029620/demo/products/nike_pegasus_42_womens_road_running_shoes_ib1881_602/variants-highres/IB1881-100/01.webp,lb,,,active
nike-pegasus-42-womens-road-running-shoes-ib1881-602,Women's Running Shoes,"<p>Responsive road running shoes with full-length Air Zoom cushioning, ReactX foam, breathable mesh, and a roomier forefoot fit.</p>
<p><strong>Material:</strong> Lightweight mesh upper, ReactX foam midsole, high-abrasion rubber outsole</p>
<p><strong>Available sizes:</strong> W 5 / M 3.5, W 5.5 / M 4, W 6 / M 4.5, W 6.5 / M 5, W 7 / M 5.5, W 7.5 / M 6, W 8 / M 6.5, W 8.5 / M 7, W 9 / M 7.5, W 9.5 / M 8, W 10 / M 8.5, W 10.5 / M 9, W 11 / M 9.5, W 11.5 / M 10, W 12 / M 10.5</p>
<div class=""primestyle-size-guide""><h3>Nike Unisex Shoes Women&#39;s Based Size Guide</h3><table><thead><tr><th>Standard</th><th>US Women</th><th>US Men</th><th>UK</th><th>CM / JP</th><th>EU</th></tr></thead><tbody><tr><td>W 5 / M 3.5</td><td>5</td><td>3.5</td><td>2.5</td><td>22</td><td>35.5</td></tr><tr><td>W 5.5 / M 4</td><td>5.5</td><td>4</td><td>3</td><td>22.5</td><td>36</td></tr><tr><td>W 6 / M 4.5</td><td>6</td><td>4.5</td><td>3.5</td><td>23</td><td>36.5</td></tr><tr><td>W 6.5 / M 5</td><td>6.5</td><td>5</td><td>4</td><td>23.5</td><td>37.5</td></tr><tr><td>W 7 / M 5.5</td><td>7</td><td>5.5</td><td>4.5</td><td>24</td><td>38</td></tr><tr><td>W 7.5 / M 6</td><td>7.5</td><td>6</td><td>5</td><td>24.5</td><td>38.5</td></tr><tr><td>W 8 / M 6.5</td><td>8</td><td>6.5</td><td>5.5</td><td>25</td><td>39</td></tr><tr><td>W 8.5 / M 7</td><td>8.5</td><td>7</td><td>6</td><td>25.5</td><td>40</td></tr><tr><td>W 9 / M 7.5</td><td>9</td><td>7.5</td><td>6.5</td><td>26</td><td>40.5</td></tr><tr><td>W 9.5 / M 8</td><td>9.5</td><td>8</td><td>7</td><td>26.5</td><td>41</td></tr><tr><td>W 10 / M 8.5</td><td>10</td><td>8.5</td><td>7.5</td><td>27</td><td>42</td></tr><tr><td>W 10.5 / M 9</td><td>10.5</td><td>9</td><td>8</td><td>27.5</td><td>42.5</td></tr><tr><td>W 11 / M 9.5</td><td>11</td><td>9.5</td><td>8.5</td><td>28</td><td>43</td></tr><tr><td>W 11.5 / M 10</td><td>11.5</td><td>10</td><td>9</td><td>28.5</td><td>44</td></tr><tr><td>W 12 / M 10.5</td><td>12</td><td>10.5</td><td>9.5</td><td>29</td><td>44.5</td></tr></tbody></table></div>",Nike,Apparel & Accessories > Shoes,Shoes,"PrimeStyleAI Demo, PrimeStyleAI Import, Shoes, Road Running Shoes, female, nike, pegasus, pegasus 42, running shoes, road running, reactx, air zoom, women, footwear, demo",TRUE,Color,White/Malachite/Barely Green/Metallic Silver,Size,W 9 / M 7.5,,,nike-pegasus-42-womens-road-running-shoes-ib1881-602-9-5,0,shopify,100,deny,manual,145.00,,TRUE,TRUE,,,,,FALSE,Women's Running Shoes,"Responsive road running shoes with full-length Air Zoom cushioning, ReactX foam, breathable mesh, and a roomier forefoot fit.",Apparel & Accessories > Shoes,female,adult,,new,TRUE,PrimeStyleAI Demo,,,,,https://res.cloudinary.com/dgvtynla7/image/upload/v1779029620/demo/products/nike_pegasus_42_womens_road_running_shoes_ib1881_602/variants-highres/IB1881-100/01.webp,lb,,,active
nike-pegasus-42-womens-road-running-shoes-ib1881-602,Women's Running Shoes,"<p>Responsive road running shoes with full-length Air Zoom cushioning, ReactX foam, breathable mesh, and a roomier forefoot fit.</p>
<p><strong>Material:</strong> Lightweight mesh upper, ReactX foam midsole, high-abrasion rubber outsole</p>
<p><strong>Available sizes:</strong> W 5 / M 3.5, W 5.5 / M 4, W 6 / M 4.5, W 6.5 / M 5, W 7 / M 5.5, W 7.5 / M 6, W 8 / M 6.5, W 8.5 / M 7, W 9 / M 7.5, W 9.5 / M 8, W 10 / M 8.5, W 10.5 / M 9, W 11 / M 9.5, W 11.5 / M 10, W 12 / M 10.5</p>
<div class=""primestyle-size-guide""><h3>Nike Unisex Shoes Women&#39;s Based Size Guide</h3><table><thead><tr><th>Standard</th><th>US Women</th><th>US Men</th><th>UK</th><th>CM / JP</th><th>EU</th></tr></thead><tbody><tr><td>W 5 / M 3.5</td><td>5</td><td>3.5</td><td>2.5</td><td>22</td><td>35.5</td></tr><tr><td>W 5.5 / M 4</td><td>5.5</td><td>4</td><td>3</td><td>22.5</td><td>36</td></tr><tr><td>W 6 / M 4.5</td><td>6</td><td>4.5</td><td>3.5</td><td>23</td><td>36.5</td></tr><tr><td>W 6.5 / M 5</td><td>6.5</td><td>5</td><td>4</td><td>23.5</td><td>37.5</td></tr><tr><td>W 7 / M 5.5</td><td>7</td><td>5.5</td><td>4.5</td><td>24</td><td>38</td></tr><tr><td>W 7.5 / M 6</td><td>7.5</td><td>6</td><td>5</td><td>24.5</td><td>38.5</td></tr><tr><td>W 8 / M 6.5</td><td>8</td><td>6.5</td><td>5.5</td><td>25</td><td>39</td></tr><tr><td>W 8.5 / M 7</td><td>8.5</td><td>7</td><td>6</td><td>25.5</td><td>40</td></tr><tr><td>W 9 / M 7.5</td><td>9</td><td>7.5</td><td>6.5</td><td>26</td><td>40.5</td></tr><tr><td>W 9.5 / M 8</td><td>9.5</td><td>8</td><td>7</td><td>26.5</td><td>41</td></tr><tr><td>W 10 / M 8.5</td><td>10</td><td>8.5</td><td>7.5</td><td>27</td><td>42</td></tr><tr><td>W 10.5 / M 9</td><td>10.5</td><td>9</td><td>8</td><td>27.5</td><td>42.5</td></tr><tr><td>W 11 / M 9.5</td><td>11</td><td>9.5</td><td>8.5</td><td>28</td><td>43</td></tr><tr><td>W 11.5 / M 10</td><td>11.5</td><td>10</td><td>9</td><td>28.5</td><td>44</td></tr><tr><td>W 12 / M 10.5</td><td>12</td><td>10.5</td><td>9.5</td><td>29</td><td>44.5</td></tr></tbody></table></div>",Nike,Apparel & Accessories > Shoes,Shoes,"PrimeStyleAI Demo, PrimeStyleAI Import, Shoes, Road Running Shoes, female, nike, pegasus, pegasus 42, running shoes, road running, reactx, air zoom, women, footwear, demo",TRUE,Color,White/Malachite/Barely Green/Metallic Silver,Size,W 9.5 / M 8,,,nike-pegasus-42-womens-road-running-shoes-ib1881-602-9-5-5,0,shopify,100,deny,manual,145.00,,TRUE,TRUE,,,,,FALSE,Women's Running Shoes,"Responsive road running shoes with full-length Air Zoom cushioning, ReactX foam, breathable mesh, and a roomier forefoot fit.",Apparel & Accessories > Shoes,female,adult,,new,TRUE,PrimeStyleAI Demo,,,,,https://res.cloudinary.com/dgvtynla7/image/upload/v1779029620/demo/products/nike_pegasus_42_womens_road_running_shoes_ib1881_602/variants-highres/IB1881-100/01.webp,lb,,,active
nike-pegasus-42-womens-road-running-shoes-ib1881-602,Women's Running Shoes,"<p>Responsive road running shoes with full-length Air Zoom cushioning, ReactX foam, breathable mesh, and a roomier forefoot fit.</p>
<p><strong>Material:</strong> Lightweight mesh upper, ReactX foam midsole, high-abrasion rubber outsole</p>
<p><strong>Available sizes:</strong> W 5 / M 3.5, W 5.5 / M 4, W 6 / M 4.5, W 6.5 / M 5, W 7 / M 5.5, W 7.5 / M 6, W 8 / M 6.5, W 8.5 / M 7, W 9 / M 7.5, W 9.5 / M 8, W 10 / M 8.5, W 10.5 / M 9, W 11 / M 9.5, W 11.5 / M 10, W 12 / M 10.5</p>
<div class=""primestyle-size-guide""><h3>Nike Unisex Shoes Women&#39;s Based Size Guide</h3><table><thead><tr><th>Standard</th><th>US Women</th><th>US Men</th><th>UK</th><th>CM / JP</th><th>EU</th></tr></thead><tbody><tr><td>W 5 / M 3.5</td><td>5</td><td>3.5</td><td>2.5</td><td>22</td><td>35.5</td></tr><tr><td>W 5.5 / M 4</td><td>5.5</td><td>4</td><td>3</td><td>22.5</td><td>36</td></tr><tr><td>W 6 / M 4.5</td><td>6</td><td>4.5</td><td>3.5</td><td>23</td><td>36.5</td></tr><tr><td>W 6.5 / M 5</td><td>6.5</td><td>5</td><td>4</td><td>23.5</td><td>37.5</td></tr><tr><td>W 7 / M 5.5</td><td>7</td><td>5.5</td><td>4.5</td><td>24</td><td>38</td></tr><tr><td>W 7.5 / M 6</td><td>7.5</td><td>6</td><td>5</td><td>24.5</td><td>38.5</td></tr><tr><td>W 8 / M 6.5</td><td>8</td><td>6.5</td><td>5.5</td><td>25</td><td>39</td></tr><tr><td>W 8.5 / M 7</td><td>8.5</td><td>7</td><td>6</td><td>25.5</td><td>40</td></tr><tr><td>W 9 / M 7.5</td><td>9</td><td>7.5</td><td>6.5</td><td>26</td><td>40.5</td></tr><tr><td>W 9.5 / M 8</td><td>9.5</td><td>8</td><td>7</td><td>26.5</td><td>41</td></tr><tr><td>W 10 / M 8.5</td><td>10</td><td>8.5</td><td>7.5</td><td>27</td><td>42</td></tr><tr><td>W 10.5 / M 9</td><td>10.5</td><td>9</td><td>8</td><td>27.5</td><td>42.5</td></tr><tr><td>W 11 / M 9.5</td><td>11</td><td>9.5</td><td>8.5</td><td>28</td><td>43</td></tr><tr><td>W 11.5 / M 10</td><td>11.5</td><td>10</td><td>9</td><td>28.5</td><td>44</td></tr><tr><td>W 12 / M 10.5</td><td>12</td><td>10.5</td><td>9.5</td><td>29</td><td>44.5</td></tr></tbody></table></div>",Nike,Apparel & Accessories > Shoes,Shoes,"PrimeStyleAI Demo, PrimeStyleAI Import, Shoes, Road Running Shoes, female, nike, pegasus, pegasus 42, running shoes, road running, reactx, air zoom, women, footwear, demo",TRUE,Color,White/Malachite/Barely Green/Metallic Silver,Size,W 10 / M 8.5,,,nike-pegasus-42-womens-road-running-shoes-ib1881-602-10-5,0,shopify,100,deny,manual,145.00,,TRUE,TRUE,,,,,FALSE,Women's Running Shoes,"Responsive road running shoes with full-length Air Zoom cushioning, ReactX foam, breathable mesh, and a roomier forefoot fit.",Apparel & Accessories > Shoes,female,adult,,new,TRUE,PrimeStyleAI Demo,,,,,https://res.cloudinary.com/dgvtynla7/image/upload/v1779029620/demo/products/nike_pegasus_42_womens_road_running_shoes_ib1881_602/variants-highres/IB1881-100/01.webp,lb,,,active
nike-pegasus-42-womens-road-running-shoes-ib1881-602,Women's Running Shoes,"<p>Responsive road running shoes with full-length Air Zoom cushioning, ReactX foam, breathable mesh, and a roomier forefoot fit.</p>
<p><strong>Material:</strong> Lightweight mesh upper, ReactX foam midsole, high-abrasion rubber outsole</p>
<p><strong>Available sizes:</strong> W 5 / M 3.5, W 5.5 / M 4, W 6 / M 4.5, W 6.5 / M 5, W 7 / M 5.5, W 7.5 / M 6, W 8 / M 6.5, W 8.5 / M 7, W 9 / M 7.5, W 9.5 / M 8, W 10 / M 8.5, W 10.5 / M 9, W 11 / M 9.5, W 11.5 / M 10, W 12 / M 10.5</p>
<div class=""primestyle-size-guide""><h3>Nike Unisex Shoes Women&#39;s Based Size Guide</h3><table><thead><tr><th>Standard</th><th>US Women</th><th>US Men</th><th>UK</th><th>CM / JP</th><th>EU</th></tr></thead><tbody><tr><td>W 5 / M 3.5</td><td>5</td><td>3.5</td><td>2.5</td><td>22</td><td>35.5</td></tr><tr><td>W 5.5 / M 4</td><td>5.5</td><td>4</td><td>3</td><td>22.5</td><td>36</td></tr><tr><td>W 6 / M 4.5</td><td>6</td><td>4.5</td><td>3.5</td><td>23</td><td>36.5</td></tr><tr><td>W 6.5 / M 5</td><td>6.5</td><td>5</td><td>4</td><td>23.5</td><td>37.5</td></tr><tr><td>W 7 / M 5.5</td><td>7</td><td>5.5</td><td>4.5</td><td>24</td><td>38</td></tr><tr><td>W 7.5 / M 6</td><td>7.5</td><td>6</td><td>5</td><td>24.5</td><td>38.5</td></tr><tr><td>W 8 / M 6.5</td><td>8</td><td>6.5</td><td>5.5</td><td>25</td><td>39</td></tr><tr><td>W 8.5 / M 7</td><td>8.5</td><td>7</td><td>6</td><td>25.5</td><td>40</td></tr><tr><td>W 9 / M 7.5</td><td>9</td><td>7.5</td><td>6.5</td><td>26</td><td>40.5</td></tr><tr><td>W 9.5 / M 8</td><td>9.5</td><td>8</td><td>7</td><td>26.5</td><td>41</td></tr><tr><td>W 10 / M 8.5</td><td>10</td><td>8.5</td><td>7.5</td><td>27</td><td>42</td></tr><tr><td>W 10.5 / M 9</td><td>10.5</td><td>9</td><td>8</td><td>27.5</td><td>42.5</td></tr><tr><td>W 11 / M 9.5</td><td>11</td><td>9.5</td><td>8.5</td><td>28</td><td>43</td></tr><tr><td>W 11.5 / M 10</td><td>11.5</td><td>10</td><td>9</td><td>28.5</td><td>44</td></tr><tr><td>W 12 / M 10.5</td><td>12</td><td>10.5</td><td>9.5</td><td>29</td><td>44.5</td></tr></tbody></table></div>",Nike,Apparel & Accessories > Shoes,Shoes,"PrimeStyleAI Demo, PrimeStyleAI Import, Shoes, Road Running Shoes, female, nike, pegasus, pegasus 42, running shoes, road running, reactx, air zoom, women, footwear, demo",TRUE,Color,White/Malachite/Barely Green/Metallic Silver,Size,W 10.5 / M 9,,,nike-pegasus-42-womens-road-running-shoes-ib1881-602-10-5-5,0,shopify,100,deny,manual,145.00,,TRUE,TRUE,,,,,FALSE,Women's Running Shoes,"Responsive road running shoes with full-length Air Zoom cushioning, ReactX foam, breathable mesh, and a roomier forefoot fit.",Apparel & Accessories > Shoes,female,adult,,new,TRUE,PrimeStyleAI Demo,,,,,https://res.cloudinary.com/dgvtynla7/image/upload/v1779029620/demo/products/nike_pegasus_42_womens_road_running_shoes_ib1881_602/variants-highres/IB1881-100/01.webp,lb,,,active
nike-pegasus-42-womens-road-running-shoes-ib1881-602,Women's Running Shoes,"<p>Responsive road running shoes with full-length Air Zoom cushioning, ReactX foam, breathable mesh, and a roomier forefoot fit.</p>
<p><strong>Material:</strong> Lightweight mesh upper, ReactX foam midsole, high-abrasion rubber outsole</p>
<p><strong>Available sizes:</strong> W 5 / M 3.5, W 5.5 / M 4, W 6 / M 4.5, W 6.5 / M 5, W 7 / M 5.5, W 7.5 / M 6, W 8 / M 6.5, W 8.5 / M 7, W 9 / M 7.5, W 9.5 / M 8, W 10 / M 8.5, W 10.5 / M 9, W 11 / M 9.5, W 11.5 / M 10, W 12 / M 10.5</p>
<div class=""primestyle-size-guide""><h3>Nike Unisex Shoes Women&#39;s Based Size Guide</h3><table><thead><tr><th>Standard</th><th>US Women</th><th>US Men</th><th>UK</th><th>CM / JP</th><th>EU</th></tr></thead><tbody><tr><td>W 5 / M 3.5</td><td>5</td><td>3.5</td><td>2.5</td><td>22</td><td>35.5</td></tr><tr><td>W 5.5 / M 4</td><td>5.5</td><td>4</td><td>3</td><td>22.5</td><td>36</td></tr><tr><td>W 6 / M 4.5</td><td>6</td><td>4.5</td><td>3.5</td><td>23</td><td>36.5</td></tr><tr><td>W 6.5 / M 5</td><td>6.5</td><td>5</td><td>4</td><td>23.5</td><td>37.5</td></tr><tr><td>W 7 / M 5.5</td><td>7</td><td>5.5</td><td>4.5</td><td>24</td><td>38</td></tr><tr><td>W 7.5 / M 6</td><td>7.5</td><td>6</td><td>5</td><td>24.5</td><td>38.5</td></tr><tr><td>W 8 / M 6.5</td><td>8</td><td>6.5</td><td>5.5</td><td>25</td><td>39</td></tr><tr><td>W 8.5 / M 7</td><td>8.5</td><td>7</td><td>6</td><td>25.5</td><td>40</td></tr><tr><td>W 9 / M 7.5</td><td>9</td><td>7.5</td><td>6.5</td><td>26</td><td>40.5</td></tr><tr><td>W 9.5 / M 8</td><td>9.5</td><td>8</td><td>7</td><td>26.5</td><td>41</td></tr><tr><td>W 10 / M 8.5</td><td>10</td><td>8.5</td><td>7.5</td><td>27</td><td>42</td></tr><tr><td>W 10.5 / M 9</td><td>10.5</td><td>9</td><td>8</td><td>27.5</td><td>42.5</td></tr><tr><td>W 11 / M 9.5</td><td>11</td><td>9.5</td><td>8.5</td><td>28</td><td>43</td></tr><tr><td>W 11.5 / M 10</td><td>11.5</td><td>10</td><td>9</td><td>28.5</td><td>44</td></tr><tr><td>W 12 / M 10.5</td><td>12</td><td>10.5</td><td>9.5</td><td>29</td><td>44.5</td></tr></tbody></table></div>",Nike,Apparel & Accessories > Shoes,Shoes,"PrimeStyleAI Demo, PrimeStyleAI Import, Shoes, Road Running Shoes, female, nike, pegasus, pegasus 42, running shoes, road running, reactx, air zoom, women, footwear, demo",TRUE,Color,White/Malachite/Barely Green/Metallic Silver,Size,W 11 / M 9.5,,,nike-pegasus-42-womens-road-running-shoes-ib1881-602-11-5,0,shopify,100,deny,manual,145.00,,TRUE,TRUE,,,,,FALSE,Women's Running Shoes,"Responsive road running shoes with full-length Air Zoom cushioning, ReactX foam, breathable mesh, and a roomier forefoot fit.",Apparel & Accessories > Shoes,female,adult,,new,TRUE,PrimeStyleAI Demo,,,,,https://res.cloudinary.com/dgvtynla7/image/upload/v1779029620/demo/products/nike_pegasus_42_womens_road_running_shoes_ib1881_602/variants-highres/IB1881-100/01.webp,lb,,,active
nike-pegasus-42-womens-road-running-shoes-ib1881-602,Women's Running Shoes,"<p>Responsive road running shoes with full-length Air Zoom cushioning, ReactX foam, breathable mesh, and a roomier forefoot fit.</p>
<p><strong>Material:</strong> Lightweight mesh upper, ReactX foam midsole, high-abrasion rubber outsole</p>
<p><strong>Available sizes:</strong> W 5 / M 3.5, W 5.5 / M 4, W 6 / M 4.5, W 6.5 / M 5, W 7 / M 5.5, W 7.5 / M 6, W 8 / M 6.5, W 8.5 / M 7, W 9 / M 7.5, W 9.5 / M 8, W 10 / M 8.5, W 10.5 / M 9, W 11 / M 9.5, W 11.5 / M 10, W 12 / M 10.5</p>
<div class=""primestyle-size-guide""><h3>Nike Unisex Shoes Women&#39;s Based Size Guide</h3><table><thead><tr><th>Standard</th><th>US Women</th><th>US Men</th><th>UK</th><th>CM / JP</th><th>EU</th></tr></thead><tbody><tr><td>W 5 / M 3.5</td><td>5</td><td>3.5</td><td>2.5</td><td>22</td><td>35.5</td></tr><tr><td>W 5.5 / M 4</td><td>5.5</td><td>4</td><td>3</td><td>22.5</td><td>36</td></tr><tr><td>W 6 / M 4.5</td><td>6</td><td>4.5</td><td>3.5</td><td>23</td><td>36.5</td></tr><tr><td>W 6.5 / M 5</td><td>6.5</td><td>5</td><td>4</td><td>23.5</td><td>37.5</td></tr><tr><td>W 7 / M 5.5</td><td>7</td><td>5.5</td><td>4.5</td><td>24</td><td>38</td></tr><tr><td>W 7.5 / M 6</td><td>7.5</td><td>6</td><td>5</td><td>24.5</td><td>38.5</td></tr><tr><td>W 8 / M 6.5</td><td>8</td><td>6.5</td><td>5.5</td><td>25</td><td>39</td></tr><tr><td>W 8.5 / M 7</td><td>8.5</td><td>7</td><td>6</td><td>25.5</td><td>40</td></tr><tr><td>W 9 / M 7.5</td><td>9</td><td>7.5</td><td>6.5</td><td>26</td><td>40.5</td></tr><tr><td>W 9.5 / M 8</td><td>9.5</td><td>8</td><td>7</td><td>26.5</td><td>41</td></tr><tr><td>W 10 / M 8.5</td><td>10</td><td>8.5</td><td>7.5</td><td>27</td><td>42</td></tr><tr><td>W 10.5 / M 9</td><td>10.5</td><td>9</td><td>8</td><td>27.5</td><td>42.5</td></tr><tr><td>W 11 / M 9.5</td><td>11</td><td>9.5</td><td>8.5</td><td>28</td><td>43</td></tr><tr><td>W 11.5 / M 10</td><td>11.5</td><td>10</td><td>9</td><td>28.5</td><td>44</td></tr><tr><td>W 12 / M 10.5</td><td>12</td><td>10.5</td><td>9.5</td><td>29</td><td>44.5</td></tr></tbody></table></div>",Nike,Apparel & Accessories > Shoes,Shoes,"PrimeStyleAI Demo, PrimeStyleAI Import, Shoes, Road Running Shoes, female, nike, pegasus, pegasus 42, running shoes, road running, reactx, air zoom, women, footwear, demo",TRUE,Color,White/Malachite/Barely Green/Metallic Silver,Size,W 11.5 / M 10,,,nike-pegasus-42-womens-road-running-shoes-ib1881-602-11-5-5,0,shopify,100,deny,manual,145.00,,TRUE,TRUE,,,,,FALSE,Women's Running Shoes,"Responsive road running shoes with full-length Air Zoom cushioning, ReactX foam, breathable mesh, and a roomier forefoot fit.",Apparel & Accessories > Shoes,female,adult,,new,TRUE,PrimeStyleAI Demo,,,,,https://res.cloudinary.com/dgvtynla7/image/upload/v1779029620/demo/products/nike_pegasus_42_womens_road_running_shoes_ib1881_602/variants-highres/IB1881-100/01.webp,lb,,,active
nike-pegasus-42-womens-road-running-shoes-ib1881-602,Women's Running Shoes,"<p>Responsive road running shoes with full-length Air Zoom cushioning, ReactX foam, breathable mesh, and a roomier forefoot fit.</p>
<p><strong>Material:</strong> Lightweight mesh upper, ReactX foam midsole, high-abrasion rubber outsole</p>
<p><strong>Available sizes:</strong> W 5 / M 3.5, W 5.5 / M 4, W 6 / M 4.5, W 6.5 / M 5, W 7 / M 5.5, W 7.5 / M 6, W 8 / M 6.5, W 8.5 / M 7, W 9 / M 7.5, W 9.5 / M 8, W 10 / M 8.5, W 10.5 / M 9, W 11 / M 9.5, W 11.5 / M 10, W 12 / M 10.5</p>
<div class=""primestyle-size-guide""><h3>Nike Unisex Shoes Women&#39;s Based Size Guide</h3><table><thead><tr><th>Standard</th><th>US Women</th><th>US Men</th><th>UK</th><th>CM / JP</th><th>EU</th></tr></thead><tbody><tr><td>W 5 / M 3.5</td><td>5</td><td>3.5</td><td>2.5</td><td>22</td><td>35.5</td></tr><tr><td>W 5.5 / M 4</td><td>5.5</td><td>4</td><td>3</td><td>22.5</td><td>36</td></tr><tr><td>W 6 / M 4.5</td><td>6</td><td>4.5</td><td>3.5</td><td>23</td><td>36.5</td></tr><tr><td>W 6.5 / M 5</td><td>6.5</td><td>5</td><td>4</td><td>23.5</td><td>37.5</td></tr><tr><td>W 7 / M 5.5</td><td>7</td><td>5.5</td><td>4.5</td><td>24</td><td>38</td></tr><tr><td>W 7.5 / M 6</td><td>7.5</td><td>6</td><td>5</td><td>24.5</td><td>38.5</td></tr><tr><td>W 8 / M 6.5</td><td>8</td><td>6.5</td><td>5.5</td><td>25</td><td>39</td></tr><tr><td>W 8.5 / M 7</td><td>8.5</td><td>7</td><td>6</td><td>25.5</td><td>40</td></tr><tr><td>W 9 / M 7.5</td><td>9</td><td>7.5</td><td>6.5</td><td>26</td><td>40.5</td></tr><tr><td>W 9.5 / M 8</td><td>9.5</td><td>8</td><td>7</td><td>26.5</td><td>41</td></tr><tr><td>W 10 / M 8.5</td><td>10</td><td>8.5</td><td>7.5</td><td>27</td><td>42</td></tr><tr><td>W 10.5 / M 9</td><td>10.5</td><td>9</td><td>8</td><td>27.5</td><td>42.5</td></tr><tr><td>W 11 / M 9.5</td><td>11</td><td>9.5</td><td>8.5</td><td>28</td><td>43</td></tr><tr><td>W 11.5 / M 10</td><td>11.5</td><td>10</td><td>9</td><td>28.5</td><td>44</td></tr><tr><td>W 12 / M 10.5</td><td>12</td><td>10.5</td><td>9.5</td><td>29</td><td>44.5</td></tr></tbody></table></div>",Nike,Apparel & Accessories > Shoes,Shoes,"PrimeStyleAI Demo, PrimeStyleAI Import, Shoes, Road Running Shoes, female, nike, pegasus, pegasus 42, running shoes, road running, reactx, air zoom, women, footwear, demo",TRUE,Color,White/Malachite/Barely Green/Metallic Silver,Size,W 12 / M 10.5,,,nike-pegasus-42-womens-road-running-shoes-ib1881-602-12-5,0,shopify,100,deny,manual,145.00,,TRUE,TRUE,,,,,FALSE,Women's Running Shoes,"Responsive road running shoes with full-length Air Zoom cushioning, ReactX foam, breathable mesh, and a roomier forefoot fit.",Apparel & Accessories > Shoes,female,adult,,new,TRUE,PrimeStyleAI Demo,,,,,https://res.cloudinary.com/dgvtynla7/image/upload/v1779029620/demo/products/nike_pegasus_42_womens_road_running_shoes_ib1881_602/variants-highres/IB1881-100/01.webp,lb,,,active
nike-pegasus-42-womens-road-running-shoes-ib1881-602,Women's Running Shoes,"<p>Responsive road running shoes with full-length Air Zoom cushioning, ReactX foam, breathable mesh, and a roomier forefoot fit.</p>
<p><strong>Material:</strong> Lightweight mesh upper, ReactX foam midsole, high-abrasion rubber outsole</p>
<p><strong>Available sizes:</strong> W 5 / M 3.5, W 5.5 / M 4, W 6 / M 4.5, W 6.5 / M 5, W 7 / M 5.5, W 7.5 / M 6, W 8 / M 6.5, W 8.5 / M 7, W 9 / M 7.5, W 9.5 / M 8, W 10 / M 8.5, W 10.5 / M 9, W 11 / M 9.5, W 11.5 / M 10, W 12 / M 10.5</p>
<div class=""primestyle-size-guide""><h3>Nike Unisex Shoes Women&#39;s Based Size Guide</h3><table><thead><tr><th>Standard</th><th>US Women</th><th>US Men</th><th>UK</th><th>CM / JP</th><th>EU</th></tr></thead><tbody><tr><td>W 5 / M 3.5</td><td>5</td><td>3.5</td><td>2.5</td><td>22</td><td>35.5</td></tr><tr><td>W 5.5 / M 4</td><td>5.5</td><td>4</td><td>3</td><td>22.5</td><td>36</td></tr><tr><td>W 6 / M 4.5</td><td>6</td><td>4.5</td><td>3.5</td><td>23</td><td>36.5</td></tr><tr><td>W 6.5 / M 5</td><td>6.5</td><td>5</td><td>4</td><td>23.5</td><td>37.5</td></tr><tr><td>W 7 / M 5.5</td><td>7</td><td>5.5</td><td>4.5</td><td>24</td><td>38</td></tr><tr><td>W 7.5 / M 6</td><td>7.5</td><td>6</td><td>5</td><td>24.5</td><td>38.5</td></tr><tr><td>W 8 / M 6.5</td><td>8</td><td>6.5</td><td>5.5</td><td>25</td><td>39</td></tr><tr><td>W 8.5 / M 7</td><td>8.5</td><td>7</td><td>6</td><td>25.5</td><td>40</td></tr><tr><td>W 9 / M 7.5</td><td>9</td><td>7.5</td><td>6.5</td><td>26</td><td>40.5</td></tr><tr><td>W 9.5 / M 8</td><td>9.5</td><td>8</td><td>7</td><td>26.5</td><td>41</td></tr><tr><td>W 10 / M 8.5</td><td>10</td><td>8.5</td><td>7.5</td><td>27</td><td>42</td></tr><tr><td>W 10.5 / M 9</td><td>10.5</td><td>9</td><td>8</td><td>27.5</td><td>42.5</td></tr><tr><td>W 11 / M 9.5</td><td>11</td><td>9.5</td><td>8.5</td><td>28</td><td>43</td></tr><tr><td>W 11.5 / M 10</td><td>11.5</td><td>10</td><td>9</td><td>28.5</td><td>44</td></tr><tr><td>W 12 / M 10.5</td><td>12</td><td>10.5</td><td>9.5</td><td>29</td><td>44.5</td></tr></tbody></table></div>",Nike,Apparel & Accessories > Shoes,Shoes,"PrimeStyleAI Demo, PrimeStyleAI Import, Shoes, Road Running Shoes, female, nike, pegasus, pegasus 42, running shoes, road running, reactx, air zoom, women, footwear, demo",TRUE,Color,Bleached Lilac/Work Blue/Barely Green/Blue Void,Size,W 5 / M 3.5,,,nike-pegasus-42-womens-road-running-shoes-ib1881-602-5-6,0,shopify,100,deny,manual,145.00,,TRUE,TRUE,,,,,FALSE,Women's Running Shoes,"Responsive road running shoes with full-length Air Zoom cushioning, ReactX foam, breathable mesh, and a roomier forefoot fit.",Apparel & Accessories > Shoes,female,adult,,new,TRUE,PrimeStyleAI Demo,,,,,https://res.cloudinary.com/dgvtynla7/image/upload/v1779029666/demo/products/nike_pegasus_42_womens_road_running_shoes_ib1881_602/variants-highres/IB1881-500/01.webp,lb,,,active
nike-pegasus-42-womens-road-running-shoes-ib1881-602,Women's Running Shoes,"<p>Responsive road running shoes with full-length Air Zoom cushioning, ReactX foam, breathable mesh, and a roomier forefoot fit.</p>
<p><strong>Material:</strong> Lightweight mesh upper, ReactX foam midsole, high-abrasion rubber outsole</p>
<p><strong>Available sizes:</strong> W 5 / M 3.5, W 5.5 / M 4, W 6 / M 4.5, W 6.5 / M 5, W 7 / M 5.5, W 7.5 / M 6, W 8 / M 6.5, W 8.5 / M 7, W 9 / M 7.5, W 9.5 / M 8, W 10 / M 8.5, W 10.5 / M 9, W 11 / M 9.5, W 11.5 / M 10, W 12 / M 10.5</p>
<div class=""primestyle-size-guide""><h3>Nike Unisex Shoes Women&#39;s Based Size Guide</h3><table><thead><tr><th>Standard</th><th>US Women</th><th>US Men</th><th>UK</th><th>CM / JP</th><th>EU</th></tr></thead><tbody><tr><td>W 5 / M 3.5</td><td>5</td><td>3.5</td><td>2.5</td><td>22</td><td>35.5</td></tr><tr><td>W 5.5 / M 4</td><td>5.5</td><td>4</td><td>3</td><td>22.5</td><td>36</td></tr><tr><td>W 6 / M 4.5</td><td>6</td><td>4.5</td><td>3.5</td><td>23</td><td>36.5</td></tr><tr><td>W 6.5 / M 5</td><td>6.5</td><td>5</td><td>4</td><td>23.5</td><td>37.5</td></tr><tr><td>W 7 / M 5.5</td><td>7</td><td>5.5</td><td>4.5</td><td>24</td><td>38</td></tr><tr><td>W 7.5 / M 6</td><td>7.5</td><td>6</td><td>5</td><td>24.5</td><td>38.5</td></tr><tr><td>W 8 / M 6.5</td><td>8</td><td>6.5</td><td>5.5</td><td>25</td><td>39</td></tr><tr><td>W 8.5 / M 7</td><td>8.5</td><td>7</td><td>6</td><td>25.5</td><td>40</td></tr><tr><td>W 9 / M 7.5</td><td>9</td><td>7.5</td><td>6.5</td><td>26</td><td>40.5</td></tr><tr><td>W 9.5 / M 8</td><td>9.5</td><td>8</td><td>7</td><td>26.5</td><td>41</td></tr><tr><td>W 10 / M 8.5</td><td>10</td><td>8.5</td><td>7.5</td><td>27</td><td>42</td></tr><tr><td>W 10.5 / M 9</td><td>10.5</td><td>9</td><td>8</td><td>27.5</td><td>42.5</td></tr><tr><td>W 11 / M 9.5</td><td>11</td><td>9.5</td><td>8.5</td><td>28</td><td>43</td></tr><tr><td>W 11.5 / M 10</td><td>11.5</td><td>10</td><td>9</td><td>28.5</td><td>44</td></tr><tr><td>W 12 / M 10.5</td><td>12</td><td>10.5</td><td>9.5</td><td>29</td><td>44.5</td></tr></tbody></table></div>",Nike,Apparel & Accessories > Shoes,Shoes,"PrimeStyleAI Demo, PrimeStyleAI Import, Shoes, Road Running Shoes, female, nike, pegasus, pegasus 42, running shoes, road running, reactx, air zoom, women, footwear, demo",TRUE,Color,Bleached Lilac/Work Blue/Barely Green/Blue Void,Size,W 5.5 / M 4,,,nike-pegasus-42-womens-road-running-shoes-ib1881-602-5-5-6,0,shopify,100,deny,manual,145.00,,TRUE,TRUE,,,,,FALSE,Women's Running Shoes,"Responsive road running shoes with full-length Air Zoom cushioning, ReactX foam, breathable mesh, and a roomier forefoot fit.",Apparel & Accessories > Shoes,female,adult,,new,TRUE,PrimeStyleAI Demo,,,,,https://res.cloudinary.com/dgvtynla7/image/upload/v1779029666/demo/products/nike_pegasus_42_womens_road_running_shoes_ib1881_602/variants-highres/IB1881-500/01.webp,lb,,,active
nike-pegasus-42-womens-road-running-shoes-ib1881-602,Women's Running Shoes,"<p>Responsive road running shoes with full-length Air Zoom cushioning, ReactX foam, breathable mesh, and a roomier forefoot fit.</p>
<p><strong>Material:</strong> Lightweight mesh upper, ReactX foam midsole, high-abrasion rubber outsole</p>
<p><strong>Available sizes:</strong> W 5 / M 3.5, W 5.5 / M 4, W 6 / M 4.5, W 6.5 / M 5, W 7 / M 5.5, W 7.5 / M 6, W 8 / M 6.5, W 8.5 / M 7, W 9 / M 7.5, W 9.5 / M 8, W 10 / M 8.5, W 10.5 / M 9, W 11 / M 9.5, W 11.5 / M 10, W 12 / M 10.5</p>
<div class=""primestyle-size-guide""><h3>Nike Unisex Shoes Women&#39;s Based Size Guide</h3><table><thead><tr><th>Standard</th><th>US Women</th><th>US Men</th><th>UK</th><th>CM / JP</th><th>EU</th></tr></thead><tbody><tr><td>W 5 / M 3.5</td><td>5</td><td>3.5</td><td>2.5</td><td>22</td><td>35.5</td></tr><tr><td>W 5.5 / M 4</td><td>5.5</td><td>4</td><td>3</td><td>22.5</td><td>36</td></tr><tr><td>W 6 / M 4.5</td><td>6</td><td>4.5</td><td>3.5</td><td>23</td><td>36.5</td></tr><tr><td>W 6.5 / M 5</td><td>6.5</td><td>5</td><td>4</td><td>23.5</td><td>37.5</td></tr><tr><td>W 7 / M 5.5</td><td>7</td><td>5.5</td><td>4.5</td><td>24</td><td>38</td></tr><tr><td>W 7.5 / M 6</td><td>7.5</td><td>6</td><td>5</td><td>24.5</td><td>38.5</td></tr><tr><td>W 8 / M 6.5</td><td>8</td><td>6.5</td><td>5.5</td><td>25</td><td>39</td></tr><tr><td>W 8.5 / M 7</td><td>8.5</td><td>7</td><td>6</td><td>25.5</td><td>40</td></tr><tr><td>W 9 / M 7.5</td><td>9</td><td>7.5</td><td>6.5</td><td>26</td><td>40.5</td></tr><tr><td>W 9.5 / M 8</td><td>9.5</td><td>8</td><td>7</td><td>26.5</td><td>41</td></tr><tr><td>W 10 / M 8.5</td><td>10</td><td>8.5</td><td>7.5</td><td>27</td><td>42</td></tr><tr><td>W 10.5 / M 9</td><td>10.5</td><td>9</td><td>8</td><td>27.5</td><td>42.5</td></tr><tr><td>W 11 / M 9.5</td><td>11</td><td>9.5</td><td>8.5</td><td>28</td><td>43</td></tr><tr><td>W 11.5 / M 10</td><td>11.5</td><td>10</td><td>9</td><td>28.5</td><td>44</td></tr><tr><td>W 12 / M 10.5</td><td>12</td><td>10.5</td><td>9.5</td><td>29</td><td>44.5</td></tr></tbody></table></div>",Nike,Apparel & Accessories > Shoes,Shoes,"PrimeStyleAI Demo, PrimeStyleAI Import, Shoes, Road Running Shoes, female, nike, pegasus, pegasus 42, running shoes, road running, reactx, air zoom, women, footwear, demo",TRUE,Color,Bleached Lilac/Work Blue/Barely Green/Blue Void,Size,W 6 / M 4.5,,,nike-pegasus-42-womens-road-running-shoes-ib1881-602-6-6,0,shopify,100,deny,manual,145.00,,TRUE,TRUE,,,,,FALSE,Women's Running Shoes,"Responsive road running shoes with full-length Air Zoom cushioning, ReactX foam, breathable mesh, and a roomier forefoot fit.",Apparel & Accessories > Shoes,female,adult,,new,TRUE,PrimeStyleAI Demo,,,,,https://res.cloudinary.com/dgvtynla7/image/upload/v1779029666/demo/products/nike_pegasus_42_womens_road_running_shoes_ib1881_602/variants-highres/IB1881-500/01.webp,lb,,,active
nike-pegasus-42-womens-road-running-shoes-ib1881-602,Women's Running Shoes,"<p>Responsive road running shoes with full-length Air Zoom cushioning, ReactX foam, breathable mesh, and a roomier forefoot fit.</p>
<p><strong>Material:</strong> Lightweight mesh upper, ReactX foam midsole, high-abrasion rubber outsole</p>
<p><strong>Available sizes:</strong> W 5 / M 3.5, W 5.5 / M 4, W 6 / M 4.5, W 6.5 / M 5, W 7 / M 5.5, W 7.5 / M 6, W 8 / M 6.5, W 8.5 / M 7, W 9 / M 7.5, W 9.5 / M 8, W 10 / M 8.5, W 10.5 / M 9, W 11 / M 9.5, W 11.5 / M 10, W 12 / M 10.5</p>
<div class=""primestyle-size-guide""><h3>Nike Unisex Shoes Women&#39;s Based Size Guide</h3><table><thead><tr><th>Standard</th><th>US Women</th><th>US Men</th><th>UK</th><th>CM / JP</th><th>EU</th></tr></thead><tbody><tr><td>W 5 / M 3.5</td><td>5</td><td>3.5</td><td>2.5</td><td>22</td><td>35.5</td></tr><tr><td>W 5.5 / M 4</td><td>5.5</td><td>4</td><td>3</td><td>22.5</td><td>36</td></tr><tr><td>W 6 / M 4.5</td><td>6</td><td>4.5</td><td>3.5</td><td>23</td><td>36.5</td></tr><tr><td>W 6.5 / M 5</td><td>6.5</td><td>5</td><td>4</td><td>23.5</td><td>37.5</td></tr><tr><td>W 7 / M 5.5</td><td>7</td><td>5.5</td><td>4.5</td><td>24</td><td>38</td></tr><tr><td>W 7.5 / M 6</td><td>7.5</td><td>6</td><td>5</td><td>24.5</td><td>38.5</td></tr><tr><td>W 8 / M 6.5</td><td>8</td><td>6.5</td><td>5.5</td><td>25</td><td>39</td></tr><tr><td>W 8.5 / M 7</td><td>8.5</td><td>7</td><td>6</td><td>25.5</td><td>40</td></tr><tr><td>W 9 / M 7.5</td><td>9</td><td>7.5</td><td>6.5</td><td>26</td><td>40.5</td></tr><tr><td>W 9.5 / M 8</td><td>9.5</td><td>8</td><td>7</td><td>26.5</td><td>41</td></tr><tr><td>W 10 / M 8.5</td><td>10</td><td>8.5</td><td>7.5</td><td>27</td><td>42</td></tr><tr><td>W 10.5 / M 9</td><td>10.5</td><td>9</td><td>8</td><td>27.5</td><td>42.5</td></tr><tr><td>W 11 / M 9.5</td><td>11</td><td>9.5</td><td>8.5</td><td>28</td><td>43</td></tr><tr><td>W 11.5 / M 10</td><td>11.5</td><td>10</td><td>9</td><td>28.5</td><td>44</td></tr><tr><td>W 12 / M 10.5</td><td>12</td><td>10.5</td><td>9.5</td><td>29</td><td>44.5</td></tr></tbody></table></div>",Nike,Apparel & Accessories > Shoes,Shoes,"PrimeStyleAI Demo, PrimeStyleAI Import, Shoes, Road Running Shoes, female, nike, pegasus, pegasus 42, running shoes, road running, reactx, air zoom, women, footwear, demo",TRUE,Color,Bleached Lilac/Work Blue/Barely Green/Blue Void,Size,W 6.5 / M 5,,,nike-pegasus-42-womens-road-running-shoes-ib1881-602-6-5-6,0,shopify,100,deny,manual,145.00,,TRUE,TRUE,,,,,FALSE,Women's Running Shoes,"Responsive road running shoes with full-length Air Zoom cushioning, ReactX foam, breathable mesh, and a roomier forefoot fit.",Apparel & Accessories > Shoes,female,adult,,new,TRUE,PrimeStyleAI Demo,,,,,https://res.cloudinary.com/dgvtynla7/image/upload/v1779029666/demo/products/nike_pegasus_42_womens_road_running_shoes_ib1881_602/variants-highres/IB1881-500/01.webp,lb,,,active
nike-pegasus-42-womens-road-running-shoes-ib1881-602,Women's Running Shoes,"<p>Responsive road running shoes with full-length Air Zoom cushioning, ReactX foam, breathable mesh, and a roomier forefoot fit.</p>
<p><strong>Material:</strong> Lightweight mesh upper, ReactX foam midsole, high-abrasion rubber outsole</p>
<p><strong>Available sizes:</strong> W 5 / M 3.5, W 5.5 / M 4, W 6 / M 4.5, W 6.5 / M 5, W 7 / M 5.5, W 7.5 / M 6, W 8 / M 6.5, W 8.5 / M 7, W 9 / M 7.5, W 9.5 / M 8, W 10 / M 8.5, W 10.5 / M 9, W 11 / M 9.5, W 11.5 / M 10, W 12 / M 10.5</p>
<div class=""primestyle-size-guide""><h3>Nike Unisex Shoes Women&#39;s Based Size Guide</h3><table><thead><tr><th>Standard</th><th>US Women</th><th>US Men</th><th>UK</th><th>CM / JP</th><th>EU</th></tr></thead><tbody><tr><td>W 5 / M 3.5</td><td>5</td><td>3.5</td><td>2.5</td><td>22</td><td>35.5</td></tr><tr><td>W 5.5 / M 4</td><td>5.5</td><td>4</td><td>3</td><td>22.5</td><td>36</td></tr><tr><td>W 6 / M 4.5</td><td>6</td><td>4.5</td><td>3.5</td><td>23</td><td>36.5</td></tr><tr><td>W 6.5 / M 5</td><td>6.5</td><td>5</td><td>4</td><td>23.5</td><td>37.5</td></tr><tr><td>W 7 / M 5.5</td><td>7</td><td>5.5</td><td>4.5</td><td>24</td><td>38</td></tr><tr><td>W 7.5 / M 6</td><td>7.5</td><td>6</td><td>5</td><td>24.5</td><td>38.5</td></tr><tr><td>W 8 / M 6.5</td><td>8</td><td>6.5</td><td>5.5</td><td>25</td><td>39</td></tr><tr><td>W 8.5 / M 7</td><td>8.5</td><td>7</td><td>6</td><td>25.5</td><td>40</td></tr><tr><td>W 9 / M 7.5</td><td>9</td><td>7.5</td><td>6.5</td><td>26</td><td>40.5</td></tr><tr><td>W 9.5 / M 8</td><td>9.5</td><td>8</td><td>7</td><td>26.5</td><td>41</td></tr><tr><td>W 10 / M 8.5</td><td>10</td><td>8.5</td><td>7.5</td><td>27</td><td>42</td></tr><tr><td>W 10.5 / M 9</td><td>10.5</td><td>9</td><td>8</td><td>27.5</td><td>42.5</td></tr><tr><td>W 11 / M 9.5</td><td>11</td><td>9.5</td><td>8.5</td><td>28</td><td>43</td></tr><tr><td>W 11.5 / M 10</td><td>11.5</td><td>10</td><td>9</td><td>28.5</td><td>44</td></tr><tr><td>W 12 / M 10.5</td><td>12</td><td>10.5</td><td>9.5</td><td>29</td><td>44.5</td></tr></tbody></table></div>",Nike,Apparel & Accessories > Shoes,Shoes,"PrimeStyleAI Demo, PrimeStyleAI Import, Shoes, Road Running Shoes, female, nike, pegasus, pegasus 42, running shoes, road running, reactx, air zoom, women, footwear, demo",TRUE,Color,Bleached Lilac/Work Blue/Barely Green/Blue Void,Size,W 7 / M 5.5,,,nike-pegasus-42-womens-road-running-shoes-ib1881-602-7-6,0,shopify,100,deny,manual,145.00,,TRUE,TRUE,,,,,FALSE,Women's Running Shoes,"Responsive road running shoes with full-length Air Zoom cushioning, ReactX foam, breathable mesh, and a roomier forefoot fit.",Apparel & Accessories > Shoes,female,adult,,new,TRUE,PrimeStyleAI Demo,,,,,https://res.cloudinary.com/dgvtynla7/image/upload/v1779029666/demo/products/nike_pegasus_42_womens_road_running_shoes_ib1881_602/variants-highres/IB1881-500/01.webp,lb,,,active
nike-pegasus-42-womens-road-running-shoes-ib1881-602,Women's Running Shoes,"<p>Responsive road running shoes with full-length Air Zoom cushioning, ReactX foam, breathable mesh, and a roomier forefoot fit.</p>
<p><strong>Material:</strong> Lightweight mesh upper, ReactX foam midsole, high-abrasion rubber outsole</p>
<p><strong>Available sizes:</strong> W 5 / M 3.5, W 5.5 / M 4, W 6 / M 4.5, W 6.5 / M 5, W 7 / M 5.5, W 7.5 / M 6, W 8 / M 6.5, W 8.5 / M 7, W 9 / M 7.5, W 9.5 / M 8, W 10 / M 8.5, W 10.5 / M 9, W 11 / M 9.5, W 11.5 / M 10, W 12 / M 10.5</p>
<div class=""primestyle-size-guide""><h3>Nike Unisex Shoes Women&#39;s Based Size Guide</h3><table><thead><tr><th>Standard</th><th>US Women</th><th>US Men</th><th>UK</th><th>CM / JP</th><th>EU</th></tr></thead><tbody><tr><td>W 5 / M 3.5</td><td>5</td><td>3.5</td><td>2.5</td><td>22</td><td>35.5</td></tr><tr><td>W 5.5 / M 4</td><td>5.5</td><td>4</td><td>3</td><td>22.5</td><td>36</td></tr><tr><td>W 6 / M 4.5</td><td>6</td><td>4.5</td><td>3.5</td><td>23</td><td>36.5</td></tr><tr><td>W 6.5 / M 5</td><td>6.5</td><td>5</td><td>4</td><td>23.5</td><td>37.5</td></tr><tr><td>W 7 / M 5.5</td><td>7</td><td>5.5</td><td>4.5</td><td>24</td><td>38</td></tr><tr><td>W 7.5 / M 6</td><td>7.5</td><td>6</td><td>5</td><td>24.5</td><td>38.5</td></tr><tr><td>W 8 / M 6.5</td><td>8</td><td>6.5</td><td>5.5</td><td>25</td><td>39</td></tr><tr><td>W 8.5 / M 7</td><td>8.5</td><td>7</td><td>6</td><td>25.5</td><td>40</td></tr><tr><td>W 9 / M 7.5</td><td>9</td><td>7.5</td><td>6.5</td><td>26</td><td>40.5</td></tr><tr><td>W 9.5 / M 8</td><td>9.5</td><td>8</td><td>7</td><td>26.5</td><td>41</td></tr><tr><td>W 10 / M 8.5</td><td>10</td><td>8.5</td><td>7.5</td><td>27</td><td>42</td></tr><tr><td>W 10.5 / M 9</td><td>10.5</td><td>9</td><td>8</td><td>27.5</td><td>42.5</td></tr><tr><td>W 11 / M 9.5</td><td>11</td><td>9.5</td><td>8.5</td><td>28</td><td>43</td></tr><tr><td>W 11.5 / M 10</td><td>11.5</td><td>10</td><td>9</td><td>28.5</td><td>44</td></tr><tr><td>W 12 / M 10.5</td><td>12</td><td>10.5</td><td>9.5</td><td>29</td><td>44.5</td></tr></tbody></table></div>",Nike,Apparel & Accessories > Shoes,Shoes,"PrimeStyleAI Demo, PrimeStyleAI Import, Shoes, Road Running Shoes, female, nike, pegasus, pegasus 42, running shoes, road running, reactx, air zoom, women, footwear, demo",TRUE,Color,Bleached Lilac/Work Blue/Barely Green/Blue Void,Size,W 7.5 / M 6,,,nike-pegasus-42-womens-road-running-shoes-ib1881-602-7-5-6,0,shopify,100,deny,manual,145.00,,TRUE,TRUE,,,,,FALSE,Women's Running Shoes,"Responsive road running shoes with full-length Air Zoom cushioning, ReactX foam, breathable mesh, and a roomier forefoot fit.",Apparel & Accessories > Shoes,female,adult,,new,TRUE,PrimeStyleAI Demo,,,,,https://res.cloudinary.com/dgvtynla7/image/upload/v1779029666/demo/products/nike_pegasus_42_womens_road_running_shoes_ib1881_602/variants-highres/IB1881-500/01.webp,lb,,,active
nike-pegasus-42-womens-road-running-shoes-ib1881-602,Women's Running Shoes,"<p>Responsive road running shoes with full-length Air Zoom cushioning, ReactX foam, breathable mesh, and a roomier forefoot fit.</p>
<p><strong>Material:</strong> Lightweight mesh upper, ReactX foam midsole, high-abrasion rubber outsole</p>
<p><strong>Available sizes:</strong> W 5 / M 3.5, W 5.5 / M 4, W 6 / M 4.5, W 6.5 / M 5, W 7 / M 5.5, W 7.5 / M 6, W 8 / M 6.5, W 8.5 / M 7, W 9 / M 7.5, W 9.5 / M 8, W 10 / M 8.5, W 10.5 / M 9, W 11 / M 9.5, W 11.5 / M 10, W 12 / M 10.5</p>
<div class=""primestyle-size-guide""><h3>Nike Unisex Shoes Women&#39;s Based Size Guide</h3><table><thead><tr><th>Standard</th><th>US Women</th><th>US Men</th><th>UK</th><th>CM / JP</th><th>EU</th></tr></thead><tbody><tr><td>W 5 / M 3.5</td><td>5</td><td>3.5</td><td>2.5</td><td>22</td><td>35.5</td></tr><tr><td>W 5.5 / M 4</td><td>5.5</td><td>4</td><td>3</td><td>22.5</td><td>36</td></tr><tr><td>W 6 / M 4.5</td><td>6</td><td>4.5</td><td>3.5</td><td>23</td><td>36.5</td></tr><tr><td>W 6.5 / M 5</td><td>6.5</td><td>5</td><td>4</td><td>23.5</td><td>37.5</td></tr><tr><td>W 7 / M 5.5</td><td>7</td><td>5.5</td><td>4.5</td><td>24</td><td>38</td></tr><tr><td>W 7.5 / M 6</td><td>7.5</td><td>6</td><td>5</td><td>24.5</td><td>38.5</td></tr><tr><td>W 8 / M 6.5</td><td>8</td><td>6.5</td><td>5.5</td><td>25</td><td>39</td></tr><tr><td>W 8.5 / M 7</td><td>8.5</td><td>7</td><td>6</td><td>25.5</td><td>40</td></tr><tr><td>W 9 / M 7.5</td><td>9</td><td>7.5</td><td>6.5</td><td>26</td><td>40.5</td></tr><tr><td>W 9.5 / M 8</td><td>9.5</td><td>8</td><td>7</td><td>26.5</td><td>41</td></tr><tr><td>W 10 / M 8.5</td><td>10</td><td>8.5</td><td>7.5</td><td>27</td><td>42</td></tr><tr><td>W 10.5 / M 9</td><td>10.5</td><td>9</td><td>8</td><td>27.5</td><td>42.5</td></tr><tr><td>W 11 / M 9.5</td><td>11</td><td>9.5</td><td>8.5</td><td>28</td><td>43</td></tr><tr><td>W 11.5 / M 10</td><td>11.5</td><td>10</td><td>9</td><td>28.5</td><td>44</td></tr><tr><td>W 12 / M 10.5</td><td>12</td><td>10.5</td><td>9.5</td><td>29</td><td>44.5</td></tr></tbody></table></div>",Nike,Apparel & Accessories > Shoes,Shoes,"PrimeStyleAI Demo, PrimeStyleAI Import, Shoes, Road Running Shoes, female, nike, pegasus, pegasus 42, running shoes, road running, reactx, air zoom, women, footwear, demo",TRUE,Color,Bleached Lilac/Work Blue/Barely Green/Blue Void,Size,W 8 / M 6.5,,,nike-pegasus-42-womens-road-running-shoes-ib1881-602-8-6,0,shopify,100,deny,manual,145.00,,TRUE,TRUE,,,,,FALSE,Women's Running Shoes,"Responsive road running shoes with full-length Air Zoom cushioning, ReactX foam, breathable mesh, and a roomier forefoot fit.",Apparel & Accessories > Shoes,female,adult,,new,TRUE,PrimeStyleAI Demo,,,,,https://res.cloudinary.com/dgvtynla7/image/upload/v1779029666/demo/products/nike_pegasus_42_womens_road_running_shoes_ib1881_602/variants-highres/IB1881-500/01.webp,lb,,,active
nike-pegasus-42-womens-road-running-shoes-ib1881-602,Women's Running Shoes,"<p>Responsive road running shoes with full-length Air Zoom cushioning, ReactX foam, breathable mesh, and a roomier forefoot fit.</p>
<p><strong>Material:</strong> Lightweight mesh upper, ReactX foam midsole, high-abrasion rubber outsole</p>
<p><strong>Available sizes:</strong> W 5 / M 3.5, W 5.5 / M 4, W 6 / M 4.5, W 6.5 / M 5, W 7 / M 5.5, W 7.5 / M 6, W 8 / M 6.5, W 8.5 / M 7, W 9 / M 7.5, W 9.5 / M 8, W 10 / M 8.5, W 10.5 / M 9, W 11 / M 9.5, W 11.5 / M 10, W 12 / M 10.5</p>
<div class=""primestyle-size-guide""><h3>Nike Unisex Shoes Women&#39;s Based Size Guide</h3><table><thead><tr><th>Standard</th><th>US Women</th><th>US Men</th><th>UK</th><th>CM / JP</th><th>EU</th></tr></thead><tbody><tr><td>W 5 / M 3.5</td><td>5</td><td>3.5</td><td>2.5</td><td>22</td><td>35.5</td></tr><tr><td>W 5.5 / M 4</td><td>5.5</td><td>4</td><td>3</td><td>22.5</td><td>36</td></tr><tr><td>W 6 / M 4.5</td><td>6</td><td>4.5</td><td>3.5</td><td>23</td><td>36.5</td></tr><tr><td>W 6.5 / M 5</td><td>6.5</td><td>5</td><td>4</td><td>23.5</td><td>37.5</td></tr><tr><td>W 7 / M 5.5</td><td>7</td><td>5.5</td><td>4.5</td><td>24</td><td>38</td></tr><tr><td>W 7.5 / M 6</td><td>7.5</td><td>6</td><td>5</td><td>24.5</td><td>38.5</td></tr><tr><td>W 8 / M 6.5</td><td>8</td><td>6.5</td><td>5.5</td><td>25</td><td>39</td></tr><tr><td>W 8.5 / M 7</td><td>8.5</td><td>7</td><td>6</td><td>25.5</td><td>40</td></tr><tr><td>W 9 / M 7.5</td><td>9</td><td>7.5</td><td>6.5</td><td>26</td><td>40.5</td></tr><tr><td>W 9.5 / M 8</td><td>9.5</td><td>8</td><td>7</td><td>26.5</td><td>41</td></tr><tr><td>W 10 / M 8.5</td><td>10</td><td>8.5</td><td>7.5</td><td>27</td><td>42</td></tr><tr><td>W 10.5 / M 9</td><td>10.5</td><td>9</td><td>8</td><td>27.5</td><td>42.5</td></tr><tr><td>W 11 / M 9.5</td><td>11</td><td>9.5</td><td>8.5</td><td>28</td><td>43</td></tr><tr><td>W 11.5 / M 10</td><td>11.5</td><td>10</td><td>9</td><td>28.5</td><td>44</td></tr><tr><td>W 12 / M 10.5</td><td>12</td><td>10.5</td><td>9.5</td><td>29</td><td>44.5</td></tr></tbody></table></div>",Nike,Apparel & Accessories > Shoes,Shoes,"PrimeStyleAI Demo, PrimeStyleAI Import, Shoes, Road Running Shoes, female, nike, pegasus, pegasus 42, running shoes, road running, reactx, air zoom, women, footwear, demo",TRUE,Color,Bleached Lilac/Work Blue/Barely Green/Blue Void,Size,W 8.5 / M 7,,,nike-pegasus-42-womens-road-running-shoes-ib1881-602-8-5-6,0,shopify,100,deny,manual,145.00,,TRUE,TRUE,,,,,FALSE,Women's Running Shoes,"Responsive road running shoes with full-length Air Zoom cushioning, ReactX foam, breathable mesh, and a roomier forefoot fit.",Apparel & Accessories > Shoes,female,adult,,new,TRUE,PrimeStyleAI Demo,,,,,https://res.cloudinary.com/dgvtynla7/image/upload/v1779029666/demo/products/nike_pegasus_42_womens_road_running_shoes_ib1881_602/variants-highres/IB1881-500/01.webp,lb,,,active
nike-pegasus-42-womens-road-running-shoes-ib1881-602,Women's Running Shoes,"<p>Responsive road running shoes with full-length Air Zoom cushioning, ReactX foam, breathable mesh, and a roomier forefoot fit.</p>
<p><strong>Material:</strong> Lightweight mesh upper, ReactX foam midsole, high-abrasion rubber outsole</p>
<p><strong>Available sizes:</strong> W 5 / M 3.5, W 5.5 / M 4, W 6 / M 4.5, W 6.5 / M 5, W 7 / M 5.5, W 7.5 / M 6, W 8 / M 6.5, W 8.5 / M 7, W 9 / M 7.5, W 9.5 / M 8, W 10 / M 8.5, W 10.5 / M 9, W 11 / M 9.5, W 11.5 / M 10, W 12 / M 10.5</p>
<div class=""primestyle-size-guide""><h3>Nike Unisex Shoes Women&#39;s Based Size Guide</h3><table><thead><tr><th>Standard</th><th>US Women</th><th>US Men</th><th>UK</th><th>CM / JP</th><th>EU</th></tr></thead><tbody><tr><td>W 5 / M 3.5</td><td>5</td><td>3.5</td><td>2.5</td><td>22</td><td>35.5</td></tr><tr><td>W 5.5 / M 4</td><td>5.5</td><td>4</td><td>3</td><td>22.5</td><td>36</td></tr><tr><td>W 6 / M 4.5</td><td>6</td><td>4.5</td><td>3.5</td><td>23</td><td>36.5</td></tr><tr><td>W 6.5 / M 5</td><td>6.5</td><td>5</td><td>4</td><td>23.5</td><td>37.5</td></tr><tr><td>W 7 / M 5.5</td><td>7</td><td>5.5</td><td>4.5</td><td>24</td><td>38</td></tr><tr><td>W 7.5 / M 6</td><td>7.5</td><td>6</td><td>5</td><td>24.5</td><td>38.5</td></tr><tr><td>W 8 / M 6.5</td><td>8</td><td>6.5</td><td>5.5</td><td>25</td><td>39</td></tr><tr><td>W 8.5 / M 7</td><td>8.5</td><td>7</td><td>6</td><td>25.5</td><td>40</td></tr><tr><td>W 9 / M 7.5</td><td>9</td><td>7.5</td><td>6.5</td><td>26</td><td>40.5</td></tr><tr><td>W 9.5 / M 8</td><td>9.5</td><td>8</td><td>7</td><td>26.5</td><td>41</td></tr><tr><td>W 10 / M 8.5</td><td>10</td><td>8.5</td><td>7.5</td><td>27</td><td>42</td></tr><tr><td>W 10.5 / M 9</td><td>10.5</td><td>9</td><td>8</td><td>27.5</td><td>42.5</td></tr><tr><td>W 11 / M 9.5</td><td>11</td><td>9.5</td><td>8.5</td><td>28</td><td>43</td></tr><tr><td>W 11.5 / M 10</td><td>11.5</td><td>10</td><td>9</td><td>28.5</td><td>44</td></tr><tr><td>W 12 / M 10.5</td><td>12</td><td>10.5</td><td>9.5</td><td>29</td><td>44.5</td></tr></tbody></table></div>",Nike,Apparel & Accessories > Shoes,Shoes,"PrimeStyleAI Demo, PrimeStyleAI Import, Shoes, Road Running Shoes, female, nike, pegasus, pegasus 42, running shoes, road running, reactx, air zoom, women, footwear, demo",TRUE,Color,Bleached Lilac/Work Blue/Barely Green/Blue Void,Size,W 9 / M 7.5,,,nike-pegasus-42-womens-road-running-shoes-ib1881-602-9-6,0,shopify,100,deny,manual,145.00,,TRUE,TRUE,,,,,FALSE,Women's Running Shoes,"Responsive road running shoes with full-length Air Zoom cushioning, ReactX foam, breathable mesh, and a roomier forefoot fit.",Apparel & Accessories > Shoes,female,adult,,new,TRUE,PrimeStyleAI Demo,,,,,https://res.cloudinary.com/dgvtynla7/image/upload/v1779029666/demo/products/nike_pegasus_42_womens_road_running_shoes_ib1881_602/variants-highres/IB1881-500/01.webp,lb,,,active
nike-pegasus-42-womens-road-running-shoes-ib1881-602,Women's Running Shoes,"<p>Responsive road running shoes with full-length Air Zoom cushioning, ReactX foam, breathable mesh, and a roomier forefoot fit.</p>
<p><strong>Material:</strong> Lightweight mesh upper, ReactX foam midsole, high-abrasion rubber outsole</p>
<p><strong>Available sizes:</strong> W 5 / M 3.5, W 5.5 / M 4, W 6 / M 4.5, W 6.5 / M 5, W 7 / M 5.5, W 7.5 / M 6, W 8 / M 6.5, W 8.5 / M 7, W 9 / M 7.5, W 9.5 / M 8, W 10 / M 8.5, W 10.5 / M 9, W 11 / M 9.5, W 11.5 / M 10, W 12 / M 10.5</p>
<div class=""primestyle-size-guide""><h3>Nike Unisex Shoes Women&#39;s Based Size Guide</h3><table><thead><tr><th>Standard</th><th>US Women</th><th>US Men</th><th>UK</th><th>CM / JP</th><th>EU</th></tr></thead><tbody><tr><td>W 5 / M 3.5</td><td>5</td><td>3.5</td><td>2.5</td><td>22</td><td>35.5</td></tr><tr><td>W 5.5 / M 4</td><td>5.5</td><td>4</td><td>3</td><td>22.5</td><td>36</td></tr><tr><td>W 6 / M 4.5</td><td>6</td><td>4.5</td><td>3.5</td><td>23</td><td>36.5</td></tr><tr><td>W 6.5 / M 5</td><td>6.5</td><td>5</td><td>4</td><td>23.5</td><td>37.5</td></tr><tr><td>W 7 / M 5.5</td><td>7</td><td>5.5</td><td>4.5</td><td>24</td><td>38</td></tr><tr><td>W 7.5 / M 6</td><td>7.5</td><td>6</td><td>5</td><td>24.5</td><td>38.5</td></tr><tr><td>W 8 / M 6.5</td><td>8</td><td>6.5</td><td>5.5</td><td>25</td><td>39</td></tr><tr><td>W 8.5 / M 7</td><td>8.5</td><td>7</td><td>6</td><td>25.5</td><td>40</td></tr><tr><td>W 9 / M 7.5</td><td>9</td><td>7.5</td><td>6.5</td><td>26</td><td>40.5</td></tr><tr><td>W 9.5 / M 8</td><td>9.5</td><td>8</td><td>7</td><td>26.5</td><td>41</td></tr><tr><td>W 10 / M 8.5</td><td>10</td><td>8.5</td><td>7.5</td><td>27</td><td>42</td></tr><tr><td>W 10.5 / M 9</td><td>10.5</td><td>9</td><td>8</td><td>27.5</td><td>42.5</td></tr><tr><td>W 11 / M 9.5</td><td>11</td><td>9.5</td><td>8.5</td><td>28</td><td>43</td></tr><tr><td>W 11.5 / M 10</td><td>11.5</td><td>10</td><td>9</td><td>28.5</td><td>44</td></tr><tr><td>W 12 / M 10.5</td><td>12</td><td>10.5</td><td>9.5</td><td>29</td><td>44.5</td></tr></tbody></table></div>",Nike,Apparel & Accessories > Shoes,Shoes,"PrimeStyleAI Demo, PrimeStyleAI Import, Shoes, Road Running Shoes, female, nike, pegasus, pegasus 42, running shoes, road running, reactx, air zoom, women, footwear, demo",TRUE,Color,Bleached Lilac/Work Blue/Barely Green/Blue Void,Size,W 9.5 / M 8,,,nike-pegasus-42-womens-road-running-shoes-ib1881-602-9-5-6,0,shopify,100,deny,manual,145.00,,TRUE,TRUE,,,,,FALSE,Women's Running Shoes,"Responsive road running shoes with full-length Air Zoom cushioning, ReactX foam, breathable mesh, and a roomier forefoot fit.",Apparel & Accessories > Shoes,female,adult,,new,TRUE,PrimeStyleAI Demo,,,,,https://res.cloudinary.com/dgvtynla7/image/upload/v1779029666/demo/products/nike_pegasus_42_womens_road_running_shoes_ib1881_602/variants-highres/IB1881-500/01.webp,lb,,,active
nike-pegasus-42-womens-road-running-shoes-ib1881-602,Women's Running Shoes,"<p>Responsive road running shoes with full-length Air Zoom cushioning, ReactX foam, breathable mesh, and a roomier forefoot fit.</p>
<p><strong>Material:</strong> Lightweight mesh upper, ReactX foam midsole, high-abrasion rubber outsole</p>
<p><strong>Available sizes:</strong> W 5 / M 3.5, W 5.5 / M 4, W 6 / M 4.5, W 6.5 / M 5, W 7 / M 5.5, W 7.5 / M 6, W 8 / M 6.5, W 8.5 / M 7, W 9 / M 7.5, W 9.5 / M 8, W 10 / M 8.5, W 10.5 / M 9, W 11 / M 9.5, W 11.5 / M 10, W 12 / M 10.5</p>
<div class=""primestyle-size-guide""><h3>Nike Unisex Shoes Women&#39;s Based Size Guide</h3><table><thead><tr><th>Standard</th><th>US Women</th><th>US Men</th><th>UK</th><th>CM / JP</th><th>EU</th></tr></thead><tbody><tr><td>W 5 / M 3.5</td><td>5</td><td>3.5</td><td>2.5</td><td>22</td><td>35.5</td></tr><tr><td>W 5.5 / M 4</td><td>5.5</td><td>4</td><td>3</td><td>22.5</td><td>36</td></tr><tr><td>W 6 / M 4.5</td><td>6</td><td>4.5</td><td>3.5</td><td>23</td><td>36.5</td></tr><tr><td>W 6.5 / M 5</td><td>6.5</td><td>5</td><td>4</td><td>23.5</td><td>37.5</td></tr><tr><td>W 7 / M 5.5</td><td>7</td><td>5.5</td><td>4.5</td><td>24</td><td>38</td></tr><tr><td>W 7.5 / M 6</td><td>7.5</td><td>6</td><td>5</td><td>24.5</td><td>38.5</td></tr><tr><td>W 8 / M 6.5</td><td>8</td><td>6.5</td><td>5.5</td><td>25</td><td>39</td></tr><tr><td>W 8.5 / M 7</td><td>8.5</td><td>7</td><td>6</td><td>25.5</td><td>40</td></tr><tr><td>W 9 / M 7.5</td><td>9</td><td>7.5</td><td>6.5</td><td>26</td><td>40.5</td></tr><tr><td>W 9.5 / M 8</td><td>9.5</td><td>8</td><td>7</td><td>26.5</td><td>41</td></tr><tr><td>W 10 / M 8.5</td><td>10</td><td>8.5</td><td>7.5</td><td>27</td><td>42</td></tr><tr><td>W 10.5 / M 9</td><td>10.5</td><td>9</td><td>8</td><td>27.5</td><td>42.5</td></tr><tr><td>W 11 / M 9.5</td><td>11</td><td>9.5</td><td>8.5</td><td>28</td><td>43</td></tr><tr><td>W 11.5 / M 10</td><td>11.5</td><td>10</td><td>9</td><td>28.5</td><td>44</td></tr><tr><td>W 12 / M 10.5</td><td>12</td><td>10.5</td><td>9.5</td><td>29</td><td>44.5</td></tr></tbody></table></div>",Nike,Apparel & Accessories > Shoes,Shoes,"PrimeStyleAI Demo, PrimeStyleAI Import, Shoes, Road Running Shoes, female, nike, pegasus, pegasus 42, running shoes, road running, reactx, air zoom, women, footwear, demo",TRUE,Color,Bleached Lilac/Work Blue/Barely Green/Blue Void,Size,W 10 / M 8.5,,,nike-pegasus-42-womens-road-running-shoes-ib1881-602-10-6,0,shopify,100,deny,manual,145.00,,TRUE,TRUE,,,,,FALSE,Women's Running Shoes,"Responsive road running shoes with full-length Air Zoom cushioning, ReactX foam, breathable mesh, and a roomier forefoot fit.",Apparel & Accessories > Shoes,female,adult,,new,TRUE,PrimeStyleAI Demo,,,,,https://res.cloudinary.com/dgvtynla7/image/upload/v1779029666/demo/products/nike_pegasus_42_womens_road_running_shoes_ib1881_602/variants-highres/IB1881-500/01.webp,lb,,,active
nike-pegasus-42-womens-road-running-shoes-ib1881-602,Women's Running Shoes,"<p>Responsive road running shoes with full-length Air Zoom cushioning, ReactX foam, breathable mesh, and a roomier forefoot fit.</p>
<p><strong>Material:</strong> Lightweight mesh upper, ReactX foam midsole, high-abrasion rubber outsole</p>
<p><strong>Available sizes:</strong> W 5 / M 3.5, W 5.5 / M 4, W 6 / M 4.5, W 6.5 / M 5, W 7 / M 5.5, W 7.5 / M 6, W 8 / M 6.5, W 8.5 / M 7, W 9 / M 7.5, W 9.5 / M 8, W 10 / M 8.5, W 10.5 / M 9, W 11 / M 9.5, W 11.5 / M 10, W 12 / M 10.5</p>
<div class=""primestyle-size-guide""><h3>Nike Unisex Shoes Women&#39;s Based Size Guide</h3><table><thead><tr><th>Standard</th><th>US Women</th><th>US Men</th><th>UK</th><th>CM / JP</th><th>EU</th></tr></thead><tbody><tr><td>W 5 / M 3.5</td><td>5</td><td>3.5</td><td>2.5</td><td>22</td><td>35.5</td></tr><tr><td>W 5.5 / M 4</td><td>5.5</td><td>4</td><td>3</td><td>22.5</td><td>36</td></tr><tr><td>W 6 / M 4.5</td><td>6</td><td>4.5</td><td>3.5</td><td>23</td><td>36.5</td></tr><tr><td>W 6.5 / M 5</td><td>6.5</td><td>5</td><td>4</td><td>23.5</td><td>37.5</td></tr><tr><td>W 7 / M 5.5</td><td>7</td><td>5.5</td><td>4.5</td><td>24</td><td>38</td></tr><tr><td>W 7.5 / M 6</td><td>7.5</td><td>6</td><td>5</td><td>24.5</td><td>38.5</td></tr><tr><td>W 8 / M 6.5</td><td>8</td><td>6.5</td><td>5.5</td><td>25</td><td>39</td></tr><tr><td>W 8.5 / M 7</td><td>8.5</td><td>7</td><td>6</td><td>25.5</td><td>40</td></tr><tr><td>W 9 / M 7.5</td><td>9</td><td>7.5</td><td>6.5</td><td>26</td><td>40.5</td></tr><tr><td>W 9.5 / M 8</td><td>9.5</td><td>8</td><td>7</td><td>26.5</td><td>41</td></tr><tr><td>W 10 / M 8.5</td><td>10</td><td>8.5</td><td>7.5</td><td>27</td><td>42</td></tr><tr><td>W 10.5 / M 9</td><td>10.5</td><td>9</td><td>8</td><td>27.5</td><td>42.5</td></tr><tr><td>W 11 / M 9.5</td><td>11</td><td>9.5</td><td>8.5</td><td>28</td><td>43</td></tr><tr><td>W 11.5 / M 10</td><td>11.5</td><td>10</td><td>9</td><td>28.5</td><td>44</td></tr><tr><td>W 12 / M 10.5</td><td>12</td><td>10.5</td><td>9.5</td><td>29</td><td>44.5</td></tr></tbody></table></div>",Nike,Apparel & Accessories > Shoes,Shoes,"PrimeStyleAI Demo, PrimeStyleAI Import, Shoes, Road Running Shoes, female, nike, pegasus, pegasus 42, running shoes, road running, reactx, air zoom, women, footwear, demo",TRUE,Color,Bleached Lilac/Work Blue/Barely Green/Blue Void,Size,W 10.5 / M 9,,,nike-pegasus-42-womens-road-running-shoes-ib1881-602-10-5-6,0,shopify,100,deny,manual,145.00,,TRUE,TRUE,,,,,FALSE,Women's Running Shoes,"Responsive road running shoes with full-length Air Zoom cushioning, ReactX foam, breathable mesh, and a roomier forefoot fit.",Apparel & Accessories > Shoes,female,adult,,new,TRUE,PrimeStyleAI Demo,,,,,https://res.cloudinary.com/dgvtynla7/image/upload/v1779029666/demo/products/nike_pegasus_42_womens_road_running_shoes_ib1881_602/variants-highres/IB1881-500/01.webp,lb,,,active
nike-pegasus-42-womens-road-running-shoes-ib1881-602,Women's Running Shoes,"<p>Responsive road running shoes with full-length Air Zoom cushioning, ReactX foam, breathable mesh, and a roomier forefoot fit.</p>
<p><strong>Material:</strong> Lightweight mesh upper, ReactX foam midsole, high-abrasion rubber outsole</p>
<p><strong>Available sizes:</strong> W 5 / M 3.5, W 5.5 / M 4, W 6 / M 4.5, W 6.5 / M 5, W 7 / M 5.5, W 7.5 / M 6, W 8 / M 6.5, W 8.5 / M 7, W 9 / M 7.5, W 9.5 / M 8, W 10 / M 8.5, W 10.5 / M 9, W 11 / M 9.5, W 11.5 / M 10, W 12 / M 10.5</p>
<div class=""primestyle-size-guide""><h3>Nike Unisex Shoes Women&#39;s Based Size Guide</h3><table><thead><tr><th>Standard</th><th>US Women</th><th>US Men</th><th>UK</th><th>CM / JP</th><th>EU</th></tr></thead><tbody><tr><td>W 5 / M 3.5</td><td>5</td><td>3.5</td><td>2.5</td><td>22</td><td>35.5</td></tr><tr><td>W 5.5 / M 4</td><td>5.5</td><td>4</td><td>3</td><td>22.5</td><td>36</td></tr><tr><td>W 6 / M 4.5</td><td>6</td><td>4.5</td><td>3.5</td><td>23</td><td>36.5</td></tr><tr><td>W 6.5 / M 5</td><td>6.5</td><td>5</td><td>4</td><td>23.5</td><td>37.5</td></tr><tr><td>W 7 / M 5.5</td><td>7</td><td>5.5</td><td>4.5</td><td>24</td><td>38</td></tr><tr><td>W 7.5 / M 6</td><td>7.5</td><td>6</td><td>5</td><td>24.5</td><td>38.5</td></tr><tr><td>W 8 / M 6.5</td><td>8</td><td>6.5</td><td>5.5</td><td>25</td><td>39</td></tr><tr><td>W 8.5 / M 7</td><td>8.5</td><td>7</td><td>6</td><td>25.5</td><td>40</td></tr><tr><td>W 9 / M 7.5</td><td>9</td><td>7.5</td><td>6.5</td><td>26</td><td>40.5</td></tr><tr><td>W 9.5 / M 8</td><td>9.5</td><td>8</td><td>7</td><td>26.5</td><td>41</td></tr><tr><td>W 10 / M 8.5</td><td>10</td><td>8.5</td><td>7.5</td><td>27</td><td>42</td></tr><tr><td>W 10.5 / M 9</td><td>10.5</td><td>9</td><td>8</td><td>27.5</td><td>42.5</td></tr><tr><td>W 11 / M 9.5</td><td>11</td><td>9.5</td><td>8.5</td><td>28</td><td>43</td></tr><tr><td>W 11.5 / M 10</td><td>11.5</td><td>10</td><td>9</td><td>28.5</td><td>44</td></tr><tr><td>W 12 / M 10.5</td><td>12</td><td>10.5</td><td>9.5</td><td>29</td><td>44.5</td></tr></tbody></table></div>",Nike,Apparel & Accessories > Shoes,Shoes,"PrimeStyleAI Demo, PrimeStyleAI Import, Shoes, Road Running Shoes, female, nike, pegasus, pegasus 42, running shoes, road running, reactx, air zoom, women, footwear, demo",TRUE,Color,Bleached Lilac/Work Blue/Barely Green/Blue Void,Size,W 11 / M 9.5,,,nike-pegasus-42-womens-road-running-shoes-ib1881-602-11-6,0,shopify,100,deny,manual,145.00,,TRUE,TRUE,,,,,FALSE,Women's Running Shoes,"Responsive road running shoes with full-length Air Zoom cushioning, ReactX foam, breathable mesh, and a roomier forefoot fit.",Apparel & Accessories > Shoes,female,adult,,new,TRUE,PrimeStyleAI Demo,,,,,https://res.cloudinary.com/dgvtynla7/image/upload/v1779029666/demo/products/nike_pegasus_42_womens_road_running_shoes_ib1881_602/variants-highres/IB1881-500/01.webp,lb,,,active
nike-pegasus-42-womens-road-running-shoes-ib1881-602,Women's Running Shoes,"<p>Responsive road running shoes with full-length Air Zoom cushioning, ReactX foam, breathable mesh, and a roomier forefoot fit.</p>
<p><strong>Material:</strong> Lightweight mesh upper, ReactX foam midsole, high-abrasion rubber outsole</p>
<p><strong>Available sizes:</strong> W 5 / M 3.5, W 5.5 / M 4, W 6 / M 4.5, W 6.5 / M 5, W 7 / M 5.5, W 7.5 / M 6, W 8 / M 6.5, W 8.5 / M 7, W 9 / M 7.5, W 9.5 / M 8, W 10 / M 8.5, W 10.5 / M 9, W 11 / M 9.5, W 11.5 / M 10, W 12 / M 10.5</p>
<div class=""primestyle-size-guide""><h3>Nike Unisex Shoes Women&#39;s Based Size Guide</h3><table><thead><tr><th>Standard</th><th>US Women</th><th>US Men</th><th>UK</th><th>CM / JP</th><th>EU</th></tr></thead><tbody><tr><td>W 5 / M 3.5</td><td>5</td><td>3.5</td><td>2.5</td><td>22</td><td>35.5</td></tr><tr><td>W 5.5 / M 4</td><td>5.5</td><td>4</td><td>3</td><td>22.5</td><td>36</td></tr><tr><td>W 6 / M 4.5</td><td>6</td><td>4.5</td><td>3.5</td><td>23</td><td>36.5</td></tr><tr><td>W 6.5 / M 5</td><td>6.5</td><td>5</td><td>4</td><td>23.5</td><td>37.5</td></tr><tr><td>W 7 / M 5.5</td><td>7</td><td>5.5</td><td>4.5</td><td>24</td><td>38</td></tr><tr><td>W 7.5 / M 6</td><td>7.5</td><td>6</td><td>5</td><td>24.5</td><td>38.5</td></tr><tr><td>W 8 / M 6.5</td><td>8</td><td>6.5</td><td>5.5</td><td>25</td><td>39</td></tr><tr><td>W 8.5 / M 7</td><td>8.5</td><td>7</td><td>6</td><td>25.5</td><td>40</td></tr><tr><td>W 9 / M 7.5</td><td>9</td><td>7.5</td><td>6.5</td><td>26</td><td>40.5</td></tr><tr><td>W 9.5 / M 8</td><td>9.5</td><td>8</td><td>7</td><td>26.5</td><td>41</td></tr><tr><td>W 10 / M 8.5</td><td>10</td><td>8.5</td><td>7.5</td><td>27</td><td>42</td></tr><tr><td>W 10.5 / M 9</td><td>10.5</td><td>9</td><td>8</td><td>27.5</td><td>42.5</td></tr><tr><td>W 11 / M 9.5</td><td>11</td><td>9.5</td><td>8.5</td><td>28</td><td>43</td></tr><tr><td>W 11.5 / M 10</td><td>11.5</td><td>10</td><td>9</td><td>28.5</td><td>44</td></tr><tr><td>W 12 / M 10.5</td><td>12</td><td>10.5</td><td>9.5</td><td>29</td><td>44.5</td></tr></tbody></table></div>",Nike,Apparel & Accessories > Shoes,Shoes,"PrimeStyleAI Demo, PrimeStyleAI Import, Shoes, Road Running Shoes, female, nike, pegasus, pegasus 42, running shoes, road running, reactx, air zoom, women, footwear, demo",TRUE,Color,Bleached Lilac/Work Blue/Barely Green/Blue Void,Size,W 11.5 / M 10,,,nike-pegasus-42-womens-road-running-shoes-ib1881-602-11-5-6,0,shopify,100,deny,manual,145.00,,TRUE,TRUE,,,,,FALSE,Women's Running Shoes,"Responsive road running shoes with full-length Air Zoom cushioning, ReactX foam, breathable mesh, and a roomier forefoot fit.",Apparel & Accessories > Shoes,female,adult,,new,TRUE,PrimeStyleAI Demo,,,,,https://res.cloudinary.com/dgvtynla7/image/upload/v1779029666/demo/products/nike_pegasus_42_womens_road_running_shoes_ib1881_602/variants-highres/IB1881-500/01.webp,lb,,,active
nike-pegasus-42-womens-road-running-shoes-ib1881-602,Women's Running Shoes,"<p>Responsive road running shoes with full-length Air Zoom cushioning, ReactX foam, breathable mesh, and a roomier forefoot fit.</p>
<p><strong>Material:</strong> Lightweight mesh upper, ReactX foam midsole, high-abrasion rubber outsole</p>
<p><strong>Available sizes:</strong> W 5 / M 3.5, W 5.5 / M 4, W 6 / M 4.5, W 6.5 / M 5, W 7 / M 5.5, W 7.5 / M 6, W 8 / M 6.5, W 8.5 / M 7, W 9 / M 7.5, W 9.5 / M 8, W 10 / M 8.5, W 10.5 / M 9, W 11 / M 9.5, W 11.5 / M 10, W 12 / M 10.5</p>
<div class=""primestyle-size-guide""><h3>Nike Unisex Shoes Women&#39;s Based Size Guide</h3><table><thead><tr><th>Standard</th><th>US Women</th><th>US Men</th><th>UK</th><th>CM / JP</th><th>EU</th></tr></thead><tbody><tr><td>W 5 / M 3.5</td><td>5</td><td>3.5</td><td>2.5</td><td>22</td><td>35.5</td></tr><tr><td>W 5.5 / M 4</td><td>5.5</td><td>4</td><td>3</td><td>22.5</td><td>36</td></tr><tr><td>W 6 / M 4.5</td><td>6</td><td>4.5</td><td>3.5</td><td>23</td><td>36.5</td></tr><tr><td>W 6.5 / M 5</td><td>6.5</td><td>5</td><td>4</td><td>23.5</td><td>37.5</td></tr><tr><td>W 7 / M 5.5</td><td>7</td><td>5.5</td><td>4.5</td><td>24</td><td>38</td></tr><tr><td>W 7.5 / M 6</td><td>7.5</td><td>6</td><td>5</td><td>24.5</td><td>38.5</td></tr><tr><td>W 8 / M 6.5</td><td>8</td><td>6.5</td><td>5.5</td><td>25</td><td>39</td></tr><tr><td>W 8.5 / M 7</td><td>8.5</td><td>7</td><td>6</td><td>25.5</td><td>40</td></tr><tr><td>W 9 / M 7.5</td><td>9</td><td>7.5</td><td>6.5</td><td>26</td><td>40.5</td></tr><tr><td>W 9.5 / M 8</td><td>9.5</td><td>8</td><td>7</td><td>26.5</td><td>41</td></tr><tr><td>W 10 / M 8.5</td><td>10</td><td>8.5</td><td>7.5</td><td>27</td><td>42</td></tr><tr><td>W 10.5 / M 9</td><td>10.5</td><td>9</td><td>8</td><td>27.5</td><td>42.5</td></tr><tr><td>W 11 / M 9.5</td><td>11</td><td>9.5</td><td>8.5</td><td>28</td><td>43</td></tr><tr><td>W 11.5 / M 10</td><td>11.5</td><td>10</td><td>9</td><td>28.5</td><td>44</td></tr><tr><td>W 12 / M 10.5</td><td>12</td><td>10.5</td><td>9.5</td><td>29</td><td>44.5</td></tr></tbody></table></div>",Nike,Apparel & Accessories > Shoes,Shoes,"PrimeStyleAI Demo, PrimeStyleAI Import, Shoes, Road Running Shoes, female, nike, pegasus, pegasus 42, running shoes, road running, reactx, air zoom, women, footwear, demo",TRUE,Color,Bleached Lilac/Work Blue/Barely Green/Blue Void,Size,W 12 / M 10.5,,,nike-pegasus-42-womens-road-running-shoes-ib1881-602-12-6,0,shopify,100,deny,manual,145.00,,TRUE,TRUE,,,,,FALSE,Women's Running Shoes,"Responsive road running shoes with full-length Air Zoom cushioning, ReactX foam, breathable mesh, and a roomier forefoot fit.",Apparel & Accessories > Shoes,female,adult,,new,TRUE,PrimeStyleAI Demo,,,,,https://res.cloudinary.com/dgvtynla7/image/upload/v1779029666/demo/products/nike_pegasus_42_womens_road_running_shoes_ib1881_602/variants-highres/IB1881-500/01.webp,lb,,,active
nike-pegasus-42-womens-road-running-shoes-ib1881-602,Women's Running Shoes,"<p>Responsive road running shoes with full-length Air Zoom cushioning, ReactX foam, breathable mesh, and a roomier forefoot fit.</p>
<p><strong>Material:</strong> Lightweight mesh upper, ReactX foam midsole, high-abrasion rubber outsole</p>
<p><strong>Available sizes:</strong> W 5 / M 3.5, W 5.5 / M 4, W 6 / M 4.5, W 6.5 / M 5, W 7 / M 5.5, W 7.5 / M 6, W 8 / M 6.5, W 8.5 / M 7, W 9 / M 7.5, W 9.5 / M 8, W 10 / M 8.5, W 10.5 / M 9, W 11 / M 9.5, W 11.5 / M 10, W 12 / M 10.5</p>
<div class=""primestyle-size-guide""><h3>Nike Unisex Shoes Women&#39;s Based Size Guide</h3><table><thead><tr><th>Standard</th><th>US Women</th><th>US Men</th><th>UK</th><th>CM / JP</th><th>EU</th></tr></thead><tbody><tr><td>W 5 / M 3.5</td><td>5</td><td>3.5</td><td>2.5</td><td>22</td><td>35.5</td></tr><tr><td>W 5.5 / M 4</td><td>5.5</td><td>4</td><td>3</td><td>22.5</td><td>36</td></tr><tr><td>W 6 / M 4.5</td><td>6</td><td>4.5</td><td>3.5</td><td>23</td><td>36.5</td></tr><tr><td>W 6.5 / M 5</td><td>6.5</td><td>5</td><td>4</td><td>23.5</td><td>37.5</td></tr><tr><td>W 7 / M 5.5</td><td>7</td><td>5.5</td><td>4.5</td><td>24</td><td>38</td></tr><tr><td>W 7.5 / M 6</td><td>7.5</td><td>6</td><td>5</td><td>24.5</td><td>38.5</td></tr><tr><td>W 8 / M 6.5</td><td>8</td><td>6.5</td><td>5.5</td><td>25</td><td>39</td></tr><tr><td>W 8.5 / M 7</td><td>8.5</td><td>7</td><td>6</td><td>25.5</td><td>40</td></tr><tr><td>W 9 / M 7.5</td><td>9</td><td>7.5</td><td>6.5</td><td>26</td><td>40.5</td></tr><tr><td>W 9.5 / M 8</td><td>9.5</td><td>8</td><td>7</td><td>26.5</td><td>41</td></tr><tr><td>W 10 / M 8.5</td><td>10</td><td>8.5</td><td>7.5</td><td>27</td><td>42</td></tr><tr><td>W 10.5 / M 9</td><td>10.5</td><td>9</td><td>8</td><td>27.5</td><td>42.5</td></tr><tr><td>W 11 / M 9.5</td><td>11</td><td>9.5</td><td>8.5</td><td>28</td><td>43</td></tr><tr><td>W 11.5 / M 10</td><td>11.5</td><td>10</td><td>9</td><td>28.5</td><td>44</td></tr><tr><td>W 12 / M 10.5</td><td>12</td><td>10.5</td><td>9.5</td><td>29</td><td>44.5</td></tr></tbody></table></div>",Nike,Apparel & Accessories > Shoes,Shoes,"PrimeStyleAI Demo, PrimeStyleAI Import, Shoes, Road Running Shoes, female, nike, pegasus, pegasus 42, running shoes, road running, reactx, air zoom, women, footwear, demo",TRUE,Color,Black/Iron Grey/White,Size,W 5 / M 3.5,,,nike-pegasus-42-womens-road-running-shoes-ib1881-602-5-7,0,shopify,100,deny,manual,145.00,,TRUE,TRUE,,,,,FALSE,Women's Running Shoes,"Responsive road running shoes with full-length Air Zoom cushioning, ReactX foam, breathable mesh, and a roomier forefoot fit.",Apparel & Accessories > Shoes,female,adult,,new,TRUE,PrimeStyleAI Demo,,,,,https://res.cloudinary.com/dgvtynla7/image/upload/v1779029710/demo/products/nike_pegasus_42_womens_road_running_shoes_ib1881_602/variants-highres/IB1881-001/01.webp,lb,,,active
nike-pegasus-42-womens-road-running-shoes-ib1881-602,Women's Running Shoes,"<p>Responsive road running shoes with full-length Air Zoom cushioning, ReactX foam, breathable mesh, and a roomier forefoot fit.</p>
<p><strong>Material:</strong> Lightweight mesh upper, ReactX foam midsole, high-abrasion rubber outsole</p>
<p><strong>Available sizes:</strong> W 5 / M 3.5, W 5.5 / M 4, W 6 / M 4.5, W 6.5 / M 5, W 7 / M 5.5, W 7.5 / M 6, W 8 / M 6.5, W 8.5 / M 7, W 9 / M 7.5, W 9.5 / M 8, W 10 / M 8.5, W 10.5 / M 9, W 11 / M 9.5, W 11.5 / M 10, W 12 / M 10.5</p>
<div class=""primestyle-size-guide""><h3>Nike Unisex Shoes Women&#39;s Based Size Guide</h3><table><thead><tr><th>Standard</th><th>US Women</th><th>US Men</th><th>UK</th><th>CM / JP</th><th>EU</th></tr></thead><tbody><tr><td>W 5 / M 3.5</td><td>5</td><td>3.5</td><td>2.5</td><td>22</td><td>35.5</td></tr><tr><td>W 5.5 / M 4</td><td>5.5</td><td>4</td><td>3</td><td>22.5</td><td>36</td></tr><tr><td>W 6 / M 4.5</td><td>6</td><td>4.5</td><td>3.5</td><td>23</td><td>36.5</td></tr><tr><td>W 6.5 / M 5</td><td>6.5</td><td>5</td><td>4</td><td>23.5</td><td>37.5</td></tr><tr><td>W 7 / M 5.5</td><td>7</td><td>5.5</td><td>4.5</td><td>24</td><td>38</td></tr><tr><td>W 7.5 / M 6</td><td>7.5</td><td>6</td><td>5</td><td>24.5</td><td>38.5</td></tr><tr><td>W 8 / M 6.5</td><td>8</td><td>6.5</td><td>5.5</td><td>25</td><td>39</td></tr><tr><td>W 8.5 / M 7</td><td>8.5</td><td>7</td><td>6</td><td>25.5</td><td>40</td></tr><tr><td>W 9 / M 7.5</td><td>9</td><td>7.5</td><td>6.5</td><td>26</td><td>40.5</td></tr><tr><td>W 9.5 / M 8</td><td>9.5</td><td>8</td><td>7</td><td>26.5</td><td>41</td></tr><tr><td>W 10 / M 8.5</td><td>10</td><td>8.5</td><td>7.5</td><td>27</td><td>42</td></tr><tr><td>W 10.5 / M 9</td><td>10.5</td><td>9</td><td>8</td><td>27.5</td><td>42.5</td></tr><tr><td>W 11 / M 9.5</td><td>11</td><td>9.5</td><td>8.5</td><td>28</td><td>43</td></tr><tr><td>W 11.5 / M 10</td><td>11.5</td><td>10</td><td>9</td><td>28.5</td><td>44</td></tr><tr><td>W 12 / M 10.5</td><td>12</td><td>10.5</td><td>9.5</td><td>29</td><td>44.5</td></tr></tbody></table></div>",Nike,Apparel & Accessories > Shoes,Shoes,"PrimeStyleAI Demo, PrimeStyleAI Import, Shoes, Road Running Shoes, female, nike, pegasus, pegasus 42, running shoes, road running, reactx, air zoom, women, footwear, demo",TRUE,Color,Black/Iron Grey/White,Size,W 5.5 / M 4,,,nike-pegasus-42-womens-road-running-shoes-ib1881-602-5-5-7,0,shopify,100,deny,manual,145.00,,TRUE,TRUE,,,,,FALSE,Women's Running Shoes,"Responsive road running shoes with full-length Air Zoom cushioning, ReactX foam, breathable mesh, and a roomier forefoot fit.",Apparel & Accessories > Shoes,female,adult,,new,TRUE,PrimeStyleAI Demo,,,,,https://res.cloudinary.com/dgvtynla7/image/upload/v1779029710/demo/products/nike_pegasus_42_womens_road_running_shoes_ib1881_602/variants-highres/IB1881-001/01.webp,lb,,,active
nike-pegasus-42-womens-road-running-shoes-ib1881-602,Women's Running Shoes,"<p>Responsive road running shoes with full-length Air Zoom cushioning, ReactX foam, breathable mesh, and a roomier forefoot fit.</p>
<p><strong>Material:</strong> Lightweight mesh upper, ReactX foam midsole, high-abrasion rubber outsole</p>
<p><strong>Available sizes:</strong> W 5 / M 3.5, W 5.5 / M 4, W 6 / M 4.5, W 6.5 / M 5, W 7 / M 5.5, W 7.5 / M 6, W 8 / M 6.5, W 8.5 / M 7, W 9 / M 7.5, W 9.5 / M 8, W 10 / M 8.5, W 10.5 / M 9, W 11 / M 9.5, W 11.5 / M 10, W 12 / M 10.5</p>
<div class=""primestyle-size-guide""><h3>Nike Unisex Shoes Women&#39;s Based Size Guide</h3><table><thead><tr><th>Standard</th><th>US Women</th><th>US Men</th><th>UK</th><th>CM / JP</th><th>EU</th></tr></thead><tbody><tr><td>W 5 / M 3.5</td><td>5</td><td>3.5</td><td>2.5</td><td>22</td><td>35.5</td></tr><tr><td>W 5.5 / M 4</td><td>5.5</td><td>4</td><td>3</td><td>22.5</td><td>36</td></tr><tr><td>W 6 / M 4.5</td><td>6</td><td>4.5</td><td>3.5</td><td>23</td><td>36.5</td></tr><tr><td>W 6.5 / M 5</td><td>6.5</td><td>5</td><td>4</td><td>23.5</td><td>37.5</td></tr><tr><td>W 7 / M 5.5</td><td>7</td><td>5.5</td><td>4.5</td><td>24</td><td>38</td></tr><tr><td>W 7.5 / M 6</td><td>7.5</td><td>6</td><td>5</td><td>24.5</td><td>38.5</td></tr><tr><td>W 8 / M 6.5</td><td>8</td><td>6.5</td><td>5.5</td><td>25</td><td>39</td></tr><tr><td>W 8.5 / M 7</td><td>8.5</td><td>7</td><td>6</td><td>25.5</td><td>40</td></tr><tr><td>W 9 / M 7.5</td><td>9</td><td>7.5</td><td>6.5</td><td>26</td><td>40.5</td></tr><tr><td>W 9.5 / M 8</td><td>9.5</td><td>8</td><td>7</td><td>26.5</td><td>41</td></tr><tr><td>W 10 / M 8.5</td><td>10</td><td>8.5</td><td>7.5</td><td>27</td><td>42</td></tr><tr><td>W 10.5 / M 9</td><td>10.5</td><td>9</td><td>8</td><td>27.5</td><td>42.5</td></tr><tr><td>W 11 / M 9.5</td><td>11</td><td>9.5</td><td>8.5</td><td>28</td><td>43</td></tr><tr><td>W 11.5 / M 10</td><td>11.5</td><td>10</td><td>9</td><td>28.5</td><td>44</td></tr><tr><td>W 12 / M 10.5</td><td>12</td><td>10.5</td><td>9.5</td><td>29</td><td>44.5</td></tr></tbody></table></div>",Nike,Apparel & Accessories > Shoes,Shoes,"PrimeStyleAI Demo, PrimeStyleAI Import, Shoes, Road Running Shoes, female, nike, pegasus, pegasus 42, running shoes, road running, reactx, air zoom, women, footwear, demo",TRUE,Color,Black/Iron Grey/White,Size,W 6 / M 4.5,,,nike-pegasus-42-womens-road-running-shoes-ib1881-602-6-7,0,shopify,100,deny,manual,145.00,,TRUE,TRUE,,,,,FALSE,Women's Running Shoes,"Responsive road running shoes with full-length Air Zoom cushioning, ReactX foam, breathable mesh, and a roomier forefoot fit.",Apparel & Accessories > Shoes,female,adult,,new,TRUE,PrimeStyleAI Demo,,,,,https://res.cloudinary.com/dgvtynla7/image/upload/v1779029710/demo/products/nike_pegasus_42_womens_road_running_shoes_ib1881_602/variants-highres/IB1881-001/01.webp,lb,,,active
nike-pegasus-42-womens-road-running-shoes-ib1881-602,Women's Running Shoes,"<p>Responsive road running shoes with full-length Air Zoom cushioning, ReactX foam, breathable mesh, and a roomier forefoot fit.</p>
<p><strong>Material:</strong> Lightweight mesh upper, ReactX foam midsole, high-abrasion rubber outsole</p>
<p><strong>Available sizes:</strong> W 5 / M 3.5, W 5.5 / M 4, W 6 / M 4.5, W 6.5 / M 5, W 7 / M 5.5, W 7.5 / M 6, W 8 / M 6.5, W 8.5 / M 7, W 9 / M 7.5, W 9.5 / M 8, W 10 / M 8.5, W 10.5 / M 9, W 11 / M 9.5, W 11.5 / M 10, W 12 / M 10.5</p>
<div class=""primestyle-size-guide""><h3>Nike Unisex Shoes Women&#39;s Based Size Guide</h3><table><thead><tr><th>Standard</th><th>US Women</th><th>US Men</th><th>UK</th><th>CM / JP</th><th>EU</th></tr></thead><tbody><tr><td>W 5 / M 3.5</td><td>5</td><td>3.5</td><td>2.5</td><td>22</td><td>35.5</td></tr><tr><td>W 5.5 / M 4</td><td>5.5</td><td>4</td><td>3</td><td>22.5</td><td>36</td></tr><tr><td>W 6 / M 4.5</td><td>6</td><td>4.5</td><td>3.5</td><td>23</td><td>36.5</td></tr><tr><td>W 6.5 / M 5</td><td>6.5</td><td>5</td><td>4</td><td>23.5</td><td>37.5</td></tr><tr><td>W 7 / M 5.5</td><td>7</td><td>5.5</td><td>4.5</td><td>24</td><td>38</td></tr><tr><td>W 7.5 / M 6</td><td>7.5</td><td>6</td><td>5</td><td>24.5</td><td>38.5</td></tr><tr><td>W 8 / M 6.5</td><td>8</td><td>6.5</td><td>5.5</td><td>25</td><td>39</td></tr><tr><td>W 8.5 / M 7</td><td>8.5</td><td>7</td><td>6</td><td>25.5</td><td>40</td></tr><tr><td>W 9 / M 7.5</td><td>9</td><td>7.5</td><td>6.5</td><td>26</td><td>40.5</td></tr><tr><td>W 9.5 / M 8</td><td>9.5</td><td>8</td><td>7</td><td>26.5</td><td>41</td></tr><tr><td>W 10 / M 8.5</td><td>10</td><td>8.5</td><td>7.5</td><td>27</td><td>42</td></tr><tr><td>W 10.5 / M 9</td><td>10.5</td><td>9</td><td>8</td><td>27.5</td><td>42.5</td></tr><tr><td>W 11 / M 9.5</td><td>11</td><td>9.5</td><td>8.5</td><td>28</td><td>43</td></tr><tr><td>W 11.5 / M 10</td><td>11.5</td><td>10</td><td>9</td><td>28.5</td><td>44</td></tr><tr><td>W 12 / M 10.5</td><td>12</td><td>10.5</td><td>9.5</td><td>29</td><td>44.5</td></tr></tbody></table></div>",Nike,Apparel & Accessories > Shoes,Shoes,"PrimeStyleAI Demo, PrimeStyleAI Import, Shoes, Road Running Shoes, female, nike, pegasus, pegasus 42, running shoes, road running, reactx, air zoom, women, footwear, demo",TRUE,Color,Black/Iron Grey/White,Size,W 6.5 / M 5,,,nike-pegasus-42-womens-road-running-shoes-ib1881-602-6-5-7,0,shopify,100,deny,manual,145.00,,TRUE,TRUE,,,,,FALSE,Women's Running Shoes,"Responsive road running shoes with full-length Air Zoom cushioning, ReactX foam, breathable mesh, and a roomier forefoot fit.",Apparel & Accessories > Shoes,female,adult,,new,TRUE,PrimeStyleAI Demo,,,,,https://res.cloudinary.com/dgvtynla7/image/upload/v1779029710/demo/products/nike_pegasus_42_womens_road_running_shoes_ib1881_602/variants-highres/IB1881-001/01.webp,lb,,,active
nike-pegasus-42-womens-road-running-shoes-ib1881-602,Women's Running Shoes,"<p>Responsive road running shoes with full-length Air Zoom cushioning, ReactX foam, breathable mesh, and a roomier forefoot fit.</p>
<p><strong>Material:</strong> Lightweight mesh upper, ReactX foam midsole, high-abrasion rubber outsole</p>
<p><strong>Available sizes:</strong> W 5 / M 3.5, W 5.5 / M 4, W 6 / M 4.5, W 6.5 / M 5, W 7 / M 5.5, W 7.5 / M 6, W 8 / M 6.5, W 8.5 / M 7, W 9 / M 7.5, W 9.5 / M 8, W 10 / M 8.5, W 10.5 / M 9, W 11 / M 9.5, W 11.5 / M 10, W 12 / M 10.5</p>
<div class=""primestyle-size-guide""><h3>Nike Unisex Shoes Women&#39;s Based Size Guide</h3><table><thead><tr><th>Standard</th><th>US Women</th><th>US Men</th><th>UK</th><th>CM / JP</th><th>EU</th></tr></thead><tbody><tr><td>W 5 / M 3.5</td><td>5</td><td>3.5</td><td>2.5</td><td>22</td><td>35.5</td></tr><tr><td>W 5.5 / M 4</td><td>5.5</td><td>4</td><td>3</td><td>22.5</td><td>36</td></tr><tr><td>W 6 / M 4.5</td><td>6</td><td>4.5</td><td>3.5</td><td>23</td><td>36.5</td></tr><tr><td>W 6.5 / M 5</td><td>6.5</td><td>5</td><td>4</td><td>23.5</td><td>37.5</td></tr><tr><td>W 7 / M 5.5</td><td>7</td><td>5.5</td><td>4.5</td><td>24</td><td>38</td></tr><tr><td>W 7.5 / M 6</td><td>7.5</td><td>6</td><td>5</td><td>24.5</td><td>38.5</td></tr><tr><td>W 8 / M 6.5</td><td>8</td><td>6.5</td><td>5.5</td><td>25</td><td>39</td></tr><tr><td>W 8.5 / M 7</td><td>8.5</td><td>7</td><td>6</td><td>25.5</td><td>40</td></tr><tr><td>W 9 / M 7.5</td><td>9</td><td>7.5</td><td>6.5</td><td>26</td><td>40.5</td></tr><tr><td>W 9.5 / M 8</td><td>9.5</td><td>8</td><td>7</td><td>26.5</td><td>41</td></tr><tr><td>W 10 / M 8.5</td><td>10</td><td>8.5</td><td>7.5</td><td>27</td><td>42</td></tr><tr><td>W 10.5 / M 9</td><td>10.5</td><td>9</td><td>8</td><td>27.5</td><td>42.5</td></tr><tr><td>W 11 / M 9.5</td><td>11</td><td>9.5</td><td>8.5</td><td>28</td><td>43</td></tr><tr><td>W 11.5 / M 10</td><td>11.5</td><td>10</td><td>9</td><td>28.5</td><td>44</td></tr><tr><td>W 12 / M 10.5</td><td>12</td><td>10.5</td><td>9.5</td><td>29</td><td>44.5</td></tr></tbody></table></div>",Nike,Apparel & Accessories > Shoes,Shoes,"PrimeStyleAI Demo, PrimeStyleAI Import, Shoes, Road Running Shoes, female, nike, pegasus, pegasus 42, running shoes, road running, reactx, air zoom, women, footwear, demo",TRUE,Color,Black/Iron Grey/White,Size,W 7 / M 5.5,,,nike-pegasus-42-womens-road-running-shoes-ib1881-602-7-7,0,shopify,100,deny,manual,145.00,,TRUE,TRUE,,,,,FALSE,Women's Running Shoes,"Responsive road running shoes with full-length Air Zoom cushioning, ReactX foam, breathable mesh, and a roomier forefoot fit.",Apparel & Accessories > Shoes,female,adult,,new,TRUE,PrimeStyleAI Demo,,,,,https://res.cloudinary.com/dgvtynla7/image/upload/v1779029710/demo/products/nike_pegasus_42_womens_road_running_shoes_ib1881_602/variants-highres/IB1881-001/01.webp,lb,,,active
nike-pegasus-42-womens-road-running-shoes-ib1881-602,Women's Running Shoes,"<p>Responsive road running shoes with full-length Air Zoom cushioning, ReactX foam, breathable mesh, and a roomier forefoot fit.</p>
<p><strong>Material:</strong> Lightweight mesh upper, ReactX foam midsole, high-abrasion rubber outsole</p>
<p><strong>Available sizes:</strong> W 5 / M 3.5, W 5.5 / M 4, W 6 / M 4.5, W 6.5 / M 5, W 7 / M 5.5, W 7.5 / M 6, W 8 / M 6.5, W 8.5 / M 7, W 9 / M 7.5, W 9.5 / M 8, W 10 / M 8.5, W 10.5 / M 9, W 11 / M 9.5, W 11.5 / M 10, W 12 / M 10.5</p>
<div class=""primestyle-size-guide""><h3>Nike Unisex Shoes Women&#39;s Based Size Guide</h3><table><thead><tr><th>Standard</th><th>US Women</th><th>US Men</th><th>UK</th><th>CM / JP</th><th>EU</th></tr></thead><tbody><tr><td>W 5 / M 3.5</td><td>5</td><td>3.5</td><td>2.5</td><td>22</td><td>35.5</td></tr><tr><td>W 5.5 / M 4</td><td>5.5</td><td>4</td><td>3</td><td>22.5</td><td>36</td></tr><tr><td>W 6 / M 4.5</td><td>6</td><td>4.5</td><td>3.5</td><td>23</td><td>36.5</td></tr><tr><td>W 6.5 / M 5</td><td>6.5</td><td>5</td><td>4</td><td>23.5</td><td>37.5</td></tr><tr><td>W 7 / M 5.5</td><td>7</td><td>5.5</td><td>4.5</td><td>24</td><td>38</td></tr><tr><td>W 7.5 / M 6</td><td>7.5</td><td>6</td><td>5</td><td>24.5</td><td>38.5</td></tr><tr><td>W 8 / M 6.5</td><td>8</td><td>6.5</td><td>5.5</td><td>25</td><td>39</td></tr><tr><td>W 8.5 / M 7</td><td>8.5</td><td>7</td><td>6</td><td>25.5</td><td>40</td></tr><tr><td>W 9 / M 7.5</td><td>9</td><td>7.5</td><td>6.5</td><td>26</td><td>40.5</td></tr><tr><td>W 9.5 / M 8</td><td>9.5</td><td>8</td><td>7</td><td>26.5</td><td>41</td></tr><tr><td>W 10 / M 8.5</td><td>10</td><td>8.5</td><td>7.5</td><td>27</td><td>42</td></tr><tr><td>W 10.5 / M 9</td><td>10.5</td><td>9</td><td>8</td><td>27.5</td><td>42.5</td></tr><tr><td>W 11 / M 9.5</td><td>11</td><td>9.5</td><td>8.5</td><td>28</td><td>43</td></tr><tr><td>W 11.5 / M 10</td><td>11.5</td><td>10</td><td>9</td><td>28.5</td><td>44</td></tr><tr><td>W 12 / M 10.5</td><td>12</td><td>10.5</td><td>9.5</td><td>29</td><td>44.5</td></tr></tbody></table></div>",Nike,Apparel & Accessories > Shoes,Shoes,"PrimeStyleAI Demo, PrimeStyleAI Import, Shoes, Road Running Shoes, female, nike, pegasus, pegasus 42, running shoes, road running, reactx, air zoom, women, footwear, demo",TRUE,Color,Black/Iron Grey/White,Size,W 7.5 / M 6,,,nike-pegasus-42-womens-road-running-shoes-ib1881-602-7-5-7,0,shopify,100,deny,manual,145.00,,TRUE,TRUE,,,,,FALSE,Women's Running Shoes,"Responsive road running shoes with full-length Air Zoom cushioning, ReactX foam, breathable mesh, and a roomier forefoot fit.",Apparel & Accessories > Shoes,female,adult,,new,TRUE,PrimeStyleAI Demo,,,,,https://res.cloudinary.com/dgvtynla7/image/upload/v1779029710/demo/products/nike_pegasus_42_womens_road_running_shoes_ib1881_602/variants-highres/IB1881-001/01.webp,lb,,,active
nike-pegasus-42-womens-road-running-shoes-ib1881-602,Women's Running Shoes,"<p>Responsive road running shoes with full-length Air Zoom cushioning, ReactX foam, breathable mesh, and a roomier forefoot fit.</p>
<p><strong>Material:</strong> Lightweight mesh upper, ReactX foam midsole, high-abrasion rubber outsole</p>
<p><strong>Available sizes:</strong> W 5 / M 3.5, W 5.5 / M 4, W 6 / M 4.5, W 6.5 / M 5, W 7 / M 5.5, W 7.5 / M 6, W 8 / M 6.5, W 8.5 / M 7, W 9 / M 7.5, W 9.5 / M 8, W 10 / M 8.5, W 10.5 / M 9, W 11 / M 9.5, W 11.5 / M 10, W 12 / M 10.5</p>
<div class=""primestyle-size-guide""><h3>Nike Unisex Shoes Women&#39;s Based Size Guide</h3><table><thead><tr><th>Standard</th><th>US Women</th><th>US Men</th><th>UK</th><th>CM / JP</th><th>EU</th></tr></thead><tbody><tr><td>W 5 / M 3.5</td><td>5</td><td>3.5</td><td>2.5</td><td>22</td><td>35.5</td></tr><tr><td>W 5.5 / M 4</td><td>5.5</td><td>4</td><td>3</td><td>22.5</td><td>36</td></tr><tr><td>W 6 / M 4.5</td><td>6</td><td>4.5</td><td>3.5</td><td>23</td><td>36.5</td></tr><tr><td>W 6.5 / M 5</td><td>6.5</td><td>5</td><td>4</td><td>23.5</td><td>37.5</td></tr><tr><td>W 7 / M 5.5</td><td>7</td><td>5.5</td><td>4.5</td><td>24</td><td>38</td></tr><tr><td>W 7.5 / M 6</td><td>7.5</td><td>6</td><td>5</td><td>24.5</td><td>38.5</td></tr><tr><td>W 8 / M 6.5</td><td>8</td><td>6.5</td><td>5.5</td><td>25</td><td>39</td></tr><tr><td>W 8.5 / M 7</td><td>8.5</td><td>7</td><td>6</td><td>25.5</td><td>40</td></tr><tr><td>W 9 / M 7.5</td><td>9</td><td>7.5</td><td>6.5</td><td>26</td><td>40.5</td></tr><tr><td>W 9.5 / M 8</td><td>9.5</td><td>8</td><td>7</td><td>26.5</td><td>41</td></tr><tr><td>W 10 / M 8.5</td><td>10</td><td>8.5</td><td>7.5</td><td>27</td><td>42</td></tr><tr><td>W 10.5 / M 9</td><td>10.5</td><td>9</td><td>8</td><td>27.5</td><td>42.5</td></tr><tr><td>W 11 / M 9.5</td><td>11</td><td>9.5</td><td>8.5</td><td>28</td><td>43</td></tr><tr><td>W 11.5 / M 10</td><td>11.5</td><td>10</td><td>9</td><td>28.5</td><td>44</td></tr><tr><td>W 12 / M 10.5</td><td>12</td><td>10.5</td><td>9.5</td><td>29</td><td>44.5</td></tr></tbody></table></div>",Nike,Apparel & Accessories > Shoes,Shoes,"PrimeStyleAI Demo, PrimeStyleAI Import, Shoes, Road Running Shoes, female, nike, pegasus, pegasus 42, running shoes, road running, reactx, air zoom, women, footwear, demo",TRUE,Color,Black/Iron Grey/White,Size,W 8 / M 6.5,,,nike-pegasus-42-womens-road-running-shoes-ib1881-602-8-7,0,shopify,100,deny,manual,145.00,,TRUE,TRUE,,,,,FALSE,Women's Running Shoes,"Responsive road running shoes with full-length Air Zoom cushioning, ReactX foam, breathable mesh, and a roomier forefoot fit.",Apparel & Accessories > Shoes,female,adult,,new,TRUE,PrimeStyleAI Demo,,,,,https://res.cloudinary.com/dgvtynla7/image/upload/v1779029710/demo/products/nike_pegasus_42_womens_road_running_shoes_ib1881_602/variants-highres/IB1881-001/01.webp,lb,,,active
nike-pegasus-42-womens-road-running-shoes-ib1881-602,Women's Running Shoes,"<p>Responsive road running shoes with full-length Air Zoom cushioning, ReactX foam, breathable mesh, and a roomier forefoot fit.</p>
<p><strong>Material:</strong> Lightweight mesh upper, ReactX foam midsole, high-abrasion rubber outsole</p>
<p><strong>Available sizes:</strong> W 5 / M 3.5, W 5.5 / M 4, W 6 / M 4.5, W 6.5 / M 5, W 7 / M 5.5, W 7.5 / M 6, W 8 / M 6.5, W 8.5 / M 7, W 9 / M 7.5, W 9.5 / M 8, W 10 / M 8.5, W 10.5 / M 9, W 11 / M 9.5, W 11.5 / M 10, W 12 / M 10.5</p>
<div class=""primestyle-size-guide""><h3>Nike Unisex Shoes Women&#39;s Based Size Guide</h3><table><thead><tr><th>Standard</th><th>US Women</th><th>US Men</th><th>UK</th><th>CM / JP</th><th>EU</th></tr></thead><tbody><tr><td>W 5 / M 3.5</td><td>5</td><td>3.5</td><td>2.5</td><td>22</td><td>35.5</td></tr><tr><td>W 5.5 / M 4</td><td>5.5</td><td>4</td><td>3</td><td>22.5</td><td>36</td></tr><tr><td>W 6 / M 4.5</td><td>6</td><td>4.5</td><td>3.5</td><td>23</td><td>36.5</td></tr><tr><td>W 6.5 / M 5</td><td>6.5</td><td>5</td><td>4</td><td>23.5</td><td>37.5</td></tr><tr><td>W 7 / M 5.5</td><td>7</td><td>5.5</td><td>4.5</td><td>24</td><td>38</td></tr><tr><td>W 7.5 / M 6</td><td>7.5</td><td>6</td><td>5</td><td>24.5</td><td>38.5</td></tr><tr><td>W 8 / M 6.5</td><td>8</td><td>6.5</td><td>5.5</td><td>25</td><td>39</td></tr><tr><td>W 8.5 / M 7</td><td>8.5</td><td>7</td><td>6</td><td>25.5</td><td>40</td></tr><tr><td>W 9 / M 7.5</td><td>9</td><td>7.5</td><td>6.5</td><td>26</td><td>40.5</td></tr><tr><td>W 9.5 / M 8</td><td>9.5</td><td>8</td><td>7</td><td>26.5</td><td>41</td></tr><tr><td>W 10 / M 8.5</td><td>10</td><td>8.5</td><td>7.5</td><td>27</td><td>42</td></tr><tr><td>W 10.5 / M 9</td><td>10.5</td><td>9</td><td>8</td><td>27.5</td><td>42.5</td></tr><tr><td>W 11 / M 9.5</td><td>11</td><td>9.5</td><td>8.5</td><td>28</td><td>43</td></tr><tr><td>W 11.5 / M 10</td><td>11.5</td><td>10</td><td>9</td><td>28.5</td><td>44</td></tr><tr><td>W 12 / M 10.5</td><td>12</td><td>10.5</td><td>9.5</td><td>29</td><td>44.5</td></tr></tbody></table></div>",Nike,Apparel & Accessories > Shoes,Shoes,"PrimeStyleAI Demo, PrimeStyleAI Import, Shoes, Road Running Shoes, female, nike, pegasus, pegasus 42, running shoes, road running, reactx, air zoom, women, footwear, demo",TRUE,Color,Black/Iron Grey/White,Size,W 8.5 / M 7,,,nike-pegasus-42-womens-road-running-shoes-ib1881-602-8-5-7,0,shopify,100,deny,manual,145.00,,TRUE,TRUE,,,,,FALSE,Women's Running Shoes,"Responsive road running shoes with full-length Air Zoom cushioning, ReactX foam, breathable mesh, and a roomier forefoot fit.",Apparel & Accessories > Shoes,female,adult,,new,TRUE,PrimeStyleAI Demo,,,,,https://res.cloudinary.com/dgvtynla7/image/upload/v1779029710/demo/products/nike_pegasus_42_womens_road_running_shoes_ib1881_602/variants-highres/IB1881-001/01.webp,lb,,,active
nike-pegasus-42-womens-road-running-shoes-ib1881-602,Women's Running Shoes,"<p>Responsive road running shoes with full-length Air Zoom cushioning, ReactX foam, breathable mesh, and a roomier forefoot fit.</p>
<p><strong>Material:</strong> Lightweight mesh upper, ReactX foam midsole, high-abrasion rubber outsole</p>
<p><strong>Available sizes:</strong> W 5 / M 3.5, W 5.5 / M 4, W 6 / M 4.5, W 6.5 / M 5, W 7 / M 5.5, W 7.5 / M 6, W 8 / M 6.5, W 8.5 / M 7, W 9 / M 7.5, W 9.5 / M 8, W 10 / M 8.5, W 10.5 / M 9, W 11 / M 9.5, W 11.5 / M 10, W 12 / M 10.5</p>
<div class=""primestyle-size-guide""><h3>Nike Unisex Shoes Women&#39;s Based Size Guide</h3><table><thead><tr><th>Standard</th><th>US Women</th><th>US Men</th><th>UK</th><th>CM / JP</th><th>EU</th></tr></thead><tbody><tr><td>W 5 / M 3.5</td><td>5</td><td>3.5</td><td>2.5</td><td>22</td><td>35.5</td></tr><tr><td>W 5.5 / M 4</td><td>5.5</td><td>4</td><td>3</td><td>22.5</td><td>36</td></tr><tr><td>W 6 / M 4.5</td><td>6</td><td>4.5</td><td>3.5</td><td>23</td><td>36.5</td></tr><tr><td>W 6.5 / M 5</td><td>6.5</td><td>5</td><td>4</td><td>23.5</td><td>37.5</td></tr><tr><td>W 7 / M 5.5</td><td>7</td><td>5.5</td><td>4.5</td><td>24</td><td>38</td></tr><tr><td>W 7.5 / M 6</td><td>7.5</td><td>6</td><td>5</td><td>24.5</td><td>38.5</td></tr><tr><td>W 8 / M 6.5</td><td>8</td><td>6.5</td><td>5.5</td><td>25</td><td>39</td></tr><tr><td>W 8.5 / M 7</td><td>8.5</td><td>7</td><td>6</td><td>25.5</td><td>40</td></tr><tr><td>W 9 / M 7.5</td><td>9</td><td>7.5</td><td>6.5</td><td>26</td><td>40.5</td></tr><tr><td>W 9.5 / M 8</td><td>9.5</td><td>8</td><td>7</td><td>26.5</td><td>41</td></tr><tr><td>W 10 / M 8.5</td><td>10</td><td>8.5</td><td>7.5</td><td>27</td><td>42</td></tr><tr><td>W 10.5 / M 9</td><td>10.5</td><td>9</td><td>8</td><td>27.5</td><td>42.5</td></tr><tr><td>W 11 / M 9.5</td><td>11</td><td>9.5</td><td>8.5</td><td>28</td><td>43</td></tr><tr><td>W 11.5 / M 10</td><td>11.5</td><td>10</td><td>9</td><td>28.5</td><td>44</td></tr><tr><td>W 12 / M 10.5</td><td>12</td><td>10.5</td><td>9.5</td><td>29</td><td>44.5</td></tr></tbody></table></div>",Nike,Apparel & Accessories > Shoes,Shoes,"PrimeStyleAI Demo, PrimeStyleAI Import, Shoes, Road Running Shoes, female, nike, pegasus, pegasus 42, running shoes, road running, reactx, air zoom, women, footwear, demo",TRUE,Color,Black/Iron Grey/White,Size,W 9 / M 7.5,,,nike-pegasus-42-womens-road-running-shoes-ib1881-602-9-7,0,shopify,100,deny,manual,145.00,,TRUE,TRUE,,,,,FALSE,Women's Running Shoes,"Responsive road running shoes with full-length Air Zoom cushioning, ReactX foam, breathable mesh, and a roomier forefoot fit.",Apparel & Accessories > Shoes,female,adult,,new,TRUE,PrimeStyleAI Demo,,,,,https://res.cloudinary.com/dgvtynla7/image/upload/v1779029710/demo/products/nike_pegasus_42_womens_road_running_shoes_ib1881_602/variants-highres/IB1881-001/01.webp,lb,,,active
nike-pegasus-42-womens-road-running-shoes-ib1881-602,Women's Running Shoes,"<p>Responsive road running shoes with full-length Air Zoom cushioning, ReactX foam, breathable mesh, and a roomier forefoot fit.</p>
<p><strong>Material:</strong> Lightweight mesh upper, ReactX foam midsole, high-abrasion rubber outsole</p>
<p><strong>Available sizes:</strong> W 5 / M 3.5, W 5.5 / M 4, W 6 / M 4.5, W 6.5 / M 5, W 7 / M 5.5, W 7.5 / M 6, W 8 / M 6.5, W 8.5 / M 7, W 9 / M 7.5, W 9.5 / M 8, W 10 / M 8.5, W 10.5 / M 9, W 11 / M 9.5, W 11.5 / M 10, W 12 / M 10.5</p>
<div class=""primestyle-size-guide""><h3>Nike Unisex Shoes Women&#39;s Based Size Guide</h3><table><thead><tr><th>Standard</th><th>US Women</th><th>US Men</th><th>UK</th><th>CM / JP</th><th>EU</th></tr></thead><tbody><tr><td>W 5 / M 3.5</td><td>5</td><td>3.5</td><td>2.5</td><td>22</td><td>35.5</td></tr><tr><td>W 5.5 / M 4</td><td>5.5</td><td>4</td><td>3</td><td>22.5</td><td>36</td></tr><tr><td>W 6 / M 4.5</td><td>6</td><td>4.5</td><td>3.5</td><td>23</td><td>36.5</td></tr><tr><td>W 6.5 / M 5</td><td>6.5</td><td>5</td><td>4</td><td>23.5</td><td>37.5</td></tr><tr><td>W 7 / M 5.5</td><td>7</td><td>5.5</td><td>4.5</td><td>24</td><td>38</td></tr><tr><td>W 7.5 / M 6</td><td>7.5</td><td>6</td><td>5</td><td>24.5</td><td>38.5</td></tr><tr><td>W 8 / M 6.5</td><td>8</td><td>6.5</td><td>5.5</td><td>25</td><td>39</td></tr><tr><td>W 8.5 / M 7</td><td>8.5</td><td>7</td><td>6</td><td>25.5</td><td>40</td></tr><tr><td>W 9 / M 7.5</td><td>9</td><td>7.5</td><td>6.5</td><td>26</td><td>40.5</td></tr><tr><td>W 9.5 / M 8</td><td>9.5</td><td>8</td><td>7</td><td>26.5</td><td>41</td></tr><tr><td>W 10 / M 8.5</td><td>10</td><td>8.5</td><td>7.5</td><td>27</td><td>42</td></tr><tr><td>W 10.5 / M 9</td><td>10.5</td><td>9</td><td>8</td><td>27.5</td><td>42.5</td></tr><tr><td>W 11 / M 9.5</td><td>11</td><td>9.5</td><td>8.5</td><td>28</td><td>43</td></tr><tr><td>W 11.5 / M 10</td><td>11.5</td><td>10</td><td>9</td><td>28.5</td><td>44</td></tr><tr><td>W 12 / M 10.5</td><td>12</td><td>10.5</td><td>9.5</td><td>29</td><td>44.5</td></tr></tbody></table></div>",Nike,Apparel & Accessories > Shoes,Shoes,"PrimeStyleAI Demo, PrimeStyleAI Import, Shoes, Road Running Shoes, female, nike, pegasus, pegasus 42, running shoes, road running, reactx, air zoom, women, footwear, demo",TRUE,Color,Black/Iron Grey/White,Size,W 9.5 / M 8,,,nike-pegasus-42-womens-road-running-shoes-ib1881-602-9-5-7,0,shopify,100,deny,manual,145.00,,TRUE,TRUE,,,,,FALSE,Women's Running Shoes,"Responsive road running shoes with full-length Air Zoom cushioning, ReactX foam, breathable mesh, and a roomier forefoot fit.",Apparel & Accessories > Shoes,female,adult,,new,TRUE,PrimeStyleAI Demo,,,,,https://res.cloudinary.com/dgvtynla7/image/upload/v1779029710/demo/products/nike_pegasus_42_womens_road_running_shoes_ib1881_602/variants-highres/IB1881-001/01.webp,lb,,,active
nike-pegasus-42-womens-road-running-shoes-ib1881-602,Women's Running Shoes,"<p>Responsive road running shoes with full-length Air Zoom cushioning, ReactX foam, breathable mesh, and a roomier forefoot fit.</p>
<p><strong>Material:</strong> Lightweight mesh upper, ReactX foam midsole, high-abrasion rubber outsole</p>
<p><strong>Available sizes:</strong> W 5 / M 3.5, W 5.5 / M 4, W 6 / M 4.5, W 6.5 / M 5, W 7 / M 5.5, W 7.5 / M 6, W 8 / M 6.5, W 8.5 / M 7, W 9 / M 7.5, W 9.5 / M 8, W 10 / M 8.5, W 10.5 / M 9, W 11 / M 9.5, W 11.5 / M 10, W 12 / M 10.5</p>
<div class=""primestyle-size-guide""><h3>Nike Unisex Shoes Women&#39;s Based Size Guide</h3><table><thead><tr><th>Standard</th><th>US Women</th><th>US Men</th><th>UK</th><th>CM / JP</th><th>EU</th></tr></thead><tbody><tr><td>W 5 / M 3.5</td><td>5</td><td>3.5</td><td>2.5</td><td>22</td><td>35.5</td></tr><tr><td>W 5.5 / M 4</td><td>5.5</td><td>4</td><td>3</td><td>22.5</td><td>36</td></tr><tr><td>W 6 / M 4.5</td><td>6</td><td>4.5</td><td>3.5</td><td>23</td><td>36.5</td></tr><tr><td>W 6.5 / M 5</td><td>6.5</td><td>5</td><td>4</td><td>23.5</td><td>37.5</td></tr><tr><td>W 7 / M 5.5</td><td>7</td><td>5.5</td><td>4.5</td><td>24</td><td>38</td></tr><tr><td>W 7.5 / M 6</td><td>7.5</td><td>6</td><td>5</td><td>24.5</td><td>38.5</td></tr><tr><td>W 8 / M 6.5</td><td>8</td><td>6.5</td><td>5.5</td><td>25</td><td>39</td></tr><tr><td>W 8.5 / M 7</td><td>8.5</td><td>7</td><td>6</td><td>25.5</td><td>40</td></tr><tr><td>W 9 / M 7.5</td><td>9</td><td>7.5</td><td>6.5</td><td>26</td><td>40.5</td></tr><tr><td>W 9.5 / M 8</td><td>9.5</td><td>8</td><td>7</td><td>26.5</td><td>41</td></tr><tr><td>W 10 / M 8.5</td><td>10</td><td>8.5</td><td>7.5</td><td>27</td><td>42</td></tr><tr><td>W 10.5 / M 9</td><td>10.5</td><td>9</td><td>8</td><td>27.5</td><td>42.5</td></tr><tr><td>W 11 / M 9.5</td><td>11</td><td>9.5</td><td>8.5</td><td>28</td><td>43</td></tr><tr><td>W 11.5 / M 10</td><td>11.5</td><td>10</td><td>9</td><td>28.5</td><td>44</td></tr><tr><td>W 12 / M 10.5</td><td>12</td><td>10.5</td><td>9.5</td><td>29</td><td>44.5</td></tr></tbody></table></div>",Nike,Apparel & Accessories > Shoes,Shoes,"PrimeStyleAI Demo, PrimeStyleAI Import, Shoes, Road Running Shoes, female, nike, pegasus, pegasus 42, running shoes, road running, reactx, air zoom, women, footwear, demo",TRUE,Color,Black/Iron Grey/White,Size,W 10 / M 8.5,,,nike-pegasus-42-womens-road-running-shoes-ib1881-602-10-7,0,shopify,100,deny,manual,145.00,,TRUE,TRUE,,,,,FALSE,Women's Running Shoes,"Responsive road running shoes with full-length Air Zoom cushioning, ReactX foam, breathable mesh, and a roomier forefoot fit.",Apparel & Accessories > Shoes,female,adult,,new,TRUE,PrimeStyleAI Demo,,,,,https://res.cloudinary.com/dgvtynla7/image/upload/v1779029710/demo/products/nike_pegasus_42_womens_road_running_shoes_ib1881_602/variants-highres/IB1881-001/01.webp,lb,,,active
nike-pegasus-42-womens-road-running-shoes-ib1881-602,Women's Running Shoes,"<p>Responsive road running shoes with full-length Air Zoom cushioning, ReactX foam, breathable mesh, and a roomier forefoot fit.</p>
<p><strong>Material:</strong> Lightweight mesh upper, ReactX foam midsole, high-abrasion rubber outsole</p>
<p><strong>Available sizes:</strong> W 5 / M 3.5, W 5.5 / M 4, W 6 / M 4.5, W 6.5 / M 5, W 7 / M 5.5, W 7.5 / M 6, W 8 / M 6.5, W 8.5 / M 7, W 9 / M 7.5, W 9.5 / M 8, W 10 / M 8.5, W 10.5 / M 9, W 11 / M 9.5, W 11.5 / M 10, W 12 / M 10.5</p>
<div class=""primestyle-size-guide""><h3>Nike Unisex Shoes Women&#39;s Based Size Guide</h3><table><thead><tr><th>Standard</th><th>US Women</th><th>US Men</th><th>UK</th><th>CM / JP</th><th>EU</th></tr></thead><tbody><tr><td>W 5 / M 3.5</td><td>5</td><td>3.5</td><td>2.5</td><td>22</td><td>35.5</td></tr><tr><td>W 5.5 / M 4</td><td>5.5</td><td>4</td><td>3</td><td>22.5</td><td>36</td></tr><tr><td>W 6 / M 4.5</td><td>6</td><td>4.5</td><td>3.5</td><td>23</td><td>36.5</td></tr><tr><td>W 6.5 / M 5</td><td>6.5</td><td>5</td><td>4</td><td>23.5</td><td>37.5</td></tr><tr><td>W 7 / M 5.5</td><td>7</td><td>5.5</td><td>4.5</td><td>24</td><td>38</td></tr><tr><td>W 7.5 / M 6</td><td>7.5</td><td>6</td><td>5</td><td>24.5</td><td>38.5</td></tr><tr><td>W 8 / M 6.5</td><td>8</td><td>6.5</td><td>5.5</td><td>25</td><td>39</td></tr><tr><td>W 8.5 / M 7</td><td>8.5</td><td>7</td><td>6</td><td>25.5</td><td>40</td></tr><tr><td>W 9 / M 7.5</td><td>9</td><td>7.5</td><td>6.5</td><td>26</td><td>40.5</td></tr><tr><td>W 9.5 / M 8</td><td>9.5</td><td>8</td><td>7</td><td>26.5</td><td>41</td></tr><tr><td>W 10 / M 8.5</td><td>10</td><td>8.5</td><td>7.5</td><td>27</td><td>42</td></tr><tr><td>W 10.5 / M 9</td><td>10.5</td><td>9</td><td>8</td><td>27.5</td><td>42.5</td></tr><tr><td>W 11 / M 9.5</td><td>11</td><td>9.5</td><td>8.5</td><td>28</td><td>43</td></tr><tr><td>W 11.5 / M 10</td><td>11.5</td><td>10</td><td>9</td><td>28.5</td><td>44</td></tr><tr><td>W 12 / M 10.5</td><td>12</td><td>10.5</td><td>9.5</td><td>29</td><td>44.5</td></tr></tbody></table></div>",Nike,Apparel & Accessories > Shoes,Shoes,"PrimeStyleAI Demo, PrimeStyleAI Import, Shoes, Road Running Shoes, female, nike, pegasus, pegasus 42, running shoes, road running, reactx, air zoom, women, footwear, demo",TRUE,Color,Black/Iron Grey/White,Size,W 10.5 / M 9,,,nike-pegasus-42-womens-road-running-shoes-ib1881-602-10-5-7,0,shopify,100,deny,manual,145.00,,TRUE,TRUE,,,,,FALSE,Women's Running Shoes,"Responsive road running shoes with full-length Air Zoom cushioning, ReactX foam, breathable mesh, and a roomier forefoot fit.",Apparel & Accessories > Shoes,female,adult,,new,TRUE,PrimeStyleAI Demo,,,,,https://res.cloudinary.com/dgvtynla7/image/upload/v1779029710/demo/products/nike_pegasus_42_womens_road_running_shoes_ib1881_602/variants-highres/IB1881-001/01.webp,lb,,,active
nike-pegasus-42-womens-road-running-shoes-ib1881-602,Women's Running Shoes,"<p>Responsive road running shoes with full-length Air Zoom cushioning, ReactX foam, breathable mesh, and a roomier forefoot fit.</p>
<p><strong>Material:</strong> Lightweight mesh upper, ReactX foam midsole, high-abrasion rubber outsole</p>
<p><strong>Available sizes:</strong> W 5 / M 3.5, W 5.5 / M 4, W 6 / M 4.5, W 6.5 / M 5, W 7 / M 5.5, W 7.5 / M 6, W 8 / M 6.5, W 8.5 / M 7, W 9 / M 7.5, W 9.5 / M 8, W 10 / M 8.5, W 10.5 / M 9, W 11 / M 9.5, W 11.5 / M 10, W 12 / M 10.5</p>
<div class=""primestyle-size-guide""><h3>Nike Unisex Shoes Women&#39;s Based Size Guide</h3><table><thead><tr><th>Standard</th><th>US Women</th><th>US Men</th><th>UK</th><th>CM / JP</th><th>EU</th></tr></thead><tbody><tr><td>W 5 / M 3.5</td><td>5</td><td>3.5</td><td>2.5</td><td>22</td><td>35.5</td></tr><tr><td>W 5.5 / M 4</td><td>5.5</td><td>4</td><td>3</td><td>22.5</td><td>36</td></tr><tr><td>W 6 / M 4.5</td><td>6</td><td>4.5</td><td>3.5</td><td>23</td><td>36.5</td></tr><tr><td>W 6.5 / M 5</td><td>6.5</td><td>5</td><td>4</td><td>23.5</td><td>37.5</td></tr><tr><td>W 7 / M 5.5</td><td>7</td><td>5.5</td><td>4.5</td><td>24</td><td>38</td></tr><tr><td>W 7.5 / M 6</td><td>7.5</td><td>6</td><td>5</td><td>24.5</td><td>38.5</td></tr><tr><td>W 8 / M 6.5</td><td>8</td><td>6.5</td><td>5.5</td><td>25</td><td>39</td></tr><tr><td>W 8.5 / M 7</td><td>8.5</td><td>7</td><td>6</td><td>25.5</td><td>40</td></tr><tr><td>W 9 / M 7.5</td><td>9</td><td>7.5</td><td>6.5</td><td>26</td><td>40.5</td></tr><tr><td>W 9.5 / M 8</td><td>9.5</td><td>8</td><td>7</td><td>26.5</td><td>41</td></tr><tr><td>W 10 / M 8.5</td><td>10</td><td>8.5</td><td>7.5</td><td>27</td><td>42</td></tr><tr><td>W 10.5 / M 9</td><td>10.5</td><td>9</td><td>8</td><td>27.5</td><td>42.5</td></tr><tr><td>W 11 / M 9.5</td><td>11</td><td>9.5</td><td>8.5</td><td>28</td><td>43</td></tr><tr><td>W 11.5 / M 10</td><td>11.5</td><td>10</td><td>9</td><td>28.5</td><td>44</td></tr><tr><td>W 12 / M 10.5</td><td>12</td><td>10.5</td><td>9.5</td><td>29</td><td>44.5</td></tr></tbody></table></div>",Nike,Apparel & Accessories > Shoes,Shoes,"PrimeStyleAI Demo, PrimeStyleAI Import, Shoes, Road Running Shoes, female, nike, pegasus, pegasus 42, running shoes, road running, reactx, air zoom, women, footwear, demo",TRUE,Color,Black/Iron Grey/White,Size,W 11 / M 9.5,,,nike-pegasus-42-womens-road-running-shoes-ib1881-602-11-7,0,shopify,100,deny,manual,145.00,,TRUE,TRUE,,,,,FALSE,Women's Running Shoes,"Responsive road running shoes with full-length Air Zoom cushioning, ReactX foam, breathable mesh, and a roomier forefoot fit.",Apparel & Accessories > Shoes,female,adult,,new,TRUE,PrimeStyleAI Demo,,,,,https://res.cloudinary.com/dgvtynla7/image/upload/v1779029710/demo/products/nike_pegasus_42_womens_road_running_shoes_ib1881_602/variants-highres/IB1881-001/01.webp,lb,,,active
nike-pegasus-42-womens-road-running-shoes-ib1881-602,Women's Running Shoes,"<p>Responsive road running shoes with full-length Air Zoom cushioning, ReactX foam, breathable mesh, and a roomier forefoot fit.</p>
<p><strong>Material:</strong> Lightweight mesh upper, ReactX foam midsole, high-abrasion rubber outsole</p>
<p><strong>Available sizes:</strong> W 5 / M 3.5, W 5.5 / M 4, W 6 / M 4.5, W 6.5 / M 5, W 7 / M 5.5, W 7.5 / M 6, W 8 / M 6.5, W 8.5 / M 7, W 9 / M 7.5, W 9.5 / M 8, W 10 / M 8.5, W 10.5 / M 9, W 11 / M 9.5, W 11.5 / M 10, W 12 / M 10.5</p>
<div class=""primestyle-size-guide""><h3>Nike Unisex Shoes Women&#39;s Based Size Guide</h3><table><thead><tr><th>Standard</th><th>US Women</th><th>US Men</th><th>UK</th><th>CM / JP</th><th>EU</th></tr></thead><tbody><tr><td>W 5 / M 3.5</td><td>5</td><td>3.5</td><td>2.5</td><td>22</td><td>35.5</td></tr><tr><td>W 5.5 / M 4</td><td>5.5</td><td>4</td><td>3</td><td>22.5</td><td>36</td></tr><tr><td>W 6 / M 4.5</td><td>6</td><td>4.5</td><td>3.5</td><td>23</td><td>36.5</td></tr><tr><td>W 6.5 / M 5</td><td>6.5</td><td>5</td><td>4</td><td>23.5</td><td>37.5</td></tr><tr><td>W 7 / M 5.5</td><td>7</td><td>5.5</td><td>4.5</td><td>24</td><td>38</td></tr><tr><td>W 7.5 / M 6</td><td>7.5</td><td>6</td><td>5</td><td>24.5</td><td>38.5</td></tr><tr><td>W 8 / M 6.5</td><td>8</td><td>6.5</td><td>5.5</td><td>25</td><td>39</td></tr><tr><td>W 8.5 / M 7</td><td>8.5</td><td>7</td><td>6</td><td>25.5</td><td>40</td></tr><tr><td>W 9 / M 7.5</td><td>9</td><td>7.5</td><td>6.5</td><td>26</td><td>40.5</td></tr><tr><td>W 9.5 / M 8</td><td>9.5</td><td>8</td><td>7</td><td>26.5</td><td>41</td></tr><tr><td>W 10 / M 8.5</td><td>10</td><td>8.5</td><td>7.5</td><td>27</td><td>42</td></tr><tr><td>W 10.5 / M 9</td><td>10.5</td><td>9</td><td>8</td><td>27.5</td><td>42.5</td></tr><tr><td>W 11 / M 9.5</td><td>11</td><td>9.5</td><td>8.5</td><td>28</td><td>43</td></tr><tr><td>W 11.5 / M 10</td><td>11.5</td><td>10</td><td>9</td><td>28.5</td><td>44</td></tr><tr><td>W 12 / M 10.5</td><td>12</td><td>10.5</td><td>9.5</td><td>29</td><td>44.5</td></tr></tbody></table></div>",Nike,Apparel & Accessories > Shoes,Shoes,"PrimeStyleAI Demo, PrimeStyleAI Import, Shoes, Road Running Shoes, female, nike, pegasus, pegasus 42, running shoes, road running, reactx, air zoom, women, footwear, demo",TRUE,Color,Black/Iron Grey/White,Size,W 11.5 / M 10,,,nike-pegasus-42-womens-road-running-shoes-ib1881-602-11-5-7,0,shopify,100,deny,manual,145.00,,TRUE,TRUE,,,,,FALSE,Women's Running Shoes,"Responsive road running shoes with full-length Air Zoom cushioning, ReactX foam, breathable mesh, and a roomier forefoot fit.",Apparel & Accessories > Shoes,female,adult,,new,TRUE,PrimeStyleAI Demo,,,,,https://res.cloudinary.com/dgvtynla7/image/upload/v1779029710/demo/products/nike_pegasus_42_womens_road_running_shoes_ib1881_602/variants-highres/IB1881-001/01.webp,lb,,,active
nike-pegasus-42-womens-road-running-shoes-ib1881-602,Women's Running Shoes,"<p>Responsive road running shoes with full-length Air Zoom cushioning, ReactX foam, breathable mesh, and a roomier forefoot fit.</p>
<p><strong>Material:</strong> Lightweight mesh upper, ReactX foam midsole, high-abrasion rubber outsole</p>
<p><strong>Available sizes:</strong> W 5 / M 3.5, W 5.5 / M 4, W 6 / M 4.5, W 6.5 / M 5, W 7 / M 5.5, W 7.5 / M 6, W 8 / M 6.5, W 8.5 / M 7, W 9 / M 7.5, W 9.5 / M 8, W 10 / M 8.5, W 10.5 / M 9, W 11 / M 9.5, W 11.5 / M 10, W 12 / M 10.5</p>
<div class=""primestyle-size-guide""><h3>Nike Unisex Shoes Women&#39;s Based Size Guide</h3><table><thead><tr><th>Standard</th><th>US Women</th><th>US Men</th><th>UK</th><th>CM / JP</th><th>EU</th></tr></thead><tbody><tr><td>W 5 / M 3.5</td><td>5</td><td>3.5</td><td>2.5</td><td>22</td><td>35.5</td></tr><tr><td>W 5.5 / M 4</td><td>5.5</td><td>4</td><td>3</td><td>22.5</td><td>36</td></tr><tr><td>W 6 / M 4.5</td><td>6</td><td>4.5</td><td>3.5</td><td>23</td><td>36.5</td></tr><tr><td>W 6.5 / M 5</td><td>6.5</td><td>5</td><td>4</td><td>23.5</td><td>37.5</td></tr><tr><td>W 7 / M 5.5</td><td>7</td><td>5.5</td><td>4.5</td><td>24</td><td>38</td></tr><tr><td>W 7.5 / M 6</td><td>7.5</td><td>6</td><td>5</td><td>24.5</td><td>38.5</td></tr><tr><td>W 8 / M 6.5</td><td>8</td><td>6.5</td><td>5.5</td><td>25</td><td>39</td></tr><tr><td>W 8.5 / M 7</td><td>8.5</td><td>7</td><td>6</td><td>25.5</td><td>40</td></tr><tr><td>W 9 / M 7.5</td><td>9</td><td>7.5</td><td>6.5</td><td>26</td><td>40.5</td></tr><tr><td>W 9.5 / M 8</td><td>9.5</td><td>8</td><td>7</td><td>26.5</td><td>41</td></tr><tr><td>W 10 / M 8.5</td><td>10</td><td>8.5</td><td>7.5</td><td>27</td><td>42</td></tr><tr><td>W 10.5 / M 9</td><td>10.5</td><td>9</td><td>8</td><td>27.5</td><td>42.5</td></tr><tr><td>W 11 / M 9.5</td><td>11</td><td>9.5</td><td>8.5</td><td>28</td><td>43</td></tr><tr><td>W 11.5 / M 10</td><td>11.5</td><td>10</td><td>9</td><td>28.5</td><td>44</td></tr><tr><td>W 12 / M 10.5</td><td>12</td><td>10.5</td><td>9.5</td><td>29</td><td>44.5</td></tr></tbody></table></div>",Nike,Apparel & Accessories > Shoes,Shoes,"PrimeStyleAI Demo, PrimeStyleAI Import, Shoes, Road Running Shoes, female, nike, pegasus, pegasus 42, running shoes, road running, reactx, air zoom, women, footwear, demo",TRUE,Color,Black/Iron Grey/White,Size,W 12 / M 10.5,,,nike-pegasus-42-womens-road-running-shoes-ib1881-602-12-7,0,shopify,100,deny,manual,145.00,,TRUE,TRUE,,,,,FALSE,Women's Running Shoes,"Responsive road running shoes with full-length Air Zoom cushioning, ReactX foam, breathable mesh, and a roomier forefoot fit.",Apparel & Accessories > Shoes,female,adult,,new,TRUE,PrimeStyleAI Demo,,,,,https://res.cloudinary.com/dgvtynla7/image/upload/v1779029710/demo/products/nike_pegasus_42_womens_road_running_shoes_ib1881_602/variants-highres/IB1881-001/01.webp,lb,,,active
nike-pegasus-42-womens-road-running-shoes-ib1881-602,Women's Running Shoes,"<p>Responsive road running shoes with full-length Air Zoom cushioning, ReactX foam, breathable mesh, and a roomier forefoot fit.</p>
<p><strong>Material:</strong> Lightweight mesh upper, ReactX foam midsole, high-abrasion rubber outsole</p>
<p><strong>Available sizes:</strong> W 5 / M 3.5, W 5.5 / M 4, W 6 / M 4.5, W 6.5 / M 5, W 7 / M 5.5, W 7.5 / M 6, W 8 / M 6.5, W 8.5 / M 7, W 9 / M 7.5, W 9.5 / M 8, W 10 / M 8.5, W 10.5 / M 9, W 11 / M 9.5, W 11.5 / M 10, W 12 / M 10.5</p>
<div class=""primestyle-size-guide""><h3>Nike Unisex Shoes Women&#39;s Based Size Guide</h3><table><thead><tr><th>Standard</th><th>US Women</th><th>US Men</th><th>UK</th><th>CM / JP</th><th>EU</th></tr></thead><tbody><tr><td>W 5 / M 3.5</td><td>5</td><td>3.5</td><td>2.5</td><td>22</td><td>35.5</td></tr><tr><td>W 5.5 / M 4</td><td>5.5</td><td>4</td><td>3</td><td>22.5</td><td>36</td></tr><tr><td>W 6 / M 4.5</td><td>6</td><td>4.5</td><td>3.5</td><td>23</td><td>36.5</td></tr><tr><td>W 6.5 / M 5</td><td>6.5</td><td>5</td><td>4</td><td>23.5</td><td>37.5</td></tr><tr><td>W 7 / M 5.5</td><td>7</td><td>5.5</td><td>4.5</td><td>24</td><td>38</td></tr><tr><td>W 7.5 / M 6</td><td>7.5</td><td>6</td><td>5</td><td>24.5</td><td>38.5</td></tr><tr><td>W 8 / M 6.5</td><td>8</td><td>6.5</td><td>5.5</td><td>25</td><td>39</td></tr><tr><td>W 8.5 / M 7</td><td>8.5</td><td>7</td><td>6</td><td>25.5</td><td>40</td></tr><tr><td>W 9 / M 7.5</td><td>9</td><td>7.5</td><td>6.5</td><td>26</td><td>40.5</td></tr><tr><td>W 9.5 / M 8</td><td>9.5</td><td>8</td><td>7</td><td>26.5</td><td>41</td></tr><tr><td>W 10 / M 8.5</td><td>10</td><td>8.5</td><td>7.5</td><td>27</td><td>42</td></tr><tr><td>W 10.5 / M 9</td><td>10.5</td><td>9</td><td>8</td><td>27.5</td><td>42.5</td></tr><tr><td>W 11 / M 9.5</td><td>11</td><td>9.5</td><td>8.5</td><td>28</td><td>43</td></tr><tr><td>W 11.5 / M 10</td><td>11.5</td><td>10</td><td>9</td><td>28.5</td><td>44</td></tr><tr><td>W 12 / M 10.5</td><td>12</td><td>10.5</td><td>9.5</td><td>29</td><td>44.5</td></tr></tbody></table></div>",Nike,Apparel & Accessories > Shoes,Shoes,"PrimeStyleAI Demo, PrimeStyleAI Import, Shoes, Road Running Shoes, female, nike, pegasus, pegasus 42, running shoes, road running, reactx, air zoom, women, footwear, demo",TRUE,Color,Pearl Pink/Peony/Team Crimson/Black,Size,W 5 / M 3.5,,,nike-pegasus-42-womens-road-running-shoes-ib1881-602-5-8,0,shopify,100,deny,manual,145.00,,TRUE,TRUE,,,,,FALSE,Women's Running Shoes,"Responsive road running shoes with full-length Air Zoom cushioning, ReactX foam, breathable mesh, and a roomier forefoot fit.",Apparel & Accessories > Shoes,female,adult,,new,TRUE,PrimeStyleAI Demo,,,,,https://res.cloudinary.com/dgvtynla7/image/upload/v1779029753/demo/products/nike_pegasus_42_womens_road_running_shoes_ib1881_602/variants-highres/IB1881-600/01.webp,lb,,,active
nike-pegasus-42-womens-road-running-shoes-ib1881-602,Women's Running Shoes,"<p>Responsive road running shoes with full-length Air Zoom cushioning, ReactX foam, breathable mesh, and a roomier forefoot fit.</p>
<p><strong>Material:</strong> Lightweight mesh upper, ReactX foam midsole, high-abrasion rubber outsole</p>
<p><strong>Available sizes:</strong> W 5 / M 3.5, W 5.5 / M 4, W 6 / M 4.5, W 6.5 / M 5, W 7 / M 5.5, W 7.5 / M 6, W 8 / M 6.5, W 8.5 / M 7, W 9 / M 7.5, W 9.5 / M 8, W 10 / M 8.5, W 10.5 / M 9, W 11 / M 9.5, W 11.5 / M 10, W 12 / M 10.5</p>
<div class=""primestyle-size-guide""><h3>Nike Unisex Shoes Women&#39;s Based Size Guide</h3><table><thead><tr><th>Standard</th><th>US Women</th><th>US Men</th><th>UK</th><th>CM / JP</th><th>EU</th></tr></thead><tbody><tr><td>W 5 / M 3.5</td><td>5</td><td>3.5</td><td>2.5</td><td>22</td><td>35.5</td></tr><tr><td>W 5.5 / M 4</td><td>5.5</td><td>4</td><td>3</td><td>22.5</td><td>36</td></tr><tr><td>W 6 / M 4.5</td><td>6</td><td>4.5</td><td>3.5</td><td>23</td><td>36.5</td></tr><tr><td>W 6.5 / M 5</td><td>6.5</td><td>5</td><td>4</td><td>23.5</td><td>37.5</td></tr><tr><td>W 7 / M 5.5</td><td>7</td><td>5.5</td><td>4.5</td><td>24</td><td>38</td></tr><tr><td>W 7.5 / M 6</td><td>7.5</td><td>6</td><td>5</td><td>24.5</td><td>38.5</td></tr><tr><td>W 8 / M 6.5</td><td>8</td><td>6.5</td><td>5.5</td><td>25</td><td>39</td></tr><tr><td>W 8.5 / M 7</td><td>8.5</td><td>7</td><td>6</td><td>25.5</td><td>40</td></tr><tr><td>W 9 / M 7.5</td><td>9</td><td>7.5</td><td>6.5</td><td>26</td><td>40.5</td></tr><tr><td>W 9.5 / M 8</td><td>9.5</td><td>8</td><td>7</td><td>26.5</td><td>41</td></tr><tr><td>W 10 / M 8.5</td><td>10</td><td>8.5</td><td>7.5</td><td>27</td><td>42</td></tr><tr><td>W 10.5 / M 9</td><td>10.5</td><td>9</td><td>8</td><td>27.5</td><td>42.5</td></tr><tr><td>W 11 / M 9.5</td><td>11</td><td>9.5</td><td>8.5</td><td>28</td><td>43</td></tr><tr><td>W 11.5 / M 10</td><td>11.5</td><td>10</td><td>9</td><td>28.5</td><td>44</td></tr><tr><td>W 12 / M 10.5</td><td>12</td><td>10.5</td><td>9.5</td><td>29</td><td>44.5</td></tr></tbody></table></div>",Nike,Apparel & Accessories > Shoes,Shoes,"PrimeStyleAI Demo, PrimeStyleAI Import, Shoes, Road Running Shoes, female, nike, pegasus, pegasus 42, running shoes, road running, reactx, air zoom, women, footwear, demo",TRUE,Color,Pearl Pink/Peony/Team Crimson/Black,Size,W 5.5 / M 4,,,nike-pegasus-42-womens-road-running-shoes-ib1881-602-5-5-8,0,shopify,100,deny,manual,145.00,,TRUE,TRUE,,,,,FALSE,Women's Running Shoes,"Responsive road running shoes with full-length Air Zoom cushioning, ReactX foam, breathable mesh, and a roomier forefoot fit.",Apparel & Accessories > Shoes,female,adult,,new,TRUE,PrimeStyleAI Demo,,,,,https://res.cloudinary.com/dgvtynla7/image/upload/v1779029753/demo/products/nike_pegasus_42_womens_road_running_shoes_ib1881_602/variants-highres/IB1881-600/01.webp,lb,,,active
nike-pegasus-42-womens-road-running-shoes-ib1881-602,Women's Running Shoes,"<p>Responsive road running shoes with full-length Air Zoom cushioning, ReactX foam, breathable mesh, and a roomier forefoot fit.</p>
<p><strong>Material:</strong> Lightweight mesh upper, ReactX foam midsole, high-abrasion rubber outsole</p>
<p><strong>Available sizes:</strong> W 5 / M 3.5, W 5.5 / M 4, W 6 / M 4.5, W 6.5 / M 5, W 7 / M 5.5, W 7.5 / M 6, W 8 / M 6.5, W 8.5 / M 7, W 9 / M 7.5, W 9.5 / M 8, W 10 / M 8.5, W 10.5 / M 9, W 11 / M 9.5, W 11.5 / M 10, W 12 / M 10.5</p>
<div class=""primestyle-size-guide""><h3>Nike Unisex Shoes Women&#39;s Based Size Guide</h3><table><thead><tr><th>Standard</th><th>US Women</th><th>US Men</th><th>UK</th><th>CM / JP</th><th>EU</th></tr></thead><tbody><tr><td>W 5 / M 3.5</td><td>5</td><td>3.5</td><td>2.5</td><td>22</td><td>35.5</td></tr><tr><td>W 5.5 / M 4</td><td>5.5</td><td>4</td><td>3</td><td>22.5</td><td>36</td></tr><tr><td>W 6 / M 4.5</td><td>6</td><td>4.5</td><td>3.5</td><td>23</td><td>36.5</td></tr><tr><td>W 6.5 / M 5</td><td>6.5</td><td>5</td><td>4</td><td>23.5</td><td>37.5</td></tr><tr><td>W 7 / M 5.5</td><td>7</td><td>5.5</td><td>4.5</td><td>24</td><td>38</td></tr><tr><td>W 7.5 / M 6</td><td>7.5</td><td>6</td><td>5</td><td>24.5</td><td>38.5</td></tr><tr><td>W 8 / M 6.5</td><td>8</td><td>6.5</td><td>5.5</td><td>25</td><td>39</td></tr><tr><td>W 8.5 / M 7</td><td>8.5</td><td>7</td><td>6</td><td>25.5</td><td>40</td></tr><tr><td>W 9 / M 7.5</td><td>9</td><td>7.5</td><td>6.5</td><td>26</td><td>40.5</td></tr><tr><td>W 9.5 / M 8</td><td>9.5</td><td>8</td><td>7</td><td>26.5</td><td>41</td></tr><tr><td>W 10 / M 8.5</td><td>10</td><td>8.5</td><td>7.5</td><td>27</td><td>42</td></tr><tr><td>W 10.5 / M 9</td><td>10.5</td><td>9</td><td>8</td><td>27.5</td><td>42.5</td></tr><tr><td>W 11 / M 9.5</td><td>11</td><td>9.5</td><td>8.5</td><td>28</td><td>43</td></tr><tr><td>W 11.5 / M 10</td><td>11.5</td><td>10</td><td>9</td><td>28.5</td><td>44</td></tr><tr><td>W 12 / M 10.5</td><td>12</td><td>10.5</td><td>9.5</td><td>29</td><td>44.5</td></tr></tbody></table></div>",Nike,Apparel & Accessories > Shoes,Shoes,"PrimeStyleAI Demo, PrimeStyleAI Import, Shoes, Road Running Shoes, female, nike, pegasus, pegasus 42, running shoes, road running, reactx, air zoom, women, footwear, demo",TRUE,Color,Pearl Pink/Peony/Team Crimson/Black,Size,W 6 / M 4.5,,,nike-pegasus-42-womens-road-running-shoes-ib1881-602-6-8,0,shopify,100,deny,manual,145.00,,TRUE,TRUE,,,,,FALSE,Women's Running Shoes,"Responsive road running shoes with full-length Air Zoom cushioning, ReactX foam, breathable mesh, and a roomier forefoot fit.",Apparel & Accessories > Shoes,female,adult,,new,TRUE,PrimeStyleAI Demo,,,,,https://res.cloudinary.com/dgvtynla7/image/upload/v1779029753/demo/products/nike_pegasus_42_womens_road_running_shoes_ib1881_602/variants-highres/IB1881-600/01.webp,lb,,,active
nike-pegasus-42-womens-road-running-shoes-ib1881-602,Women's Running Shoes,"<p>Responsive road running shoes with full-length Air Zoom cushioning, ReactX foam, breathable mesh, and a roomier forefoot fit.</p>
<p><strong>Material:</strong> Lightweight mesh upper, ReactX foam midsole, high-abrasion rubber outsole</p>
<p><strong>Available sizes:</strong> W 5 / M 3.5, W 5.5 / M 4, W 6 / M 4.5, W 6.5 / M 5, W 7 / M 5.5, W 7.5 / M 6, W 8 / M 6.5, W 8.5 / M 7, W 9 / M 7.5, W 9.5 / M 8, W 10 / M 8.5, W 10.5 / M 9, W 11 / M 9.5, W 11.5 / M 10, W 12 / M 10.5</p>
<div class=""primestyle-size-guide""><h3>Nike Unisex Shoes Women&#39;s Based Size Guide</h3><table><thead><tr><th>Standard</th><th>US Women</th><th>US Men</th><th>UK</th><th>CM / JP</th><th>EU</th></tr></thead><tbody><tr><td>W 5 / M 3.5</td><td>5</td><td>3.5</td><td>2.5</td><td>22</td><td>35.5</td></tr><tr><td>W 5.5 / M 4</td><td>5.5</td><td>4</td><td>3</td><td>22.5</td><td>36</td></tr><tr><td>W 6 / M 4.5</td><td>6</td><td>4.5</td><td>3.5</td><td>23</td><td>36.5</td></tr><tr><td>W 6.5 / M 5</td><td>6.5</td><td>5</td><td>4</td><td>23.5</td><td>37.5</td></tr><tr><td>W 7 / M 5.5</td><td>7</td><td>5.5</td><td>4.5</td><td>24</td><td>38</td></tr><tr><td>W 7.5 / M 6</td><td>7.5</td><td>6</td><td>5</td><td>24.5</td><td>38.5</td></tr><tr><td>W 8 / M 6.5</td><td>8</td><td>6.5</td><td>5.5</td><td>25</td><td>39</td></tr><tr><td>W 8.5 / M 7</td><td>8.5</td><td>7</td><td>6</td><td>25.5</td><td>40</td></tr><tr><td>W 9 / M 7.5</td><td>9</td><td>7.5</td><td>6.5</td><td>26</td><td>40.5</td></tr><tr><td>W 9.5 / M 8</td><td>9.5</td><td>8</td><td>7</td><td>26.5</td><td>41</td></tr><tr><td>W 10 / M 8.5</td><td>10</td><td>8.5</td><td>7.5</td><td>27</td><td>42</td></tr><tr><td>W 10.5 / M 9</td><td>10.5</td><td>9</td><td>8</td><td>27.5</td><td>42.5</td></tr><tr><td>W 11 / M 9.5</td><td>11</td><td>9.5</td><td>8.5</td><td>28</td><td>43</td></tr><tr><td>W 11.5 / M 10</td><td>11.5</td><td>10</td><td>9</td><td>28.5</td><td>44</td></tr><tr><td>W 12 / M 10.5</td><td>12</td><td>10.5</td><td>9.5</td><td>29</td><td>44.5</td></tr></tbody></table></div>",Nike,Apparel & Accessories > Shoes,Shoes,"PrimeStyleAI Demo, PrimeStyleAI Import, Shoes, Road Running Shoes, female, nike, pegasus, pegasus 42, running shoes, road running, reactx, air zoom, women, footwear, demo",TRUE,Color,Pearl Pink/Peony/Team Crimson/Black,Size,W 6.5 / M 5,,,nike-pegasus-42-womens-road-running-shoes-ib1881-602-6-5-8,0,shopify,100,deny,manual,145.00,,TRUE,TRUE,,,,,FALSE,Women's Running Shoes,"Responsive road running shoes with full-length Air Zoom cushioning, ReactX foam, breathable mesh, and a roomier forefoot fit.",Apparel & Accessories > Shoes,female,adult,,new,TRUE,PrimeStyleAI Demo,,,,,https://res.cloudinary.com/dgvtynla7/image/upload/v1779029753/demo/products/nike_pegasus_42_womens_road_running_shoes_ib1881_602/variants-highres/IB1881-600/01.webp,lb,,,active
nike-pegasus-42-womens-road-running-shoes-ib1881-602,Women's Running Shoes,"<p>Responsive road running shoes with full-length Air Zoom cushioning, ReactX foam, breathable mesh, and a roomier forefoot fit.</p>
<p><strong>Material:</strong> Lightweight mesh upper, ReactX foam midsole, high-abrasion rubber outsole</p>
<p><strong>Available sizes:</strong> W 5 / M 3.5, W 5.5 / M 4, W 6 / M 4.5, W 6.5 / M 5, W 7 / M 5.5, W 7.5 / M 6, W 8 / M 6.5, W 8.5 / M 7, W 9 / M 7.5, W 9.5 / M 8, W 10 / M 8.5, W 10.5 / M 9, W 11 / M 9.5, W 11.5 / M 10, W 12 / M 10.5</p>
<div class=""primestyle-size-guide""><h3>Nike Unisex Shoes Women&#39;s Based Size Guide</h3><table><thead><tr><th>Standard</th><th>US Women</th><th>US Men</th><th>UK</th><th>CM / JP</th><th>EU</th></tr></thead><tbody><tr><td>W 5 / M 3.5</td><td>5</td><td>3.5</td><td>2.5</td><td>22</td><td>35.5</td></tr><tr><td>W 5.5 / M 4</td><td>5.5</td><td>4</td><td>3</td><td>22.5</td><td>36</td></tr><tr><td>W 6 / M 4.5</td><td>6</td><td>4.5</td><td>3.5</td><td>23</td><td>36.5</td></tr><tr><td>W 6.5 / M 5</td><td>6.5</td><td>5</td><td>4</td><td>23.5</td><td>37.5</td></tr><tr><td>W 7 / M 5.5</td><td>7</td><td>5.5</td><td>4.5</td><td>24</td><td>38</td></tr><tr><td>W 7.5 / M 6</td><td>7.5</td><td>6</td><td>5</td><td>24.5</td><td>38.5</td></tr><tr><td>W 8 / M 6.5</td><td>8</td><td>6.5</td><td>5.5</td><td>25</td><td>39</td></tr><tr><td>W 8.5 / M 7</td><td>8.5</td><td>7</td><td>6</td><td>25.5</td><td>40</td></tr><tr><td>W 9 / M 7.5</td><td>9</td><td>7.5</td><td>6.5</td><td>26</td><td>40.5</td></tr><tr><td>W 9.5 / M 8</td><td>9.5</td><td>8</td><td>7</td><td>26.5</td><td>41</td></tr><tr><td>W 10 / M 8.5</td><td>10</td><td>8.5</td><td>7.5</td><td>27</td><td>42</td></tr><tr><td>W 10.5 / M 9</td><td>10.5</td><td>9</td><td>8</td><td>27.5</td><td>42.5</td></tr><tr><td>W 11 / M 9.5</td><td>11</td><td>9.5</td><td>8.5</td><td>28</td><td>43</td></tr><tr><td>W 11.5 / M 10</td><td>11.5</td><td>10</td><td>9</td><td>28.5</td><td>44</td></tr><tr><td>W 12 / M 10.5</td><td>12</td><td>10.5</td><td>9.5</td><td>29</td><td>44.5</td></tr></tbody></table></div>",Nike,Apparel & Accessories > Shoes,Shoes,"PrimeStyleAI Demo, PrimeStyleAI Import, Shoes, Road Running Shoes, female, nike, pegasus, pegasus 42, running shoes, road running, reactx, air zoom, women, footwear, demo",TRUE,Color,Pearl Pink/Peony/Team Crimson/Black,Size,W 7 / M 5.5,,,nike-pegasus-42-womens-road-running-shoes-ib1881-602-7-8,0,shopify,100,deny,manual,145.00,,TRUE,TRUE,,,,,FALSE,Women's Running Shoes,"Responsive road running shoes with full-length Air Zoom cushioning, ReactX foam, breathable mesh, and a roomier forefoot fit.",Apparel & Accessories > Shoes,female,adult,,new,TRUE,PrimeStyleAI Demo,,,,,https://res.cloudinary.com/dgvtynla7/image/upload/v1779029753/demo/products/nike_pegasus_42_womens_road_running_shoes_ib1881_602/variants-highres/IB1881-600/01.webp,lb,,,active
nike-pegasus-42-womens-road-running-shoes-ib1881-602,Women's Running Shoes,"<p>Responsive road running shoes with full-length Air Zoom cushioning, ReactX foam, breathable mesh, and a roomier forefoot fit.</p>
<p><strong>Material:</strong> Lightweight mesh upper, ReactX foam midsole, high-abrasion rubber outsole</p>
<p><strong>Available sizes:</strong> W 5 / M 3.5, W 5.5 / M 4, W 6 / M 4.5, W 6.5 / M 5, W 7 / M 5.5, W 7.5 / M 6, W 8 / M 6.5, W 8.5 / M 7, W 9 / M 7.5, W 9.5 / M 8, W 10 / M 8.5, W 10.5 / M 9, W 11 / M 9.5, W 11.5 / M 10, W 12 / M 10.5</p>
<div class=""primestyle-size-guide""><h3>Nike Unisex Shoes Women&#39;s Based Size Guide</h3><table><thead><tr><th>Standard</th><th>US Women</th><th>US Men</th><th>UK</th><th>CM / JP</th><th>EU</th></tr></thead><tbody><tr><td>W 5 / M 3.5</td><td>5</td><td>3.5</td><td>2.5</td><td>22</td><td>35.5</td></tr><tr><td>W 5.5 / M 4</td><td>5.5</td><td>4</td><td>3</td><td>22.5</td><td>36</td></tr><tr><td>W 6 / M 4.5</td><td>6</td><td>4.5</td><td>3.5</td><td>23</td><td>36.5</td></tr><tr><td>W 6.5 / M 5</td><td>6.5</td><td>5</td><td>4</td><td>23.5</td><td>37.5</td></tr><tr><td>W 7 / M 5.5</td><td>7</td><td>5.5</td><td>4.5</td><td>24</td><td>38</td></tr><tr><td>W 7.5 / M 6</td><td>7.5</td><td>6</td><td>5</td><td>24.5</td><td>38.5</td></tr><tr><td>W 8 / M 6.5</td><td>8</td><td>6.5</td><td>5.5</td><td>25</td><td>39</td></tr><tr><td>W 8.5 / M 7</td><td>8.5</td><td>7</td><td>6</td><td>25.5</td><td>40</td></tr><tr><td>W 9 / M 7.5</td><td>9</td><td>7.5</td><td>6.5</td><td>26</td><td>40.5</td></tr><tr><td>W 9.5 / M 8</td><td>9.5</td><td>8</td><td>7</td><td>26.5</td><td>41</td></tr><tr><td>W 10 / M 8.5</td><td>10</td><td>8.5</td><td>7.5</td><td>27</td><td>42</td></tr><tr><td>W 10.5 / M 9</td><td>10.5</td><td>9</td><td>8</td><td>27.5</td><td>42.5</td></tr><tr><td>W 11 / M 9.5</td><td>11</td><td>9.5</td><td>8.5</td><td>28</td><td>43</td></tr><tr><td>W 11.5 / M 10</td><td>11.5</td><td>10</td><td>9</td><td>28.5</td><td>44</td></tr><tr><td>W 12 / M 10.5</td><td>12</td><td>10.5</td><td>9.5</td><td>29</td><td>44.5</td></tr></tbody></table></div>",Nike,Apparel & Accessories > Shoes,Shoes,"PrimeStyleAI Demo, PrimeStyleAI Import, Shoes, Road Running Shoes, female, nike, pegasus, pegasus 42, running shoes, road running, reactx, air zoom, women, footwear, demo",TRUE,Color,Pearl Pink/Peony/Team Crimson/Black,Size,W 7.5 / M 6,,,nike-pegasus-42-womens-road-running-shoes-ib1881-602-7-5-8,0,shopify,100,deny,manual,145.00,,TRUE,TRUE,,,,,FALSE,Women's Running Shoes,"Responsive road running shoes with full-length Air Zoom cushioning, ReactX foam, breathable mesh, and a roomier forefoot fit.",Apparel & Accessories > Shoes,female,adult,,new,TRUE,PrimeStyleAI Demo,,,,,https://res.cloudinary.com/dgvtynla7/image/upload/v1779029753/demo/products/nike_pegasus_42_womens_road_running_shoes_ib1881_602/variants-highres/IB1881-600/01.webp,lb,,,active
nike-pegasus-42-womens-road-running-shoes-ib1881-602,Women's Running Shoes,"<p>Responsive road running shoes with full-length Air Zoom cushioning, ReactX foam, breathable mesh, and a roomier forefoot fit.</p>
<p><strong>Material:</strong> Lightweight mesh upper, ReactX foam midsole, high-abrasion rubber outsole</p>
<p><strong>Available sizes:</strong> W 5 / M 3.5, W 5.5 / M 4, W 6 / M 4.5, W 6.5 / M 5, W 7 / M 5.5, W 7.5 / M 6, W 8 / M 6.5, W 8.5 / M 7, W 9 / M 7.5, W 9.5 / M 8, W 10 / M 8.5, W 10.5 / M 9, W 11 / M 9.5, W 11.5 / M 10, W 12 / M 10.5</p>
<div class=""primestyle-size-guide""><h3>Nike Unisex Shoes Women&#39;s Based Size Guide</h3><table><thead><tr><th>Standard</th><th>US Women</th><th>US Men</th><th>UK</th><th>CM / JP</th><th>EU</th></tr></thead><tbody><tr><td>W 5 / M 3.5</td><td>5</td><td>3.5</td><td>2.5</td><td>22</td><td>35.5</td></tr><tr><td>W 5.5 / M 4</td><td>5.5</td><td>4</td><td>3</td><td>22.5</td><td>36</td></tr><tr><td>W 6 / M 4.5</td><td>6</td><td>4.5</td><td>3.5</td><td>23</td><td>36.5</td></tr><tr><td>W 6.5 / M 5</td><td>6.5</td><td>5</td><td>4</td><td>23.5</td><td>37.5</td></tr><tr><td>W 7 / M 5.5</td><td>7</td><td>5.5</td><td>4.5</td><td>24</td><td>38</td></tr><tr><td>W 7.5 / M 6</td><td>7.5</td><td>6</td><td>5</td><td>24.5</td><td>38.5</td></tr><tr><td>W 8 / M 6.5</td><td>8</td><td>6.5</td><td>5.5</td><td>25</td><td>39</td></tr><tr><td>W 8.5 / M 7</td><td>8.5</td><td>7</td><td>6</td><td>25.5</td><td>40</td></tr><tr><td>W 9 / M 7.5</td><td>9</td><td>7.5</td><td>6.5</td><td>26</td><td>40.5</td></tr><tr><td>W 9.5 / M 8</td><td>9.5</td><td>8</td><td>7</td><td>26.5</td><td>41</td></tr><tr><td>W 10 / M 8.5</td><td>10</td><td>8.5</td><td>7.5</td><td>27</td><td>42</td></tr><tr><td>W 10.5 / M 9</td><td>10.5</td><td>9</td><td>8</td><td>27.5</td><td>42.5</td></tr><tr><td>W 11 / M 9.5</td><td>11</td><td>9.5</td><td>8.5</td><td>28</td><td>43</td></tr><tr><td>W 11.5 / M 10</td><td>11.5</td><td>10</td><td>9</td><td>28.5</td><td>44</td></tr><tr><td>W 12 / M 10.5</td><td>12</td><td>10.5</td><td>9.5</td><td>29</td><td>44.5</td></tr></tbody></table></div>",Nike,Apparel & Accessories > Shoes,Shoes,"PrimeStyleAI Demo, PrimeStyleAI Import, Shoes, Road Running Shoes, female, nike, pegasus, pegasus 42, running shoes, road running, reactx, air zoom, women, footwear, demo",TRUE,Color,Pearl Pink/Peony/Team Crimson/Black,Size,W 8 / M 6.5,,,nike-pegasus-42-womens-road-running-shoes-ib1881-602-8-8,0,shopify,100,deny,manual,145.00,,TRUE,TRUE,,,,,FALSE,Women's Running Shoes,"Responsive road running shoes with full-length Air Zoom cushioning, ReactX foam, breathable mesh, and a roomier forefoot fit.",Apparel & Accessories > Shoes,female,adult,,new,TRUE,PrimeStyleAI Demo,,,,,https://res.cloudinary.com/dgvtynla7/image/upload/v1779029753/demo/products/nike_pegasus_42_womens_road_running_shoes_ib1881_602/variants-highres/IB1881-600/01.webp,lb,,,active
nike-pegasus-42-womens-road-running-shoes-ib1881-602,Women's Running Shoes,"<p>Responsive road running shoes with full-length Air Zoom cushioning, ReactX foam, breathable mesh, and a roomier forefoot fit.</p>
<p><strong>Material:</strong> Lightweight mesh upper, ReactX foam midsole, high-abrasion rubber outsole</p>
<p><strong>Available sizes:</strong> W 5 / M 3.5, W 5.5 / M 4, W 6 / M 4.5, W 6.5 / M 5, W 7 / M 5.5, W 7.5 / M 6, W 8 / M 6.5, W 8.5 / M 7, W 9 / M 7.5, W 9.5 / M 8, W 10 / M 8.5, W 10.5 / M 9, W 11 / M 9.5, W 11.5 / M 10, W 12 / M 10.5</p>
<div class=""primestyle-size-guide""><h3>Nike Unisex Shoes Women&#39;s Based Size Guide</h3><table><thead><tr><th>Standard</th><th>US Women</th><th>US Men</th><th>UK</th><th>CM / JP</th><th>EU</th></tr></thead><tbody><tr><td>W 5 / M 3.5</td><td>5</td><td>3.5</td><td>2.5</td><td>22</td><td>35.5</td></tr><tr><td>W 5.5 / M 4</td><td>5.5</td><td>4</td><td>3</td><td>22.5</td><td>36</td></tr><tr><td>W 6 / M 4.5</td><td>6</td><td>4.5</td><td>3.5</td><td>23</td><td>36.5</td></tr><tr><td>W 6.5 / M 5</td><td>6.5</td><td>5</td><td>4</td><td>23.5</td><td>37.5</td></tr><tr><td>W 7 / M 5.5</td><td>7</td><td>5.5</td><td>4.5</td><td>24</td><td>38</td></tr><tr><td>W 7.5 / M 6</td><td>7.5</td><td>6</td><td>5</td><td>24.5</td><td>38.5</td></tr><tr><td>W 8 / M 6.5</td><td>8</td><td>6.5</td><td>5.5</td><td>25</td><td>39</td></tr><tr><td>W 8.5 / M 7</td><td>8.5</td><td>7</td><td>6</td><td>25.5</td><td>40</td></tr><tr><td>W 9 / M 7.5</td><td>9</td><td>7.5</td><td>6.5</td><td>26</td><td>40.5</td></tr><tr><td>W 9.5 / M 8</td><td>9.5</td><td>8</td><td>7</td><td>26.5</td><td>41</td></tr><tr><td>W 10 / M 8.5</td><td>10</td><td>8.5</td><td>7.5</td><td>27</td><td>42</td></tr><tr><td>W 10.5 / M 9</td><td>10.5</td><td>9</td><td>8</td><td>27.5</td><td>42.5</td></tr><tr><td>W 11 / M 9.5</td><td>11</td><td>9.5</td><td>8.5</td><td>28</td><td>43</td></tr><tr><td>W 11.5 / M 10</td><td>11.5</td><td>10</td><td>9</td><td>28.5</td><td>44</td></tr><tr><td>W 12 / M 10.5</td><td>12</td><td>10.5</td><td>9.5</td><td>29</td><td>44.5</td></tr></tbody></table></div>",Nike,Apparel & Accessories > Shoes,Shoes,"PrimeStyleAI Demo, PrimeStyleAI Import, Shoes, Road Running Shoes, female, nike, pegasus, pegasus 42, running shoes, road running, reactx, air zoom, women, footwear, demo",TRUE,Color,Pearl Pink/Peony/Team Crimson/Black,Size,W 8.5 / M 7,,,nike-pegasus-42-womens-road-running-shoes-ib1881-602-8-5-8,0,shopify,100,deny,manual,145.00,,TRUE,TRUE,,,,,FALSE,Women's Running Shoes,"Responsive road running shoes with full-length Air Zoom cushioning, ReactX foam, breathable mesh, and a roomier forefoot fit.",Apparel & Accessories > Shoes,female,adult,,new,TRUE,PrimeStyleAI Demo,,,,,https://res.cloudinary.com/dgvtynla7/image/upload/v1779029753/demo/products/nike_pegasus_42_womens_road_running_shoes_ib1881_602/variants-highres/IB1881-600/01.webp,lb,,,active
nike-pegasus-42-womens-road-running-shoes-ib1881-602,Women's Running Shoes,"<p>Responsive road running shoes with full-length Air Zoom cushioning, ReactX foam, breathable mesh, and a roomier forefoot fit.</p>
<p><strong>Material:</strong> Lightweight mesh upper, ReactX foam midsole, high-abrasion rubber outsole</p>
<p><strong>Available sizes:</strong> W 5 / M 3.5, W 5.5 / M 4, W 6 / M 4.5, W 6.5 / M 5, W 7 / M 5.5, W 7.5 / M 6, W 8 / M 6.5, W 8.5 / M 7, W 9 / M 7.5, W 9.5 / M 8, W 10 / M 8.5, W 10.5 / M 9, W 11 / M 9.5, W 11.5 / M 10, W 12 / M 10.5</p>
<div class=""primestyle-size-guide""><h3>Nike Unisex Shoes Women&#39;s Based Size Guide</h3><table><thead><tr><th>Standard</th><th>US Women</th><th>US Men</th><th>UK</th><th>CM / JP</th><th>EU</th></tr></thead><tbody><tr><td>W 5 / M 3.5</td><td>5</td><td>3.5</td><td>2.5</td><td>22</td><td>35.5</td></tr><tr><td>W 5.5 / M 4</td><td>5.5</td><td>4</td><td>3</td><td>22.5</td><td>36</td></tr><tr><td>W 6 / M 4.5</td><td>6</td><td>4.5</td><td>3.5</td><td>23</td><td>36.5</td></tr><tr><td>W 6.5 / M 5</td><td>6.5</td><td>5</td><td>4</td><td>23.5</td><td>37.5</td></tr><tr><td>W 7 / M 5.5</td><td>7</td><td>5.5</td><td>4.5</td><td>24</td><td>38</td></tr><tr><td>W 7.5 / M 6</td><td>7.5</td><td>6</td><td>5</td><td>24.5</td><td>38.5</td></tr><tr><td>W 8 / M 6.5</td><td>8</td><td>6.5</td><td>5.5</td><td>25</td><td>39</td></tr><tr><td>W 8.5 / M 7</td><td>8.5</td><td>7</td><td>6</td><td>25.5</td><td>40</td></tr><tr><td>W 9 / M 7.5</td><td>9</td><td>7.5</td><td>6.5</td><td>26</td><td>40.5</td></tr><tr><td>W 9.5 / M 8</td><td>9.5</td><td>8</td><td>7</td><td>26.5</td><td>41</td></tr><tr><td>W 10 / M 8.5</td><td>10</td><td>8.5</td><td>7.5</td><td>27</td><td>42</td></tr><tr><td>W 10.5 / M 9</td><td>10.5</td><td>9</td><td>8</td><td>27.5</td><td>42.5</td></tr><tr><td>W 11 / M 9.5</td><td>11</td><td>9.5</td><td>8.5</td><td>28</td><td>43</td></tr><tr><td>W 11.5 / M 10</td><td>11.5</td><td>10</td><td>9</td><td>28.5</td><td>44</td></tr><tr><td>W 12 / M 10.5</td><td>12</td><td>10.5</td><td>9.5</td><td>29</td><td>44.5</td></tr></tbody></table></div>",Nike,Apparel & Accessories > Shoes,Shoes,"PrimeStyleAI Demo, PrimeStyleAI Import, Shoes, Road Running Shoes, female, nike, pegasus, pegasus 42, running shoes, road running, reactx, air zoom, women, footwear, demo",TRUE,Color,Pearl Pink/Peony/Team Crimson/Black,Size,W 9 / M 7.5,,,nike-pegasus-42-womens-road-running-shoes-ib1881-602-9-8,0,shopify,100,deny,manual,145.00,,TRUE,TRUE,,,,,FALSE,Women's Running Shoes,"Responsive road running shoes with full-length Air Zoom cushioning, ReactX foam, breathable mesh, and a roomier forefoot fit.",Apparel & Accessories > Shoes,female,adult,,new,TRUE,PrimeStyleAI Demo,,,,,https://res.cloudinary.com/dgvtynla7/image/upload/v1779029753/demo/products/nike_pegasus_42_womens_road_running_shoes_ib1881_602/variants-highres/IB1881-600/01.webp,lb,,,active
nike-pegasus-42-womens-road-running-shoes-ib1881-602,Women's Running Shoes,"<p>Responsive road running shoes with full-length Air Zoom cushioning, ReactX foam, breathable mesh, and a roomier forefoot fit.</p>
<p><strong>Material:</strong> Lightweight mesh upper, ReactX foam midsole, high-abrasion rubber outsole</p>
<p><strong>Available sizes:</strong> W 5 / M 3.5, W 5.5 / M 4, W 6 / M 4.5, W 6.5 / M 5, W 7 / M 5.5, W 7.5 / M 6, W 8 / M 6.5, W 8.5 / M 7, W 9 / M 7.5, W 9.5 / M 8, W 10 / M 8.5, W 10.5 / M 9, W 11 / M 9.5, W 11.5 / M 10, W 12 / M 10.5</p>
<div class=""primestyle-size-guide""><h3>Nike Unisex Shoes Women&#39;s Based Size Guide</h3><table><thead><tr><th>Standard</th><th>US Women</th><th>US Men</th><th>UK</th><th>CM / JP</th><th>EU</th></tr></thead><tbody><tr><td>W 5 / M 3.5</td><td>5</td><td>3.5</td><td>2.5</td><td>22</td><td>35.5</td></tr><tr><td>W 5.5 / M 4</td><td>5.5</td><td>4</td><td>3</td><td>22.5</td><td>36</td></tr><tr><td>W 6 / M 4.5</td><td>6</td><td>4.5</td><td>3.5</td><td>23</td><td>36.5</td></tr><tr><td>W 6.5 / M 5</td><td>6.5</td><td>5</td><td>4</td><td>23.5</td><td>37.5</td></tr><tr><td>W 7 / M 5.5</td><td>7</td><td>5.5</td><td>4.5</td><td>24</td><td>38</td></tr><tr><td>W 7.5 / M 6</td><td>7.5</td><td>6</td><td>5</td><td>24.5</td><td>38.5</td></tr><tr><td>W 8 / M 6.5</td><td>8</td><td>6.5</td><td>5.5</td><td>25</td><td>39</td></tr><tr><td>W 8.5 / M 7</td><td>8.5</td><td>7</td><td>6</td><td>25.5</td><td>40</td></tr><tr><td>W 9 / M 7.5</td><td>9</td><td>7.5</td><td>6.5</td><td>26</td><td>40.5</td></tr><tr><td>W 9.5 / M 8</td><td>9.5</td><td>8</td><td>7</td><td>26.5</td><td>41</td></tr><tr><td>W 10 / M 8.5</td><td>10</td><td>8.5</td><td>7.5</td><td>27</td><td>42</td></tr><tr><td>W 10.5 / M 9</td><td>10.5</td><td>9</td><td>8</td><td>27.5</td><td>42.5</td></tr><tr><td>W 11 / M 9.5</td><td>11</td><td>9.5</td><td>8.5</td><td>28</td><td>43</td></tr><tr><td>W 11.5 / M 10</td><td>11.5</td><td>10</td><td>9</td><td>28.5</td><td>44</td></tr><tr><td>W 12 / M 10.5</td><td>12</td><td>10.5</td><td>9.5</td><td>29</td><td>44.5</td></tr></tbody></table></div>",Nike,Apparel & Accessories > Shoes,Shoes,"PrimeStyleAI Demo, PrimeStyleAI Import, Shoes, Road Running Shoes, female, nike, pegasus, pegasus 42, running shoes, road running, reactx, air zoom, women, footwear, demo",TRUE,Color,Pearl Pink/Peony/Team Crimson/Black,Size,W 9.5 / M 8,,,nike-pegasus-42-womens-road-running-shoes-ib1881-602-9-5-8,0,shopify,100,deny,manual,145.00,,TRUE,TRUE,,,,,FALSE,Women's Running Shoes,"Responsive road running shoes with full-length Air Zoom cushioning, ReactX foam, breathable mesh, and a roomier forefoot fit.",Apparel & Accessories > Shoes,female,adult,,new,TRUE,PrimeStyleAI Demo,,,,,https://res.cloudinary.com/dgvtynla7/image/upload/v1779029753/demo/products/nike_pegasus_42_womens_road_running_shoes_ib1881_602/variants-highres/IB1881-600/01.webp,lb,,,active
nike-pegasus-42-womens-road-running-shoes-ib1881-602,Women's Running Shoes,"<p>Responsive road running shoes with full-length Air Zoom cushioning, ReactX foam, breathable mesh, and a roomier forefoot fit.</p>
<p><strong>Material:</strong> Lightweight mesh upper, ReactX foam midsole, high-abrasion rubber outsole</p>
<p><strong>Available sizes:</strong> W 5 / M 3.5, W 5.5 / M 4, W 6 / M 4.5, W 6.5 / M 5, W 7 / M 5.5, W 7.5 / M 6, W 8 / M 6.5, W 8.5 / M 7, W 9 / M 7.5, W 9.5 / M 8, W 10 / M 8.5, W 10.5 / M 9, W 11 / M 9.5, W 11.5 / M 10, W 12 / M 10.5</p>
<div class=""primestyle-size-guide""><h3>Nike Unisex Shoes Women&#39;s Based Size Guide</h3><table><thead><tr><th>Standard</th><th>US Women</th><th>US Men</th><th>UK</th><th>CM / JP</th><th>EU</th></tr></thead><tbody><tr><td>W 5 / M 3.5</td><td>5</td><td>3.5</td><td>2.5</td><td>22</td><td>35.5</td></tr><tr><td>W 5.5 / M 4</td><td>5.5</td><td>4</td><td>3</td><td>22.5</td><td>36</td></tr><tr><td>W 6 / M 4.5</td><td>6</td><td>4.5</td><td>3.5</td><td>23</td><td>36.5</td></tr><tr><td>W 6.5 / M 5</td><td>6.5</td><td>5</td><td>4</td><td>23.5</td><td>37.5</td></tr><tr><td>W 7 / M 5.5</td><td>7</td><td>5.5</td><td>4.5</td><td>24</td><td>38</td></tr><tr><td>W 7.5 / M 6</td><td>7.5</td><td>6</td><td>5</td><td>24.5</td><td>38.5</td></tr><tr><td>W 8 / M 6.5</td><td>8</td><td>6.5</td><td>5.5</td><td>25</td><td>39</td></tr><tr><td>W 8.5 / M 7</td><td>8.5</td><td>7</td><td>6</td><td>25.5</td><td>40</td></tr><tr><td>W 9 / M 7.5</td><td>9</td><td>7.5</td><td>6.5</td><td>26</td><td>40.5</td></tr><tr><td>W 9.5 / M 8</td><td>9.5</td><td>8</td><td>7</td><td>26.5</td><td>41</td></tr><tr><td>W 10 / M 8.5</td><td>10</td><td>8.5</td><td>7.5</td><td>27</td><td>42</td></tr><tr><td>W 10.5 / M 9</td><td>10.5</td><td>9</td><td>8</td><td>27.5</td><td>42.5</td></tr><tr><td>W 11 / M 9.5</td><td>11</td><td>9.5</td><td>8.5</td><td>28</td><td>43</td></tr><tr><td>W 11.5 / M 10</td><td>11.5</td><td>10</td><td>9</td><td>28.5</td><td>44</td></tr><tr><td>W 12 / M 10.5</td><td>12</td><td>10.5</td><td>9.5</td><td>29</td><td>44.5</td></tr></tbody></table></div>",Nike,Apparel & Accessories > Shoes,Shoes,"PrimeStyleAI Demo, PrimeStyleAI Import, Shoes, Road Running Shoes, female, nike, pegasus, pegasus 42, running shoes, road running, reactx, air zoom, women, footwear, demo",TRUE,Color,Pearl Pink/Peony/Team Crimson/Black,Size,W 10 / M 8.5,,,nike-pegasus-42-womens-road-running-shoes-ib1881-602-10-8,0,shopify,100,deny,manual,145.00,,TRUE,TRUE,,,,,FALSE,Women's Running Shoes,"Responsive road running shoes with full-length Air Zoom cushioning, ReactX foam, breathable mesh, and a roomier forefoot fit.",Apparel & Accessories > Shoes,female,adult,,new,TRUE,PrimeStyleAI Demo,,,,,https://res.cloudinary.com/dgvtynla7/image/upload/v1779029753/demo/products/nike_pegasus_42_womens_road_running_shoes_ib1881_602/variants-highres/IB1881-600/01.webp,lb,,,active
nike-pegasus-42-womens-road-running-shoes-ib1881-602,Women's Running Shoes,"<p>Responsive road running shoes with full-length Air Zoom cushioning, ReactX foam, breathable mesh, and a roomier forefoot fit.</p>
<p><strong>Material:</strong> Lightweight mesh upper, ReactX foam midsole, high-abrasion rubber outsole</p>
<p><strong>Available sizes:</strong> W 5 / M 3.5, W 5.5 / M 4, W 6 / M 4.5, W 6.5 / M 5, W 7 / M 5.5, W 7.5 / M 6, W 8 / M 6.5, W 8.5 / M 7, W 9 / M 7.5, W 9.5 / M 8, W 10 / M 8.5, W 10.5 / M 9, W 11 / M 9.5, W 11.5 / M 10, W 12 / M 10.5</p>
<div class=""primestyle-size-guide""><h3>Nike Unisex Shoes Women&#39;s Based Size Guide</h3><table><thead><tr><th>Standard</th><th>US Women</th><th>US Men</th><th>UK</th><th>CM / JP</th><th>EU</th></tr></thead><tbody><tr><td>W 5 / M 3.5</td><td>5</td><td>3.5</td><td>2.5</td><td>22</td><td>35.5</td></tr><tr><td>W 5.5 / M 4</td><td>5.5</td><td>4</td><td>3</td><td>22.5</td><td>36</td></tr><tr><td>W 6 / M 4.5</td><td>6</td><td>4.5</td><td>3.5</td><td>23</td><td>36.5</td></tr><tr><td>W 6.5 / M 5</td><td>6.5</td><td>5</td><td>4</td><td>23.5</td><td>37.5</td></tr><tr><td>W 7 / M 5.5</td><td>7</td><td>5.5</td><td>4.5</td><td>24</td><td>38</td></tr><tr><td>W 7.5 / M 6</td><td>7.5</td><td>6</td><td>5</td><td>24.5</td><td>38.5</td></tr><tr><td>W 8 / M 6.5</td><td>8</td><td>6.5</td><td>5.5</td><td>25</td><td>39</td></tr><tr><td>W 8.5 / M 7</td><td>8.5</td><td>7</td><td>6</td><td>25.5</td><td>40</td></tr><tr><td>W 9 / M 7.5</td><td>9</td><td>7.5</td><td>6.5</td><td>26</td><td>40.5</td></tr><tr><td>W 9.5 / M 8</td><td>9.5</td><td>8</td><td>7</td><td>26.5</td><td>41</td></tr><tr><td>W 10 / M 8.5</td><td>10</td><td>8.5</td><td>7.5</td><td>27</td><td>42</td></tr><tr><td>W 10.5 / M 9</td><td>10.5</td><td>9</td><td>8</td><td>27.5</td><td>42.5</td></tr><tr><td>W 11 / M 9.5</td><td>11</td><td>9.5</td><td>8.5</td><td>28</td><td>43</td></tr><tr><td>W 11.5 / M 10</td><td>11.5</td><td>10</td><td>9</td><td>28.5</td><td>44</td></tr><tr><td>W 12 / M 10.5</td><td>12</td><td>10.5</td><td>9.5</td><td>29</td><td>44.5</td></tr></tbody></table></div>",Nike,Apparel & Accessories > Shoes,Shoes,"PrimeStyleAI Demo, PrimeStyleAI Import, Shoes, Road Running Shoes, female, nike, pegasus, pegasus 42, running shoes, road running, reactx, air zoom, women, footwear, demo",TRUE,Color,Pearl Pink/Peony/Team Crimson/Black,Size,W 10.5 / M 9,,,nike-pegasus-42-womens-road-running-shoes-ib1881-602-10-5-8,0,shopify,100,deny,manual,145.00,,TRUE,TRUE,,,,,FALSE,Women's Running Shoes,"Responsive road running shoes with full-length Air Zoom cushioning, ReactX foam, breathable mesh, and a roomier forefoot fit.",Apparel & Accessories > Shoes,female,adult,,new,TRUE,PrimeStyleAI Demo,,,,,https://res.cloudinary.com/dgvtynla7/image/upload/v1779029753/demo/products/nike_pegasus_42_womens_road_running_shoes_ib1881_602/variants-highres/IB1881-600/01.webp,lb,,,active
nike-pegasus-42-womens-road-running-shoes-ib1881-602,Women's Running Shoes,"<p>Responsive road running shoes with full-length Air Zoom cushioning, ReactX foam, breathable mesh, and a roomier forefoot fit.</p>
<p><strong>Material:</strong> Lightweight mesh upper, ReactX foam midsole, high-abrasion rubber outsole</p>
<p><strong>Available sizes:</strong> W 5 / M 3.5, W 5.5 / M 4, W 6 / M 4.5, W 6.5 / M 5, W 7 / M 5.5, W 7.5 / M 6, W 8 / M 6.5, W 8.5 / M 7, W 9 / M 7.5, W 9.5 / M 8, W 10 / M 8.5, W 10.5 / M 9, W 11 / M 9.5, W 11.5 / M 10, W 12 / M 10.5</p>
<div class=""primestyle-size-guide""><h3>Nike Unisex Shoes Women&#39;s Based Size Guide</h3><table><thead><tr><th>Standard</th><th>US Women</th><th>US Men</th><th>UK</th><th>CM / JP</th><th>EU</th></tr></thead><tbody><tr><td>W 5 / M 3.5</td><td>5</td><td>3.5</td><td>2.5</td><td>22</td><td>35.5</td></tr><tr><td>W 5.5 / M 4</td><td>5.5</td><td>4</td><td>3</td><td>22.5</td><td>36</td></tr><tr><td>W 6 / M 4.5</td><td>6</td><td>4.5</td><td>3.5</td><td>23</td><td>36.5</td></tr><tr><td>W 6.5 / M 5</td><td>6.5</td><td>5</td><td>4</td><td>23.5</td><td>37.5</td></tr><tr><td>W 7 / M 5.5</td><td>7</td><td>5.5</td><td>4.5</td><td>24</td><td>38</td></tr><tr><td>W 7.5 / M 6</td><td>7.5</td><td>6</td><td>5</td><td>24.5</td><td>38.5</td></tr><tr><td>W 8 / M 6.5</td><td>8</td><td>6.5</td><td>5.5</td><td>25</td><td>39</td></tr><tr><td>W 8.5 / M 7</td><td>8.5</td><td>7</td><td>6</td><td>25.5</td><td>40</td></tr><tr><td>W 9 / M 7.5</td><td>9</td><td>7.5</td><td>6.5</td><td>26</td><td>40.5</td></tr><tr><td>W 9.5 / M 8</td><td>9.5</td><td>8</td><td>7</td><td>26.5</td><td>41</td></tr><tr><td>W 10 / M 8.5</td><td>10</td><td>8.5</td><td>7.5</td><td>27</td><td>42</td></tr><tr><td>W 10.5 / M 9</td><td>10.5</td><td>9</td><td>8</td><td>27.5</td><td>42.5</td></tr><tr><td>W 11 / M 9.5</td><td>11</td><td>9.5</td><td>8.5</td><td>28</td><td>43</td></tr><tr><td>W 11.5 / M 10</td><td>11.5</td><td>10</td><td>9</td><td>28.5</td><td>44</td></tr><tr><td>W 12 / M 10.5</td><td>12</td><td>10.5</td><td>9.5</td><td>29</td><td>44.5</td></tr></tbody></table></div>",Nike,Apparel & Accessories > Shoes,Shoes,"PrimeStyleAI Demo, PrimeStyleAI Import, Shoes, Road Running Shoes, female, nike, pegasus, pegasus 42, running shoes, road running, reactx, air zoom, women, footwear, demo",TRUE,Color,Pearl Pink/Peony/Team Crimson/Black,Size,W 11 / M 9.5,,,nike-pegasus-42-womens-road-running-shoes-ib1881-602-11-8,0,shopify,100,deny,manual,145.00,,TRUE,TRUE,,,,,FALSE,Women's Running Shoes,"Responsive road running shoes with full-length Air Zoom cushioning, ReactX foam, breathable mesh, and a roomier forefoot fit.",Apparel & Accessories > Shoes,female,adult,,new,TRUE,PrimeStyleAI Demo,,,,,https://res.cloudinary.com/dgvtynla7/image/upload/v1779029753/demo/products/nike_pegasus_42_womens_road_running_shoes_ib1881_602/variants-highres/IB1881-600/01.webp,lb,,,active
nike-pegasus-42-womens-road-running-shoes-ib1881-602,Women's Running Shoes,"<p>Responsive road running shoes with full-length Air Zoom cushioning, ReactX foam, breathable mesh, and a roomier forefoot fit.</p>
<p><strong>Material:</strong> Lightweight mesh upper, ReactX foam midsole, high-abrasion rubber outsole</p>
<p><strong>Available sizes:</strong> W 5 / M 3.5, W 5.5 / M 4, W 6 / M 4.5, W 6.5 / M 5, W 7 / M 5.5, W 7.5 / M 6, W 8 / M 6.5, W 8.5 / M 7, W 9 / M 7.5, W 9.5 / M 8, W 10 / M 8.5, W 10.5 / M 9, W 11 / M 9.5, W 11.5 / M 10, W 12 / M 10.5</p>
<div class=""primestyle-size-guide""><h3>Nike Unisex Shoes Women&#39;s Based Size Guide</h3><table><thead><tr><th>Standard</th><th>US Women</th><th>US Men</th><th>UK</th><th>CM / JP</th><th>EU</th></tr></thead><tbody><tr><td>W 5 / M 3.5</td><td>5</td><td>3.5</td><td>2.5</td><td>22</td><td>35.5</td></tr><tr><td>W 5.5 / M 4</td><td>5.5</td><td>4</td><td>3</td><td>22.5</td><td>36</td></tr><tr><td>W 6 / M 4.5</td><td>6</td><td>4.5</td><td>3.5</td><td>23</td><td>36.5</td></tr><tr><td>W 6.5 / M 5</td><td>6.5</td><td>5</td><td>4</td><td>23.5</td><td>37.5</td></tr><tr><td>W 7 / M 5.5</td><td>7</td><td>5.5</td><td>4.5</td><td>24</td><td>38</td></tr><tr><td>W 7.5 / M 6</td><td>7.5</td><td>6</td><td>5</td><td>24.5</td><td>38.5</td></tr><tr><td>W 8 / M 6.5</td><td>8</td><td>6.5</td><td>5.5</td><td>25</td><td>39</td></tr><tr><td>W 8.5 / M 7</td><td>8.5</td><td>7</td><td>6</td><td>25.5</td><td>40</td></tr><tr><td>W 9 / M 7.5</td><td>9</td><td>7.5</td><td>6.5</td><td>26</td><td>40.5</td></tr><tr><td>W 9.5 / M 8</td><td>9.5</td><td>8</td><td>7</td><td>26.5</td><td>41</td></tr><tr><td>W 10 / M 8.5</td><td>10</td><td>8.5</td><td>7.5</td><td>27</td><td>42</td></tr><tr><td>W 10.5 / M 9</td><td>10.5</td><td>9</td><td>8</td><td>27.5</td><td>42.5</td></tr><tr><td>W 11 / M 9.5</td><td>11</td><td>9.5</td><td>8.5</td><td>28</td><td>43</td></tr><tr><td>W 11.5 / M 10</td><td>11.5</td><td>10</td><td>9</td><td>28.5</td><td>44</td></tr><tr><td>W 12 / M 10.5</td><td>12</td><td>10.5</td><td>9.5</td><td>29</td><td>44.5</td></tr></tbody></table></div>",Nike,Apparel & Accessories > Shoes,Shoes,"PrimeStyleAI Demo, PrimeStyleAI Import, Shoes, Road Running Shoes, female, nike, pegasus, pegasus 42, running shoes, road running, reactx, air zoom, women, footwear, demo",TRUE,Color,Pearl Pink/Peony/Team Crimson/Black,Size,W 11.5 / M 10,,,nike-pegasus-42-womens-road-running-shoes-ib1881-602-11-5-8,0,shopify,100,deny,manual,145.00,,TRUE,TRUE,,,,,FALSE,Women's Running Shoes,"Responsive road running shoes with full-length Air Zoom cushioning, ReactX foam, breathable mesh, and a roomier forefoot fit.",Apparel & Accessories > Shoes,female,adult,,new,TRUE,PrimeStyleAI Demo,,,,,https://res.cloudinary.com/dgvtynla7/image/upload/v1779029753/demo/products/nike_pegasus_42_womens_road_running_shoes_ib1881_602/variants-highres/IB1881-600/01.webp,lb,,,active
nike-pegasus-42-womens-road-running-shoes-ib1881-602,Women's Running Shoes,"<p>Responsive road running shoes with full-length Air Zoom cushioning, ReactX foam, breathable mesh, and a roomier forefoot fit.</p>
<p><strong>Material:</strong> Lightweight mesh upper, ReactX foam midsole, high-abrasion rubber outsole</p>
<p><strong>Available sizes:</strong> W 5 / M 3.5, W 5.5 / M 4, W 6 / M 4.5, W 6.5 / M 5, W 7 / M 5.5, W 7.5 / M 6, W 8 / M 6.5, W 8.5 / M 7, W 9 / M 7.5, W 9.5 / M 8, W 10 / M 8.5, W 10.5 / M 9, W 11 / M 9.5, W 11.5 / M 10, W 12 / M 10.5</p>
<div class=""primestyle-size-guide""><h3>Nike Unisex Shoes Women&#39;s Based Size Guide</h3><table><thead><tr><th>Standard</th><th>US Women</th><th>US Men</th><th>UK</th><th>CM / JP</th><th>EU</th></tr></thead><tbody><tr><td>W 5 / M 3.5</td><td>5</td><td>3.5</td><td>2.5</td><td>22</td><td>35.5</td></tr><tr><td>W 5.5 / M 4</td><td>5.5</td><td>4</td><td>3</td><td>22.5</td><td>36</td></tr><tr><td>W 6 / M 4.5</td><td>6</td><td>4.5</td><td>3.5</td><td>23</td><td>36.5</td></tr><tr><td>W 6.5 / M 5</td><td>6.5</td><td>5</td><td>4</td><td>23.5</td><td>37.5</td></tr><tr><td>W 7 / M 5.5</td><td>7</td><td>5.5</td><td>4.5</td><td>24</td><td>38</td></tr><tr><td>W 7.5 / M 6</td><td>7.5</td><td>6</td><td>5</td><td>24.5</td><td>38.5</td></tr><tr><td>W 8 / M 6.5</td><td>8</td><td>6.5</td><td>5.5</td><td>25</td><td>39</td></tr><tr><td>W 8.5 / M 7</td><td>8.5</td><td>7</td><td>6</td><td>25.5</td><td>40</td></tr><tr><td>W 9 / M 7.5</td><td>9</td><td>7.5</td><td>6.5</td><td>26</td><td>40.5</td></tr><tr><td>W 9.5 / M 8</td><td>9.5</td><td>8</td><td>7</td><td>26.5</td><td>41</td></tr><tr><td>W 10 / M 8.5</td><td>10</td><td>8.5</td><td>7.5</td><td>27</td><td>42</td></tr><tr><td>W 10.5 / M 9</td><td>10.5</td><td>9</td><td>8</td><td>27.5</td><td>42.5</td></tr><tr><td>W 11 / M 9.5</td><td>11</td><td>9.5</td><td>8.5</td><td>28</td><td>43</td></tr><tr><td>W 11.5 / M 10</td><td>11.5</td><td>10</td><td>9</td><td>28.5</td><td>44</td></tr><tr><td>W 12 / M 10.5</td><td>12</td><td>10.5</td><td>9.5</td><td>29</td><td>44.5</td></tr></tbody></table></div>",Nike,Apparel & Accessories > Shoes,Shoes,"PrimeStyleAI Demo, PrimeStyleAI Import, Shoes, Road Running Shoes, female, nike, pegasus, pegasus 42, running shoes, road running, reactx, air zoom, women, footwear, demo",TRUE,Color,Pearl Pink/Peony/Team Crimson/Black,Size,W 12 / M 10.5,,,nike-pegasus-42-womens-road-running-shoes-ib1881-602-12-8,0,shopify,100,deny,manual,145.00,,TRUE,TRUE,,,,,FALSE,Women's Running Shoes,"Responsive road running shoes with full-length Air Zoom cushioning, ReactX foam, breathable mesh, and a roomier forefoot fit.",Apparel & Accessories > Shoes,female,adult,,new,TRUE,PrimeStyleAI Demo,,,,,https://res.cloudinary.com/dgvtynla7/image/upload/v1779029753/demo/products/nike_pegasus_42_womens_road_running_shoes_ib1881_602/variants-highres/IB1881-600/01.webp,lb,,,active
ferragamo-double-gancini-fixed-belt-780417,Women's Leather Belt,"<p>A fixed-width Ferragamo belt with a Double Gancini accent and polished gold-tone buckle detailing.</p>
<p><strong>Material:</strong> Calfskin</p>
<p><strong>Available sizes:</strong> 70, 75, 80, 85, 90, 95, 100</p>
<div class=""primestyle-size-guide""><h3>Ferragamo Double Gancini belt size guide</h3><table><thead><tr><th>Standard</th><th>Belt length</th><th>Width</th></tr></thead><tbody><tr><td>70</td><td>70 cm</td><td>2.5 cm</td></tr><tr><td>75</td><td>75 cm</td><td>2.5 cm</td></tr><tr><td>80</td><td>80 cm</td><td>2.5 cm</td></tr><tr><td>85</td><td>85 cm</td><td>2.5 cm</td></tr><tr><td>90</td><td>90 cm</td><td>2.5 cm</td></tr><tr><td>95</td><td>95 cm</td><td>2.5 cm</td></tr><tr><td>100</td><td>100 cm</td><td>2.5 cm</td></tr></tbody></table></div>",Ferragamo,Apparel & Accessories,Accessories,"PrimeStyleAI Demo, PrimeStyleAI Import, Accessories, Belts, female, belt, gancini, ferragamo, calfskin, accessory, gold buckle, demo",TRUE,Color,Chestnut / Gold,Size,70,,,ferragamo-double-gancini-fixed-belt-780417-70,0,shopify,100,deny,manual,430.00,,TRUE,TRUE,,https://res.cloudinary.com/dgvtynla7/image/upload/v1779022288/demo/products/ferragamo_double_gancini_fixed_belt_780417/variants/780417/01.webp,1,Women's Leather Belt,FALSE,Women's Leather Belt,A fixed-width Ferragamo belt with a Double Gancini accent and polished gold-tone buckle detailing.,Apparel & Accessories > Clothing Accessories > Belts,female,adult,,new,TRUE,PrimeStyleAI Demo,,,,,https://res.cloudinary.com/dgvtynla7/image/upload/v1779022288/demo/products/ferragamo_double_gancini_fixed_belt_780417/variants/780417/01.webp,lb,,,active
ferragamo-double-gancini-fixed-belt-780417,Women's Leather Belt,"<p>A fixed-width Ferragamo belt with a Double Gancini accent and polished gold-tone buckle detailing.</p>
<p><strong>Material:</strong> Calfskin</p>
<p><strong>Available sizes:</strong> 70, 75, 80, 85, 90, 95, 100</p>
<div class=""primestyle-size-guide""><h3>Ferragamo Double Gancini belt size guide</h3><table><thead><tr><th>Standard</th><th>Belt length</th><th>Width</th></tr></thead><tbody><tr><td>70</td><td>70 cm</td><td>2.5 cm</td></tr><tr><td>75</td><td>75 cm</td><td>2.5 cm</td></tr><tr><td>80</td><td>80 cm</td><td>2.5 cm</td></tr><tr><td>85</td><td>85 cm</td><td>2.5 cm</td></tr><tr><td>90</td><td>90 cm</td><td>2.5 cm</td></tr><tr><td>95</td><td>95 cm</td><td>2.5 cm</td></tr><tr><td>100</td><td>100 cm</td><td>2.5 cm</td></tr></tbody></table></div>",Ferragamo,Apparel & Accessories,Accessories,"PrimeStyleAI Demo, PrimeStyleAI Import, Accessories, Belts, female, belt, gancini, ferragamo, calfskin, accessory, gold buckle, demo",TRUE,Color,Chestnut / Gold,Size,75,,,ferragamo-double-gancini-fixed-belt-780417-75,0,shopify,100,deny,manual,430.00,,TRUE,TRUE,,https://res.cloudinary.com/dgvtynla7/image/upload/v1779022290/demo/products/ferragamo_double_gancini_fixed_belt_780417/variants/780417/02.webp,2,Women's Leather Belt,FALSE,Women's Leather Belt,A fixed-width Ferragamo belt with a Double Gancini accent and polished gold-tone buckle detailing.,Apparel & Accessories > Clothing Accessories > Belts,female,adult,,new,TRUE,PrimeStyleAI Demo,,,,,https://res.cloudinary.com/dgvtynla7/image/upload/v1779022288/demo/products/ferragamo_double_gancini_fixed_belt_780417/variants/780417/01.webp,lb,,,active
ferragamo-double-gancini-fixed-belt-780417,Women's Leather Belt,"<p>A fixed-width Ferragamo belt with a Double Gancini accent and polished gold-tone buckle detailing.</p>
<p><strong>Material:</strong> Calfskin</p>
<p><strong>Available sizes:</strong> 70, 75, 80, 85, 90, 95, 100</p>
<div class=""primestyle-size-guide""><h3>Ferragamo Double Gancini belt size guide</h3><table><thead><tr><th>Standard</th><th>Belt length</th><th>Width</th></tr></thead><tbody><tr><td>70</td><td>70 cm</td><td>2.5 cm</td></tr><tr><td>75</td><td>75 cm</td><td>2.5 cm</td></tr><tr><td>80</td><td>80 cm</td><td>2.5 cm</td></tr><tr><td>85</td><td>85 cm</td><td>2.5 cm</td></tr><tr><td>90</td><td>90 cm</td><td>2.5 cm</td></tr><tr><td>95</td><td>95 cm</td><td>2.5 cm</td></tr><tr><td>100</td><td>100 cm</td><td>2.5 cm</td></tr></tbody></table></div>",Ferragamo,Apparel & Accessories,Accessories,"PrimeStyleAI Demo, PrimeStyleAI Import, Accessories, Belts, female, belt, gancini, ferragamo, calfskin, accessory, gold buckle, demo",TRUE,Color,Chestnut / Gold,Size,80,,,ferragamo-double-gancini-fixed-belt-780417-80,0,shopify,100,deny,manual,430.00,,TRUE,TRUE,,https://res.cloudinary.com/dgvtynla7/image/upload/v1779022292/demo/products/ferragamo_double_gancini_fixed_belt_780417/variants/780417/03.webp,3,Women's Leather Belt,FALSE,Women's Leather Belt,A fixed-width Ferragamo belt with a Double Gancini accent and polished gold-tone buckle detailing.,Apparel & Accessories > Clothing Accessories > Belts,female,adult,,new,TRUE,PrimeStyleAI Demo,,,,,https://res.cloudinary.com/dgvtynla7/image/upload/v1779022288/demo/products/ferragamo_double_gancini_fixed_belt_780417/variants/780417/01.webp,lb,,,active
ferragamo-double-gancini-fixed-belt-780417,Women's Leather Belt,"<p>A fixed-width Ferragamo belt with a Double Gancini accent and polished gold-tone buckle detailing.</p>
<p><strong>Material:</strong> Calfskin</p>
<p><strong>Available sizes:</strong> 70, 75, 80, 85, 90, 95, 100</p>
<div class=""primestyle-size-guide""><h3>Ferragamo Double Gancini belt size guide</h3><table><thead><tr><th>Standard</th><th>Belt length</th><th>Width</th></tr></thead><tbody><tr><td>70</td><td>70 cm</td><td>2.5 cm</td></tr><tr><td>75</td><td>75 cm</td><td>2.5 cm</td></tr><tr><td>80</td><td>80 cm</td><td>2.5 cm</td></tr><tr><td>85</td><td>85 cm</td><td>2.5 cm</td></tr><tr><td>90</td><td>90 cm</td><td>2.5 cm</td></tr><tr><td>95</td><td>95 cm</td><td>2.5 cm</td></tr><tr><td>100</td><td>100 cm</td><td>2.5 cm</td></tr></tbody></table></div>",Ferragamo,Apparel & Accessories,Accessories,"PrimeStyleAI Demo, PrimeStyleAI Import, Accessories, Belts, female, belt, gancini, ferragamo, calfskin, accessory, gold buckle, demo",TRUE,Color,Chestnut / Gold,Size,85,,,ferragamo-double-gancini-fixed-belt-780417-85,0,shopify,100,deny,manual,430.00,,TRUE,TRUE,,https://res.cloudinary.com/dgvtynla7/image/upload/v1779022295/demo/products/ferragamo_double_gancini_fixed_belt_780417/variants/780417/04.webp,4,Women's Leather Belt,FALSE,Women's Leather Belt,A fixed-width Ferragamo belt with a Double Gancini accent and polished gold-tone buckle detailing.,Apparel & Accessories > Clothing Accessories > Belts,female,adult,,new,TRUE,PrimeStyleAI Demo,,,,,https://res.cloudinary.com/dgvtynla7/image/upload/v1779022288/demo/products/ferragamo_double_gancini_fixed_belt_780417/variants/780417/01.webp,lb,,,active
ferragamo-double-gancini-fixed-belt-780417,Women's Leather Belt,"<p>A fixed-width Ferragamo belt with a Double Gancini accent and polished gold-tone buckle detailing.</p>
<p><strong>Material:</strong> Calfskin</p>
<p><strong>Available sizes:</strong> 70, 75, 80, 85, 90, 95, 100</p>
<div class=""primestyle-size-guide""><h3>Ferragamo Double Gancini belt size guide</h3><table><thead><tr><th>Standard</th><th>Belt length</th><th>Width</th></tr></thead><tbody><tr><td>70</td><td>70 cm</td><td>2.5 cm</td></tr><tr><td>75</td><td>75 cm</td><td>2.5 cm</td></tr><tr><td>80</td><td>80 cm</td><td>2.5 cm</td></tr><tr><td>85</td><td>85 cm</td><td>2.5 cm</td></tr><tr><td>90</td><td>90 cm</td><td>2.5 cm</td></tr><tr><td>95</td><td>95 cm</td><td>2.5 cm</td></tr><tr><td>100</td><td>100 cm</td><td>2.5 cm</td></tr></tbody></table></div>",Ferragamo,Apparel & Accessories,Accessories,"PrimeStyleAI Demo, PrimeStyleAI Import, Accessories, Belts, female, belt, gancini, ferragamo, calfskin, accessory, gold buckle, demo",TRUE,Color,Chestnut / Gold,Size,90,,,ferragamo-double-gancini-fixed-belt-780417-90,0,shopify,100,deny,manual,430.00,,TRUE,TRUE,,https://res.cloudinary.com/dgvtynla7/image/upload/v1779022297/demo/products/ferragamo_double_gancini_fixed_belt_780417/variants/780416/01.webp,5,Women's Leather Belt,FALSE,Women's Leather Belt,A fixed-width Ferragamo belt with a Double Gancini accent and polished gold-tone buckle detailing.,Apparel & Accessories > Clothing Accessories > Belts,female,adult,,new,TRUE,PrimeStyleAI Demo,,,,,https://res.cloudinary.com/dgvtynla7/image/upload/v1779022288/demo/products/ferragamo_double_gancini_fixed_belt_780417/variants/780417/01.webp,lb,,,active
ferragamo-double-gancini-fixed-belt-780417,Women's Leather Belt,"<p>A fixed-width Ferragamo belt with a Double Gancini accent and polished gold-tone buckle detailing.</p>
<p><strong>Material:</strong> Calfskin</p>
<p><strong>Available sizes:</strong> 70, 75, 80, 85, 90, 95, 100</p>
<div class=""primestyle-size-guide""><h3>Ferragamo Double Gancini belt size guide</h3><table><thead><tr><th>Standard</th><th>Belt length</th><th>Width</th></tr></thead><tbody><tr><td>70</td><td>70 cm</td><td>2.5 cm</td></tr><tr><td>75</td><td>75 cm</td><td>2.5 cm</td></tr><tr><td>80</td><td>80 cm</td><td>2.5 cm</td></tr><tr><td>85</td><td>85 cm</td><td>2.5 cm</td></tr><tr><td>90</td><td>90 cm</td><td>2.5 cm</td></tr><tr><td>95</td><td>95 cm</td><td>2.5 cm</td></tr><tr><td>100</td><td>100 cm</td><td>2.5 cm</td></tr></tbody></table></div>",Ferragamo,Apparel & Accessories,Accessories,"PrimeStyleAI Demo, PrimeStyleAI Import, Accessories, Belts, female, belt, gancini, ferragamo, calfskin, accessory, gold buckle, demo",TRUE,Color,Chestnut / Gold,Size,95,,,ferragamo-double-gancini-fixed-belt-780417-95,0,shopify,100,deny,manual,430.00,,TRUE,TRUE,,https://res.cloudinary.com/dgvtynla7/image/upload/v1779022301/demo/products/ferragamo_double_gancini_fixed_belt_780417/variants/780416/02.webp,6,Women's Leather Belt,FALSE,Women's Leather Belt,A fixed-width Ferragamo belt with a Double Gancini accent and polished gold-tone buckle detailing.,Apparel & Accessories > Clothing Accessories > Belts,female,adult,,new,TRUE,PrimeStyleAI Demo,,,,,https://res.cloudinary.com/dgvtynla7/image/upload/v1779022288/demo/products/ferragamo_double_gancini_fixed_belt_780417/variants/780417/01.webp,lb,,,active
ferragamo-double-gancini-fixed-belt-780417,Women's Leather Belt,"<p>A fixed-width Ferragamo belt with a Double Gancini accent and polished gold-tone buckle detailing.</p>
<p><strong>Material:</strong> Calfskin</p>
<p><strong>Available sizes:</strong> 70, 75, 80, 85, 90, 95, 100</p>
<div class=""primestyle-size-guide""><h3>Ferragamo Double Gancini belt size guide</h3><table><thead><tr><th>Standard</th><th>Belt length</th><th>Width</th></tr></thead><tbody><tr><td>70</td><td>70 cm</td><td>2.5 cm</td></tr><tr><td>75</td><td>75 cm</td><td>2.5 cm</td></tr><tr><td>80</td><td>80 cm</td><td>2.5 cm</td></tr><tr><td>85</td><td>85 cm</td><td>2.5 cm</td></tr><tr><td>90</td><td>90 cm</td><td>2.5 cm</td></tr><tr><td>95</td><td>95 cm</td><td>2.5 cm</td></tr><tr><td>100</td><td>100 cm</td><td>2.5 cm</td></tr></tbody></table></div>",Ferragamo,Apparel & Accessories,Accessories,"PrimeStyleAI Demo, PrimeStyleAI Import, Accessories, Belts, female, belt, gancini, ferragamo, calfskin, accessory, gold buckle, demo",TRUE,Color,Chestnut / Gold,Size,100,,,ferragamo-double-gancini-fixed-belt-780417-100,0,shopify,100,deny,manual,430.00,,TRUE,TRUE,,https://res.cloudinary.com/dgvtynla7/image/upload/v1779022303/demo/products/ferragamo_double_gancini_fixed_belt_780417/variants/780415/01.webp,7,Women's Leather Belt,FALSE,Women's Leather Belt,A fixed-width Ferragamo belt with a Double Gancini accent and polished gold-tone buckle detailing.,Apparel & Accessories > Clothing Accessories > Belts,female,adult,,new,TRUE,PrimeStyleAI Demo,,,,,https://res.cloudinary.com/dgvtynla7/image/upload/v1779022288/demo/products/ferragamo_double_gancini_fixed_belt_780417/variants/780417/01.webp,lb,,,active
ferragamo-double-gancini-fixed-belt-780417,Women's Leather Belt,"<p>A fixed-width Ferragamo belt with a Double Gancini accent and polished gold-tone buckle detailing.</p>
<p><strong>Material:</strong> Calfskin</p>
<p><strong>Available sizes:</strong> 70, 75, 80, 85, 90, 95, 100</p>
<div class=""primestyle-size-guide""><h3>Ferragamo Double Gancini belt size guide</h3><table><thead><tr><th>Standard</th><th>Belt length</th><th>Width</th></tr></thead><tbody><tr><td>70</td><td>70 cm</td><td>2.5 cm</td></tr><tr><td>75</td><td>75 cm</td><td>2.5 cm</td></tr><tr><td>80</td><td>80 cm</td><td>2.5 cm</td></tr><tr><td>85</td><td>85 cm</td><td>2.5 cm</td></tr><tr><td>90</td><td>90 cm</td><td>2.5 cm</td></tr><tr><td>95</td><td>95 cm</td><td>2.5 cm</td></tr><tr><td>100</td><td>100 cm</td><td>2.5 cm</td></tr></tbody></table></div>",Ferragamo,Apparel & Accessories,Accessories,"PrimeStyleAI Demo, PrimeStyleAI Import, Accessories, Belts, female, belt, gancini, ferragamo, calfskin, accessory, gold buckle, demo",TRUE,Color,Beige / Gold,Size,70,,,ferragamo-double-gancini-fixed-belt-780417-70-2,0,shopify,100,deny,manual,430.00,,TRUE,TRUE,,https://res.cloudinary.com/dgvtynla7/image/upload/v1779022305/demo/products/ferragamo_double_gancini_fixed_belt_780417/variants/780415/02.webp,8,Women's Leather Belt,FALSE,Women's Leather Belt,A fixed-width Ferragamo belt with a Double Gancini accent and polished gold-tone buckle detailing.,Apparel & Accessories > Clothing Accessories > Belts,female,adult,,new,TRUE,PrimeStyleAI Demo,,,,,https://res.cloudinary.com/dgvtynla7/image/upload/v1779022297/demo/products/ferragamo_double_gancini_fixed_belt_780417/variants/780416/01.webp,lb,,,active
ferragamo-double-gancini-fixed-belt-780417,Women's Leather Belt,"<p>A fixed-width Ferragamo belt with a Double Gancini accent and polished gold-tone buckle detailing.</p>
<p><strong>Material:</strong> Calfskin</p>
<p><strong>Available sizes:</strong> 70, 75, 80, 85, 90, 95, 100</p>
<div class=""primestyle-size-guide""><h3>Ferragamo Double Gancini belt size guide</h3><table><thead><tr><th>Standard</th><th>Belt length</th><th>Width</th></tr></thead><tbody><tr><td>70</td><td>70 cm</td><td>2.5 cm</td></tr><tr><td>75</td><td>75 cm</td><td>2.5 cm</td></tr><tr><td>80</td><td>80 cm</td><td>2.5 cm</td></tr><tr><td>85</td><td>85 cm</td><td>2.5 cm</td></tr><tr><td>90</td><td>90 cm</td><td>2.5 cm</td></tr><tr><td>95</td><td>95 cm</td><td>2.5 cm</td></tr><tr><td>100</td><td>100 cm</td><td>2.5 cm</td></tr></tbody></table></div>",Ferragamo,Apparel & Accessories,Accessories,"PrimeStyleAI Demo, PrimeStyleAI Import, Accessories, Belts, female, belt, gancini, ferragamo, calfskin, accessory, gold buckle, demo",TRUE,Color,Beige / Gold,Size,75,,,ferragamo-double-gancini-fixed-belt-780417-75-2,0,shopify,100,deny,manual,430.00,,TRUE,TRUE,,,,,FALSE,Women's Leather Belt,A fixed-width Ferragamo belt with a Double Gancini accent and polished gold-tone buckle detailing.,Apparel & Accessories > Clothing Accessories > Belts,female,adult,,new,TRUE,PrimeStyleAI Demo,,,,,https://res.cloudinary.com/dgvtynla7/image/upload/v1779022297/demo/products/ferragamo_double_gancini_fixed_belt_780417/variants/780416/01.webp,lb,,,active
ferragamo-double-gancini-fixed-belt-780417,Women's Leather Belt,"<p>A fixed-width Ferragamo belt with a Double Gancini accent and polished gold-tone buckle detailing.</p>
<p><strong>Material:</strong> Calfskin</p>
<p><strong>Available sizes:</strong> 70, 75, 80, 85, 90, 95, 100</p>
<div class=""primestyle-size-guide""><h3>Ferragamo Double Gancini belt size guide</h3><table><thead><tr><th>Standard</th><th>Belt length</th><th>Width</th></tr></thead><tbody><tr><td>70</td><td>70 cm</td><td>2.5 cm</td></tr><tr><td>75</td><td>75 cm</td><td>2.5 cm</td></tr><tr><td>80</td><td>80 cm</td><td>2.5 cm</td></tr><tr><td>85</td><td>85 cm</td><td>2.5 cm</td></tr><tr><td>90</td><td>90 cm</td><td>2.5 cm</td></tr><tr><td>95</td><td>95 cm</td><td>2.5 cm</td></tr><tr><td>100</td><td>100 cm</td><td>2.5 cm</td></tr></tbody></table></div>",Ferragamo,Apparel & Accessories,Accessories,"PrimeStyleAI Demo, PrimeStyleAI Import, Accessories, Belts, female, belt, gancini, ferragamo, calfskin, accessory, gold buckle, demo",TRUE,Color,Beige / Gold,Size,80,,,ferragamo-double-gancini-fixed-belt-780417-80-2,0,shopify,100,deny,manual,430.00,,TRUE,TRUE,,,,,FALSE,Women's Leather Belt,A fixed-width Ferragamo belt with a Double Gancini accent and polished gold-tone buckle detailing.,Apparel & Accessories > Clothing Accessories > Belts,female,adult,,new,TRUE,PrimeStyleAI Demo,,,,,https://res.cloudinary.com/dgvtynla7/image/upload/v1779022297/demo/products/ferragamo_double_gancini_fixed_belt_780417/variants/780416/01.webp,lb,,,active
ferragamo-double-gancini-fixed-belt-780417,Women's Leather Belt,"<p>A fixed-width Ferragamo belt with a Double Gancini accent and polished gold-tone buckle detailing.</p>
<p><strong>Material:</strong> Calfskin</p>
<p><strong>Available sizes:</strong> 70, 75, 80, 85, 90, 95, 100</p>
<div class=""primestyle-size-guide""><h3>Ferragamo Double Gancini belt size guide</h3><table><thead><tr><th>Standard</th><th>Belt length</th><th>Width</th></tr></thead><tbody><tr><td>70</td><td>70 cm</td><td>2.5 cm</td></tr><tr><td>75</td><td>75 cm</td><td>2.5 cm</td></tr><tr><td>80</td><td>80 cm</td><td>2.5 cm</td></tr><tr><td>85</td><td>85 cm</td><td>2.5 cm</td></tr><tr><td>90</td><td>90 cm</td><td>2.5 cm</td></tr><tr><td>95</td><td>95 cm</td><td>2.5 cm</td></tr><tr><td>100</td><td>100 cm</td><td>2.5 cm</td></tr></tbody></table></div>",Ferragamo,Apparel & Accessories,Accessories,"PrimeStyleAI Demo, PrimeStyleAI Import, Accessories, Belts, female, belt, gancini, ferragamo, calfskin, accessory, gold buckle, demo",TRUE,Color,Beige / Gold,Size,85,,,ferragamo-double-gancini-fixed-belt-780417-85-2,0,shopify,100,deny,manual,430.00,,TRUE,TRUE,,,,,FALSE,Women's Leather Belt,A fixed-width Ferragamo belt with a Double Gancini accent and polished gold-tone buckle detailing.,Apparel & Accessories > Clothing Accessories > Belts,female,adult,,new,TRUE,PrimeStyleAI Demo,,,,,https://res.cloudinary.com/dgvtynla7/image/upload/v1779022297/demo/products/ferragamo_double_gancini_fixed_belt_780417/variants/780416/01.webp,lb,,,active
ferragamo-double-gancini-fixed-belt-780417,Women's Leather Belt,"<p>A fixed-width Ferragamo belt with a Double Gancini accent and polished gold-tone buckle detailing.</p>
<p><strong>Material:</strong> Calfskin</p>
<p><strong>Available sizes:</strong> 70, 75, 80, 85, 90, 95, 100</p>
<div class=""primestyle-size-guide""><h3>Ferragamo Double Gancini belt size guide</h3><table><thead><tr><th>Standard</th><th>Belt length</th><th>Width</th></tr></thead><tbody><tr><td>70</td><td>70 cm</td><td>2.5 cm</td></tr><tr><td>75</td><td>75 cm</td><td>2.5 cm</td></tr><tr><td>80</td><td>80 cm</td><td>2.5 cm</td></tr><tr><td>85</td><td>85 cm</td><td>2.5 cm</td></tr><tr><td>90</td><td>90 cm</td><td>2.5 cm</td></tr><tr><td>95</td><td>95 cm</td><td>2.5 cm</td></tr><tr><td>100</td><td>100 cm</td><td>2.5 cm</td></tr></tbody></table></div>",Ferragamo,Apparel & Accessories,Accessories,"PrimeStyleAI Demo, PrimeStyleAI Import, Accessories, Belts, female, belt, gancini, ferragamo, calfskin, accessory, gold buckle, demo",TRUE,Color,Beige / Gold,Size,90,,,ferragamo-double-gancini-fixed-belt-780417-90-2,0,shopify,100,deny,manual,430.00,,TRUE,TRUE,,,,,FALSE,Women's Leather Belt,A fixed-width Ferragamo belt with a Double Gancini accent and polished gold-tone buckle detailing.,Apparel & Accessories > Clothing Accessories > Belts,female,adult,,new,TRUE,PrimeStyleAI Demo,,,,,https://res.cloudinary.com/dgvtynla7/image/upload/v1779022297/demo/products/ferragamo_double_gancini_fixed_belt_780417/variants/780416/01.webp,lb,,,active
ferragamo-double-gancini-fixed-belt-780417,Women's Leather Belt,"<p>A fixed-width Ferragamo belt with a Double Gancini accent and polished gold-tone buckle detailing.</p>
<p><strong>Material:</strong> Calfskin</p>
<p><strong>Available sizes:</strong> 70, 75, 80, 85, 90, 95, 100</p>
<div class=""primestyle-size-guide""><h3>Ferragamo Double Gancini belt size guide</h3><table><thead><tr><th>Standard</th><th>Belt length</th><th>Width</th></tr></thead><tbody><tr><td>70</td><td>70 cm</td><td>2.5 cm</td></tr><tr><td>75</td><td>75 cm</td><td>2.5 cm</td></tr><tr><td>80</td><td>80 cm</td><td>2.5 cm</td></tr><tr><td>85</td><td>85 cm</td><td>2.5 cm</td></tr><tr><td>90</td><td>90 cm</td><td>2.5 cm</td></tr><tr><td>95</td><td>95 cm</td><td>2.5 cm</td></tr><tr><td>100</td><td>100 cm</td><td>2.5 cm</td></tr></tbody></table></div>",Ferragamo,Apparel & Accessories,Accessories,"PrimeStyleAI Demo, PrimeStyleAI Import, Accessories, Belts, female, belt, gancini, ferragamo, calfskin, accessory, gold buckle, demo",TRUE,Color,Beige / Gold,Size,95,,,ferragamo-double-gancini-fixed-belt-780417-95-2,0,shopify,100,deny,manual,430.00,,TRUE,TRUE,,,,,FALSE,Women's Leather Belt,A fixed-width Ferragamo belt with a Double Gancini accent and polished gold-tone buckle detailing.,Apparel & Accessories > Clothing Accessories > Belts,female,adult,,new,TRUE,PrimeStyleAI Demo,,,,,https://res.cloudinary.com/dgvtynla7/image/upload/v1779022297/demo/products/ferragamo_double_gancini_fixed_belt_780417/variants/780416/01.webp,lb,,,active
ferragamo-double-gancini-fixed-belt-780417,Women's Leather Belt,"<p>A fixed-width Ferragamo belt with a Double Gancini accent and polished gold-tone buckle detailing.</p>
<p><strong>Material:</strong> Calfskin</p>
<p><strong>Available sizes:</strong> 70, 75, 80, 85, 90, 95, 100</p>
<div class=""primestyle-size-guide""><h3>Ferragamo Double Gancini belt size guide</h3><table><thead><tr><th>Standard</th><th>Belt length</th><th>Width</th></tr></thead><tbody><tr><td>70</td><td>70 cm</td><td>2.5 cm</td></tr><tr><td>75</td><td>75 cm</td><td>2.5 cm</td></tr><tr><td>80</td><td>80 cm</td><td>2.5 cm</td></tr><tr><td>85</td><td>85 cm</td><td>2.5 cm</td></tr><tr><td>90</td><td>90 cm</td><td>2.5 cm</td></tr><tr><td>95</td><td>95 cm</td><td>2.5 cm</td></tr><tr><td>100</td><td>100 cm</td><td>2.5 cm</td></tr></tbody></table></div>",Ferragamo,Apparel & Accessories,Accessories,"PrimeStyleAI Demo, PrimeStyleAI Import, Accessories, Belts, female, belt, gancini, ferragamo, calfskin, accessory, gold buckle, demo",TRUE,Color,Beige / Gold,Size,100,,,ferragamo-double-gancini-fixed-belt-780417-100-2,0,shopify,100,deny,manual,430.00,,TRUE,TRUE,,,,,FALSE,Women's Leather Belt,A fixed-width Ferragamo belt with a Double Gancini accent and polished gold-tone buckle detailing.,Apparel & Accessories > Clothing Accessories > Belts,female,adult,,new,TRUE,PrimeStyleAI Demo,,,,,https://res.cloudinary.com/dgvtynla7/image/upload/v1779022297/demo/products/ferragamo_double_gancini_fixed_belt_780417/variants/780416/01.webp,lb,,,active
ferragamo-double-gancini-fixed-belt-780417,Women's Leather Belt,"<p>A fixed-width Ferragamo belt with a Double Gancini accent and polished gold-tone buckle detailing.</p>
<p><strong>Material:</strong> Calfskin</p>
<p><strong>Available sizes:</strong> 70, 75, 80, 85, 90, 95, 100</p>
<div class=""primestyle-size-guide""><h3>Ferragamo Double Gancini belt size guide</h3><table><thead><tr><th>Standard</th><th>Belt length</th><th>Width</th></tr></thead><tbody><tr><td>70</td><td>70 cm</td><td>2.5 cm</td></tr><tr><td>75</td><td>75 cm</td><td>2.5 cm</td></tr><tr><td>80</td><td>80 cm</td><td>2.5 cm</td></tr><tr><td>85</td><td>85 cm</td><td>2.5 cm</td></tr><tr><td>90</td><td>90 cm</td><td>2.5 cm</td></tr><tr><td>95</td><td>95 cm</td><td>2.5 cm</td></tr><tr><td>100</td><td>100 cm</td><td>2.5 cm</td></tr></tbody></table></div>",Ferragamo,Apparel & Accessories,Accessories,"PrimeStyleAI Demo, PrimeStyleAI Import, Accessories, Belts, female, belt, gancini, ferragamo, calfskin, accessory, gold buckle, demo",TRUE,Color,Black / Gold,Size,70,,,ferragamo-double-gancini-fixed-belt-780417-70-3,0,shopify,100,deny,manual,430.00,,TRUE,TRUE,,,,,FALSE,Women's Leather Belt,A fixed-width Ferragamo belt with a Double Gancini accent and polished gold-tone buckle detailing.,Apparel & Accessories > Clothing Accessories > Belts,female,adult,,new,TRUE,PrimeStyleAI Demo,,,,,https://res.cloudinary.com/dgvtynla7/image/upload/v1779022303/demo/products/ferragamo_double_gancini_fixed_belt_780417/variants/780415/01.webp,lb,,,active
ferragamo-double-gancini-fixed-belt-780417,Women's Leather Belt,"<p>A fixed-width Ferragamo belt with a Double Gancini accent and polished gold-tone buckle detailing.</p>
<p><strong>Material:</strong> Calfskin</p>
<p><strong>Available sizes:</strong> 70, 75, 80, 85, 90, 95, 100</p>
<div class=""primestyle-size-guide""><h3>Ferragamo Double Gancini belt size guide</h3><table><thead><tr><th>Standard</th><th>Belt length</th><th>Width</th></tr></thead><tbody><tr><td>70</td><td>70 cm</td><td>2.5 cm</td></tr><tr><td>75</td><td>75 cm</td><td>2.5 cm</td></tr><tr><td>80</td><td>80 cm</td><td>2.5 cm</td></tr><tr><td>85</td><td>85 cm</td><td>2.5 cm</td></tr><tr><td>90</td><td>90 cm</td><td>2.5 cm</td></tr><tr><td>95</td><td>95 cm</td><td>2.5 cm</td></tr><tr><td>100</td><td>100 cm</td><td>2.5 cm</td></tr></tbody></table></div>",Ferragamo,Apparel & Accessories,Accessories,"PrimeStyleAI Demo, PrimeStyleAI Import, Accessories, Belts, female, belt, gancini, ferragamo, calfskin, accessory, gold buckle, demo",TRUE,Color,Black / Gold,Size,75,,,ferragamo-double-gancini-fixed-belt-780417-75-3,0,shopify,100,deny,manual,430.00,,TRUE,TRUE,,,,,FALSE,Women's Leather Belt,A fixed-width Ferragamo belt with a Double Gancini accent and polished gold-tone buckle detailing.,Apparel & Accessories > Clothing Accessories > Belts,female,adult,,new,TRUE,PrimeStyleAI Demo,,,,,https://res.cloudinary.com/dgvtynla7/image/upload/v1779022303/demo/products/ferragamo_double_gancini_fixed_belt_780417/variants/780415/01.webp,lb,,,active
ferragamo-double-gancini-fixed-belt-780417,Women's Leather Belt,"<p>A fixed-width Ferragamo belt with a Double Gancini accent and polished gold-tone buckle detailing.</p>
<p><strong>Material:</strong> Calfskin</p>
<p><strong>Available sizes:</strong> 70, 75, 80, 85, 90, 95, 100</p>
<div class=""primestyle-size-guide""><h3>Ferragamo Double Gancini belt size guide</h3><table><thead><tr><th>Standard</th><th>Belt length</th><th>Width</th></tr></thead><tbody><tr><td>70</td><td>70 cm</td><td>2.5 cm</td></tr><tr><td>75</td><td>75 cm</td><td>2.5 cm</td></tr><tr><td>80</td><td>80 cm</td><td>2.5 cm</td></tr><tr><td>85</td><td>85 cm</td><td>2.5 cm</td></tr><tr><td>90</td><td>90 cm</td><td>2.5 cm</td></tr><tr><td>95</td><td>95 cm</td><td>2.5 cm</td></tr><tr><td>100</td><td>100 cm</td><td>2.5 cm</td></tr></tbody></table></div>",Ferragamo,Apparel & Accessories,Accessories,"PrimeStyleAI Demo, PrimeStyleAI Import, Accessories, Belts, female, belt, gancini, ferragamo, calfskin, accessory, gold buckle, demo",TRUE,Color,Black / Gold,Size,80,,,ferragamo-double-gancini-fixed-belt-780417-80-3,0,shopify,100,deny,manual,430.00,,TRUE,TRUE,,,,,FALSE,Women's Leather Belt,A fixed-width Ferragamo belt with a Double Gancini accent and polished gold-tone buckle detailing.,Apparel & Accessories > Clothing Accessories > Belts,female,adult,,new,TRUE,PrimeStyleAI Demo,,,,,https://res.cloudinary.com/dgvtynla7/image/upload/v1779022303/demo/products/ferragamo_double_gancini_fixed_belt_780417/variants/780415/01.webp,lb,,,active
ferragamo-double-gancini-fixed-belt-780417,Women's Leather Belt,"<p>A fixed-width Ferragamo belt with a Double Gancini accent and polished gold-tone buckle detailing.</p>
<p><strong>Material:</strong> Calfskin</p>
<p><strong>Available sizes:</strong> 70, 75, 80, 85, 90, 95, 100</p>
<div class=""primestyle-size-guide""><h3>Ferragamo Double Gancini belt size guide</h3><table><thead><tr><th>Standard</th><th>Belt length</th><th>Width</th></tr></thead><tbody><tr><td>70</td><td>70 cm</td><td>2.5 cm</td></tr><tr><td>75</td><td>75 cm</td><td>2.5 cm</td></tr><tr><td>80</td><td>80 cm</td><td>2.5 cm</td></tr><tr><td>85</td><td>85 cm</td><td>2.5 cm</td></tr><tr><td>90</td><td>90 cm</td><td>2.5 cm</td></tr><tr><td>95</td><td>95 cm</td><td>2.5 cm</td></tr><tr><td>100</td><td>100 cm</td><td>2.5 cm</td></tr></tbody></table></div>",Ferragamo,Apparel & Accessories,Accessories,"PrimeStyleAI Demo, PrimeStyleAI Import, Accessories, Belts, female, belt, gancini, ferragamo, calfskin, accessory, gold buckle, demo",TRUE,Color,Black / Gold,Size,85,,,ferragamo-double-gancini-fixed-belt-780417-85-3,0,shopify,100,deny,manual,430.00,,TRUE,TRUE,,,,,FALSE,Women's Leather Belt,A fixed-width Ferragamo belt with a Double Gancini accent and polished gold-tone buckle detailing.,Apparel & Accessories > Clothing Accessories > Belts,female,adult,,new,TRUE,PrimeStyleAI Demo,,,,,https://res.cloudinary.com/dgvtynla7/image/upload/v1779022303/demo/products/ferragamo_double_gancini_fixed_belt_780417/variants/780415/01.webp,lb,,,active
ferragamo-double-gancini-fixed-belt-780417,Women's Leather Belt,"<p>A fixed-width Ferragamo belt with a Double Gancini accent and polished gold-tone buckle detailing.</p>
<p><strong>Material:</strong> Calfskin</p>
<p><strong>Available sizes:</strong> 70, 75, 80, 85, 90, 95, 100</p>
<div class=""primestyle-size-guide""><h3>Ferragamo Double Gancini belt size guide</h3><table><thead><tr><th>Standard</th><th>Belt length</th><th>Width</th></tr></thead><tbody><tr><td>70</td><td>70 cm</td><td>2.5 cm</td></tr><tr><td>75</td><td>75 cm</td><td>2.5 cm</td></tr><tr><td>80</td><td>80 cm</td><td>2.5 cm</td></tr><tr><td>85</td><td>85 cm</td><td>2.5 cm</td></tr><tr><td>90</td><td>90 cm</td><td>2.5 cm</td></tr><tr><td>95</td><td>95 cm</td><td>2.5 cm</td></tr><tr><td>100</td><td>100 cm</td><td>2.5 cm</td></tr></tbody></table></div>",Ferragamo,Apparel & Accessories,Accessories,"PrimeStyleAI Demo, PrimeStyleAI Import, Accessories, Belts, female, belt, gancini, ferragamo, calfskin, accessory, gold buckle, demo",TRUE,Color,Black / Gold,Size,90,,,ferragamo-double-gancini-fixed-belt-780417-90-3,0,shopify,100,deny,manual,430.00,,TRUE,TRUE,,,,,FALSE,Women's Leather Belt,A fixed-width Ferragamo belt with a Double Gancini accent and polished gold-tone buckle detailing.,Apparel & Accessories > Clothing Accessories > Belts,female,adult,,new,TRUE,PrimeStyleAI Demo,,,,,https://res.cloudinary.com/dgvtynla7/image/upload/v1779022303/demo/products/ferragamo_double_gancini_fixed_belt_780417/variants/780415/01.webp,lb,,,active
ferragamo-double-gancini-fixed-belt-780417,Women's Leather Belt,"<p>A fixed-width Ferragamo belt with a Double Gancini accent and polished gold-tone buckle detailing.</p>
<p><strong>Material:</strong> Calfskin</p>
<p><strong>Available sizes:</strong> 70, 75, 80, 85, 90, 95, 100</p>
<div class=""primestyle-size-guide""><h3>Ferragamo Double Gancini belt size guide</h3><table><thead><tr><th>Standard</th><th>Belt length</th><th>Width</th></tr></thead><tbody><tr><td>70</td><td>70 cm</td><td>2.5 cm</td></tr><tr><td>75</td><td>75 cm</td><td>2.5 cm</td></tr><tr><td>80</td><td>80 cm</td><td>2.5 cm</td></tr><tr><td>85</td><td>85 cm</td><td>2.5 cm</td></tr><tr><td>90</td><td>90 cm</td><td>2.5 cm</td></tr><tr><td>95</td><td>95 cm</td><td>2.5 cm</td></tr><tr><td>100</td><td>100 cm</td><td>2.5 cm</td></tr></tbody></table></div>",Ferragamo,Apparel & Accessories,Accessories,"PrimeStyleAI Demo, PrimeStyleAI Import, Accessories, Belts, female, belt, gancini, ferragamo, calfskin, accessory, gold buckle, demo",TRUE,Color,Black / Gold,Size,95,,,ferragamo-double-gancini-fixed-belt-780417-95-3,0,shopify,100,deny,manual,430.00,,TRUE,TRUE,,,,,FALSE,Women's Leather Belt,A fixed-width Ferragamo belt with a Double Gancini accent and polished gold-tone buckle detailing.,Apparel & Accessories > Clothing Accessories > Belts,female,adult,,new,TRUE,PrimeStyleAI Demo,,,,,https://res.cloudinary.com/dgvtynla7/image/upload/v1779022303/demo/products/ferragamo_double_gancini_fixed_belt_780417/variants/780415/01.webp,lb,,,active
ferragamo-double-gancini-fixed-belt-780417,Women's Leather Belt,"<p>A fixed-width Ferragamo belt with a Double Gancini accent and polished gold-tone buckle detailing.</p>
<p><strong>Material:</strong> Calfskin</p>
<p><strong>Available sizes:</strong> 70, 75, 80, 85, 90, 95, 100</p>
<div class=""primestyle-size-guide""><h3>Ferragamo Double Gancini belt size guide</h3><table><thead><tr><th>Standard</th><th>Belt length</th><th>Width</th></tr></thead><tbody><tr><td>70</td><td>70 cm</td><td>2.5 cm</td></tr><tr><td>75</td><td>75 cm</td><td>2.5 cm</td></tr><tr><td>80</td><td>80 cm</td><td>2.5 cm</td></tr><tr><td>85</td><td>85 cm</td><td>2.5 cm</td></tr><tr><td>90</td><td>90 cm</td><td>2.5 cm</td></tr><tr><td>95</td><td>95 cm</td><td>2.5 cm</td></tr><tr><td>100</td><td>100 cm</td><td>2.5 cm</td></tr></tbody></table></div>",Ferragamo,Apparel & Accessories,Accessories,"PrimeStyleAI Demo, PrimeStyleAI Import, Accessories, Belts, female, belt, gancini, ferragamo, calfskin, accessory, gold buckle, demo",TRUE,Color,Black / Gold,Size,100,,,ferragamo-double-gancini-fixed-belt-780417-100-3,0,shopify,100,deny,manual,430.00,,TRUE,TRUE,,,,,FALSE,Women's Leather Belt,A fixed-width Ferragamo belt with a Double Gancini accent and polished gold-tone buckle detailing.,Apparel & Accessories > Clothing Accessories > Belts,female,adult,,new,TRUE,PrimeStyleAI Demo,,,,,https://res.cloudinary.com/dgvtynla7/image/upload/v1779022303/demo/products/ferragamo_double_gancini_fixed_belt_780417/variants/780415/01.webp,lb,,,active
ferragamo-hug-east-west-shoulder-bag-795208,Women's Shoulder Bag,"<p>A refined East-West Hug shoulder bag with softly sculpted sides, warm Gancini buckle accents, and a contrasting interior.</p>
<p><strong>Material:</strong> Calfskin</p>
<p><strong>Available sizes:</strong> One Size</p>
<div class=""primestyle-size-guide""><h3>Ferragamo Hug East-West shoulder bag dimensions</h3><table><thead><tr><th>Standard</th><th>Height</th><th>Length</th><th>Width</th><th>Handle drop</th></tr></thead><tbody><tr><td>One Size</td><td>5.7 in / 14.5 cm</td><td>12.5 in / 31.8 cm</td><td>3.7 in / 9.4 cm</td><td>9.1 in / 23 cm</td></tr></tbody></table></div>",Ferragamo,Apparel & Accessories,Bags,"PrimeStyleAI Demo, PrimeStyleAI Import, Bags, Shoulder Bags, female, bag, shoulder bag, hug bag, ferragamo, gancini, leather, accessory, demo",TRUE,Color,Black / Burgundy,Size,One Size,,,795208-one-size,0,shopify,100,deny,manual,2900.00,,TRUE,TRUE,,https://res.cloudinary.com/dgvtynla7/image/upload/v1779020553/demo/products/ferragamo_hug_east_west_shoulder_bag_795208/variants/795208/image_01.webp,1,Women's Shoulder Bag,FALSE,Women's Shoulder Bag,"A refined East-West Hug shoulder bag with softly sculpted sides, warm Gancini buckle accents, and a contrasting interior.","Apparel & Accessories > Handbags, Wallets & Cases",female,adult,,new,TRUE,PrimeStyleAI Demo,,,,,https://res.cloudinary.com/dgvtynla7/image/upload/v1779020553/demo/products/ferragamo_hug_east_west_shoulder_bag_795208/variants/795208/image_01.webp,lb,,,active
ferragamo-hug-east-west-shoulder-bag-795208,Women's Shoulder Bag,"<p>A refined East-West Hug shoulder bag with softly sculpted sides, warm Gancini buckle accents, and a contrasting interior.</p>
<p><strong>Material:</strong> Calfskin</p>
<p><strong>Available sizes:</strong> One Size</p>
<div class=""primestyle-size-guide""><h3>Ferragamo Hug East-West shoulder bag dimensions</h3><table><thead><tr><th>Standard</th><th>Height</th><th>Length</th><th>Width</th><th>Handle drop</th></tr></thead><tbody><tr><td>One Size</td><td>5.7 in / 14.5 cm</td><td>12.5 in / 31.8 cm</td><td>3.7 in / 9.4 cm</td><td>9.1 in / 23 cm</td></tr></tbody></table></div>",Ferragamo,Apparel & Accessories,Bags,"PrimeStyleAI Demo, PrimeStyleAI Import, Bags, Shoulder Bags, female, bag, shoulder bag, hug bag, ferragamo, gancini, leather, accessory, demo",TRUE,Color,Olive Green / Black,Size,One Size,,,795283-one-size,0,shopify,100,deny,manual,2900.00,,TRUE,TRUE,,https://res.cloudinary.com/dgvtynla7/image/upload/v1779020557/demo/products/ferragamo_hug_east_west_shoulder_bag_795208/variants/795208/image_02.webp,2,Women's Shoulder Bag,FALSE,Women's Shoulder Bag,"A refined East-West Hug shoulder bag with softly sculpted sides, warm Gancini buckle accents, and a contrasting interior.","Apparel & Accessories > Handbags, Wallets & Cases",female,adult,,new,TRUE,PrimeStyleAI Demo,,,,,https://res.cloudinary.com/dgvtynla7/image/upload/v1779020573/demo/products/ferragamo_hug_east_west_shoulder_bag_795208/variants/795283/image_01.webp,lb,,,active
ferragamo-hug-east-west-shoulder-bag-795208,Women's Shoulder Bag,"<p>A refined East-West Hug shoulder bag with softly sculpted sides, warm Gancini buckle accents, and a contrasting interior.</p>
<p><strong>Material:</strong> Calfskin</p>
<p><strong>Available sizes:</strong> One Size</p>
<div class=""primestyle-size-guide""><h3>Ferragamo Hug East-West shoulder bag dimensions</h3><table><thead><tr><th>Standard</th><th>Height</th><th>Length</th><th>Width</th><th>Handle drop</th></tr></thead><tbody><tr><td>One Size</td><td>5.7 in / 14.5 cm</td><td>12.5 in / 31.8 cm</td><td>3.7 in / 9.4 cm</td><td>9.1 in / 23 cm</td></tr></tbody></table></div>",Ferragamo,Apparel & Accessories,Bags,"PrimeStyleAI Demo, PrimeStyleAI Import, Bags, Shoulder Bags, female, bag, shoulder bag, hug bag, ferragamo, gancini, leather, accessory, demo",TRUE,Color,Cognac Brown / Black,Size,One Size,,,795365-one-size,0,shopify,100,deny,manual,2900.00,,TRUE,TRUE,,https://res.cloudinary.com/dgvtynla7/image/upload/v1779020559/demo/products/ferragamo_hug_east_west_shoulder_bag_795208/variants/795208/image_03.webp,3,Women's Shoulder Bag,FALSE,Women's Shoulder Bag,"A refined East-West Hug shoulder bag with softly sculpted sides, warm Gancini buckle accents, and a contrasting interior.","Apparel & Accessories > Handbags, Wallets & Cases",female,adult,,new,TRUE,PrimeStyleAI Demo,,,,,https://res.cloudinary.com/dgvtynla7/image/upload/v1779020590/demo/products/ferragamo_hug_east_west_shoulder_bag_795208/variants/795365/image_01.webp,lb,,,active
ferragamo-hug-east-west-shoulder-bag-795208,,,,,,,,,,,,,,,,,,,,,,,,,https://res.cloudinary.com/dgvtynla7/image/upload/v1779020561/demo/products/ferragamo_hug_east_west_shoulder_bag_795208/variants/795208/image_04.webp,4,Women's Shoulder Bag,,,,,,,,,,,,,,,,,,,
ferragamo-hug-east-west-shoulder-bag-795208,,,,,,,,,,,,,,,,,,,,,,,,,https://res.cloudinary.com/dgvtynla7/image/upload/v1779020564/demo/products/ferragamo_hug_east_west_shoulder_bag_795208/variants/795208/image_05.webp,5,Women's Shoulder Bag,,,,,,,,,,,,,,,,,,,
ferragamo-hug-east-west-shoulder-bag-795208,,,,,,,,,,,,,,,,,,,,,,,,,https://res.cloudinary.com/dgvtynla7/image/upload/v1779020567/demo/products/ferragamo_hug_east_west_shoulder_bag_795208/variants/795208/image_06.webp,6,Women's Shoulder Bag,,,,,,,,,,,,,,,,,,,
ferragamo-hug-east-west-shoulder-bag-795208,,,,,,,,,,,,,,,,,,,,,,,,,https://res.cloudinary.com/dgvtynla7/image/upload/v1779020571/demo/products/ferragamo_hug_east_west_shoulder_bag_795208/variants/795208/image_07.webp,7,Women's Shoulder Bag,,,,,,,,,,,,,,,,,,,
ferragamo-hug-east-west-shoulder-bag-795208,,,,,,,,,,,,,,,,,,,,,,,,,https://res.cloudinary.com/dgvtynla7/image/upload/v1779020573/demo/products/ferragamo_hug_east_west_shoulder_bag_795208/variants/795283/image_01.webp,8,Women's Shoulder Bag,,,,,,,,,,,,,,,,,,,
ferragamo-hug-east-west-shoulder-bag-795208,,,,,,,,,,,,,,,,,,,,,,,,,https://res.cloudinary.com/dgvtynla7/image/upload/v1779020575/demo/products/ferragamo_hug_east_west_shoulder_bag_795208/variants/795283/image_02.webp,9,Women's Shoulder Bag,,,,,,,,,,,,,,,,,,,
ferragamo-hug-east-west-shoulder-bag-795208,,,,,,,,,,,,,,,,,,,,,,,,,https://res.cloudinary.com/dgvtynla7/image/upload/v1779020577/demo/products/ferragamo_hug_east_west_shoulder_bag_795208/variants/795283/image_03.webp,10,Women's Shoulder Bag,,,,,,,,,,,,,,,,,,,
ferragamo-hug-east-west-shoulder-bag-795208,,,,,,,,,,,,,,,,,,,,,,,,,https://res.cloudinary.com/dgvtynla7/image/upload/v1779020579/demo/products/ferragamo_hug_east_west_shoulder_bag_795208/variants/795283/image_04.webp,11,Women's Shoulder Bag,,,,,,,,,,,,,,,,,,,
ferragamo-hug-east-west-shoulder-bag-795208,,,,,,,,,,,,,,,,,,,,,,,,,https://res.cloudinary.com/dgvtynla7/image/upload/v1779020582/demo/products/ferragamo_hug_east_west_shoulder_bag_795208/variants/795283/image_05.webp,12,Women's Shoulder Bag,,,,,,,,,,,,,,,,,,,
ferragamo-hug-east-west-shoulder-bag-795208,,,,,,,,,,,,,,,,,,,,,,,,,https://res.cloudinary.com/dgvtynla7/image/upload/v1779020585/demo/products/ferragamo_hug_east_west_shoulder_bag_795208/variants/795283/image_06.webp,13,Women's Shoulder Bag,,,,,,,,,,,,,,,,,,,
ferragamo-hug-east-west-shoulder-bag-795208,,,,,,,,,,,,,,,,,,,,,,,,,https://res.cloudinary.com/dgvtynla7/image/upload/v1779020587/demo/products/ferragamo_hug_east_west_shoulder_bag_795208/variants/795283/image_07.webp,14,Women's Shoulder Bag,,,,,,,,,,,,,,,,,,,
ferragamo-hug-east-west-shoulder-bag-795208,,,,,,,,,,,,,,,,,,,,,,,,,https://res.cloudinary.com/dgvtynla7/image/upload/v1779020590/demo/products/ferragamo_hug_east_west_shoulder_bag_795208/variants/795365/image_01.webp,15,Women's Shoulder Bag,,,,,,,,,,,,,,,,,,,
ferragamo-hug-east-west-shoulder-bag-795208,,,,,,,,,,,,,,,,,,,,,,,,,https://res.cloudinary.com/dgvtynla7/image/upload/v1779020593/demo/products/ferragamo_hug_east_west_shoulder_bag_795208/variants/795365/image_02.webp,16,Women's Shoulder Bag,,,,,,,,,,,,,,,,,,,
ferragamo-hug-east-west-shoulder-bag-795208,,,,,,,,,,,,,,,,,,,,,,,,,https://res.cloudinary.com/dgvtynla7/image/upload/v1779020594/demo/products/ferragamo_hug_east_west_shoulder_bag_795208/variants/795365/image_03.webp,17,Women's Shoulder Bag,,,,,,,,,,,,,,,,,,,
ferragamo-hug-east-west-shoulder-bag-795208,,,,,,,,,,,,,,,,,,,,,,,,,https://res.cloudinary.com/dgvtynla7/image/upload/v1779020597/demo/products/ferragamo_hug_east_west_shoulder_bag_795208/variants/795365/image_04.webp,18,Women's Shoulder Bag,,,,,,,,,,,,,,,,,,,
ferragamo-hug-east-west-shoulder-bag-795208,,,,,,,,,,,,,,,,,,,,,,,,,https://res.cloudinary.com/dgvtynla7/image/upload/v1779020599/demo/products/ferragamo_hug_east_west_shoulder_bag_795208/variants/795365/image_05.webp,19,Women's Shoulder Bag,,,,,,,,,,,,,,,,,,,
ferragamo-hug-east-west-shoulder-bag-795208,,,,,,,,,,,,,,,,,,,,,,,,,https://res.cloudinary.com/dgvtynla7/image/upload/v1779020602/demo/products/ferragamo_hug_east_west_shoulder_bag_795208/variants/795365/image_06.webp,20,Women's Shoulder Bag,,,,,,,,,,,,,,,,,,,
ferragamo-hug-east-west-shoulder-bag-795208,,,,,,,,,,,,,,,,,,,,,,,,,https://res.cloudinary.com/dgvtynla7/image/upload/v1779020604/demo/products/ferragamo_hug_east_west_shoulder_bag_795208/variants/795365/image_07.webp,21,Women's Shoulder Bag,,,,,,,,,,,,,,,,,,,
tjr-darkai-14mm-prong-pave-bracelet-moissanite,Pave Diamond Bracelet,"<p>Finely hand crafted prong link chain bracelet with hand set micropavé of VVS moissanite diamonds onto silver 925 with 18kt white and yellow gold two-tone coating. Drawer closure with micropavé cover on the inside with un</p>
<p><strong>Material:</strong> Gold Plated / Silver · 18K · Stone: Moissanite · Stone colour: White</p>
<p><strong>Available sizes:</strong> XS: 16.5cm, S: 18cm, M: 19.5cm, L: 21cm</p>
<div class=""primestyle-size-guide""><h3>Bracelet Size Guide</h3><p>Available sizes from the product variants, with bracelet length in centimeters.</p><table><thead><tr><th>Standard</th><th>Length</th><th>Stone carat</th></tr></thead><tbody><tr><td>XS</td><td>16.5 cm</td><td>9.23 ct</td></tr><tr><td>S</td><td>18 cm</td><td>9.94 ct</td></tr><tr><td>M</td><td>19.5 cm</td><td>10.65 ct</td></tr><tr><td>L</td><td>21 cm</td><td>11.36 ct</td></tr></tbody></table></div>",DARKAI,Apparel & Accessories,Jewelry,"PrimeStyleAI Demo, PrimeStyleAI Import, Jewelry, Bracelets, unisex, category:Bracelets, collection:Fall/Winter 2023, colour-filter:Gold, colour-filter:Silver, colour-filter:White, delivery-time:+4 weeks, designer:DARKAI, gender:Mens, gender:Womens, karat:18K, material:Gold Plated, material:Silver, size:L: 21cm, size:M: 19.5cm, size:S: 18cm, size:XS: 16.5cm, stone:Moissanite, theme:Statement",TRUE,Color,Yellow Gold / Rhodium / White,Size,XS: 16.5cm,,,dfbr0001bgdil-xs,0,shopify,100,deny,manual,8170.00,,TRUE,TRUE,,https://res.cloudinary.com/dgvtynla7/image/upload/v1778933928/demo/products/tjr_darkai_14mm_prong_pave_bracelet_moissanite/0.webp,1,Pave Diamond Bracelet,FALSE,Pave Diamond Bracelet,Finely hand crafted prong link chain bracelet with hand set micropavé of VVS moissanite diamonds onto silver 925 with 18kt white and yellow gold two-tone coating. Drawer closure with micropavé cover on the inside with un,Apparel & Accessories > Jewelry,unisex,adult,,new,TRUE,PrimeStyleAI Demo,,,,,https://res.cloudinary.com/dgvtynla7/image/upload/v1778933928/demo/products/tjr_darkai_14mm_prong_pave_bracelet_moissanite/0.webp,lb,,,active
tjr-darkai-14mm-prong-pave-bracelet-moissanite,Pave Diamond Bracelet,"<p>Finely hand crafted prong link chain bracelet with hand set micropavé of VVS moissanite diamonds onto silver 925 with 18kt white and yellow gold two-tone coating. Drawer closure with micropavé cover on the inside with un</p>
<p><strong>Material:</strong> Gold Plated / Silver · 18K · Stone: Moissanite · Stone colour: White</p>
<p><strong>Available sizes:</strong> XS: 16.5cm, S: 18cm, M: 19.5cm, L: 21cm</p>
<div class=""primestyle-size-guide""><h3>Bracelet Size Guide</h3><p>Available sizes from the product variants, with bracelet length in centimeters.</p><table><thead><tr><th>Standard</th><th>Length</th><th>Stone carat</th></tr></thead><tbody><tr><td>XS</td><td>16.5 cm</td><td>9.23 ct</td></tr><tr><td>S</td><td>18 cm</td><td>9.94 ct</td></tr><tr><td>M</td><td>19.5 cm</td><td>10.65 ct</td></tr><tr><td>L</td><td>21 cm</td><td>11.36 ct</td></tr></tbody></table></div>",DARKAI,Apparel & Accessories,Jewelry,"PrimeStyleAI Demo, PrimeStyleAI Import, Jewelry, Bracelets, unisex, category:Bracelets, collection:Fall/Winter 2023, colour-filter:Gold, colour-filter:Silver, colour-filter:White, delivery-time:+4 weeks, designer:DARKAI, gender:Mens, gender:Womens, karat:18K, material:Gold Plated, material:Silver, size:L: 21cm, size:M: 19.5cm, size:S: 18cm, size:XS: 16.5cm, stone:Moissanite, theme:Statement",TRUE,Color,Yellow Gold / Rhodium / White,Size,S: 18cm,,,dfbr0001bgdil-s,0,shopify,100,deny,manual,8760.00,,TRUE,TRUE,,https://res.cloudinary.com/dgvtynla7/image/upload/v1778933929/demo/products/tjr_darkai_14mm_prong_pave_bracelet_moissanite/1.webp,2,Pave Diamond Bracelet,FALSE,Pave Diamond Bracelet,Finely hand crafted prong link chain bracelet with hand set micropavé of VVS moissanite diamonds onto silver 925 with 18kt white and yellow gold two-tone coating. Drawer closure with micropavé cover on the inside with un,Apparel & Accessories > Jewelry,unisex,adult,,new,TRUE,PrimeStyleAI Demo,,,,,https://res.cloudinary.com/dgvtynla7/image/upload/v1778933928/demo/products/tjr_darkai_14mm_prong_pave_bracelet_moissanite/0.webp,lb,,,active
tjr-darkai-14mm-prong-pave-bracelet-moissanite,Pave Diamond Bracelet,"<p>Finely hand crafted prong link chain bracelet with hand set micropavé of VVS moissanite diamonds onto silver 925 with 18kt white and yellow gold two-tone coating. Drawer closure with micropavé cover on the inside with un</p>
<p><strong>Material:</strong> Gold Plated / Silver · 18K · Stone: Moissanite · Stone colour: White</p>
<p><strong>Available sizes:</strong> XS: 16.5cm, S: 18cm, M: 19.5cm, L: 21cm</p>
<div class=""primestyle-size-guide""><h3>Bracelet Size Guide</h3><p>Available sizes from the product variants, with bracelet length in centimeters.</p><table><thead><tr><th>Standard</th><th>Length</th><th>Stone carat</th></tr></thead><tbody><tr><td>XS</td><td>16.5 cm</td><td>9.23 ct</td></tr><tr><td>S</td><td>18 cm</td><td>9.94 ct</td></tr><tr><td>M</td><td>19.5 cm</td><td>10.65 ct</td></tr><tr><td>L</td><td>21 cm</td><td>11.36 ct</td></tr></tbody></table></div>",DARKAI,Apparel & Accessories,Jewelry,"PrimeStyleAI Demo, PrimeStyleAI Import, Jewelry, Bracelets, unisex, category:Bracelets, collection:Fall/Winter 2023, colour-filter:Gold, colour-filter:Silver, colour-filter:White, delivery-time:+4 weeks, designer:DARKAI, gender:Mens, gender:Womens, karat:18K, material:Gold Plated, material:Silver, size:L: 21cm, size:M: 19.5cm, size:S: 18cm, size:XS: 16.5cm, stone:Moissanite, theme:Statement",TRUE,Color,Yellow Gold / Rhodium / White,Size,M: 19.5cm,,,dfbr0001bgdil-m,0,shopify,100,deny,manual,9435.00,,TRUE,TRUE,,https://res.cloudinary.com/dgvtynla7/image/upload/v1778933931/demo/products/tjr_darkai_14mm_prong_pave_bracelet_moissanite/2.webp,3,Pave Diamond Bracelet,FALSE,Pave Diamond Bracelet,Finely hand crafted prong link chain bracelet with hand set micropavé of VVS moissanite diamonds onto silver 925 with 18kt white and yellow gold two-tone coating. Drawer closure with micropavé cover on the inside with un,Apparel & Accessories > Jewelry,unisex,adult,,new,TRUE,PrimeStyleAI Demo,,,,,https://res.cloudinary.com/dgvtynla7/image/upload/v1778933928/demo/products/tjr_darkai_14mm_prong_pave_bracelet_moissanite/0.webp,lb,,,active
tjr-darkai-14mm-prong-pave-bracelet-moissanite,Pave Diamond Bracelet,"<p>Finely hand crafted prong link chain bracelet with hand set micropavé of VVS moissanite diamonds onto silver 925 with 18kt white and yellow gold two-tone coating. Drawer closure with micropavé cover on the inside with un</p>
<p><strong>Material:</strong> Gold Plated / Silver · 18K · Stone: Moissanite · Stone colour: White</p>
<p><strong>Available sizes:</strong> XS: 16.5cm, S: 18cm, M: 19.5cm, L: 21cm</p>
<div class=""primestyle-size-guide""><h3>Bracelet Size Guide</h3><p>Available sizes from the product variants, with bracelet length in centimeters.</p><table><thead><tr><th>Standard</th><th>Length</th><th>Stone carat</th></tr></thead><tbody><tr><td>XS</td><td>16.5 cm</td><td>9.23 ct</td></tr><tr><td>S</td><td>18 cm</td><td>9.94 ct</td></tr><tr><td>M</td><td>19.5 cm</td><td>10.65 ct</td></tr><tr><td>L</td><td>21 cm</td><td>11.36 ct</td></tr></tbody></table></div>",DARKAI,Apparel & Accessories,Jewelry,"PrimeStyleAI Demo, PrimeStyleAI Import, Jewelry, Bracelets, unisex, category:Bracelets, collection:Fall/Winter 2023, colour-filter:Gold, colour-filter:Silver, colour-filter:White, delivery-time:+4 weeks, designer:DARKAI, gender:Mens, gender:Womens, karat:18K, material:Gold Plated, material:Silver, size:L: 21cm, size:M: 19.5cm, size:S: 18cm, size:XS: 16.5cm, stone:Moissanite, theme:Statement",TRUE,Color,Yellow Gold / Rhodium / White,Size,L: 21cm,,,dfbr0001bgdil-l,0,shopify,100,deny,manual,10020.00,,TRUE,TRUE,,https://res.cloudinary.com/dgvtynla7/image/upload/v1778933932/demo/products/tjr_darkai_14mm_prong_pave_bracelet_moissanite/3.webp,4,Pave Diamond Bracelet,FALSE,Pave Diamond Bracelet,Finely hand crafted prong link chain bracelet with hand set micropavé of VVS moissanite diamonds onto silver 925 with 18kt white and yellow gold two-tone coating. Drawer closure with micropavé cover on the inside with un,Apparel & Accessories > Jewelry,unisex,adult,,new,TRUE,PrimeStyleAI Demo,,,,,https://res.cloudinary.com/dgvtynla7/image/upload/v1778933928/demo/products/tjr_darkai_14mm_prong_pave_bracelet_moissanite/0.webp,lb,,,active
tjr-darkai-14mm-prong-pave-bracelet-moissanite,,,,,,,,,,,,,,,,,,,,,,,,,https://res.cloudinary.com/dgvtynla7/image/upload/v1778933934/demo/products/tjr_darkai_14mm_prong_pave_bracelet_moissanite/4.webp,5,Pave Diamond Bracelet,,,,,,,,,,,,,,,,,,,
tjr-darkai-14mm-prong-pave-bracelet-moissanite,,,,,,,,,,,,,,,,,,,,,,,,,https://res.cloudinary.com/dgvtynla7/image/upload/v1778933936/demo/products/tjr_darkai_14mm_prong_pave_bracelet_moissanite/5.webp,6,Pave Diamond Bracelet,,,,,,,,,,,,,,,,,,,
tjr-darkai-14mm-prong-pave-bracelet-moissanite,,,,,,,,,,,,,,,,,,,,,,,,,https://res.cloudinary.com/dgvtynla7/image/upload/v1778933937/demo/products/tjr_darkai_14mm_prong_pave_bracelet_moissanite/6.webp,7,Pave Diamond Bracelet,,,,,,,,,,,,,,,,,,,
tjr-engelbert-legacy-knot-big-whitegold-black-diamonds-ring,Diamond Knot Ring,"<p>Description This mysterious, dazzling ring comes to you from the Engelbert Absolutely Knot line of jewellery. Crafted in 18 karat whitegold with pavé-set brilliant cut black diamonds with the total weight of 5.60 carats,</p>
<p><strong>Material:</strong> Whitegold · 18K · Stone: Diamond · Stone colour: Black</p>
<p><strong>Available sizes:</strong> 50, 51, 52, 53, 54, 55, 56, 57, 58, 59</p>
<div class=""primestyle-size-guide""><h3>Ring Size Guide</h3><p>Available ring sizes are EU 50-59. Product fit note: choose 2 sizes smaller than your normal size.</p><table><thead><tr><th>Standard</th><th>EU ring size</th><th>Fit note</th></tr></thead><tbody><tr><td>50</td><td>50</td><td>Choose 2 sizes smaller than normal</td></tr><tr><td>51</td><td>51</td><td>Choose 2 sizes smaller than normal</td></tr><tr><td>52</td><td>52</td><td>Choose 2 sizes smaller than normal</td></tr><tr><td>53</td><td>53</td><td>Choose 2 sizes smaller than normal</td></tr><tr><td>54</td><td>54</td><td>Choose 2 sizes smaller than normal</td></tr><tr><td>55</td><td>55</td><td>Choose 2 sizes smaller than normal</td></tr><tr><td>56</td><td>56</td><td>Choose 2 sizes smaller than normal</td></tr><tr><td>57</td><td>57</td><td>Choose 2 sizes smaller than normal</td></tr><tr><td>58</td><td>58</td><td>Choose 2 sizes smaller than normal</td></tr><tr><td>59</td><td>59</td><td>Choose 2 sizes smaller than normal</td></tr></tbody></table></div>",Engelbert,Apparel & Accessories,Jewelry,"PrimeStyleAI Demo, PrimeStyleAI Import, Jewelry, Rings, female, category:Rings, collection:The Legacy Knot, colour-filter:Black, colour-filter:Silver, delivery-time:1-2 weeks, designer:Engelbert, gender:Womens, karat:18K, material:Whitegold, size:50, size:51, size:52, size:53, size:54, size:55, size:56, size:57, size:58, size:59, stone:Diamond, theme:Exclusive, theme:Iconic Piece, theme:Statement, theme:Valentine's Gift",TRUE,Color,Whitegold / Black,Size,50,,,12-5102-565-50,0,shopify,100,deny,manual,110955.00,,TRUE,TRUE,,https://res.cloudinary.com/dgvtynla7/image/upload/v1778933943/demo/products/tjr_engelbert_legacy_knot_big_whitegold_black_diamonds_ring/0.webp,1,Diamond Knot Ring,FALSE,Diamond Knot Ring,"Description This mysterious, dazzling ring comes to you from the Engelbert Absolutely Knot line of jewellery. Crafted in 18 karat whitegold with pavé-set brilliant cut black diamonds with the total weight of 5.60 carats,",Apparel & Accessories > Jewelry,female,adult,,new,TRUE,PrimeStyleAI Demo,,,,,https://res.cloudinary.com/dgvtynla7/image/upload/v1778933943/demo/products/tjr_engelbert_legacy_knot_big_whitegold_black_diamonds_ring/0.webp,lb,,,active
tjr-engelbert-legacy-knot-big-whitegold-black-diamonds-ring,Diamond Knot Ring,"<p>Description This mysterious, dazzling ring comes to you from the Engelbert Absolutely Knot line of jewellery. Crafted in 18 karat whitegold with pavé-set brilliant cut black diamonds with the total weight of 5.60 carats,</p>
<p><strong>Material:</strong> Whitegold · 18K · Stone: Diamond · Stone colour: Black</p>
<p><strong>Available sizes:</strong> 50, 51, 52, 53, 54, 55, 56, 57, 58, 59</p>
<div class=""primestyle-size-guide""><h3>Ring Size Guide</h3><p>Available ring sizes are EU 50-59. Product fit note: choose 2 sizes smaller than your normal size.</p><table><thead><tr><th>Standard</th><th>EU ring size</th><th>Fit note</th></tr></thead><tbody><tr><td>50</td><td>50</td><td>Choose 2 sizes smaller than normal</td></tr><tr><td>51</td><td>51</td><td>Choose 2 sizes smaller than normal</td></tr><tr><td>52</td><td>52</td><td>Choose 2 sizes smaller than normal</td></tr><tr><td>53</td><td>53</td><td>Choose 2 sizes smaller than normal</td></tr><tr><td>54</td><td>54</td><td>Choose 2 sizes smaller than normal</td></tr><tr><td>55</td><td>55</td><td>Choose 2 sizes smaller than normal</td></tr><tr><td>56</td><td>56</td><td>Choose 2 sizes smaller than normal</td></tr><tr><td>57</td><td>57</td><td>Choose 2 sizes smaller than normal</td></tr><tr><td>58</td><td>58</td><td>Choose 2 sizes smaller than normal</td></tr><tr><td>59</td><td>59</td><td>Choose 2 sizes smaller than normal</td></tr></tbody></table></div>",Engelbert,Apparel & Accessories,Jewelry,"PrimeStyleAI Demo, PrimeStyleAI Import, Jewelry, Rings, female, category:Rings, collection:The Legacy Knot, colour-filter:Black, colour-filter:Silver, delivery-time:1-2 weeks, designer:Engelbert, gender:Womens, karat:18K, material:Whitegold, size:50, size:51, size:52, size:53, size:54, size:55, size:56, size:57, size:58, size:59, stone:Diamond, theme:Exclusive, theme:Iconic Piece, theme:Statement, theme:Valentine's Gift",TRUE,Color,Whitegold / Black,Size,51,,,12-5102-565-51,0,shopify,100,deny,manual,110955.00,,TRUE,TRUE,,https://res.cloudinary.com/dgvtynla7/image/upload/v1778933944/demo/products/tjr_engelbert_legacy_knot_big_whitegold_black_diamonds_ring/1.webp,2,Diamond Knot Ring,FALSE,Diamond Knot Ring,"Description This mysterious, dazzling ring comes to you from the Engelbert Absolutely Knot line of jewellery. Crafted in 18 karat whitegold with pavé-set brilliant cut black diamonds with the total weight of 5.60 carats,",Apparel & Accessories > Jewelry,female,adult,,new,TRUE,PrimeStyleAI Demo,,,,,https://res.cloudinary.com/dgvtynla7/image/upload/v1778933943/demo/products/tjr_engelbert_legacy_knot_big_whitegold_black_diamonds_ring/0.webp,lb,,,active
tjr-engelbert-legacy-knot-big-whitegold-black-diamonds-ring,Diamond Knot Ring,"<p>Description This mysterious, dazzling ring comes to you from the Engelbert Absolutely Knot line of jewellery. Crafted in 18 karat whitegold with pavé-set brilliant cut black diamonds with the total weight of 5.60 carats,</p>
<p><strong>Material:</strong> Whitegold · 18K · Stone: Diamond · Stone colour: Black</p>
<p><strong>Available sizes:</strong> 50, 51, 52, 53, 54, 55, 56, 57, 58, 59</p>
<div class=""primestyle-size-guide""><h3>Ring Size Guide</h3><p>Available ring sizes are EU 50-59. Product fit note: choose 2 sizes smaller than your normal size.</p><table><thead><tr><th>Standard</th><th>EU ring size</th><th>Fit note</th></tr></thead><tbody><tr><td>50</td><td>50</td><td>Choose 2 sizes smaller than normal</td></tr><tr><td>51</td><td>51</td><td>Choose 2 sizes smaller than normal</td></tr><tr><td>52</td><td>52</td><td>Choose 2 sizes smaller than normal</td></tr><tr><td>53</td><td>53</td><td>Choose 2 sizes smaller than normal</td></tr><tr><td>54</td><td>54</td><td>Choose 2 sizes smaller than normal</td></tr><tr><td>55</td><td>55</td><td>Choose 2 sizes smaller than normal</td></tr><tr><td>56</td><td>56</td><td>Choose 2 sizes smaller than normal</td></tr><tr><td>57</td><td>57</td><td>Choose 2 sizes smaller than normal</td></tr><tr><td>58</td><td>58</td><td>Choose 2 sizes smaller than normal</td></tr><tr><td>59</td><td>59</td><td>Choose 2 sizes smaller than normal</td></tr></tbody></table></div>",Engelbert,Apparel & Accessories,Jewelry,"PrimeStyleAI Demo, PrimeStyleAI Import, Jewelry, Rings, female, category:Rings, collection:The Legacy Knot, colour-filter:Black, colour-filter:Silver, delivery-time:1-2 weeks, designer:Engelbert, gender:Womens, karat:18K, material:Whitegold, size:50, size:51, size:52, size:53, size:54, size:55, size:56, size:57, size:58, size:59, stone:Diamond, theme:Exclusive, theme:Iconic Piece, theme:Statement, theme:Valentine's Gift",TRUE,Color,Whitegold / Black,Size,52,,,12-5102-565-52,0,shopify,100,deny,manual,110955.00,,TRUE,TRUE,,https://res.cloudinary.com/dgvtynla7/image/upload/v1778933946/demo/products/tjr_engelbert_legacy_knot_big_whitegold_black_diamonds_ring/2.webp,3,Diamond Knot Ring,FALSE,Diamond Knot Ring,"Description This mysterious, dazzling ring comes to you from the Engelbert Absolutely Knot line of jewellery. Crafted in 18 karat whitegold with pavé-set brilliant cut black diamonds with the total weight of 5.60 carats,",Apparel & Accessories > Jewelry,female,adult,,new,TRUE,PrimeStyleAI Demo,,,,,https://res.cloudinary.com/dgvtynla7/image/upload/v1778933943/demo/products/tjr_engelbert_legacy_knot_big_whitegold_black_diamonds_ring/0.webp,lb,,,active
tjr-engelbert-legacy-knot-big-whitegold-black-diamonds-ring,Diamond Knot Ring,"<p>Description This mysterious, dazzling ring comes to you from the Engelbert Absolutely Knot line of jewellery. Crafted in 18 karat whitegold with pavé-set brilliant cut black diamonds with the total weight of 5.60 carats,</p>
<p><strong>Material:</strong> Whitegold · 18K · Stone: Diamond · Stone colour: Black</p>
<p><strong>Available sizes:</strong> 50, 51, 52, 53, 54, 55, 56, 57, 58, 59</p>
<div class=""primestyle-size-guide""><h3>Ring Size Guide</h3><p>Available ring sizes are EU 50-59. Product fit note: choose 2 sizes smaller than your normal size.</p><table><thead><tr><th>Standard</th><th>EU ring size</th><th>Fit note</th></tr></thead><tbody><tr><td>50</td><td>50</td><td>Choose 2 sizes smaller than normal</td></tr><tr><td>51</td><td>51</td><td>Choose 2 sizes smaller than normal</td></tr><tr><td>52</td><td>52</td><td>Choose 2 sizes smaller than normal</td></tr><tr><td>53</td><td>53</td><td>Choose 2 sizes smaller than normal</td></tr><tr><td>54</td><td>54</td><td>Choose 2 sizes smaller than normal</td></tr><tr><td>55</td><td>55</td><td>Choose 2 sizes smaller than normal</td></tr><tr><td>56</td><td>56</td><td>Choose 2 sizes smaller than normal</td></tr><tr><td>57</td><td>57</td><td>Choose 2 sizes smaller than normal</td></tr><tr><td>58</td><td>58</td><td>Choose 2 sizes smaller than normal</td></tr><tr><td>59</td><td>59</td><td>Choose 2 sizes smaller than normal</td></tr></tbody></table></div>",Engelbert,Apparel & Accessories,Jewelry,"PrimeStyleAI Demo, PrimeStyleAI Import, Jewelry, Rings, female, category:Rings, collection:The Legacy Knot, colour-filter:Black, colour-filter:Silver, delivery-time:1-2 weeks, designer:Engelbert, gender:Womens, karat:18K, material:Whitegold, size:50, size:51, size:52, size:53, size:54, size:55, size:56, size:57, size:58, size:59, stone:Diamond, theme:Exclusive, theme:Iconic Piece, theme:Statement, theme:Valentine's Gift",TRUE,Color,Whitegold / Black,Size,53,,,12-5102-565-53,0,shopify,100,deny,manual,110955.00,,TRUE,TRUE,,,,,FALSE,Diamond Knot Ring,"Description This mysterious, dazzling ring comes to you from the Engelbert Absolutely Knot line of jewellery. Crafted in 18 karat whitegold with pavé-set brilliant cut black diamonds with the total weight of 5.60 carats,",Apparel & Accessories > Jewelry,female,adult,,new,TRUE,PrimeStyleAI Demo,,,,,https://res.cloudinary.com/dgvtynla7/image/upload/v1778933943/demo/products/tjr_engelbert_legacy_knot_big_whitegold_black_diamonds_ring/0.webp,lb,,,active
tjr-engelbert-legacy-knot-big-whitegold-black-diamonds-ring,Diamond Knot Ring,"<p>Description This mysterious, dazzling ring comes to you from the Engelbert Absolutely Knot line of jewellery. Crafted in 18 karat whitegold with pavé-set brilliant cut black diamonds with the total weight of 5.60 carats,</p>
<p><strong>Material:</strong> Whitegold · 18K · Stone: Diamond · Stone colour: Black</p>
<p><strong>Available sizes:</strong> 50, 51, 52, 53, 54, 55, 56, 57, 58, 59</p>
<div class=""primestyle-size-guide""><h3>Ring Size Guide</h3><p>Available ring sizes are EU 50-59. Product fit note: choose 2 sizes smaller than your normal size.</p><table><thead><tr><th>Standard</th><th>EU ring size</th><th>Fit note</th></tr></thead><tbody><tr><td>50</td><td>50</td><td>Choose 2 sizes smaller than normal</td></tr><tr><td>51</td><td>51</td><td>Choose 2 sizes smaller than normal</td></tr><tr><td>52</td><td>52</td><td>Choose 2 sizes smaller than normal</td></tr><tr><td>53</td><td>53</td><td>Choose 2 sizes smaller than normal</td></tr><tr><td>54</td><td>54</td><td>Choose 2 sizes smaller than normal</td></tr><tr><td>55</td><td>55</td><td>Choose 2 sizes smaller than normal</td></tr><tr><td>56</td><td>56</td><td>Choose 2 sizes smaller than normal</td></tr><tr><td>57</td><td>57</td><td>Choose 2 sizes smaller than normal</td></tr><tr><td>58</td><td>58</td><td>Choose 2 sizes smaller than normal</td></tr><tr><td>59</td><td>59</td><td>Choose 2 sizes smaller than normal</td></tr></tbody></table></div>",Engelbert,Apparel & Accessories,Jewelry,"PrimeStyleAI Demo, PrimeStyleAI Import, Jewelry, Rings, female, category:Rings, collection:The Legacy Knot, colour-filter:Black, colour-filter:Silver, delivery-time:1-2 weeks, designer:Engelbert, gender:Womens, karat:18K, material:Whitegold, size:50, size:51, size:52, size:53, size:54, size:55, size:56, size:57, size:58, size:59, stone:Diamond, theme:Exclusive, theme:Iconic Piece, theme:Statement, theme:Valentine's Gift",TRUE,Color,Whitegold / Black,Size,54,,,12-5102-565-54,0,shopify,100,deny,manual,110955.00,,TRUE,TRUE,,,,,FALSE,Diamond Knot Ring,"Description This mysterious, dazzling ring comes to you from the Engelbert Absolutely Knot line of jewellery. Crafted in 18 karat whitegold with pavé-set brilliant cut black diamonds with the total weight of 5.60 carats,",Apparel & Accessories > Jewelry,female,adult,,new,TRUE,PrimeStyleAI Demo,,,,,https://res.cloudinary.com/dgvtynla7/image/upload/v1778933943/demo/products/tjr_engelbert_legacy_knot_big_whitegold_black_diamonds_ring/0.webp,lb,,,active
tjr-engelbert-legacy-knot-big-whitegold-black-diamonds-ring,Diamond Knot Ring,"<p>Description This mysterious, dazzling ring comes to you from the Engelbert Absolutely Knot line of jewellery. Crafted in 18 karat whitegold with pavé-set brilliant cut black diamonds with the total weight of 5.60 carats,</p>
<p><strong>Material:</strong> Whitegold · 18K · Stone: Diamond · Stone colour: Black</p>
<p><strong>Available sizes:</strong> 50, 51, 52, 53, 54, 55, 56, 57, 58, 59</p>
<div class=""primestyle-size-guide""><h3>Ring Size Guide</h3><p>Available ring sizes are EU 50-59. Product fit note: choose 2 sizes smaller than your normal size.</p><table><thead><tr><th>Standard</th><th>EU ring size</th><th>Fit note</th></tr></thead><tbody><tr><td>50</td><td>50</td><td>Choose 2 sizes smaller than normal</td></tr><tr><td>51</td><td>51</td><td>Choose 2 sizes smaller than normal</td></tr><tr><td>52</td><td>52</td><td>Choose 2 sizes smaller than normal</td></tr><tr><td>53</td><td>53</td><td>Choose 2 sizes smaller than normal</td></tr><tr><td>54</td><td>54</td><td>Choose 2 sizes smaller than normal</td></tr><tr><td>55</td><td>55</td><td>Choose 2 sizes smaller than normal</td></tr><tr><td>56</td><td>56</td><td>Choose 2 sizes smaller than normal</td></tr><tr><td>57</td><td>57</td><td>Choose 2 sizes smaller than normal</td></tr><tr><td>58</td><td>58</td><td>Choose 2 sizes smaller than normal</td></tr><tr><td>59</td><td>59</td><td>Choose 2 sizes smaller than normal</td></tr></tbody></table></div>",Engelbert,Apparel & Accessories,Jewelry,"PrimeStyleAI Demo, PrimeStyleAI Import, Jewelry, Rings, female, category:Rings, collection:The Legacy Knot, colour-filter:Black, colour-filter:Silver, delivery-time:1-2 weeks, designer:Engelbert, gender:Womens, karat:18K, material:Whitegold, size:50, size:51, size:52, size:53, size:54, size:55, size:56, size:57, size:58, size:59, stone:Diamond, theme:Exclusive, theme:Iconic Piece, theme:Statement, theme:Valentine's Gift",TRUE,Color,Whitegold / Black,Size,55,,,12-5102-565-55,0,shopify,100,deny,manual,110955.00,,TRUE,TRUE,,,,,FALSE,Diamond Knot Ring,"Description This mysterious, dazzling ring comes to you from the Engelbert Absolutely Knot line of jewellery. Crafted in 18 karat whitegold with pavé-set brilliant cut black diamonds with the total weight of 5.60 carats,",Apparel & Accessories > Jewelry,female,adult,,new,TRUE,PrimeStyleAI Demo,,,,,https://res.cloudinary.com/dgvtynla7/image/upload/v1778933943/demo/products/tjr_engelbert_legacy_knot_big_whitegold_black_diamonds_ring/0.webp,lb,,,active
tjr-engelbert-legacy-knot-big-whitegold-black-diamonds-ring,Diamond Knot Ring,"<p>Description This mysterious, dazzling ring comes to you from the Engelbert Absolutely Knot line of jewellery. Crafted in 18 karat whitegold with pavé-set brilliant cut black diamonds with the total weight of 5.60 carats,</p>
<p><strong>Material:</strong> Whitegold · 18K · Stone: Diamond · Stone colour: Black</p>
<p><strong>Available sizes:</strong> 50, 51, 52, 53, 54, 55, 56, 57, 58, 59</p>
<div class=""primestyle-size-guide""><h3>Ring Size Guide</h3><p>Available ring sizes are EU 50-59. Product fit note: choose 2 sizes smaller than your normal size.</p><table><thead><tr><th>Standard</th><th>EU ring size</th><th>Fit note</th></tr></thead><tbody><tr><td>50</td><td>50</td><td>Choose 2 sizes smaller than normal</td></tr><tr><td>51</td><td>51</td><td>Choose 2 sizes smaller than normal</td></tr><tr><td>52</td><td>52</td><td>Choose 2 sizes smaller than normal</td></tr><tr><td>53</td><td>53</td><td>Choose 2 sizes smaller than normal</td></tr><tr><td>54</td><td>54</td><td>Choose 2 sizes smaller than normal</td></tr><tr><td>55</td><td>55</td><td>Choose 2 sizes smaller than normal</td></tr><tr><td>56</td><td>56</td><td>Choose 2 sizes smaller than normal</td></tr><tr><td>57</td><td>57</td><td>Choose 2 sizes smaller than normal</td></tr><tr><td>58</td><td>58</td><td>Choose 2 sizes smaller than normal</td></tr><tr><td>59</td><td>59</td><td>Choose 2 sizes smaller than normal</td></tr></tbody></table></div>",Engelbert,Apparel & Accessories,Jewelry,"PrimeStyleAI Demo, PrimeStyleAI Import, Jewelry, Rings, female, category:Rings, collection:The Legacy Knot, colour-filter:Black, colour-filter:Silver, delivery-time:1-2 weeks, designer:Engelbert, gender:Womens, karat:18K, material:Whitegold, size:50, size:51, size:52, size:53, size:54, size:55, size:56, size:57, size:58, size:59, stone:Diamond, theme:Exclusive, theme:Iconic Piece, theme:Statement, theme:Valentine's Gift",TRUE,Color,Whitegold / Black,Size,56,,,12-5102-565-56,0,shopify,100,deny,manual,110955.00,,TRUE,TRUE,,,,,FALSE,Diamond Knot Ring,"Description This mysterious, dazzling ring comes to you from the Engelbert Absolutely Knot line of jewellery. Crafted in 18 karat whitegold with pavé-set brilliant cut black diamonds with the total weight of 5.60 carats,",Apparel & Accessories > Jewelry,female,adult,,new,TRUE,PrimeStyleAI Demo,,,,,https://res.cloudinary.com/dgvtynla7/image/upload/v1778933943/demo/products/tjr_engelbert_legacy_knot_big_whitegold_black_diamonds_ring/0.webp,lb,,,active
tjr-engelbert-legacy-knot-big-whitegold-black-diamonds-ring,Diamond Knot Ring,"<p>Description This mysterious, dazzling ring comes to you from the Engelbert Absolutely Knot line of jewellery. Crafted in 18 karat whitegold with pavé-set brilliant cut black diamonds with the total weight of 5.60 carats,</p>
<p><strong>Material:</strong> Whitegold · 18K · Stone: Diamond · Stone colour: Black</p>
<p><strong>Available sizes:</strong> 50, 51, 52, 53, 54, 55, 56, 57, 58, 59</p>
<div class=""primestyle-size-guide""><h3>Ring Size Guide</h3><p>Available ring sizes are EU 50-59. Product fit note: choose 2 sizes smaller than your normal size.</p><table><thead><tr><th>Standard</th><th>EU ring size</th><th>Fit note</th></tr></thead><tbody><tr><td>50</td><td>50</td><td>Choose 2 sizes smaller than normal</td></tr><tr><td>51</td><td>51</td><td>Choose 2 sizes smaller than normal</td></tr><tr><td>52</td><td>52</td><td>Choose 2 sizes smaller than normal</td></tr><tr><td>53</td><td>53</td><td>Choose 2 sizes smaller than normal</td></tr><tr><td>54</td><td>54</td><td>Choose 2 sizes smaller than normal</td></tr><tr><td>55</td><td>55</td><td>Choose 2 sizes smaller than normal</td></tr><tr><td>56</td><td>56</td><td>Choose 2 sizes smaller than normal</td></tr><tr><td>57</td><td>57</td><td>Choose 2 sizes smaller than normal</td></tr><tr><td>58</td><td>58</td><td>Choose 2 sizes smaller than normal</td></tr><tr><td>59</td><td>59</td><td>Choose 2 sizes smaller than normal</td></tr></tbody></table></div>",Engelbert,Apparel & Accessories,Jewelry,"PrimeStyleAI Demo, PrimeStyleAI Import, Jewelry, Rings, female, category:Rings, collection:The Legacy Knot, colour-filter:Black, colour-filter:Silver, delivery-time:1-2 weeks, designer:Engelbert, gender:Womens, karat:18K, material:Whitegold, size:50, size:51, size:52, size:53, size:54, size:55, size:56, size:57, size:58, size:59, stone:Diamond, theme:Exclusive, theme:Iconic Piece, theme:Statement, theme:Valentine's Gift",TRUE,Color,Whitegold / Black,Size,57,,,12-5102-565-57,0,shopify,100,deny,manual,110955.00,,TRUE,TRUE,,,,,FALSE,Diamond Knot Ring,"Description This mysterious, dazzling ring comes to you from the Engelbert Absolutely Knot line of jewellery. Crafted in 18 karat whitegold with pavé-set brilliant cut black diamonds with the total weight of 5.60 carats,",Apparel & Accessories > Jewelry,female,adult,,new,TRUE,PrimeStyleAI Demo,,,,,https://res.cloudinary.com/dgvtynla7/image/upload/v1778933943/demo/products/tjr_engelbert_legacy_knot_big_whitegold_black_diamonds_ring/0.webp,lb,,,active
tjr-engelbert-legacy-knot-big-whitegold-black-diamonds-ring,Diamond Knot Ring,"<p>Description This mysterious, dazzling ring comes to you from the Engelbert Absolutely Knot line of jewellery. Crafted in 18 karat whitegold with pavé-set brilliant cut black diamonds with the total weight of 5.60 carats,</p>
<p><strong>Material:</strong> Whitegold · 18K · Stone: Diamond · Stone colour: Black</p>
<p><strong>Available sizes:</strong> 50, 51, 52, 53, 54, 55, 56, 57, 58, 59</p>
<div class=""primestyle-size-guide""><h3>Ring Size Guide</h3><p>Available ring sizes are EU 50-59. Product fit note: choose 2 sizes smaller than your normal size.</p><table><thead><tr><th>Standard</th><th>EU ring size</th><th>Fit note</th></tr></thead><tbody><tr><td>50</td><td>50</td><td>Choose 2 sizes smaller than normal</td></tr><tr><td>51</td><td>51</td><td>Choose 2 sizes smaller than normal</td></tr><tr><td>52</td><td>52</td><td>Choose 2 sizes smaller than normal</td></tr><tr><td>53</td><td>53</td><td>Choose 2 sizes smaller than normal</td></tr><tr><td>54</td><td>54</td><td>Choose 2 sizes smaller than normal</td></tr><tr><td>55</td><td>55</td><td>Choose 2 sizes smaller than normal</td></tr><tr><td>56</td><td>56</td><td>Choose 2 sizes smaller than normal</td></tr><tr><td>57</td><td>57</td><td>Choose 2 sizes smaller than normal</td></tr><tr><td>58</td><td>58</td><td>Choose 2 sizes smaller than normal</td></tr><tr><td>59</td><td>59</td><td>Choose 2 sizes smaller than normal</td></tr></tbody></table></div>",Engelbert,Apparel & Accessories,Jewelry,"PrimeStyleAI Demo, PrimeStyleAI Import, Jewelry, Rings, female, category:Rings, collection:The Legacy Knot, colour-filter:Black, colour-filter:Silver, delivery-time:1-2 weeks, designer:Engelbert, gender:Womens, karat:18K, material:Whitegold, size:50, size:51, size:52, size:53, size:54, size:55, size:56, size:57, size:58, size:59, stone:Diamond, theme:Exclusive, theme:Iconic Piece, theme:Statement, theme:Valentine's Gift",TRUE,Color,Whitegold / Black,Size,58,,,12-5102-565-58,0,shopify,100,deny,manual,110955.00,,TRUE,TRUE,,,,,FALSE,Diamond Knot Ring,"Description This mysterious, dazzling ring comes to you from the Engelbert Absolutely Knot line of jewellery. Crafted in 18 karat whitegold with pavé-set brilliant cut black diamonds with the total weight of 5.60 carats,",Apparel & Accessories > Jewelry,female,adult,,new,TRUE,PrimeStyleAI Demo,,,,,https://res.cloudinary.com/dgvtynla7/image/upload/v1778933943/demo/products/tjr_engelbert_legacy_knot_big_whitegold_black_diamonds_ring/0.webp,lb,,,active
tjr-engelbert-legacy-knot-big-whitegold-black-diamonds-ring,Diamond Knot Ring,"<p>Description This mysterious, dazzling ring comes to you from the Engelbert Absolutely Knot line of jewellery. Crafted in 18 karat whitegold with pavé-set brilliant cut black diamonds with the total weight of 5.60 carats,</p>
<p><strong>Material:</strong> Whitegold · 18K · Stone: Diamond · Stone colour: Black</p>
<p><strong>Available sizes:</strong> 50, 51, 52, 53, 54, 55, 56, 57, 58, 59</p>
<div class=""primestyle-size-guide""><h3>Ring Size Guide</h3><p>Available ring sizes are EU 50-59. Product fit note: choose 2 sizes smaller than your normal size.</p><table><thead><tr><th>Standard</th><th>EU ring size</th><th>Fit note</th></tr></thead><tbody><tr><td>50</td><td>50</td><td>Choose 2 sizes smaller than normal</td></tr><tr><td>51</td><td>51</td><td>Choose 2 sizes smaller than normal</td></tr><tr><td>52</td><td>52</td><td>Choose 2 sizes smaller than normal</td></tr><tr><td>53</td><td>53</td><td>Choose 2 sizes smaller than normal</td></tr><tr><td>54</td><td>54</td><td>Choose 2 sizes smaller than normal</td></tr><tr><td>55</td><td>55</td><td>Choose 2 sizes smaller than normal</td></tr><tr><td>56</td><td>56</td><td>Choose 2 sizes smaller than normal</td></tr><tr><td>57</td><td>57</td><td>Choose 2 sizes smaller than normal</td></tr><tr><td>58</td><td>58</td><td>Choose 2 sizes smaller than normal</td></tr><tr><td>59</td><td>59</td><td>Choose 2 sizes smaller than normal</td></tr></tbody></table></div>",Engelbert,Apparel & Accessories,Jewelry,"PrimeStyleAI Demo, PrimeStyleAI Import, Jewelry, Rings, female, category:Rings, collection:The Legacy Knot, colour-filter:Black, colour-filter:Silver, delivery-time:1-2 weeks, designer:Engelbert, gender:Womens, karat:18K, material:Whitegold, size:50, size:51, size:52, size:53, size:54, size:55, size:56, size:57, size:58, size:59, stone:Diamond, theme:Exclusive, theme:Iconic Piece, theme:Statement, theme:Valentine's Gift",TRUE,Color,Whitegold / Black,Size,59,,,12-5102-565-59,0,shopify,100,deny,manual,110955.00,,TRUE,TRUE,,,,,FALSE,Diamond Knot Ring,"Description This mysterious, dazzling ring comes to you from the Engelbert Absolutely Knot line of jewellery. Crafted in 18 karat whitegold with pavé-set brilliant cut black diamonds with the total weight of 5.60 carats,",Apparel & Accessories > Jewelry,female,adult,,new,TRUE,PrimeStyleAI Demo,,,,,https://res.cloudinary.com/dgvtynla7/image/upload/v1778933943/demo/products/tjr_engelbert_legacy_knot_big_whitegold_black_diamonds_ring/0.webp,lb,,,active
tjr-georg-jensen-daisy-11mm-gold-plated-earrings,Gold Plated Earrings,"<p>Description Adorable in their simplicity, the Daisy Earrings are made of sterling silver and gold plated with 18 karat gold. The daisy flower with its delicate white enamel petals, delineated with golden lines, expresses</p>
<p><strong>Material:</strong> Gold Plated</p>
<p><strong>Available sizes:</strong> One Size</p>
<div class=""primestyle-size-guide""><h3>Earring Size Guide</h3><p>The product detail lists the daisy earring diameter as 11 mm.</p><table><thead><tr><th>Standard</th><th>Diameter</th><th>Sold as</th></tr></thead><tbody><tr><td>One Size</td><td>11 mm</td><td>Pair</td></tr></tbody></table></div>",Georg Jensen,Apparel & Accessories,Jewelry,"PrimeStyleAI Demo, PrimeStyleAI Import, Jewelry, Earrings, female, category:Earrings, collection:Daisy, colour-filter:Gold, colour-filter:White, delivery-time:1-3 days, designer:Georg Jensen, gender:Womens, material:Gold Plated, stone:No Stone, theme:Bestseller, theme:Classic, theme:Elegant, theme:Flower, theme:Great gift, theme:Iconic Piece, theme:Modern, theme:Valentine's Gift",TRUE,Color,Gold / White,Size,One Size,,,3539207,0,shopify,100,deny,manual,1400.00,,TRUE,TRUE,,https://res.cloudinary.com/dgvtynla7/image/upload/v1778933951/demo/products/tjr_georg_jensen_daisy_11mm_gold_plated_earrings/0.webp,1,Gold Plated Earrings,FALSE,Gold Plated Earrings,"Description Adorable in their simplicity, the Daisy Earrings are made of sterling silver and gold plated with 18 karat gold. The daisy flower with its delicate white enamel petals, delineated with golden lines, expresses",Apparel & Accessories > Jewelry,female,adult,,new,TRUE,PrimeStyleAI Demo,,,,,https://res.cloudinary.com/dgvtynla7/image/upload/v1778933951/demo/products/tjr_georg_jensen_daisy_11mm_gold_plated_earrings/0.webp,lb,,,active
tjr-georg-jensen-daisy-11mm-gold-plated-earrings,,,,,,,,,,,,,,,,,,,,,,,,,https://res.cloudinary.com/dgvtynla7/image/upload/v1778933953/demo/products/tjr_georg_jensen_daisy_11mm_gold_plated_earrings/1.webp,2,Gold Plated Earrings,,,,,,,,,,,,,,,,,,,
tjr-georg-jensen-daisy-11mm-gold-plated-earrings,,,,,,,,,,,,,,,,,,,,,,,,,https://res.cloudinary.com/dgvtynla7/image/upload/v1778933954/demo/products/tjr_georg_jensen_daisy_11mm_gold_plated_earrings/2.webp,3,Gold Plated Earrings,,,,,,,,,,,,,,,,,,,
tjr-carre-10k-gold-heart-pendant-aquamarine-diamond,Gold Pendant Necklace,"<p>Pendant in 10 karat gold set with an 8mm heart shaped blue Aquamarine and a 0,005 carat brilliant cut Champagne Diamond. The aquamarine is of the &#39;Milky&#39; quality which means it has a fine milky and semi-transparent textu</p>
<p><strong>Material:</strong> Gold · 10K · Stone: Aquamarine / Diamond · Stone colour: Blue / White</p>
<p><strong>Available sizes:</strong> One Size</p>
<div class=""primestyle-size-guide""><h3>Pendant Size Guide</h3><p>This pendant is sold without a chain. The product detail lists the pendant length as 8 mm.</p><table><thead><tr><th>Standard</th><th>Pendant length</th><th>Chain included</th></tr></thead><tbody><tr><td>One Size</td><td>8 mm</td><td>No</td></tr></tbody></table></div>",Carré Jewellery,Apparel & Accessories,Jewelry,"PrimeStyleAI Demo, PrimeStyleAI Import, Jewelry, Necklaces, female, category:Necklaces, category:Pendants, colour-filter:Blue, colour-filter:Gold, colour-filter:White, delivery-time:1-3 days, designer:Carré Jewellery, gender:Womens, karat:10K, material:Gold, stone:Aquamarine, stone:Diamond, theme:Classic, theme:Delicate, theme:Gift graduation, theme:Great gift, theme:Heart, theme:Minimalistic",TRUE,Color,Gold / Blue / White,Size,One Size,,,tl4487aqdi-8,0,shopify,100,deny,manual,1690.00,,TRUE,TRUE,,https://res.cloudinary.com/dgvtynla7/image/upload/v1778933923/demo/products/tjr_carre_10k_gold_heart_pendant_aquamarine_diamond/0.webp,1,Gold Pendant Necklace,FALSE,Gold Pendant Necklace,"Pendant in 10 karat gold set with an 8mm heart shaped blue Aquamarine and a 0,005 carat brilliant cut Champagne Diamond. The aquamarine is of the 'Milky' quality which means it has a fine milky and semi-transparent textu",Apparel & Accessories > Jewelry,female,adult,,new,TRUE,PrimeStyleAI Demo,,,,,https://res.cloudinary.com/dgvtynla7/image/upload/v1778933923/demo/products/tjr_carre_10k_gold_heart_pendant_aquamarine_diamond/0.webp,lb,,,active
tjr-carre-10k-gold-heart-pendant-aquamarine-diamond,,,,,,,,,,,,,,,,,,,,,,,,,https://res.cloudinary.com/dgvtynla7/image/upload/v1778933925/demo/products/tjr_carre_10k_gold_heart_pendant_aquamarine_diamond/1.webp,2,Gold Pendant Necklace,,,,,,,,,,,,,,,,,,,
tjr-carre-10k-gold-heart-pendant-aquamarine-diamond,,,,,,,,,,,,,,,,,,,,,,,,,https://res.cloudinary.com/dgvtynla7/image/upload/v1778933926/demo/products/tjr_carre_10k_gold_heart_pendant_aquamarine_diamond/2.webp,3,Gold Pendant Necklace,,,,,,,,,,,,,,,,,,,
lockhatters-august-scallop-edge-panama-hat,Women's Panama Hat,"<p>A handcrafted scallop-edge Panama hat in natural straw with a deep red ribbon band.</p>
<p><strong>Material:</strong> 100% toquilla palm straw with deep red band and elastic sweatband</p>
<p><strong>Available sizes:</strong> Small, Medium, Large</p>
<div class=""primestyle-size-guide""><h3>Lock &amp; Co. Hat Size Guide</h3><p>Hat sizing from Lock &amp; Co. for the August Scallop Edge Panama Hat. Measure around the head at mid-forehead and just above the ears, then compare with the chart.</p><table><thead><tr><th>Standard</th><th>EU / Head circumference (cm)</th><th>US</th><th>UK</th><th>Inches</th></tr></thead><tbody><tr><td>Small</td><td>55-56</td><td>6⅞-7</td><td>6¾-6⅞</td><td>21½-22</td></tr><tr><td>Medium</td><td>57-58</td><td>7⅛-7¼</td><td>7-7⅛</td><td>22½-22⅞</td></tr><tr><td>Large</td><td>59-60</td><td>7⅜-7½</td><td>7¼-7⅜</td><td>23¼-23⅝</td></tr></tbody></table></div>",Lock & Co. Hatters,Apparel & Accessories,Hats,"PrimeStyleAI Demo, PrimeStyleAI Import, Hats, Panama Hats, female, hat, panama, straw, women, summer, wide brim, scallop edge, accessory",TRUE,Color,Natural / Deep Red,Size,Small,,,5059860057063,0,shopify,100,deny,manual,395.00,,TRUE,TRUE,,https://res.cloudinary.com/dgvtynla7/image/upload/v1778933918/demo/products/lockhatters_august_scallop_edge_panama_hat/0.webp,1,Women's Panama Hat,FALSE,Women's Panama Hat,A handcrafted scallop-edge Panama hat in natural straw with a deep red ribbon band.,Apparel & Accessories > Clothing Accessories > Hats,female,adult,,new,TRUE,PrimeStyleAI Demo,,,,,https://res.cloudinary.com/dgvtynla7/image/upload/v1778933918/demo/products/lockhatters_august_scallop_edge_panama_hat/0.webp,lb,,,active
lockhatters-august-scallop-edge-panama-hat,Women's Panama Hat,"<p>A handcrafted scallop-edge Panama hat in natural straw with a deep red ribbon band.</p>
<p><strong>Material:</strong> 100% toquilla palm straw with deep red band and elastic sweatband</p>
<p><strong>Available sizes:</strong> Small, Medium, Large</p>
<div class=""primestyle-size-guide""><h3>Lock &amp; Co. Hat Size Guide</h3><p>Hat sizing from Lock &amp; Co. for the August Scallop Edge Panama Hat. Measure around the head at mid-forehead and just above the ears, then compare with the chart.</p><table><thead><tr><th>Standard</th><th>EU / Head circumference (cm)</th><th>US</th><th>UK</th><th>Inches</th></tr></thead><tbody><tr><td>Small</td><td>55-56</td><td>6⅞-7</td><td>6¾-6⅞</td><td>21½-22</td></tr><tr><td>Medium</td><td>57-58</td><td>7⅛-7¼</td><td>7-7⅛</td><td>22½-22⅞</td></tr><tr><td>Large</td><td>59-60</td><td>7⅜-7½</td><td>7¼-7⅜</td><td>23¼-23⅝</td></tr></tbody></table></div>",Lock & Co. Hatters,Apparel & Accessories,Hats,"PrimeStyleAI Demo, PrimeStyleAI Import, Hats, Panama Hats, female, hat, panama, straw, women, summer, wide brim, scallop edge, accessory",TRUE,Color,Natural / Deep Red,Size,Medium,,,5059860057070,0,shopify,100,deny,manual,395.00,,TRUE,TRUE,,https://res.cloudinary.com/dgvtynla7/image/upload/v1778933919/demo/products/lockhatters_august_scallop_edge_panama_hat/1.webp,2,Women's Panama Hat,FALSE,Women's Panama Hat,A handcrafted scallop-edge Panama hat in natural straw with a deep red ribbon band.,Apparel & Accessories > Clothing Accessories > Hats,female,adult,,new,TRUE,PrimeStyleAI Demo,,,,,https://res.cloudinary.com/dgvtynla7/image/upload/v1778933918/demo/products/lockhatters_august_scallop_edge_panama_hat/0.webp,lb,,,active
lockhatters-august-scallop-edge-panama-hat,Women's Panama Hat,"<p>A handcrafted scallop-edge Panama hat in natural straw with a deep red ribbon band.</p>
<p><strong>Material:</strong> 100% toquilla palm straw with deep red band and elastic sweatband</p>
<p><strong>Available sizes:</strong> Small, Medium, Large</p>
<div class=""primestyle-size-guide""><h3>Lock &amp; Co. Hat Size Guide</h3><p>Hat sizing from Lock &amp; Co. for the August Scallop Edge Panama Hat. Measure around the head at mid-forehead and just above the ears, then compare with the chart.</p><table><thead><tr><th>Standard</th><th>EU / Head circumference (cm)</th><th>US</th><th>UK</th><th>Inches</th></tr></thead><tbody><tr><td>Small</td><td>55-56</td><td>6⅞-7</td><td>6¾-6⅞</td><td>21½-22</td></tr><tr><td>Medium</td><td>57-58</td><td>7⅛-7¼</td><td>7-7⅛</td><td>22½-22⅞</td></tr><tr><td>Large</td><td>59-60</td><td>7⅜-7½</td><td>7¼-7⅜</td><td>23¼-23⅝</td></tr></tbody></table></div>",Lock & Co. Hatters,Apparel & Accessories,Hats,"PrimeStyleAI Demo, PrimeStyleAI Import, Hats, Panama Hats, female, hat, panama, straw, women, summer, wide brim, scallop edge, accessory",TRUE,Color,Natural / Deep Red,Size,Large,,,5059860057087,0,shopify,100,deny,manual,395.00,,TRUE,TRUE,,https://res.cloudinary.com/dgvtynla7/image/upload/v1778933920/demo/products/lockhatters_august_scallop_edge_panama_hat/2.webp,3,Women's Panama Hat,FALSE,Women's Panama Hat,A handcrafted scallop-edge Panama hat in natural straw with a deep red ribbon band.,Apparel & Accessories > Clothing Accessories > Hats,female,adult,,new,TRUE,PrimeStyleAI Demo,,,,,https://res.cloudinary.com/dgvtynla7/image/upload/v1778933918/demo/products/lockhatters_august_scallop_edge_panama_hat/0.webp,lb,,,active
lockhatters-august-scallop-edge-panama-hat,,,,,,,,,,,,,,,,,,,,,,,,,https://res.cloudinary.com/dgvtynla7/image/upload/v1778933921/demo/products/lockhatters_august_scallop_edge_panama_hat/3.webp,4,Women's Panama Hat,,,,,,,,,,,,,,,,,,,
ff-versace-32661137,Mens Shirt,"<p>Multicolour silk shirt with Versace Patchwork print, classic collar, button fastening, and long buttoned cuffs.</p>
<p><strong>Material:</strong> Silk 100%</p>
<p><strong>Available sizes:</strong> XS, S, M, L, XL, XXL, 3XL, 4XL, 5XL, 6XL</p>
<div class=""primestyle-size-guide""><h3>Versace — Buttoned Shirt Size Chart</h3><p>Brand chart: Italy / Standard / Collar (cm) primary axes; body measurements in cm and inches.</p><table><thead><tr><th>Size (IT)</th><th>Standard</th><th>Collar (cm)</th><th>Collar (in)</th><th>Chest (in)</th><th>Chest (cm)</th><th>Waist (in)</th><th>Waist (cm)</th><th>Sleeve (in)</th><th>Sleeve (cm)</th></tr></thead><tbody><tr><td>44</td><td>XS</td><td>37</td><td>14.6</td><td>34.6</td><td>88</td><td>29.9</td><td>76</td><td>32.3</td><td>82</td></tr><tr><td>46</td><td>S</td><td>38</td><td>15</td><td>36.2</td><td>92</td><td>31.5</td><td>80</td><td>32.7</td><td>83</td></tr><tr><td>48</td><td>M</td><td>39.5</td><td>15.6</td><td>37.8</td><td>96</td><td>33.1</td><td>84</td><td>33.5</td><td>85</td></tr><tr><td>50</td><td>L</td><td>41</td><td>16.1</td><td>39.4</td><td>100</td><td>34.6</td><td>88</td><td>33.9</td><td>86</td></tr><tr><td>52</td><td>XL</td><td>42</td><td>16.5</td><td>40.9</td><td>104</td><td>36.2</td><td>92</td><td>34.6</td><td>88</td></tr><tr><td>54</td><td>XXL</td><td>43.5</td><td>17.1</td><td>42.5</td><td>108</td><td>37.8</td><td>96</td><td>35</td><td>89</td></tr><tr><td>56</td><td>3XL</td><td>44.5</td><td>17.5</td><td>44.1</td><td>112</td><td>39.4</td><td>100</td><td>35.4</td><td>90</td></tr><tr><td>58</td><td>4XL</td><td>46</td><td>18.1</td><td>45.7</td><td>116</td><td>40.9</td><td>104</td><td>35.8</td><td>91</td></tr><tr><td>60</td><td>5XL</td><td>47</td><td>18.5</td><td>47.2</td><td>120</td><td>42.5</td><td>108</td><td>36.2</td><td>92</td></tr><tr><td>62</td><td>6XL</td><td>48.5</td><td>19.1</td><td>48.8</td><td>124</td><td>44.1</td><td>112</td><td>36.6</td><td>93</td></tr></tbody></table></div>",Versace,Apparel & Accessories > Clothing,Shirts,"PrimeStyleAI Demo, PrimeStyleAI Import, Shirts, male",TRUE,Color,Purple,Size,XS,,,10194381a16396-xs,0,shopify,100,deny,manual,1494.00,,TRUE,TRUE,,https://res.cloudinary.com/dgvtynla7/image/upload/v1778251922/demo/products/ff_versace_32661137/0.webp,1,Mens Shirt,FALSE,Mens Shirt,"Multicolour silk shirt with Versace Patchwork print, classic collar, button fastening, and long buttoned cuffs.",Apparel & Accessories > Clothing,male,adult,,new,TRUE,PrimeStyleAI Demo,,,,,https://res.cloudinary.com/dgvtynla7/image/upload/v1778251922/demo/products/ff_versace_32661137/0.webp,lb,,,active
ff-versace-32661137,Mens Shirt,"<p>Multicolour silk shirt with Versace Patchwork print, classic collar, button fastening, and long buttoned cuffs.</p>
<p><strong>Material:</strong> Silk 100%</p>
<p><strong>Available sizes:</strong> XS, S, M, L, XL, XXL, 3XL, 4XL, 5XL, 6XL</p>
<div class=""primestyle-size-guide""><h3>Versace — Buttoned Shirt Size Chart</h3><p>Brand chart: Italy / Standard / Collar (cm) primary axes; body measurements in cm and inches.</p><table><thead><tr><th>Size (IT)</th><th>Standard</th><th>Collar (cm)</th><th>Collar (in)</th><th>Chest (in)</th><th>Chest (cm)</th><th>Waist (in)</th><th>Waist (cm)</th><th>Sleeve (in)</th><th>Sleeve (cm)</th></tr></thead><tbody><tr><td>44</td><td>XS</td><td>37</td><td>14.6</td><td>34.6</td><td>88</td><td>29.9</td><td>76</td><td>32.3</td><td>82</td></tr><tr><td>46</td><td>S</td><td>38</td><td>15</td><td>36.2</td><td>92</td><td>31.5</td><td>80</td><td>32.7</td><td>83</td></tr><tr><td>48</td><td>M</td><td>39.5</td><td>15.6</td><td>37.8</td><td>96</td><td>33.1</td><td>84</td><td>33.5</td><td>85</td></tr><tr><td>50</td><td>L</td><td>41</td><td>16.1</td><td>39.4</td><td>100</td><td>34.6</td><td>88</td><td>33.9</td><td>86</td></tr><tr><td>52</td><td>XL</td><td>42</td><td>16.5</td><td>40.9</td><td>104</td><td>36.2</td><td>92</td><td>34.6</td><td>88</td></tr><tr><td>54</td><td>XXL</td><td>43.5</td><td>17.1</td><td>42.5</td><td>108</td><td>37.8</td><td>96</td><td>35</td><td>89</td></tr><tr><td>56</td><td>3XL</td><td>44.5</td><td>17.5</td><td>44.1</td><td>112</td><td>39.4</td><td>100</td><td>35.4</td><td>90</td></tr><tr><td>58</td><td>4XL</td><td>46</td><td>18.1</td><td>45.7</td><td>116</td><td>40.9</td><td>104</td><td>35.8</td><td>91</td></tr><tr><td>60</td><td>5XL</td><td>47</td><td>18.5</td><td>47.2</td><td>120</td><td>42.5</td><td>108</td><td>36.2</td><td>92</td></tr><tr><td>62</td><td>6XL</td><td>48.5</td><td>19.1</td><td>48.8</td><td>124</td><td>44.1</td><td>112</td><td>36.6</td><td>93</td></tr></tbody></table></div>",Versace,Apparel & Accessories > Clothing,Shirts,"PrimeStyleAI Demo, PrimeStyleAI Import, Shirts, male",TRUE,Color,Purple,Size,S,,,10194381a16396-s,0,shopify,100,deny,manual,1482.00,,TRUE,TRUE,,https://res.cloudinary.com/dgvtynla7/image/upload/v1778251924/demo/products/ff_versace_32661137/1.webp,2,Mens Shirt,FALSE,Mens Shirt,"Multicolour silk shirt with Versace Patchwork print, classic collar, button fastening, and long buttoned cuffs.",Apparel & Accessories > Clothing,male,adult,,new,TRUE,PrimeStyleAI Demo,,,,,https://res.cloudinary.com/dgvtynla7/image/upload/v1778251922/demo/products/ff_versace_32661137/0.webp,lb,,,active
ff-versace-32661137,Mens Shirt,"<p>Multicolour silk shirt with Versace Patchwork print, classic collar, button fastening, and long buttoned cuffs.</p>
<p><strong>Material:</strong> Silk 100%</p>
<p><strong>Available sizes:</strong> XS, S, M, L, XL, XXL, 3XL, 4XL, 5XL, 6XL</p>
<div class=""primestyle-size-guide""><h3>Versace — Buttoned Shirt Size Chart</h3><p>Brand chart: Italy / Standard / Collar (cm) primary axes; body measurements in cm and inches.</p><table><thead><tr><th>Size (IT)</th><th>Standard</th><th>Collar (cm)</th><th>Collar (in)</th><th>Chest (in)</th><th>Chest (cm)</th><th>Waist (in)</th><th>Waist (cm)</th><th>Sleeve (in)</th><th>Sleeve (cm)</th></tr></thead><tbody><tr><td>44</td><td>XS</td><td>37</td><td>14.6</td><td>34.6</td><td>88</td><td>29.9</td><td>76</td><td>32.3</td><td>82</td></tr><tr><td>46</td><td>S</td><td>38</td><td>15</td><td>36.2</td><td>92</td><td>31.5</td><td>80</td><td>32.7</td><td>83</td></tr><tr><td>48</td><td>M</td><td>39.5</td><td>15.6</td><td>37.8</td><td>96</td><td>33.1</td><td>84</td><td>33.5</td><td>85</td></tr><tr><td>50</td><td>L</td><td>41</td><td>16.1</td><td>39.4</td><td>100</td><td>34.6</td><td>88</td><td>33.9</td><td>86</td></tr><tr><td>52</td><td>XL</td><td>42</td><td>16.5</td><td>40.9</td><td>104</td><td>36.2</td><td>92</td><td>34.6</td><td>88</td></tr><tr><td>54</td><td>XXL</td><td>43.5</td><td>17.1</td><td>42.5</td><td>108</td><td>37.8</td><td>96</td><td>35</td><td>89</td></tr><tr><td>56</td><td>3XL</td><td>44.5</td><td>17.5</td><td>44.1</td><td>112</td><td>39.4</td><td>100</td><td>35.4</td><td>90</td></tr><tr><td>58</td><td>4XL</td><td>46</td><td>18.1</td><td>45.7</td><td>116</td><td>40.9</td><td>104</td><td>35.8</td><td>91</td></tr><tr><td>60</td><td>5XL</td><td>47</td><td>18.5</td><td>47.2</td><td>120</td><td>42.5</td><td>108</td><td>36.2</td><td>92</td></tr><tr><td>62</td><td>6XL</td><td>48.5</td><td>19.1</td><td>48.8</td><td>124</td><td>44.1</td><td>112</td><td>36.6</td><td>93</td></tr></tbody></table></div>",Versace,Apparel & Accessories > Clothing,Shirts,"PrimeStyleAI Demo, PrimeStyleAI Import, Shirts, male",TRUE,Color,Purple,Size,M,,,10194381a16396-m,0,shopify,100,deny,manual,1482.00,,TRUE,TRUE,,https://res.cloudinary.com/dgvtynla7/image/upload/v1778251925/demo/products/ff_versace_32661137/2.webp,3,Mens Shirt,FALSE,Mens Shirt,"Multicolour silk shirt with Versace Patchwork print, classic collar, button fastening, and long buttoned cuffs.",Apparel & Accessories > Clothing,male,adult,,new,TRUE,PrimeStyleAI Demo,,,,,https://res.cloudinary.com/dgvtynla7/image/upload/v1778251922/demo/products/ff_versace_32661137/0.webp,lb,,,active
ff-versace-32661137,Mens Shirt,"<p>Multicolour silk shirt with Versace Patchwork print, classic collar, button fastening, and long buttoned cuffs.</p>
<p><strong>Material:</strong> Silk 100%</p>
<p><strong>Available sizes:</strong> XS, S, M, L, XL, XXL, 3XL, 4XL, 5XL, 6XL</p>
<div class=""primestyle-size-guide""><h3>Versace — Buttoned Shirt Size Chart</h3><p>Brand chart: Italy / Standard / Collar (cm) primary axes; body measurements in cm and inches.</p><table><thead><tr><th>Size (IT)</th><th>Standard</th><th>Collar (cm)</th><th>Collar (in)</th><th>Chest (in)</th><th>Chest (cm)</th><th>Waist (in)</th><th>Waist (cm)</th><th>Sleeve (in)</th><th>Sleeve (cm)</th></tr></thead><tbody><tr><td>44</td><td>XS</td><td>37</td><td>14.6</td><td>34.6</td><td>88</td><td>29.9</td><td>76</td><td>32.3</td><td>82</td></tr><tr><td>46</td><td>S</td><td>38</td><td>15</td><td>36.2</td><td>92</td><td>31.5</td><td>80</td><td>32.7</td><td>83</td></tr><tr><td>48</td><td>M</td><td>39.5</td><td>15.6</td><td>37.8</td><td>96</td><td>33.1</td><td>84</td><td>33.5</td><td>85</td></tr><tr><td>50</td><td>L</td><td>41</td><td>16.1</td><td>39.4</td><td>100</td><td>34.6</td><td>88</td><td>33.9</td><td>86</td></tr><tr><td>52</td><td>XL</td><td>42</td><td>16.5</td><td>40.9</td><td>104</td><td>36.2</td><td>92</td><td>34.6</td><td>88</td></tr><tr><td>54</td><td>XXL</td><td>43.5</td><td>17.1</td><td>42.5</td><td>108</td><td>37.8</td><td>96</td><td>35</td><td>89</td></tr><tr><td>56</td><td>3XL</td><td>44.5</td><td>17.5</td><td>44.1</td><td>112</td><td>39.4</td><td>100</td><td>35.4</td><td>90</td></tr><tr><td>58</td><td>4XL</td><td>46</td><td>18.1</td><td>45.7</td><td>116</td><td>40.9</td><td>104</td><td>35.8</td><td>91</td></tr><tr><td>60</td><td>5XL</td><td>47</td><td>18.5</td><td>47.2</td><td>120</td><td>42.5</td><td>108</td><td>36.2</td><td>92</td></tr><tr><td>62</td><td>6XL</td><td>48.5</td><td>19.1</td><td>48.8</td><td>124</td><td>44.1</td><td>112</td><td>36.6</td><td>93</td></tr></tbody></table></div>",Versace,Apparel & Accessories > Clothing,Shirts,"PrimeStyleAI Demo, PrimeStyleAI Import, Shirts, male",TRUE,Color,Purple,Size,L,,,10194381a16396-l,0,shopify,100,deny,manual,1482.00,,TRUE,TRUE,,https://res.cloudinary.com/dgvtynla7/image/upload/v1778251927/demo/products/ff_versace_32661137/3.webp,4,Mens Shirt,FALSE,Mens Shirt,"Multicolour silk shirt with Versace Patchwork print, classic collar, button fastening, and long buttoned cuffs.",Apparel & Accessories > Clothing,male,adult,,new,TRUE,PrimeStyleAI Demo,,,,,https://res.cloudinary.com/dgvtynla7/image/upload/v1778251922/demo/products/ff_versace_32661137/0.webp,lb,,,active
ff-versace-32661137,Mens Shirt,"<p>Multicolour silk shirt with Versace Patchwork print, classic collar, button fastening, and long buttoned cuffs.</p>
<p><strong>Material:</strong> Silk 100%</p>
<p><strong>Available sizes:</strong> XS, S, M, L, XL, XXL, 3XL, 4XL, 5XL, 6XL</p>
<div class=""primestyle-size-guide""><h3>Versace — Buttoned Shirt Size Chart</h3><p>Brand chart: Italy / Standard / Collar (cm) primary axes; body measurements in cm and inches.</p><table><thead><tr><th>Size (IT)</th><th>Standard</th><th>Collar (cm)</th><th>Collar (in)</th><th>Chest (in)</th><th>Chest (cm)</th><th>Waist (in)</th><th>Waist (cm)</th><th>Sleeve (in)</th><th>Sleeve (cm)</th></tr></thead><tbody><tr><td>44</td><td>XS</td><td>37</td><td>14.6</td><td>34.6</td><td>88</td><td>29.9</td><td>76</td><td>32.3</td><td>82</td></tr><tr><td>46</td><td>S</td><td>38</td><td>15</td><td>36.2</td><td>92</td><td>31.5</td><td>80</td><td>32.7</td><td>83</td></tr><tr><td>48</td><td>M</td><td>39.5</td><td>15.6</td><td>37.8</td><td>96</td><td>33.1</td><td>84</td><td>33.5</td><td>85</td></tr><tr><td>50</td><td>L</td><td>41</td><td>16.1</td><td>39.4</td><td>100</td><td>34.6</td><td>88</td><td>33.9</td><td>86</td></tr><tr><td>52</td><td>XL</td><td>42</td><td>16.5</td><td>40.9</td><td>104</td><td>36.2</td><td>92</td><td>34.6</td><td>88</td></tr><tr><td>54</td><td>XXL</td><td>43.5</td><td>17.1</td><td>42.5</td><td>108</td><td>37.8</td><td>96</td><td>35</td><td>89</td></tr><tr><td>56</td><td>3XL</td><td>44.5</td><td>17.5</td><td>44.1</td><td>112</td><td>39.4</td><td>100</td><td>35.4</td><td>90</td></tr><tr><td>58</td><td>4XL</td><td>46</td><td>18.1</td><td>45.7</td><td>116</td><td>40.9</td><td>104</td><td>35.8</td><td>91</td></tr><tr><td>60</td><td>5XL</td><td>47</td><td>18.5</td><td>47.2</td><td>120</td><td>42.5</td><td>108</td><td>36.2</td><td>92</td></tr><tr><td>62</td><td>6XL</td><td>48.5</td><td>19.1</td><td>48.8</td><td>124</td><td>44.1</td><td>112</td><td>36.6</td><td>93</td></tr></tbody></table></div>",Versace,Apparel & Accessories > Clothing,Shirts,"PrimeStyleAI Demo, PrimeStyleAI Import, Shirts, male",TRUE,Color,Purple,Size,XL,,,10194381a16396-xl,0,shopify,100,deny,manual,1531.00,,TRUE,TRUE,,https://res.cloudinary.com/dgvtynla7/image/upload/v1778251929/demo/products/ff_versace_32661137/4.webp,5,Mens Shirt,FALSE,Mens Shirt,"Multicolour silk shirt with Versace Patchwork print, classic collar, button fastening, and long buttoned cuffs.",Apparel & Accessories > Clothing,male,adult,,new,TRUE,PrimeStyleAI Demo,,,,,https://res.cloudinary.com/dgvtynla7/image/upload/v1778251922/demo/products/ff_versace_32661137/0.webp,lb,,,active
ff-versace-32661137,Mens Shirt,"<p>Multicolour silk shirt with Versace Patchwork print, classic collar, button fastening, and long buttoned cuffs.</p>
<p><strong>Material:</strong> Silk 100%</p>
<p><strong>Available sizes:</strong> XS, S, M, L, XL, XXL, 3XL, 4XL, 5XL, 6XL</p>
<div class=""primestyle-size-guide""><h3>Versace — Buttoned Shirt Size Chart</h3><p>Brand chart: Italy / Standard / Collar (cm) primary axes; body measurements in cm and inches.</p><table><thead><tr><th>Size (IT)</th><th>Standard</th><th>Collar (cm)</th><th>Collar (in)</th><th>Chest (in)</th><th>Chest (cm)</th><th>Waist (in)</th><th>Waist (cm)</th><th>Sleeve (in)</th><th>Sleeve (cm)</th></tr></thead><tbody><tr><td>44</td><td>XS</td><td>37</td><td>14.6</td><td>34.6</td><td>88</td><td>29.9</td><td>76</td><td>32.3</td><td>82</td></tr><tr><td>46</td><td>S</td><td>38</td><td>15</td><td>36.2</td><td>92</td><td>31.5</td><td>80</td><td>32.7</td><td>83</td></tr><tr><td>48</td><td>M</td><td>39.5</td><td>15.6</td><td>37.8</td><td>96</td><td>33.1</td><td>84</td><td>33.5</td><td>85</td></tr><tr><td>50</td><td>L</td><td>41</td><td>16.1</td><td>39.4</td><td>100</td><td>34.6</td><td>88</td><td>33.9</td><td>86</td></tr><tr><td>52</td><td>XL</td><td>42</td><td>16.5</td><td>40.9</td><td>104</td><td>36.2</td><td>92</td><td>34.6</td><td>88</td></tr><tr><td>54</td><td>XXL</td><td>43.5</td><td>17.1</td><td>42.5</td><td>108</td><td>37.8</td><td>96</td><td>35</td><td>89</td></tr><tr><td>56</td><td>3XL</td><td>44.5</td><td>17.5</td><td>44.1</td><td>112</td><td>39.4</td><td>100</td><td>35.4</td><td>90</td></tr><tr><td>58</td><td>4XL</td><td>46</td><td>18.1</td><td>45.7</td><td>116</td><td>40.9</td><td>104</td><td>35.8</td><td>91</td></tr><tr><td>60</td><td>5XL</td><td>47</td><td>18.5</td><td>47.2</td><td>120</td><td>42.5</td><td>108</td><td>36.2</td><td>92</td></tr><tr><td>62</td><td>6XL</td><td>48.5</td><td>19.1</td><td>48.8</td><td>124</td><td>44.1</td><td>112</td><td>36.6</td><td>93</td></tr></tbody></table></div>",Versace,Apparel & Accessories > Clothing,Shirts,"PrimeStyleAI Demo, PrimeStyleAI Import, Shirts, male",TRUE,Color,Purple,Size,XXL,,,10194381a16396-xxl,0,shopify,100,deny,manual,1494.00,,TRUE,TRUE,,,,,FALSE,Mens Shirt,"Multicolour silk shirt with Versace Patchwork print, classic collar, button fastening, and long buttoned cuffs.",Apparel & Accessories > Clothing,male,adult,,new,TRUE,PrimeStyleAI Demo,,,,,https://res.cloudinary.com/dgvtynla7/image/upload/v1778251922/demo/products/ff_versace_32661137/0.webp,lb,,,active
ff-versace-32661137,Mens Shirt,"<p>Multicolour silk shirt with Versace Patchwork print, classic collar, button fastening, and long buttoned cuffs.</p>
<p><strong>Material:</strong> Silk 100%</p>
<p><strong>Available sizes:</strong> XS, S, M, L, XL, XXL, 3XL, 4XL, 5XL, 6XL</p>
<div class=""primestyle-size-guide""><h3>Versace — Buttoned Shirt Size Chart</h3><p>Brand chart: Italy / Standard / Collar (cm) primary axes; body measurements in cm and inches.</p><table><thead><tr><th>Size (IT)</th><th>Standard</th><th>Collar (cm)</th><th>Collar (in)</th><th>Chest (in)</th><th>Chest (cm)</th><th>Waist (in)</th><th>Waist (cm)</th><th>Sleeve (in)</th><th>Sleeve (cm)</th></tr></thead><tbody><tr><td>44</td><td>XS</td><td>37</td><td>14.6</td><td>34.6</td><td>88</td><td>29.9</td><td>76</td><td>32.3</td><td>82</td></tr><tr><td>46</td><td>S</td><td>38</td><td>15</td><td>36.2</td><td>92</td><td>31.5</td><td>80</td><td>32.7</td><td>83</td></tr><tr><td>48</td><td>M</td><td>39.5</td><td>15.6</td><td>37.8</td><td>96</td><td>33.1</td><td>84</td><td>33.5</td><td>85</td></tr><tr><td>50</td><td>L</td><td>41</td><td>16.1</td><td>39.4</td><td>100</td><td>34.6</td><td>88</td><td>33.9</td><td>86</td></tr><tr><td>52</td><td>XL</td><td>42</td><td>16.5</td><td>40.9</td><td>104</td><td>36.2</td><td>92</td><td>34.6</td><td>88</td></tr><tr><td>54</td><td>XXL</td><td>43.5</td><td>17.1</td><td>42.5</td><td>108</td><td>37.8</td><td>96</td><td>35</td><td>89</td></tr><tr><td>56</td><td>3XL</td><td>44.5</td><td>17.5</td><td>44.1</td><td>112</td><td>39.4</td><td>100</td><td>35.4</td><td>90</td></tr><tr><td>58</td><td>4XL</td><td>46</td><td>18.1</td><td>45.7</td><td>116</td><td>40.9</td><td>104</td><td>35.8</td><td>91</td></tr><tr><td>60</td><td>5XL</td><td>47</td><td>18.5</td><td>47.2</td><td>120</td><td>42.5</td><td>108</td><td>36.2</td><td>92</td></tr><tr><td>62</td><td>6XL</td><td>48.5</td><td>19.1</td><td>48.8</td><td>124</td><td>44.1</td><td>112</td><td>36.6</td><td>93</td></tr></tbody></table></div>",Versace,Apparel & Accessories > Clothing,Shirts,"PrimeStyleAI Demo, PrimeStyleAI Import, Shirts, male",TRUE,Color,Purple,Size,3XL,,,10194381a16396-xxxl,0,shopify,100,deny,manual,1482.00,,TRUE,TRUE,,,,,FALSE,Mens Shirt,"Multicolour silk shirt with Versace Patchwork print, classic collar, button fastening, and long buttoned cuffs.",Apparel & Accessories > Clothing,male,adult,,new,TRUE,PrimeStyleAI Demo,,,,,https://res.cloudinary.com/dgvtynla7/image/upload/v1778251922/demo/products/ff_versace_32661137/0.webp,lb,,,active
ff-versace-32661137,Mens Shirt,"<p>Multicolour silk shirt with Versace Patchwork print, classic collar, button fastening, and long buttoned cuffs.</p>
<p><strong>Material:</strong> Silk 100%</p>
<p><strong>Available sizes:</strong> XS, S, M, L, XL, XXL, 3XL, 4XL, 5XL, 6XL</p>
<div class=""primestyle-size-guide""><h3>Versace — Buttoned Shirt Size Chart</h3><p>Brand chart: Italy / Standard / Collar (cm) primary axes; body measurements in cm and inches.</p><table><thead><tr><th>Size (IT)</th><th>Standard</th><th>Collar (cm)</th><th>Collar (in)</th><th>Chest (in)</th><th>Chest (cm)</th><th>Waist (in)</th><th>Waist (cm)</th><th>Sleeve (in)</th><th>Sleeve (cm)</th></tr></thead><tbody><tr><td>44</td><td>XS</td><td>37</td><td>14.6</td><td>34.6</td><td>88</td><td>29.9</td><td>76</td><td>32.3</td><td>82</td></tr><tr><td>46</td><td>S</td><td>38</td><td>15</td><td>36.2</td><td>92</td><td>31.5</td><td>80</td><td>32.7</td><td>83</td></tr><tr><td>48</td><td>M</td><td>39.5</td><td>15.6</td><td>37.8</td><td>96</td><td>33.1</td><td>84</td><td>33.5</td><td>85</td></tr><tr><td>50</td><td>L</td><td>41</td><td>16.1</td><td>39.4</td><td>100</td><td>34.6</td><td>88</td><td>33.9</td><td>86</td></tr><tr><td>52</td><td>XL</td><td>42</td><td>16.5</td><td>40.9</td><td>104</td><td>36.2</td><td>92</td><td>34.6</td><td>88</td></tr><tr><td>54</td><td>XXL</td><td>43.5</td><td>17.1</td><td>42.5</td><td>108</td><td>37.8</td><td>96</td><td>35</td><td>89</td></tr><tr><td>56</td><td>3XL</td><td>44.5</td><td>17.5</td><td>44.1</td><td>112</td><td>39.4</td><td>100</td><td>35.4</td><td>90</td></tr><tr><td>58</td><td>4XL</td><td>46</td><td>18.1</td><td>45.7</td><td>116</td><td>40.9</td><td>104</td><td>35.8</td><td>91</td></tr><tr><td>60</td><td>5XL</td><td>47</td><td>18.5</td><td>47.2</td><td>120</td><td>42.5</td><td>108</td><td>36.2</td><td>92</td></tr><tr><td>62</td><td>6XL</td><td>48.5</td><td>19.1</td><td>48.8</td><td>124</td><td>44.1</td><td>112</td><td>36.6</td><td>93</td></tr></tbody></table></div>",Versace,Apparel & Accessories > Clothing,Shirts,"PrimeStyleAI Demo, PrimeStyleAI Import, Shirts, male",TRUE,Color,Purple,Size,4XL,,,10194381a16396-4xl,0,shopify,100,deny,manual,1618.00,,TRUE,TRUE,,,,,FALSE,Mens Shirt,"Multicolour silk shirt with Versace Patchwork print, classic collar, button fastening, and long buttoned cuffs.",Apparel & Accessories > Clothing,male,adult,,new,TRUE,PrimeStyleAI Demo,,,,,https://res.cloudinary.com/dgvtynla7/image/upload/v1778251922/demo/products/ff_versace_32661137/0.webp,lb,,,active
ff-versace-32661137,Mens Shirt,"<p>Multicolour silk shirt with Versace Patchwork print, classic collar, button fastening, and long buttoned cuffs.</p>
<p><strong>Material:</strong> Silk 100%</p>
<p><strong>Available sizes:</strong> XS, S, M, L, XL, XXL, 3XL, 4XL, 5XL, 6XL</p>
<div class=""primestyle-size-guide""><h3>Versace — Buttoned Shirt Size Chart</h3><p>Brand chart: Italy / Standard / Collar (cm) primary axes; body measurements in cm and inches.</p><table><thead><tr><th>Size (IT)</th><th>Standard</th><th>Collar (cm)</th><th>Collar (in)</th><th>Chest (in)</th><th>Chest (cm)</th><th>Waist (in)</th><th>Waist (cm)</th><th>Sleeve (in)</th><th>Sleeve (cm)</th></tr></thead><tbody><tr><td>44</td><td>XS</td><td>37</td><td>14.6</td><td>34.6</td><td>88</td><td>29.9</td><td>76</td><td>32.3</td><td>82</td></tr><tr><td>46</td><td>S</td><td>38</td><td>15</td><td>36.2</td><td>92</td><td>31.5</td><td>80</td><td>32.7</td><td>83</td></tr><tr><td>48</td><td>M</td><td>39.5</td><td>15.6</td><td>37.8</td><td>96</td><td>33.1</td><td>84</td><td>33.5</td><td>85</td></tr><tr><td>50</td><td>L</td><td>41</td><td>16.1</td><td>39.4</td><td>100</td><td>34.6</td><td>88</td><td>33.9</td><td>86</td></tr><tr><td>52</td><td>XL</td><td>42</td><td>16.5</td><td>40.9</td><td>104</td><td>36.2</td><td>92</td><td>34.6</td><td>88</td></tr><tr><td>54</td><td>XXL</td><td>43.5</td><td>17.1</td><td>42.5</td><td>108</td><td>37.8</td><td>96</td><td>35</td><td>89</td></tr><tr><td>56</td><td>3XL</td><td>44.5</td><td>17.5</td><td>44.1</td><td>112</td><td>39.4</td><td>100</td><td>35.4</td><td>90</td></tr><tr><td>58</td><td>4XL</td><td>46</td><td>18.1</td><td>45.7</td><td>116</td><td>40.9</td><td>104</td><td>35.8</td><td>91</td></tr><tr><td>60</td><td>5XL</td><td>47</td><td>18.5</td><td>47.2</td><td>120</td><td>42.5</td><td>108</td><td>36.2</td><td>92</td></tr><tr><td>62</td><td>6XL</td><td>48.5</td><td>19.1</td><td>48.8</td><td>124</td><td>44.1</td><td>112</td><td>36.6</td><td>93</td></tr></tbody></table></div>",Versace,Apparel & Accessories > Clothing,Shirts,"PrimeStyleAI Demo, PrimeStyleAI Import, Shirts, male",TRUE,Color,Purple,Size,5XL,,,10194381a16396-5xl,0,shopify,100,deny,manual,1482.00,,TRUE,TRUE,,,,,FALSE,Mens Shirt,"Multicolour silk shirt with Versace Patchwork print, classic collar, button fastening, and long buttoned cuffs.",Apparel & Accessories > Clothing,male,adult,,new,TRUE,PrimeStyleAI Demo,,,,,https://res.cloudinary.com/dgvtynla7/image/upload/v1778251922/demo/products/ff_versace_32661137/0.webp,lb,,,active
db-studio-wg4138,Wedding Dress,"<p>Beaded lace mermaid gown with removable off-the-shoulder long sleeves and a sweep train.</p>
<p><strong>Material:</strong> Nylon, fully lined</p>
<p><strong>Available sizes:</strong> 0, 2, 4, 6, 8, 10, 12, 14, 16W, 18W, 20W, 22W, 24W, 26W, 28W, 30W</p>
<div class=""primestyle-size-guide""><h3>DB Studio — Beaded Lace Mermaid Gown</h3><p>Missy and Plus fits · standard or extra-length skirt. Pick a Fit and Length above the chart to filter sizes.</p><table><thead><tr><th>Fit</th><th>Customization</th><th>Size</th><th>Bust (in)</th><th>Bust (cm)</th><th>Waist (in)</th><th>Waist (cm)</th><th>Hip (in)</th><th>Hip (cm)</th><th>Length (in)</th><th>Length (cm)</th></tr></thead><tbody><tr><td>MISSY</td><td>Standard (No Customization)</td><td>0</td><td>32</td><td>81.3</td><td>25.5</td><td>64.8</td><td>35.5</td><td>90.2</td><td>61</td><td>154.9</td></tr><tr><td>MISSY</td><td>Standard (No Customization)</td><td>2</td><td>33</td><td>83.8</td><td>26.5</td><td>67.3</td><td>36.5</td><td>92.7</td><td>61</td><td>154.9</td></tr><tr><td>MISSY</td><td>Standard (No Customization)</td><td>4</td><td>34</td><td>86.4</td><td>27.5</td><td>69.9</td><td>37.5</td><td>95.3</td><td>61</td><td>154.9</td></tr><tr><td>MISSY</td><td>Standard (No Customization)</td><td>6</td><td>35</td><td>88.9</td><td>28.5</td><td>72.4</td><td>38.5</td><td>97.8</td><td>61</td><td>154.9</td></tr><tr><td>MISSY</td><td>Standard (No Customization)</td><td>8</td><td>36</td><td>91.4</td><td>29.5</td><td>74.9</td><td>39.5</td><td>100.3</td><td>61</td><td>154.9</td></tr><tr><td>MISSY</td><td>Standard (No Customization)</td><td>10</td><td>37.5</td><td>95.3</td><td>31</td><td>78.7</td><td>41</td><td>104.1</td><td>61</td><td>154.9</td></tr><tr><td>MISSY</td><td>Standard (No Customization)</td><td>12</td><td>39</td><td>99.1</td><td>32.5</td><td>82.6</td><td>42.5</td><td>108</td><td>61</td><td>154.9</td></tr><tr><td>MISSY</td><td>Standard (No Customization)</td><td>14</td><td>41</td><td>104.1</td><td>34.75</td><td>88.3</td><td>44.5</td><td>113</td><td>61</td><td>154.9</td></tr><tr><td>MISSY</td><td>Extra Length</td><td>0</td><td>32</td><td>81.3</td><td>25.5</td><td>64.8</td><td>35.5</td><td>90.2</td><td>65</td><td>165.1</td></tr><tr><td>MISSY</td><td>Extra Length</td><td>2</td><td>33</td><td>83.8</td><td>26.5</td><td>67.3</td><td>36.5</td><td>92.7</td><td>65</td><td>165.1</td></tr><tr><td>MISSY</td><td>Extra Length</td><td>4</td><td>34</td><td>86.4</td><td>27.5</td><td>69.9</td><td>37.5</td><td>95.3</td><td>65</td><td>165.1</td></tr><tr><td>MISSY</td><td>Extra Length</td><td>6</td><td>35</td><td>88.9</td><td>28.5</td><td>72.4</td><td>38.5</td><td>97.8</td><td>65</td><td>165.1</td></tr><tr><td>MISSY</td><td>Extra Length</td><td>8</td><td>36</td><td>91.4</td><td>29.5</td><td>74.9</td><td>39.5</td><td>100.3</td><td>65</td><td>165.1</td></tr><tr><td>MISSY</td><td>Extra Length</td><td>10</td><td>37.5</td><td>95.3</td><td>31</td><td>78.7</td><td>41</td><td>104.1</td><td>65</td><td>165.1</td></tr><tr><td>MISSY</td><td>Extra Length</td><td>12</td><td>39</td><td>99.1</td><td>32.5</td><td>82.6</td><td>42.5</td><td>108</td><td>65</td><td>165.1</td></tr><tr><td>MISSY</td><td>Extra Length</td><td>14</td><td>41</td><td>104.1</td><td>34.75</td><td>88.3</td><td>44.5</td><td>113</td><td>65</td><td>165.1</td></tr><tr><td>PLUS</td><td>Standard (No Customization)</td><td>16W</td><td>43.25</td><td>109.9</td><td>37.25</td><td>94.6</td><td>46.75</td><td>118.7</td><td>61</td><td>154.9</td></tr><tr><td>PLUS</td><td>Standard (No Customization)</td><td>18W</td><td>45.5</td><td>115.6</td><td>39.75</td><td>101</td><td>49</td><td>124.5</td><td>61</td><td>154.9</td></tr><tr><td>PLUS</td><td>Standard (No Customization)</td><td>20W</td><td>47.75</td><td>121.3</td><td>42.25</td><td>107.3</td><td>51.25</td><td>130.2</td><td>61</td><td>154.9</td></tr><tr><td>PLUS</td><td>Standard (No Customization)</td><td>22W</td><td>50</td><td>127</td><td>44.75</td><td>113.7</td><td>53.5</td><td>135.9</td><td>61</td><td>154.9</td></tr><tr><td>PLUS</td><td>Standard (No Customization)</td><td>24W</td><td>53</td><td>134.6</td><td>48</td><td>121.9</td><td>56.5</td><td>143.5</td><td>61</td><td>154.9</td></tr><tr><td>PLUS</td><td>Standard (No Customization)</td><td>26W</td><td>56</td><td>142.2</td><td>51.25</td><td>130.2</td><td>59.5</td><td>151.1</td><td>61</td><td>154.9</td></tr><tr><td>PLUS</td><td>Standard (No Customization)</td><td>28W</td><td>59.25</td><td>150.5</td><td>54.5</td><td>138.4</td><td>62.5</td><td>158.8</td><td>61</td><td>154.9</td></tr><tr><td>PLUS</td><td>Standard (No Customization)</td><td>30W</td><td>63</td><td>160</td><td>58.75</td><td>149.2</td><td>66.75</td><td>169.5</td><td>61</td><td>154.9</td></tr><tr><td>PLUS</td><td>Extra Length</td><td>16W</td><td>43.25</td><td>109.9</td><td>37.25</td><td>94.6</td><td>46.75</td><td>118.7</td><td>65</td><td>165.1</td></tr><tr><td>PLUS</td><td>Extra Length</td><td>18W</td><td>45.5</td><td>115.6</td><td>39.75</td><td>101</td><td>49</td><td>124.5</td><td>65</td><td>165.1</td></tr><tr><td>PLUS</td><td>Extra Length</td><td>20W</td><td>47.75</td><td>121.3</td><td>42.25</td><td>107.3</td><td>51.25</td><td>130.2</td><td>65</td><td>165.1</td></tr><tr><td>PLUS</td><td>Extra Length</td><td>22W</td><td>50</td><td>127</td><td>44.75</td><td>113.7</td><td>53.5</td><td>135.9</td><td>65</td><td>165.1</td></tr><tr><td>PLUS</td><td>Extra Length</td><td>24W</td><td>53</td><td>134.6</td><td>48</td><td>121.9</td><td>56.5</td><td>143.5</td><td>65</td><td>165.1</td></tr><tr><td>PLUS</td><td>Extra Length</td><td>26W</td><td>56</td><td>142.2</td><td>51.25</td><td>130.2</td><td>59.5</td><td>151.1</td><td>65</td><td>165.1</td></tr><tr><td>PLUS</td><td>Extra Length</td><td>28W</td><td>59.25</td><td>150.5</td><td>54.5</td><td>138.4</td><td>62.5</td><td>158.8</td><td>65</td><td>165.1</td></tr><tr><td>PLUS</td><td>Extra Length</td><td>30W</td><td>63</td><td>160</td><td>58.75</td><td>149.2</td><td>66.75</td><td>169.5</td><td>65</td><td>165.1</td></tr></tbody></table></div>",DB Studio,Apparel & Accessories > Clothing,Wedding Dresses,"PrimeStyleAI Demo, PrimeStyleAI Import, Wedding Dresses, Mermaid Gowns, female",TRUE,Color,Soft White,Size,0,,,wg4138-0,0,shopify,100,deny,manual,854.05,899.00,TRUE,TRUE,,https://res.cloudinary.com/dgvtynla7/image/upload/v1778253499/demo/products/db_studio_wg4138/0.webp,1,Wedding Dress,FALSE,Wedding Dress,Beaded lace mermaid gown with removable off-the-shoulder long sleeves and a sweep train.,Apparel & Accessories > Clothing,female,adult,,new,TRUE,PrimeStyleAI Demo,,,,,https://res.cloudinary.com/dgvtynla7/image/upload/v1778253499/demo/products/db_studio_wg4138/0.webp,lb,,,active
db-studio-wg4138,Wedding Dress,"<p>Beaded lace mermaid gown with removable off-the-shoulder long sleeves and a sweep train.</p>
<p><strong>Material:</strong> Nylon, fully lined</p>
<p><strong>Available sizes:</strong> 0, 2, 4, 6, 8, 10, 12, 14, 16W, 18W, 20W, 22W, 24W, 26W, 28W, 30W</p>
<div class=""primestyle-size-guide""><h3>DB Studio — Beaded Lace Mermaid Gown</h3><p>Missy and Plus fits · standard or extra-length skirt. Pick a Fit and Length above the chart to filter sizes.</p><table><thead><tr><th>Fit</th><th>Customization</th><th>Size</th><th>Bust (in)</th><th>Bust (cm)</th><th>Waist (in)</th><th>Waist (cm)</th><th>Hip (in)</th><th>Hip (cm)</th><th>Length (in)</th><th>Length (cm)</th></tr></thead><tbody><tr><td>MISSY</td><td>Standard (No Customization)</td><td>0</td><td>32</td><td>81.3</td><td>25.5</td><td>64.8</td><td>35.5</td><td>90.2</td><td>61</td><td>154.9</td></tr><tr><td>MISSY</td><td>Standard (No Customization)</td><td>2</td><td>33</td><td>83.8</td><td>26.5</td><td>67.3</td><td>36.5</td><td>92.7</td><td>61</td><td>154.9</td></tr><tr><td>MISSY</td><td>Standard (No Customization)</td><td>4</td><td>34</td><td>86.4</td><td>27.5</td><td>69.9</td><td>37.5</td><td>95.3</td><td>61</td><td>154.9</td></tr><tr><td>MISSY</td><td>Standard (No Customization)</td><td>6</td><td>35</td><td>88.9</td><td>28.5</td><td>72.4</td><td>38.5</td><td>97.8</td><td>61</td><td>154.9</td></tr><tr><td>MISSY</td><td>Standard (No Customization)</td><td>8</td><td>36</td><td>91.4</td><td>29.5</td><td>74.9</td><td>39.5</td><td>100.3</td><td>61</td><td>154.9</td></tr><tr><td>MISSY</td><td>Standard (No Customization)</td><td>10</td><td>37.5</td><td>95.3</td><td>31</td><td>78.7</td><td>41</td><td>104.1</td><td>61</td><td>154.9</td></tr><tr><td>MISSY</td><td>Standard (No Customization)</td><td>12</td><td>39</td><td>99.1</td><td>32.5</td><td>82.6</td><td>42.5</td><td>108</td><td>61</td><td>154.9</td></tr><tr><td>MISSY</td><td>Standard (No Customization)</td><td>14</td><td>41</td><td>104.1</td><td>34.75</td><td>88.3</td><td>44.5</td><td>113</td><td>61</td><td>154.9</td></tr><tr><td>MISSY</td><td>Extra Length</td><td>0</td><td>32</td><td>81.3</td><td>25.5</td><td>64.8</td><td>35.5</td><td>90.2</td><td>65</td><td>165.1</td></tr><tr><td>MISSY</td><td>Extra Length</td><td>2</td><td>33</td><td>83.8</td><td>26.5</td><td>67.3</td><td>36.5</td><td>92.7</td><td>65</td><td>165.1</td></tr><tr><td>MISSY</td><td>Extra Length</td><td>4</td><td>34</td><td>86.4</td><td>27.5</td><td>69.9</td><td>37.5</td><td>95.3</td><td>65</td><td>165.1</td></tr><tr><td>MISSY</td><td>Extra Length</td><td>6</td><td>35</td><td>88.9</td><td>28.5</td><td>72.4</td><td>38.5</td><td>97.8</td><td>65</td><td>165.1</td></tr><tr><td>MISSY</td><td>Extra Length</td><td>8</td><td>36</td><td>91.4</td><td>29.5</td><td>74.9</td><td>39.5</td><td>100.3</td><td>65</td><td>165.1</td></tr><tr><td>MISSY</td><td>Extra Length</td><td>10</td><td>37.5</td><td>95.3</td><td>31</td><td>78.7</td><td>41</td><td>104.1</td><td>65</td><td>165.1</td></tr><tr><td>MISSY</td><td>Extra Length</td><td>12</td><td>39</td><td>99.1</td><td>32.5</td><td>82.6</td><td>42.5</td><td>108</td><td>65</td><td>165.1</td></tr><tr><td>MISSY</td><td>Extra Length</td><td>14</td><td>41</td><td>104.1</td><td>34.75</td><td>88.3</td><td>44.5</td><td>113</td><td>65</td><td>165.1</td></tr><tr><td>PLUS</td><td>Standard (No Customization)</td><td>16W</td><td>43.25</td><td>109.9</td><td>37.25</td><td>94.6</td><td>46.75</td><td>118.7</td><td>61</td><td>154.9</td></tr><tr><td>PLUS</td><td>Standard (No Customization)</td><td>18W</td><td>45.5</td><td>115.6</td><td>39.75</td><td>101</td><td>49</td><td>124.5</td><td>61</td><td>154.9</td></tr><tr><td>PLUS</td><td>Standard (No Customization)</td><td>20W</td><td>47.75</td><td>121.3</td><td>42.25</td><td>107.3</td><td>51.25</td><td>130.2</td><td>61</td><td>154.9</td></tr><tr><td>PLUS</td><td>Standard (No Customization)</td><td>22W</td><td>50</td><td>127</td><td>44.75</td><td>113.7</td><td>53.5</td><td>135.9</td><td>61</td><td>154.9</td></tr><tr><td>PLUS</td><td>Standard (No Customization)</td><td>24W</td><td>53</td><td>134.6</td><td>48</td><td>121.9</td><td>56.5</td><td>143.5</td><td>61</td><td>154.9</td></tr><tr><td>PLUS</td><td>Standard (No Customization)</td><td>26W</td><td>56</td><td>142.2</td><td>51.25</td><td>130.2</td><td>59.5</td><td>151.1</td><td>61</td><td>154.9</td></tr><tr><td>PLUS</td><td>Standard (No Customization)</td><td>28W</td><td>59.25</td><td>150.5</td><td>54.5</td><td>138.4</td><td>62.5</td><td>158.8</td><td>61</td><td>154.9</td></tr><tr><td>PLUS</td><td>Standard (No Customization)</td><td>30W</td><td>63</td><td>160</td><td>58.75</td><td>149.2</td><td>66.75</td><td>169.5</td><td>61</td><td>154.9</td></tr><tr><td>PLUS</td><td>Extra Length</td><td>16W</td><td>43.25</td><td>109.9</td><td>37.25</td><td>94.6</td><td>46.75</td><td>118.7</td><td>65</td><td>165.1</td></tr><tr><td>PLUS</td><td>Extra Length</td><td>18W</td><td>45.5</td><td>115.6</td><td>39.75</td><td>101</td><td>49</td><td>124.5</td><td>65</td><td>165.1</td></tr><tr><td>PLUS</td><td>Extra Length</td><td>20W</td><td>47.75</td><td>121.3</td><td>42.25</td><td>107.3</td><td>51.25</td><td>130.2</td><td>65</td><td>165.1</td></tr><tr><td>PLUS</td><td>Extra Length</td><td>22W</td><td>50</td><td>127</td><td>44.75</td><td>113.7</td><td>53.5</td><td>135.9</td><td>65</td><td>165.1</td></tr><tr><td>PLUS</td><td>Extra Length</td><td>24W</td><td>53</td><td>134.6</td><td>48</td><td>121.9</td><td>56.5</td><td>143.5</td><td>65</td><td>165.1</td></tr><tr><td>PLUS</td><td>Extra Length</td><td>26W</td><td>56</td><td>142.2</td><td>51.25</td><td>130.2</td><td>59.5</td><td>151.1</td><td>65</td><td>165.1</td></tr><tr><td>PLUS</td><td>Extra Length</td><td>28W</td><td>59.25</td><td>150.5</td><td>54.5</td><td>138.4</td><td>62.5</td><td>158.8</td><td>65</td><td>165.1</td></tr><tr><td>PLUS</td><td>Extra Length</td><td>30W</td><td>63</td><td>160</td><td>58.75</td><td>149.2</td><td>66.75</td><td>169.5</td><td>65</td><td>165.1</td></tr></tbody></table></div>",DB Studio,Apparel & Accessories > Clothing,Wedding Dresses,"PrimeStyleAI Demo, PrimeStyleAI Import, Wedding Dresses, Mermaid Gowns, female",TRUE,Color,Soft White,Size,2,,,wg4138-2,0,shopify,100,deny,manual,854.05,899.00,TRUE,TRUE,,https://res.cloudinary.com/dgvtynla7/image/upload/v1778253500/demo/products/db_studio_wg4138/1.webp,2,Wedding Dress,FALSE,Wedding Dress,Beaded lace mermaid gown with removable off-the-shoulder long sleeves and a sweep train.,Apparel & Accessories > Clothing,female,adult,,new,TRUE,PrimeStyleAI Demo,,,,,https://res.cloudinary.com/dgvtynla7/image/upload/v1778253499/demo/products/db_studio_wg4138/0.webp,lb,,,active
db-studio-wg4138,Wedding Dress,"<p>Beaded lace mermaid gown with removable off-the-shoulder long sleeves and a sweep train.</p>
<p><strong>Material:</strong> Nylon, fully lined</p>
<p><strong>Available sizes:</strong> 0, 2, 4, 6, 8, 10, 12, 14, 16W, 18W, 20W, 22W, 24W, 26W, 28W, 30W</p>
<div class=""primestyle-size-guide""><h3>DB Studio — Beaded Lace Mermaid Gown</h3><p>Missy and Plus fits · standard or extra-length skirt. Pick a Fit and Length above the chart to filter sizes.</p><table><thead><tr><th>Fit</th><th>Customization</th><th>Size</th><th>Bust (in)</th><th>Bust (cm)</th><th>Waist (in)</th><th>Waist (cm)</th><th>Hip (in)</th><th>Hip (cm)</th><th>Length (in)</th><th>Length (cm)</th></tr></thead><tbody><tr><td>MISSY</td><td>Standard (No Customization)</td><td>0</td><td>32</td><td>81.3</td><td>25.5</td><td>64.8</td><td>35.5</td><td>90.2</td><td>61</td><td>154.9</td></tr><tr><td>MISSY</td><td>Standard (No Customization)</td><td>2</td><td>33</td><td>83.8</td><td>26.5</td><td>67.3</td><td>36.5</td><td>92.7</td><td>61</td><td>154.9</td></tr><tr><td>MISSY</td><td>Standard (No Customization)</td><td>4</td><td>34</td><td>86.4</td><td>27.5</td><td>69.9</td><td>37.5</td><td>95.3</td><td>61</td><td>154.9</td></tr><tr><td>MISSY</td><td>Standard (No Customization)</td><td>6</td><td>35</td><td>88.9</td><td>28.5</td><td>72.4</td><td>38.5</td><td>97.8</td><td>61</td><td>154.9</td></tr><tr><td>MISSY</td><td>Standard (No Customization)</td><td>8</td><td>36</td><td>91.4</td><td>29.5</td><td>74.9</td><td>39.5</td><td>100.3</td><td>61</td><td>154.9</td></tr><tr><td>MISSY</td><td>Standard (No Customization)</td><td>10</td><td>37.5</td><td>95.3</td><td>31</td><td>78.7</td><td>41</td><td>104.1</td><td>61</td><td>154.9</td></tr><tr><td>MISSY</td><td>Standard (No Customization)</td><td>12</td><td>39</td><td>99.1</td><td>32.5</td><td>82.6</td><td>42.5</td><td>108</td><td>61</td><td>154.9</td></tr><tr><td>MISSY</td><td>Standard (No Customization)</td><td>14</td><td>41</td><td>104.1</td><td>34.75</td><td>88.3</td><td>44.5</td><td>113</td><td>61</td><td>154.9</td></tr><tr><td>MISSY</td><td>Extra Length</td><td>0</td><td>32</td><td>81.3</td><td>25.5</td><td>64.8</td><td>35.5</td><td>90.2</td><td>65</td><td>165.1</td></tr><tr><td>MISSY</td><td>Extra Length</td><td>2</td><td>33</td><td>83.8</td><td>26.5</td><td>67.3</td><td>36.5</td><td>92.7</td><td>65</td><td>165.1</td></tr><tr><td>MISSY</td><td>Extra Length</td><td>4</td><td>34</td><td>86.4</td><td>27.5</td><td>69.9</td><td>37.5</td><td>95.3</td><td>65</td><td>165.1</td></tr><tr><td>MISSY</td><td>Extra Length</td><td>6</td><td>35</td><td>88.9</td><td>28.5</td><td>72.4</td><td>38.5</td><td>97.8</td><td>65</td><td>165.1</td></tr><tr><td>MISSY</td><td>Extra Length</td><td>8</td><td>36</td><td>91.4</td><td>29.5</td><td>74.9</td><td>39.5</td><td>100.3</td><td>65</td><td>165.1</td></tr><tr><td>MISSY</td><td>Extra Length</td><td>10</td><td>37.5</td><td>95.3</td><td>31</td><td>78.7</td><td>41</td><td>104.1</td><td>65</td><td>165.1</td></tr><tr><td>MISSY</td><td>Extra Length</td><td>12</td><td>39</td><td>99.1</td><td>32.5</td><td>82.6</td><td>42.5</td><td>108</td><td>65</td><td>165.1</td></tr><tr><td>MISSY</td><td>Extra Length</td><td>14</td><td>41</td><td>104.1</td><td>34.75</td><td>88.3</td><td>44.5</td><td>113</td><td>65</td><td>165.1</td></tr><tr><td>PLUS</td><td>Standard (No Customization)</td><td>16W</td><td>43.25</td><td>109.9</td><td>37.25</td><td>94.6</td><td>46.75</td><td>118.7</td><td>61</td><td>154.9</td></tr><tr><td>PLUS</td><td>Standard (No Customization)</td><td>18W</td><td>45.5</td><td>115.6</td><td>39.75</td><td>101</td><td>49</td><td>124.5</td><td>61</td><td>154.9</td></tr><tr><td>PLUS</td><td>Standard (No Customization)</td><td>20W</td><td>47.75</td><td>121.3</td><td>42.25</td><td>107.3</td><td>51.25</td><td>130.2</td><td>61</td><td>154.9</td></tr><tr><td>PLUS</td><td>Standard (No Customization)</td><td>22W</td><td>50</td><td>127</td><td>44.75</td><td>113.7</td><td>53.5</td><td>135.9</td><td>61</td><td>154.9</td></tr><tr><td>PLUS</td><td>Standard (No Customization)</td><td>24W</td><td>53</td><td>134.6</td><td>48</td><td>121.9</td><td>56.5</td><td>143.5</td><td>61</td><td>154.9</td></tr><tr><td>PLUS</td><td>Standard (No Customization)</td><td>26W</td><td>56</td><td>142.2</td><td>51.25</td><td>130.2</td><td>59.5</td><td>151.1</td><td>61</td><td>154.9</td></tr><tr><td>PLUS</td><td>Standard (No Customization)</td><td>28W</td><td>59.25</td><td>150.5</td><td>54.5</td><td>138.4</td><td>62.5</td><td>158.8</td><td>61</td><td>154.9</td></tr><tr><td>PLUS</td><td>Standard (No Customization)</td><td>30W</td><td>63</td><td>160</td><td>58.75</td><td>149.2</td><td>66.75</td><td>169.5</td><td>61</td><td>154.9</td></tr><tr><td>PLUS</td><td>Extra Length</td><td>16W</td><td>43.25</td><td>109.9</td><td>37.25</td><td>94.6</td><td>46.75</td><td>118.7</td><td>65</td><td>165.1</td></tr><tr><td>PLUS</td><td>Extra Length</td><td>18W</td><td>45.5</td><td>115.6</td><td>39.75</td><td>101</td><td>49</td><td>124.5</td><td>65</td><td>165.1</td></tr><tr><td>PLUS</td><td>Extra Length</td><td>20W</td><td>47.75</td><td>121.3</td><td>42.25</td><td>107.3</td><td>51.25</td><td>130.2</td><td>65</td><td>165.1</td></tr><tr><td>PLUS</td><td>Extra Length</td><td>22W</td><td>50</td><td>127</td><td>44.75</td><td>113.7</td><td>53.5</td><td>135.9</td><td>65</td><td>165.1</td></tr><tr><td>PLUS</td><td>Extra Length</td><td>24W</td><td>53</td><td>134.6</td><td>48</td><td>121.9</td><td>56.5</td><td>143.5</td><td>65</td><td>165.1</td></tr><tr><td>PLUS</td><td>Extra Length</td><td>26W</td><td>56</td><td>142.2</td><td>51.25</td><td>130.2</td><td>59.5</td><td>151.1</td><td>65</td><td>165.1</td></tr><tr><td>PLUS</td><td>Extra Length</td><td>28W</td><td>59.25</td><td>150.5</td><td>54.5</td><td>138.4</td><td>62.5</td><td>158.8</td><td>65</td><td>165.1</td></tr><tr><td>PLUS</td><td>Extra Length</td><td>30W</td><td>63</td><td>160</td><td>58.75</td><td>149.2</td><td>66.75</td><td>169.5</td><td>65</td><td>165.1</td></tr></tbody></table></div>",DB Studio,Apparel & Accessories > Clothing,Wedding Dresses,"PrimeStyleAI Demo, PrimeStyleAI Import, Wedding Dresses, Mermaid Gowns, female",TRUE,Color,Soft White,Size,4,,,wg4138-4,0,shopify,100,deny,manual,854.05,899.00,TRUE,TRUE,,https://res.cloudinary.com/dgvtynla7/image/upload/v1778253501/demo/products/db_studio_wg4138/2.webp,3,Wedding Dress,FALSE,Wedding Dress,Beaded lace mermaid gown with removable off-the-shoulder long sleeves and a sweep train.,Apparel & Accessories > Clothing,female,adult,,new,TRUE,PrimeStyleAI Demo,,,,,https://res.cloudinary.com/dgvtynla7/image/upload/v1778253499/demo/products/db_studio_wg4138/0.webp,lb,,,active
db-studio-wg4138,Wedding Dress,"<p>Beaded lace mermaid gown with removable off-the-shoulder long sleeves and a sweep train.</p>
<p><strong>Material:</strong> Nylon, fully lined</p>
<p><strong>Available sizes:</strong> 0, 2, 4, 6, 8, 10, 12, 14, 16W, 18W, 20W, 22W, 24W, 26W, 28W, 30W</p>
<div class=""primestyle-size-guide""><h3>DB Studio — Beaded Lace Mermaid Gown</h3><p>Missy and Plus fits · standard or extra-length skirt. Pick a Fit and Length above the chart to filter sizes.</p><table><thead><tr><th>Fit</th><th>Customization</th><th>Size</th><th>Bust (in)</th><th>Bust (cm)</th><th>Waist (in)</th><th>Waist (cm)</th><th>Hip (in)</th><th>Hip (cm)</th><th>Length (in)</th><th>Length (cm)</th></tr></thead><tbody><tr><td>MISSY</td><td>Standard (No Customization)</td><td>0</td><td>32</td><td>81.3</td><td>25.5</td><td>64.8</td><td>35.5</td><td>90.2</td><td>61</td><td>154.9</td></tr><tr><td>MISSY</td><td>Standard (No Customization)</td><td>2</td><td>33</td><td>83.8</td><td>26.5</td><td>67.3</td><td>36.5</td><td>92.7</td><td>61</td><td>154.9</td></tr><tr><td>MISSY</td><td>Standard (No Customization)</td><td>4</td><td>34</td><td>86.4</td><td>27.5</td><td>69.9</td><td>37.5</td><td>95.3</td><td>61</td><td>154.9</td></tr><tr><td>MISSY</td><td>Standard (No Customization)</td><td>6</td><td>35</td><td>88.9</td><td>28.5</td><td>72.4</td><td>38.5</td><td>97.8</td><td>61</td><td>154.9</td></tr><tr><td>MISSY</td><td>Standard (No Customization)</td><td>8</td><td>36</td><td>91.4</td><td>29.5</td><td>74.9</td><td>39.5</td><td>100.3</td><td>61</td><td>154.9</td></tr><tr><td>MISSY</td><td>Standard (No Customization)</td><td>10</td><td>37.5</td><td>95.3</td><td>31</td><td>78.7</td><td>41</td><td>104.1</td><td>61</td><td>154.9</td></tr><tr><td>MISSY</td><td>Standard (No Customization)</td><td>12</td><td>39</td><td>99.1</td><td>32.5</td><td>82.6</td><td>42.5</td><td>108</td><td>61</td><td>154.9</td></tr><tr><td>MISSY</td><td>Standard (No Customization)</td><td>14</td><td>41</td><td>104.1</td><td>34.75</td><td>88.3</td><td>44.5</td><td>113</td><td>61</td><td>154.9</td></tr><tr><td>MISSY</td><td>Extra Length</td><td>0</td><td>32</td><td>81.3</td><td>25.5</td><td>64.8</td><td>35.5</td><td>90.2</td><td>65</td><td>165.1</td></tr><tr><td>MISSY</td><td>Extra Length</td><td>2</td><td>33</td><td>83.8</td><td>26.5</td><td>67.3</td><td>36.5</td><td>92.7</td><td>65</td><td>165.1</td></tr><tr><td>MISSY</td><td>Extra Length</td><td>4</td><td>34</td><td>86.4</td><td>27.5</td><td>69.9</td><td>37.5</td><td>95.3</td><td>65</td><td>165.1</td></tr><tr><td>MISSY</td><td>Extra Length</td><td>6</td><td>35</td><td>88.9</td><td>28.5</td><td>72.4</td><td>38.5</td><td>97.8</td><td>65</td><td>165.1</td></tr><tr><td>MISSY</td><td>Extra Length</td><td>8</td><td>36</td><td>91.4</td><td>29.5</td><td>74.9</td><td>39.5</td><td>100.3</td><td>65</td><td>165.1</td></tr><tr><td>MISSY</td><td>Extra Length</td><td>10</td><td>37.5</td><td>95.3</td><td>31</td><td>78.7</td><td>41</td><td>104.1</td><td>65</td><td>165.1</td></tr><tr><td>MISSY</td><td>Extra Length</td><td>12</td><td>39</td><td>99.1</td><td>32.5</td><td>82.6</td><td>42.5</td><td>108</td><td>65</td><td>165.1</td></tr><tr><td>MISSY</td><td>Extra Length</td><td>14</td><td>41</td><td>104.1</td><td>34.75</td><td>88.3</td><td>44.5</td><td>113</td><td>65</td><td>165.1</td></tr><tr><td>PLUS</td><td>Standard (No Customization)</td><td>16W</td><td>43.25</td><td>109.9</td><td>37.25</td><td>94.6</td><td>46.75</td><td>118.7</td><td>61</td><td>154.9</td></tr><tr><td>PLUS</td><td>Standard (No Customization)</td><td>18W</td><td>45.5</td><td>115.6</td><td>39.75</td><td>101</td><td>49</td><td>124.5</td><td>61</td><td>154.9</td></tr><tr><td>PLUS</td><td>Standard (No Customization)</td><td>20W</td><td>47.75</td><td>121.3</td><td>42.25</td><td>107.3</td><td>51.25</td><td>130.2</td><td>61</td><td>154.9</td></tr><tr><td>PLUS</td><td>Standard (No Customization)</td><td>22W</td><td>50</td><td>127</td><td>44.75</td><td>113.7</td><td>53.5</td><td>135.9</td><td>61</td><td>154.9</td></tr><tr><td>PLUS</td><td>Standard (No Customization)</td><td>24W</td><td>53</td><td>134.6</td><td>48</td><td>121.9</td><td>56.5</td><td>143.5</td><td>61</td><td>154.9</td></tr><tr><td>PLUS</td><td>Standard (No Customization)</td><td>26W</td><td>56</td><td>142.2</td><td>51.25</td><td>130.2</td><td>59.5</td><td>151.1</td><td>61</td><td>154.9</td></tr><tr><td>PLUS</td><td>Standard (No Customization)</td><td>28W</td><td>59.25</td><td>150.5</td><td>54.5</td><td>138.4</td><td>62.5</td><td>158.8</td><td>61</td><td>154.9</td></tr><tr><td>PLUS</td><td>Standard (No Customization)</td><td>30W</td><td>63</td><td>160</td><td>58.75</td><td>149.2</td><td>66.75</td><td>169.5</td><td>61</td><td>154.9</td></tr><tr><td>PLUS</td><td>Extra Length</td><td>16W</td><td>43.25</td><td>109.9</td><td>37.25</td><td>94.6</td><td>46.75</td><td>118.7</td><td>65</td><td>165.1</td></tr><tr><td>PLUS</td><td>Extra Length</td><td>18W</td><td>45.5</td><td>115.6</td><td>39.75</td><td>101</td><td>49</td><td>124.5</td><td>65</td><td>165.1</td></tr><tr><td>PLUS</td><td>Extra Length</td><td>20W</td><td>47.75</td><td>121.3</td><td>42.25</td><td>107.3</td><td>51.25</td><td>130.2</td><td>65</td><td>165.1</td></tr><tr><td>PLUS</td><td>Extra Length</td><td>22W</td><td>50</td><td>127</td><td>44.75</td><td>113.7</td><td>53.5</td><td>135.9</td><td>65</td><td>165.1</td></tr><tr><td>PLUS</td><td>Extra Length</td><td>24W</td><td>53</td><td>134.6</td><td>48</td><td>121.9</td><td>56.5</td><td>143.5</td><td>65</td><td>165.1</td></tr><tr><td>PLUS</td><td>Extra Length</td><td>26W</td><td>56</td><td>142.2</td><td>51.25</td><td>130.2</td><td>59.5</td><td>151.1</td><td>65</td><td>165.1</td></tr><tr><td>PLUS</td><td>Extra Length</td><td>28W</td><td>59.25</td><td>150.5</td><td>54.5</td><td>138.4</td><td>62.5</td><td>158.8</td><td>65</td><td>165.1</td></tr><tr><td>PLUS</td><td>Extra Length</td><td>30W</td><td>63</td><td>160</td><td>58.75</td><td>149.2</td><td>66.75</td><td>169.5</td><td>65</td><td>165.1</td></tr></tbody></table></div>",DB Studio,Apparel & Accessories > Clothing,Wedding Dresses,"PrimeStyleAI Demo, PrimeStyleAI Import, Wedding Dresses, Mermaid Gowns, female",TRUE,Color,Soft White,Size,6,,,wg4138-6,0,shopify,100,deny,manual,854.05,899.00,TRUE,TRUE,,https://res.cloudinary.com/dgvtynla7/image/upload/v1778253503/demo/products/db_studio_wg4138/3.webp,4,Wedding Dress,FALSE,Wedding Dress,Beaded lace mermaid gown with removable off-the-shoulder long sleeves and a sweep train.,Apparel & Accessories > Clothing,female,adult,,new,TRUE,PrimeStyleAI Demo,,,,,https://res.cloudinary.com/dgvtynla7/image/upload/v1778253499/demo/products/db_studio_wg4138/0.webp,lb,,,active
db-studio-wg4138,Wedding Dress,"<p>Beaded lace mermaid gown with removable off-the-shoulder long sleeves and a sweep train.</p>
<p><strong>Material:</strong> Nylon, fully lined</p>
<p><strong>Available sizes:</strong> 0, 2, 4, 6, 8, 10, 12, 14, 16W, 18W, 20W, 22W, 24W, 26W, 28W, 30W</p>
<div class=""primestyle-size-guide""><h3>DB Studio — Beaded Lace Mermaid Gown</h3><p>Missy and Plus fits · standard or extra-length skirt. Pick a Fit and Length above the chart to filter sizes.</p><table><thead><tr><th>Fit</th><th>Customization</th><th>Size</th><th>Bust (in)</th><th>Bust (cm)</th><th>Waist (in)</th><th>Waist (cm)</th><th>Hip (in)</th><th>Hip (cm)</th><th>Length (in)</th><th>Length (cm)</th></tr></thead><tbody><tr><td>MISSY</td><td>Standard (No Customization)</td><td>0</td><td>32</td><td>81.3</td><td>25.5</td><td>64.8</td><td>35.5</td><td>90.2</td><td>61</td><td>154.9</td></tr><tr><td>MISSY</td><td>Standard (No Customization)</td><td>2</td><td>33</td><td>83.8</td><td>26.5</td><td>67.3</td><td>36.5</td><td>92.7</td><td>61</td><td>154.9</td></tr><tr><td>MISSY</td><td>Standard (No Customization)</td><td>4</td><td>34</td><td>86.4</td><td>27.5</td><td>69.9</td><td>37.5</td><td>95.3</td><td>61</td><td>154.9</td></tr><tr><td>MISSY</td><td>Standard (No Customization)</td><td>6</td><td>35</td><td>88.9</td><td>28.5</td><td>72.4</td><td>38.5</td><td>97.8</td><td>61</td><td>154.9</td></tr><tr><td>MISSY</td><td>Standard (No Customization)</td><td>8</td><td>36</td><td>91.4</td><td>29.5</td><td>74.9</td><td>39.5</td><td>100.3</td><td>61</td><td>154.9</td></tr><tr><td>MISSY</td><td>Standard (No Customization)</td><td>10</td><td>37.5</td><td>95.3</td><td>31</td><td>78.7</td><td>41</td><td>104.1</td><td>61</td><td>154.9</td></tr><tr><td>MISSY</td><td>Standard (No Customization)</td><td>12</td><td>39</td><td>99.1</td><td>32.5</td><td>82.6</td><td>42.5</td><td>108</td><td>61</td><td>154.9</td></tr><tr><td>MISSY</td><td>Standard (No Customization)</td><td>14</td><td>41</td><td>104.1</td><td>34.75</td><td>88.3</td><td>44.5</td><td>113</td><td>61</td><td>154.9</td></tr><tr><td>MISSY</td><td>Extra Length</td><td>0</td><td>32</td><td>81.3</td><td>25.5</td><td>64.8</td><td>35.5</td><td>90.2</td><td>65</td><td>165.1</td></tr><tr><td>MISSY</td><td>Extra Length</td><td>2</td><td>33</td><td>83.8</td><td>26.5</td><td>67.3</td><td>36.5</td><td>92.7</td><td>65</td><td>165.1</td></tr><tr><td>MISSY</td><td>Extra Length</td><td>4</td><td>34</td><td>86.4</td><td>27.5</td><td>69.9</td><td>37.5</td><td>95.3</td><td>65</td><td>165.1</td></tr><tr><td>MISSY</td><td>Extra Length</td><td>6</td><td>35</td><td>88.9</td><td>28.5</td><td>72.4</td><td>38.5</td><td>97.8</td><td>65</td><td>165.1</td></tr><tr><td>MISSY</td><td>Extra Length</td><td>8</td><td>36</td><td>91.4</td><td>29.5</td><td>74.9</td><td>39.5</td><td>100.3</td><td>65</td><td>165.1</td></tr><tr><td>MISSY</td><td>Extra Length</td><td>10</td><td>37.5</td><td>95.3</td><td>31</td><td>78.7</td><td>41</td><td>104.1</td><td>65</td><td>165.1</td></tr><tr><td>MISSY</td><td>Extra Length</td><td>12</td><td>39</td><td>99.1</td><td>32.5</td><td>82.6</td><td>42.5</td><td>108</td><td>65</td><td>165.1</td></tr><tr><td>MISSY</td><td>Extra Length</td><td>14</td><td>41</td><td>104.1</td><td>34.75</td><td>88.3</td><td>44.5</td><td>113</td><td>65</td><td>165.1</td></tr><tr><td>PLUS</td><td>Standard (No Customization)</td><td>16W</td><td>43.25</td><td>109.9</td><td>37.25</td><td>94.6</td><td>46.75</td><td>118.7</td><td>61</td><td>154.9</td></tr><tr><td>PLUS</td><td>Standard (No Customization)</td><td>18W</td><td>45.5</td><td>115.6</td><td>39.75</td><td>101</td><td>49</td><td>124.5</td><td>61</td><td>154.9</td></tr><tr><td>PLUS</td><td>Standard (No Customization)</td><td>20W</td><td>47.75</td><td>121.3</td><td>42.25</td><td>107.3</td><td>51.25</td><td>130.2</td><td>61</td><td>154.9</td></tr><tr><td>PLUS</td><td>Standard (No Customization)</td><td>22W</td><td>50</td><td>127</td><td>44.75</td><td>113.7</td><td>53.5</td><td>135.9</td><td>61</td><td>154.9</td></tr><tr><td>PLUS</td><td>Standard (No Customization)</td><td>24W</td><td>53</td><td>134.6</td><td>48</td><td>121.9</td><td>56.5</td><td>143.5</td><td>61</td><td>154.9</td></tr><tr><td>PLUS</td><td>Standard (No Customization)</td><td>26W</td><td>56</td><td>142.2</td><td>51.25</td><td>130.2</td><td>59.5</td><td>151.1</td><td>61</td><td>154.9</td></tr><tr><td>PLUS</td><td>Standard (No Customization)</td><td>28W</td><td>59.25</td><td>150.5</td><td>54.5</td><td>138.4</td><td>62.5</td><td>158.8</td><td>61</td><td>154.9</td></tr><tr><td>PLUS</td><td>Standard (No Customization)</td><td>30W</td><td>63</td><td>160</td><td>58.75</td><td>149.2</td><td>66.75</td><td>169.5</td><td>61</td><td>154.9</td></tr><tr><td>PLUS</td><td>Extra Length</td><td>16W</td><td>43.25</td><td>109.9</td><td>37.25</td><td>94.6</td><td>46.75</td><td>118.7</td><td>65</td><td>165.1</td></tr><tr><td>PLUS</td><td>Extra Length</td><td>18W</td><td>45.5</td><td>115.6</td><td>39.75</td><td>101</td><td>49</td><td>124.5</td><td>65</td><td>165.1</td></tr><tr><td>PLUS</td><td>Extra Length</td><td>20W</td><td>47.75</td><td>121.3</td><td>42.25</td><td>107.3</td><td>51.25</td><td>130.2</td><td>65</td><td>165.1</td></tr><tr><td>PLUS</td><td>Extra Length</td><td>22W</td><td>50</td><td>127</td><td>44.75</td><td>113.7</td><td>53.5</td><td>135.9</td><td>65</td><td>165.1</td></tr><tr><td>PLUS</td><td>Extra Length</td><td>24W</td><td>53</td><td>134.6</td><td>48</td><td>121.9</td><td>56.5</td><td>143.5</td><td>65</td><td>165.1</td></tr><tr><td>PLUS</td><td>Extra Length</td><td>26W</td><td>56</td><td>142.2</td><td>51.25</td><td>130.2</td><td>59.5</td><td>151.1</td><td>65</td><td>165.1</td></tr><tr><td>PLUS</td><td>Extra Length</td><td>28W</td><td>59.25</td><td>150.5</td><td>54.5</td><td>138.4</td><td>62.5</td><td>158.8</td><td>65</td><td>165.1</td></tr><tr><td>PLUS</td><td>Extra Length</td><td>30W</td><td>63</td><td>160</td><td>58.75</td><td>149.2</td><td>66.75</td><td>169.5</td><td>65</td><td>165.1</td></tr></tbody></table></div>",DB Studio,Apparel & Accessories > Clothing,Wedding Dresses,"PrimeStyleAI Demo, PrimeStyleAI Import, Wedding Dresses, Mermaid Gowns, female",TRUE,Color,Soft White,Size,8,,,wg4138-8,0,shopify,100,deny,manual,854.05,899.00,TRUE,TRUE,,https://res.cloudinary.com/dgvtynla7/image/upload/v1778253504/demo/products/db_studio_wg4138/4.webp,5,Wedding Dress,FALSE,Wedding Dress,Beaded lace mermaid gown with removable off-the-shoulder long sleeves and a sweep train.,Apparel & Accessories > Clothing,female,adult,,new,TRUE,PrimeStyleAI Demo,,,,,https://res.cloudinary.com/dgvtynla7/image/upload/v1778253499/demo/products/db_studio_wg4138/0.webp,lb,,,active
db-studio-wg4138,Wedding Dress,"<p>Beaded lace mermaid gown with removable off-the-shoulder long sleeves and a sweep train.</p>
<p><strong>Material:</strong> Nylon, fully lined</p>
<p><strong>Available sizes:</strong> 0, 2, 4, 6, 8, 10, 12, 14, 16W, 18W, 20W, 22W, 24W, 26W, 28W, 30W</p>
<div class=""primestyle-size-guide""><h3>DB Studio — Beaded Lace Mermaid Gown</h3><p>Missy and Plus fits · standard or extra-length skirt. Pick a Fit and Length above the chart to filter sizes.</p><table><thead><tr><th>Fit</th><th>Customization</th><th>Size</th><th>Bust (in)</th><th>Bust (cm)</th><th>Waist (in)</th><th>Waist (cm)</th><th>Hip (in)</th><th>Hip (cm)</th><th>Length (in)</th><th>Length (cm)</th></tr></thead><tbody><tr><td>MISSY</td><td>Standard (No Customization)</td><td>0</td><td>32</td><td>81.3</td><td>25.5</td><td>64.8</td><td>35.5</td><td>90.2</td><td>61</td><td>154.9</td></tr><tr><td>MISSY</td><td>Standard (No Customization)</td><td>2</td><td>33</td><td>83.8</td><td>26.5</td><td>67.3</td><td>36.5</td><td>92.7</td><td>61</td><td>154.9</td></tr><tr><td>MISSY</td><td>Standard (No Customization)</td><td>4</td><td>34</td><td>86.4</td><td>27.5</td><td>69.9</td><td>37.5</td><td>95.3</td><td>61</td><td>154.9</td></tr><tr><td>MISSY</td><td>Standard (No Customization)</td><td>6</td><td>35</td><td>88.9</td><td>28.5</td><td>72.4</td><td>38.5</td><td>97.8</td><td>61</td><td>154.9</td></tr><tr><td>MISSY</td><td>Standard (No Customization)</td><td>8</td><td>36</td><td>91.4</td><td>29.5</td><td>74.9</td><td>39.5</td><td>100.3</td><td>61</td><td>154.9</td></tr><tr><td>MISSY</td><td>Standard (No Customization)</td><td>10</td><td>37.5</td><td>95.3</td><td>31</td><td>78.7</td><td>41</td><td>104.1</td><td>61</td><td>154.9</td></tr><tr><td>MISSY</td><td>Standard (No Customization)</td><td>12</td><td>39</td><td>99.1</td><td>32.5</td><td>82.6</td><td>42.5</td><td>108</td><td>61</td><td>154.9</td></tr><tr><td>MISSY</td><td>Standard (No Customization)</td><td>14</td><td>41</td><td>104.1</td><td>34.75</td><td>88.3</td><td>44.5</td><td>113</td><td>61</td><td>154.9</td></tr><tr><td>MISSY</td><td>Extra Length</td><td>0</td><td>32</td><td>81.3</td><td>25.5</td><td>64.8</td><td>35.5</td><td>90.2</td><td>65</td><td>165.1</td></tr><tr><td>MISSY</td><td>Extra Length</td><td>2</td><td>33</td><td>83.8</td><td>26.5</td><td>67.3</td><td>36.5</td><td>92.7</td><td>65</td><td>165.1</td></tr><tr><td>MISSY</td><td>Extra Length</td><td>4</td><td>34</td><td>86.4</td><td>27.5</td><td>69.9</td><td>37.5</td><td>95.3</td><td>65</td><td>165.1</td></tr><tr><td>MISSY</td><td>Extra Length</td><td>6</td><td>35</td><td>88.9</td><td>28.5</td><td>72.4</td><td>38.5</td><td>97.8</td><td>65</td><td>165.1</td></tr><tr><td>MISSY</td><td>Extra Length</td><td>8</td><td>36</td><td>91.4</td><td>29.5</td><td>74.9</td><td>39.5</td><td>100.3</td><td>65</td><td>165.1</td></tr><tr><td>MISSY</td><td>Extra Length</td><td>10</td><td>37.5</td><td>95.3</td><td>31</td><td>78.7</td><td>41</td><td>104.1</td><td>65</td><td>165.1</td></tr><tr><td>MISSY</td><td>Extra Length</td><td>12</td><td>39</td><td>99.1</td><td>32.5</td><td>82.6</td><td>42.5</td><td>108</td><td>65</td><td>165.1</td></tr><tr><td>MISSY</td><td>Extra Length</td><td>14</td><td>41</td><td>104.1</td><td>34.75</td><td>88.3</td><td>44.5</td><td>113</td><td>65</td><td>165.1</td></tr><tr><td>PLUS</td><td>Standard (No Customization)</td><td>16W</td><td>43.25</td><td>109.9</td><td>37.25</td><td>94.6</td><td>46.75</td><td>118.7</td><td>61</td><td>154.9</td></tr><tr><td>PLUS</td><td>Standard (No Customization)</td><td>18W</td><td>45.5</td><td>115.6</td><td>39.75</td><td>101</td><td>49</td><td>124.5</td><td>61</td><td>154.9</td></tr><tr><td>PLUS</td><td>Standard (No Customization)</td><td>20W</td><td>47.75</td><td>121.3</td><td>42.25</td><td>107.3</td><td>51.25</td><td>130.2</td><td>61</td><td>154.9</td></tr><tr><td>PLUS</td><td>Standard (No Customization)</td><td>22W</td><td>50</td><td>127</td><td>44.75</td><td>113.7</td><td>53.5</td><td>135.9</td><td>61</td><td>154.9</td></tr><tr><td>PLUS</td><td>Standard (No Customization)</td><td>24W</td><td>53</td><td>134.6</td><td>48</td><td>121.9</td><td>56.5</td><td>143.5</td><td>61</td><td>154.9</td></tr><tr><td>PLUS</td><td>Standard (No Customization)</td><td>26W</td><td>56</td><td>142.2</td><td>51.25</td><td>130.2</td><td>59.5</td><td>151.1</td><td>61</td><td>154.9</td></tr><tr><td>PLUS</td><td>Standard (No Customization)</td><td>28W</td><td>59.25</td><td>150.5</td><td>54.5</td><td>138.4</td><td>62.5</td><td>158.8</td><td>61</td><td>154.9</td></tr><tr><td>PLUS</td><td>Standard (No Customization)</td><td>30W</td><td>63</td><td>160</td><td>58.75</td><td>149.2</td><td>66.75</td><td>169.5</td><td>61</td><td>154.9</td></tr><tr><td>PLUS</td><td>Extra Length</td><td>16W</td><td>43.25</td><td>109.9</td><td>37.25</td><td>94.6</td><td>46.75</td><td>118.7</td><td>65</td><td>165.1</td></tr><tr><td>PLUS</td><td>Extra Length</td><td>18W</td><td>45.5</td><td>115.6</td><td>39.75</td><td>101</td><td>49</td><td>124.5</td><td>65</td><td>165.1</td></tr><tr><td>PLUS</td><td>Extra Length</td><td>20W</td><td>47.75</td><td>121.3</td><td>42.25</td><td>107.3</td><td>51.25</td><td>130.2</td><td>65</td><td>165.1</td></tr><tr><td>PLUS</td><td>Extra Length</td><td>22W</td><td>50</td><td>127</td><td>44.75</td><td>113.7</td><td>53.5</td><td>135.9</td><td>65</td><td>165.1</td></tr><tr><td>PLUS</td><td>Extra Length</td><td>24W</td><td>53</td><td>134.6</td><td>48</td><td>121.9</td><td>56.5</td><td>143.5</td><td>65</td><td>165.1</td></tr><tr><td>PLUS</td><td>Extra Length</td><td>26W</td><td>56</td><td>142.2</td><td>51.25</td><td>130.2</td><td>59.5</td><td>151.1</td><td>65</td><td>165.1</td></tr><tr><td>PLUS</td><td>Extra Length</td><td>28W</td><td>59.25</td><td>150.5</td><td>54.5</td><td>138.4</td><td>62.5</td><td>158.8</td><td>65</td><td>165.1</td></tr><tr><td>PLUS</td><td>Extra Length</td><td>30W</td><td>63</td><td>160</td><td>58.75</td><td>149.2</td><td>66.75</td><td>169.5</td><td>65</td><td>165.1</td></tr></tbody></table></div>",DB Studio,Apparel & Accessories > Clothing,Wedding Dresses,"PrimeStyleAI Demo, PrimeStyleAI Import, Wedding Dresses, Mermaid Gowns, female",TRUE,Color,Soft White,Size,10,,,wg4138-10,0,shopify,100,deny,manual,854.05,899.00,TRUE,TRUE,,https://res.cloudinary.com/dgvtynla7/image/upload/v1778253505/demo/products/db_studio_wg4138/5.webp,6,Wedding Dress,FALSE,Wedding Dress,Beaded lace mermaid gown with removable off-the-shoulder long sleeves and a sweep train.,Apparel & Accessories > Clothing,female,adult,,new,TRUE,PrimeStyleAI Demo,,,,,https://res.cloudinary.com/dgvtynla7/image/upload/v1778253499/demo/products/db_studio_wg4138/0.webp,lb,,,active
db-studio-wg4138,Wedding Dress,"<p>Beaded lace mermaid gown with removable off-the-shoulder long sleeves and a sweep train.</p>
<p><strong>Material:</strong> Nylon, fully lined</p>
<p><strong>Available sizes:</strong> 0, 2, 4, 6, 8, 10, 12, 14, 16W, 18W, 20W, 22W, 24W, 26W, 28W, 30W</p>
<div class=""primestyle-size-guide""><h3>DB Studio — Beaded Lace Mermaid Gown</h3><p>Missy and Plus fits · standard or extra-length skirt. Pick a Fit and Length above the chart to filter sizes.</p><table><thead><tr><th>Fit</th><th>Customization</th><th>Size</th><th>Bust (in)</th><th>Bust (cm)</th><th>Waist (in)</th><th>Waist (cm)</th><th>Hip (in)</th><th>Hip (cm)</th><th>Length (in)</th><th>Length (cm)</th></tr></thead><tbody><tr><td>MISSY</td><td>Standard (No Customization)</td><td>0</td><td>32</td><td>81.3</td><td>25.5</td><td>64.8</td><td>35.5</td><td>90.2</td><td>61</td><td>154.9</td></tr><tr><td>MISSY</td><td>Standard (No Customization)</td><td>2</td><td>33</td><td>83.8</td><td>26.5</td><td>67.3</td><td>36.5</td><td>92.7</td><td>61</td><td>154.9</td></tr><tr><td>MISSY</td><td>Standard (No Customization)</td><td>4</td><td>34</td><td>86.4</td><td>27.5</td><td>69.9</td><td>37.5</td><td>95.3</td><td>61</td><td>154.9</td></tr><tr><td>MISSY</td><td>Standard (No Customization)</td><td>6</td><td>35</td><td>88.9</td><td>28.5</td><td>72.4</td><td>38.5</td><td>97.8</td><td>61</td><td>154.9</td></tr><tr><td>MISSY</td><td>Standard (No Customization)</td><td>8</td><td>36</td><td>91.4</td><td>29.5</td><td>74.9</td><td>39.5</td><td>100.3</td><td>61</td><td>154.9</td></tr><tr><td>MISSY</td><td>Standard (No Customization)</td><td>10</td><td>37.5</td><td>95.3</td><td>31</td><td>78.7</td><td>41</td><td>104.1</td><td>61</td><td>154.9</td></tr><tr><td>MISSY</td><td>Standard (No Customization)</td><td>12</td><td>39</td><td>99.1</td><td>32.5</td><td>82.6</td><td>42.5</td><td>108</td><td>61</td><td>154.9</td></tr><tr><td>MISSY</td><td>Standard (No Customization)</td><td>14</td><td>41</td><td>104.1</td><td>34.75</td><td>88.3</td><td>44.5</td><td>113</td><td>61</td><td>154.9</td></tr><tr><td>MISSY</td><td>Extra Length</td><td>0</td><td>32</td><td>81.3</td><td>25.5</td><td>64.8</td><td>35.5</td><td>90.2</td><td>65</td><td>165.1</td></tr><tr><td>MISSY</td><td>Extra Length</td><td>2</td><td>33</td><td>83.8</td><td>26.5</td><td>67.3</td><td>36.5</td><td>92.7</td><td>65</td><td>165.1</td></tr><tr><td>MISSY</td><td>Extra Length</td><td>4</td><td>34</td><td>86.4</td><td>27.5</td><td>69.9</td><td>37.5</td><td>95.3</td><td>65</td><td>165.1</td></tr><tr><td>MISSY</td><td>Extra Length</td><td>6</td><td>35</td><td>88.9</td><td>28.5</td><td>72.4</td><td>38.5</td><td>97.8</td><td>65</td><td>165.1</td></tr><tr><td>MISSY</td><td>Extra Length</td><td>8</td><td>36</td><td>91.4</td><td>29.5</td><td>74.9</td><td>39.5</td><td>100.3</td><td>65</td><td>165.1</td></tr><tr><td>MISSY</td><td>Extra Length</td><td>10</td><td>37.5</td><td>95.3</td><td>31</td><td>78.7</td><td>41</td><td>104.1</td><td>65</td><td>165.1</td></tr><tr><td>MISSY</td><td>Extra Length</td><td>12</td><td>39</td><td>99.1</td><td>32.5</td><td>82.6</td><td>42.5</td><td>108</td><td>65</td><td>165.1</td></tr><tr><td>MISSY</td><td>Extra Length</td><td>14</td><td>41</td><td>104.1</td><td>34.75</td><td>88.3</td><td>44.5</td><td>113</td><td>65</td><td>165.1</td></tr><tr><td>PLUS</td><td>Standard (No Customization)</td><td>16W</td><td>43.25</td><td>109.9</td><td>37.25</td><td>94.6</td><td>46.75</td><td>118.7</td><td>61</td><td>154.9</td></tr><tr><td>PLUS</td><td>Standard (No Customization)</td><td>18W</td><td>45.5</td><td>115.6</td><td>39.75</td><td>101</td><td>49</td><td>124.5</td><td>61</td><td>154.9</td></tr><tr><td>PLUS</td><td>Standard (No Customization)</td><td>20W</td><td>47.75</td><td>121.3</td><td>42.25</td><td>107.3</td><td>51.25</td><td>130.2</td><td>61</td><td>154.9</td></tr><tr><td>PLUS</td><td>Standard (No Customization)</td><td>22W</td><td>50</td><td>127</td><td>44.75</td><td>113.7</td><td>53.5</td><td>135.9</td><td>61</td><td>154.9</td></tr><tr><td>PLUS</td><td>Standard (No Customization)</td><td>24W</td><td>53</td><td>134.6</td><td>48</td><td>121.9</td><td>56.5</td><td>143.5</td><td>61</td><td>154.9</td></tr><tr><td>PLUS</td><td>Standard (No Customization)</td><td>26W</td><td>56</td><td>142.2</td><td>51.25</td><td>130.2</td><td>59.5</td><td>151.1</td><td>61</td><td>154.9</td></tr><tr><td>PLUS</td><td>Standard (No Customization)</td><td>28W</td><td>59.25</td><td>150.5</td><td>54.5</td><td>138.4</td><td>62.5</td><td>158.8</td><td>61</td><td>154.9</td></tr><tr><td>PLUS</td><td>Standard (No Customization)</td><td>30W</td><td>63</td><td>160</td><td>58.75</td><td>149.2</td><td>66.75</td><td>169.5</td><td>61</td><td>154.9</td></tr><tr><td>PLUS</td><td>Extra Length</td><td>16W</td><td>43.25</td><td>109.9</td><td>37.25</td><td>94.6</td><td>46.75</td><td>118.7</td><td>65</td><td>165.1</td></tr><tr><td>PLUS</td><td>Extra Length</td><td>18W</td><td>45.5</td><td>115.6</td><td>39.75</td><td>101</td><td>49</td><td>124.5</td><td>65</td><td>165.1</td></tr><tr><td>PLUS</td><td>Extra Length</td><td>20W</td><td>47.75</td><td>121.3</td><td>42.25</td><td>107.3</td><td>51.25</td><td>130.2</td><td>65</td><td>165.1</td></tr><tr><td>PLUS</td><td>Extra Length</td><td>22W</td><td>50</td><td>127</td><td>44.75</td><td>113.7</td><td>53.5</td><td>135.9</td><td>65</td><td>165.1</td></tr><tr><td>PLUS</td><td>Extra Length</td><td>24W</td><td>53</td><td>134.6</td><td>48</td><td>121.9</td><td>56.5</td><td>143.5</td><td>65</td><td>165.1</td></tr><tr><td>PLUS</td><td>Extra Length</td><td>26W</td><td>56</td><td>142.2</td><td>51.25</td><td>130.2</td><td>59.5</td><td>151.1</td><td>65</td><td>165.1</td></tr><tr><td>PLUS</td><td>Extra Length</td><td>28W</td><td>59.25</td><td>150.5</td><td>54.5</td><td>138.4</td><td>62.5</td><td>158.8</td><td>65</td><td>165.1</td></tr><tr><td>PLUS</td><td>Extra Length</td><td>30W</td><td>63</td><td>160</td><td>58.75</td><td>149.2</td><td>66.75</td><td>169.5</td><td>65</td><td>165.1</td></tr></tbody></table></div>",DB Studio,Apparel & Accessories > Clothing,Wedding Dresses,"PrimeStyleAI Demo, PrimeStyleAI Import, Wedding Dresses, Mermaid Gowns, female",TRUE,Color,Soft White,Size,12,,,wg4138-12,0,shopify,100,deny,manual,854.05,899.00,TRUE,TRUE,,https://res.cloudinary.com/dgvtynla7/image/upload/v1778253507/demo/products/db_studio_wg4138/6.webp,7,Wedding Dress,FALSE,Wedding Dress,Beaded lace mermaid gown with removable off-the-shoulder long sleeves and a sweep train.,Apparel & Accessories > Clothing,female,adult,,new,TRUE,PrimeStyleAI Demo,,,,,https://res.cloudinary.com/dgvtynla7/image/upload/v1778253499/demo/products/db_studio_wg4138/0.webp,lb,,,active
db-studio-wg4138,Wedding Dress,"<p>Beaded lace mermaid gown with removable off-the-shoulder long sleeves and a sweep train.</p>
<p><strong>Material:</strong> Nylon, fully lined</p>
<p><strong>Available sizes:</strong> 0, 2, 4, 6, 8, 10, 12, 14, 16W, 18W, 20W, 22W, 24W, 26W, 28W, 30W</p>
<div class=""primestyle-size-guide""><h3>DB Studio — Beaded Lace Mermaid Gown</h3><p>Missy and Plus fits · standard or extra-length skirt. Pick a Fit and Length above the chart to filter sizes.</p><table><thead><tr><th>Fit</th><th>Customization</th><th>Size</th><th>Bust (in)</th><th>Bust (cm)</th><th>Waist (in)</th><th>Waist (cm)</th><th>Hip (in)</th><th>Hip (cm)</th><th>Length (in)</th><th>Length (cm)</th></tr></thead><tbody><tr><td>MISSY</td><td>Standard (No Customization)</td><td>0</td><td>32</td><td>81.3</td><td>25.5</td><td>64.8</td><td>35.5</td><td>90.2</td><td>61</td><td>154.9</td></tr><tr><td>MISSY</td><td>Standard (No Customization)</td><td>2</td><td>33</td><td>83.8</td><td>26.5</td><td>67.3</td><td>36.5</td><td>92.7</td><td>61</td><td>154.9</td></tr><tr><td>MISSY</td><td>Standard (No Customization)</td><td>4</td><td>34</td><td>86.4</td><td>27.5</td><td>69.9</td><td>37.5</td><td>95.3</td><td>61</td><td>154.9</td></tr><tr><td>MISSY</td><td>Standard (No Customization)</td><td>6</td><td>35</td><td>88.9</td><td>28.5</td><td>72.4</td><td>38.5</td><td>97.8</td><td>61</td><td>154.9</td></tr><tr><td>MISSY</td><td>Standard (No Customization)</td><td>8</td><td>36</td><td>91.4</td><td>29.5</td><td>74.9</td><td>39.5</td><td>100.3</td><td>61</td><td>154.9</td></tr><tr><td>MISSY</td><td>Standard (No Customization)</td><td>10</td><td>37.5</td><td>95.3</td><td>31</td><td>78.7</td><td>41</td><td>104.1</td><td>61</td><td>154.9</td></tr><tr><td>MISSY</td><td>Standard (No Customization)</td><td>12</td><td>39</td><td>99.1</td><td>32.5</td><td>82.6</td><td>42.5</td><td>108</td><td>61</td><td>154.9</td></tr><tr><td>MISSY</td><td>Standard (No Customization)</td><td>14</td><td>41</td><td>104.1</td><td>34.75</td><td>88.3</td><td>44.5</td><td>113</td><td>61</td><td>154.9</td></tr><tr><td>MISSY</td><td>Extra Length</td><td>0</td><td>32</td><td>81.3</td><td>25.5</td><td>64.8</td><td>35.5</td><td>90.2</td><td>65</td><td>165.1</td></tr><tr><td>MISSY</td><td>Extra Length</td><td>2</td><td>33</td><td>83.8</td><td>26.5</td><td>67.3</td><td>36.5</td><td>92.7</td><td>65</td><td>165.1</td></tr><tr><td>MISSY</td><td>Extra Length</td><td>4</td><td>34</td><td>86.4</td><td>27.5</td><td>69.9</td><td>37.5</td><td>95.3</td><td>65</td><td>165.1</td></tr><tr><td>MISSY</td><td>Extra Length</td><td>6</td><td>35</td><td>88.9</td><td>28.5</td><td>72.4</td><td>38.5</td><td>97.8</td><td>65</td><td>165.1</td></tr><tr><td>MISSY</td><td>Extra Length</td><td>8</td><td>36</td><td>91.4</td><td>29.5</td><td>74.9</td><td>39.5</td><td>100.3</td><td>65</td><td>165.1</td></tr><tr><td>MISSY</td><td>Extra Length</td><td>10</td><td>37.5</td><td>95.3</td><td>31</td><td>78.7</td><td>41</td><td>104.1</td><td>65</td><td>165.1</td></tr><tr><td>MISSY</td><td>Extra Length</td><td>12</td><td>39</td><td>99.1</td><td>32.5</td><td>82.6</td><td>42.5</td><td>108</td><td>65</td><td>165.1</td></tr><tr><td>MISSY</td><td>Extra Length</td><td>14</td><td>41</td><td>104.1</td><td>34.75</td><td>88.3</td><td>44.5</td><td>113</td><td>65</td><td>165.1</td></tr><tr><td>PLUS</td><td>Standard (No Customization)</td><td>16W</td><td>43.25</td><td>109.9</td><td>37.25</td><td>94.6</td><td>46.75</td><td>118.7</td><td>61</td><td>154.9</td></tr><tr><td>PLUS</td><td>Standard (No Customization)</td><td>18W</td><td>45.5</td><td>115.6</td><td>39.75</td><td>101</td><td>49</td><td>124.5</td><td>61</td><td>154.9</td></tr><tr><td>PLUS</td><td>Standard (No Customization)</td><td>20W</td><td>47.75</td><td>121.3</td><td>42.25</td><td>107.3</td><td>51.25</td><td>130.2</td><td>61</td><td>154.9</td></tr><tr><td>PLUS</td><td>Standard (No Customization)</td><td>22W</td><td>50</td><td>127</td><td>44.75</td><td>113.7</td><td>53.5</td><td>135.9</td><td>61</td><td>154.9</td></tr><tr><td>PLUS</td><td>Standard (No Customization)</td><td>24W</td><td>53</td><td>134.6</td><td>48</td><td>121.9</td><td>56.5</td><td>143.5</td><td>61</td><td>154.9</td></tr><tr><td>PLUS</td><td>Standard (No Customization)</td><td>26W</td><td>56</td><td>142.2</td><td>51.25</td><td>130.2</td><td>59.5</td><td>151.1</td><td>61</td><td>154.9</td></tr><tr><td>PLUS</td><td>Standard (No Customization)</td><td>28W</td><td>59.25</td><td>150.5</td><td>54.5</td><td>138.4</td><td>62.5</td><td>158.8</td><td>61</td><td>154.9</td></tr><tr><td>PLUS</td><td>Standard (No Customization)</td><td>30W</td><td>63</td><td>160</td><td>58.75</td><td>149.2</td><td>66.75</td><td>169.5</td><td>61</td><td>154.9</td></tr><tr><td>PLUS</td><td>Extra Length</td><td>16W</td><td>43.25</td><td>109.9</td><td>37.25</td><td>94.6</td><td>46.75</td><td>118.7</td><td>65</td><td>165.1</td></tr><tr><td>PLUS</td><td>Extra Length</td><td>18W</td><td>45.5</td><td>115.6</td><td>39.75</td><td>101</td><td>49</td><td>124.5</td><td>65</td><td>165.1</td></tr><tr><td>PLUS</td><td>Extra Length</td><td>20W</td><td>47.75</td><td>121.3</td><td>42.25</td><td>107.3</td><td>51.25</td><td>130.2</td><td>65</td><td>165.1</td></tr><tr><td>PLUS</td><td>Extra Length</td><td>22W</td><td>50</td><td>127</td><td>44.75</td><td>113.7</td><td>53.5</td><td>135.9</td><td>65</td><td>165.1</td></tr><tr><td>PLUS</td><td>Extra Length</td><td>24W</td><td>53</td><td>134.6</td><td>48</td><td>121.9</td><td>56.5</td><td>143.5</td><td>65</td><td>165.1</td></tr><tr><td>PLUS</td><td>Extra Length</td><td>26W</td><td>56</td><td>142.2</td><td>51.25</td><td>130.2</td><td>59.5</td><td>151.1</td><td>65</td><td>165.1</td></tr><tr><td>PLUS</td><td>Extra Length</td><td>28W</td><td>59.25</td><td>150.5</td><td>54.5</td><td>138.4</td><td>62.5</td><td>158.8</td><td>65</td><td>165.1</td></tr><tr><td>PLUS</td><td>Extra Length</td><td>30W</td><td>63</td><td>160</td><td>58.75</td><td>149.2</td><td>66.75</td><td>169.5</td><td>65</td><td>165.1</td></tr></tbody></table></div>",DB Studio,Apparel & Accessories > Clothing,Wedding Dresses,"PrimeStyleAI Demo, PrimeStyleAI Import, Wedding Dresses, Mermaid Gowns, female",TRUE,Color,Soft White,Size,14,,,wg4138-14,0,shopify,100,deny,manual,854.05,899.00,TRUE,TRUE,,https://res.cloudinary.com/dgvtynla7/image/upload/v1778253508/demo/products/db_studio_wg4138/7.webp,8,Wedding Dress,FALSE,Wedding Dress,Beaded lace mermaid gown with removable off-the-shoulder long sleeves and a sweep train.,Apparel & Accessories > Clothing,female,adult,,new,TRUE,PrimeStyleAI Demo,,,,,https://res.cloudinary.com/dgvtynla7/image/upload/v1778253499/demo/products/db_studio_wg4138/0.webp,lb,,,active
ff-versace-33943720,Mens Shirt,"<p>Printed silk twill short-sleeve shirt with notched collar and front button closure.</p>
<p><strong>Material:</strong> Silk 100%</p>
<p><strong>Available sizes:</strong> XS, S, M, L, XL, XXL, 3XL, 4XL, 5XL, 6XL</p>
<div class=""primestyle-size-guide""><h3>Versace — Buttoned Shirt Size Chart</h3><p>Brand chart: Italy / Standard / Collar (cm) primary axes; body measurements in cm and inches.</p><table><thead><tr><th>Size (IT)</th><th>Standard</th><th>Collar (cm)</th><th>Collar (in)</th><th>Chest (in)</th><th>Chest (cm)</th><th>Waist (in)</th><th>Waist (cm)</th><th>Sleeve (in)</th><th>Sleeve (cm)</th></tr></thead><tbody><tr><td>44</td><td>XS</td><td>37</td><td>14.6</td><td>34.6</td><td>88</td><td>29.9</td><td>76</td><td>32.3</td><td>82</td></tr><tr><td>46</td><td>S</td><td>38</td><td>15</td><td>36.2</td><td>92</td><td>31.5</td><td>80</td><td>32.7</td><td>83</td></tr><tr><td>48</td><td>M</td><td>39.5</td><td>15.6</td><td>37.8</td><td>96</td><td>33.1</td><td>84</td><td>33.5</td><td>85</td></tr><tr><td>50</td><td>L</td><td>41</td><td>16.1</td><td>39.4</td><td>100</td><td>34.6</td><td>88</td><td>33.9</td><td>86</td></tr><tr><td>52</td><td>XL</td><td>42</td><td>16.5</td><td>40.9</td><td>104</td><td>36.2</td><td>92</td><td>34.6</td><td>88</td></tr><tr><td>54</td><td>XXL</td><td>43.5</td><td>17.1</td><td>42.5</td><td>108</td><td>37.8</td><td>96</td><td>35</td><td>89</td></tr><tr><td>56</td><td>3XL</td><td>44.5</td><td>17.5</td><td>44.1</td><td>112</td><td>39.4</td><td>100</td><td>35.4</td><td>90</td></tr><tr><td>58</td><td>4XL</td><td>46</td><td>18.1</td><td>45.7</td><td>116</td><td>40.9</td><td>104</td><td>35.8</td><td>91</td></tr><tr><td>60</td><td>5XL</td><td>47</td><td>18.5</td><td>47.2</td><td>120</td><td>42.5</td><td>108</td><td>36.2</td><td>92</td></tr><tr><td>62</td><td>6XL</td><td>48.5</td><td>19.1</td><td>48.8</td><td>124</td><td>44.1</td><td>112</td><td>36.6</td><td>93</td></tr></tbody></table></div>",Versace,Apparel & Accessories > Clothing,Shirts,"PrimeStyleAI Demo, PrimeStyleAI Import, Shirts, male",TRUE,Color,Neutrals,Size,XS,,,10246421a17953-xs,0,shopify,100,deny,manual,1254.00,,TRUE,TRUE,,https://res.cloudinary.com/dgvtynla7/image/upload/v1778250987/demo/products/ff_versace_33943720/0.webp,1,Mens Shirt,FALSE,Mens Shirt,Printed silk twill short-sleeve shirt with notched collar and front button closure.,Apparel & Accessories > Clothing,male,adult,,new,TRUE,PrimeStyleAI Demo,,,,,https://res.cloudinary.com/dgvtynla7/image/upload/v1778250987/demo/products/ff_versace_33943720/0.webp,lb,,,active
ff-versace-33943720,Mens Shirt,"<p>Printed silk twill short-sleeve shirt with notched collar and front button closure.</p>
<p><strong>Material:</strong> Silk 100%</p>
<p><strong>Available sizes:</strong> XS, S, M, L, XL, XXL, 3XL, 4XL, 5XL, 6XL</p>
<div class=""primestyle-size-guide""><h3>Versace — Buttoned Shirt Size Chart</h3><p>Brand chart: Italy / Standard / Collar (cm) primary axes; body measurements in cm and inches.</p><table><thead><tr><th>Size (IT)</th><th>Standard</th><th>Collar (cm)</th><th>Collar (in)</th><th>Chest (in)</th><th>Chest (cm)</th><th>Waist (in)</th><th>Waist (cm)</th><th>Sleeve (in)</th><th>Sleeve (cm)</th></tr></thead><tbody><tr><td>44</td><td>XS</td><td>37</td><td>14.6</td><td>34.6</td><td>88</td><td>29.9</td><td>76</td><td>32.3</td><td>82</td></tr><tr><td>46</td><td>S</td><td>38</td><td>15</td><td>36.2</td><td>92</td><td>31.5</td><td>80</td><td>32.7</td><td>83</td></tr><tr><td>48</td><td>M</td><td>39.5</td><td>15.6</td><td>37.8</td><td>96</td><td>33.1</td><td>84</td><td>33.5</td><td>85</td></tr><tr><td>50</td><td>L</td><td>41</td><td>16.1</td><td>39.4</td><td>100</td><td>34.6</td><td>88</td><td>33.9</td><td>86</td></tr><tr><td>52</td><td>XL</td><td>42</td><td>16.5</td><td>40.9</td><td>104</td><td>36.2</td><td>92</td><td>34.6</td><td>88</td></tr><tr><td>54</td><td>XXL</td><td>43.5</td><td>17.1</td><td>42.5</td><td>108</td><td>37.8</td><td>96</td><td>35</td><td>89</td></tr><tr><td>56</td><td>3XL</td><td>44.5</td><td>17.5</td><td>44.1</td><td>112</td><td>39.4</td><td>100</td><td>35.4</td><td>90</td></tr><tr><td>58</td><td>4XL</td><td>46</td><td>18.1</td><td>45.7</td><td>116</td><td>40.9</td><td>104</td><td>35.8</td><td>91</td></tr><tr><td>60</td><td>5XL</td><td>47</td><td>18.5</td><td>47.2</td><td>120</td><td>42.5</td><td>108</td><td>36.2</td><td>92</td></tr><tr><td>62</td><td>6XL</td><td>48.5</td><td>19.1</td><td>48.8</td><td>124</td><td>44.1</td><td>112</td><td>36.6</td><td>93</td></tr></tbody></table></div>",Versace,Apparel & Accessories > Clothing,Shirts,"PrimeStyleAI Demo, PrimeStyleAI Import, Shirts, male",TRUE,Color,Neutrals,Size,S,,,10246421a17953-s,0,shopify,100,deny,manual,1254.00,,TRUE,TRUE,,https://res.cloudinary.com/dgvtynla7/image/upload/v1778250988/demo/products/ff_versace_33943720/1.webp,2,Mens Shirt,FALSE,Mens Shirt,Printed silk twill short-sleeve shirt with notched collar and front button closure.,Apparel & Accessories > Clothing,male,adult,,new,TRUE,PrimeStyleAI Demo,,,,,https://res.cloudinary.com/dgvtynla7/image/upload/v1778250987/demo/products/ff_versace_33943720/0.webp,lb,,,active
ff-versace-33943720,Mens Shirt,"<p>Printed silk twill short-sleeve shirt with notched collar and front button closure.</p>
<p><strong>Material:</strong> Silk 100%</p>
<p><strong>Available sizes:</strong> XS, S, M, L, XL, XXL, 3XL, 4XL, 5XL, 6XL</p>
<div class=""primestyle-size-guide""><h3>Versace — Buttoned Shirt Size Chart</h3><p>Brand chart: Italy / Standard / Collar (cm) primary axes; body measurements in cm and inches.</p><table><thead><tr><th>Size (IT)</th><th>Standard</th><th>Collar (cm)</th><th>Collar (in)</th><th>Chest (in)</th><th>Chest (cm)</th><th>Waist (in)</th><th>Waist (cm)</th><th>Sleeve (in)</th><th>Sleeve (cm)</th></tr></thead><tbody><tr><td>44</td><td>XS</td><td>37</td><td>14.6</td><td>34.6</td><td>88</td><td>29.9</td><td>76</td><td>32.3</td><td>82</td></tr><tr><td>46</td><td>S</td><td>38</td><td>15</td><td>36.2</td><td>92</td><td>31.5</td><td>80</td><td>32.7</td><td>83</td></tr><tr><td>48</td><td>M</td><td>39.5</td><td>15.6</td><td>37.8</td><td>96</td><td>33.1</td><td>84</td><td>33.5</td><td>85</td></tr><tr><td>50</td><td>L</td><td>41</td><td>16.1</td><td>39.4</td><td>100</td><td>34.6</td><td>88</td><td>33.9</td><td>86</td></tr><tr><td>52</td><td>XL</td><td>42</td><td>16.5</td><td>40.9</td><td>104</td><td>36.2</td><td>92</td><td>34.6</td><td>88</td></tr><tr><td>54</td><td>XXL</td><td>43.5</td><td>17.1</td><td>42.5</td><td>108</td><td>37.8</td><td>96</td><td>35</td><td>89</td></tr><tr><td>56</td><td>3XL</td><td>44.5</td><td>17.5</td><td>44.1</td><td>112</td><td>39.4</td><td>100</td><td>35.4</td><td>90</td></tr><tr><td>58</td><td>4XL</td><td>46</td><td>18.1</td><td>45.7</td><td>116</td><td>40.9</td><td>104</td><td>35.8</td><td>91</td></tr><tr><td>60</td><td>5XL</td><td>47</td><td>18.5</td><td>47.2</td><td>120</td><td>42.5</td><td>108</td><td>36.2</td><td>92</td></tr><tr><td>62</td><td>6XL</td><td>48.5</td><td>19.1</td><td>48.8</td><td>124</td><td>44.1</td><td>112</td><td>36.6</td><td>93</td></tr></tbody></table></div>",Versace,Apparel & Accessories > Clothing,Shirts,"PrimeStyleAI Demo, PrimeStyleAI Import, Shirts, male",TRUE,Color,Neutrals,Size,M,,,10246421a17953-m,0,shopify,100,deny,manual,1254.00,,TRUE,TRUE,,https://res.cloudinary.com/dgvtynla7/image/upload/v1778250990/demo/products/ff_versace_33943720/2.webp,3,Mens Shirt,FALSE,Mens Shirt,Printed silk twill short-sleeve shirt with notched collar and front button closure.,Apparel & Accessories > Clothing,male,adult,,new,TRUE,PrimeStyleAI Demo,,,,,https://res.cloudinary.com/dgvtynla7/image/upload/v1778250987/demo/products/ff_versace_33943720/0.webp,lb,,,active
ff-versace-33943720,Mens Shirt,"<p>Printed silk twill short-sleeve shirt with notched collar and front button closure.</p>
<p><strong>Material:</strong> Silk 100%</p>
<p><strong>Available sizes:</strong> XS, S, M, L, XL, XXL, 3XL, 4XL, 5XL, 6XL</p>
<div class=""primestyle-size-guide""><h3>Versace — Buttoned Shirt Size Chart</h3><p>Brand chart: Italy / Standard / Collar (cm) primary axes; body measurements in cm and inches.</p><table><thead><tr><th>Size (IT)</th><th>Standard</th><th>Collar (cm)</th><th>Collar (in)</th><th>Chest (in)</th><th>Chest (cm)</th><th>Waist (in)</th><th>Waist (cm)</th><th>Sleeve (in)</th><th>Sleeve (cm)</th></tr></thead><tbody><tr><td>44</td><td>XS</td><td>37</td><td>14.6</td><td>34.6</td><td>88</td><td>29.9</td><td>76</td><td>32.3</td><td>82</td></tr><tr><td>46</td><td>S</td><td>38</td><td>15</td><td>36.2</td><td>92</td><td>31.5</td><td>80</td><td>32.7</td><td>83</td></tr><tr><td>48</td><td>M</td><td>39.5</td><td>15.6</td><td>37.8</td><td>96</td><td>33.1</td><td>84</td><td>33.5</td><td>85</td></tr><tr><td>50</td><td>L</td><td>41</td><td>16.1</td><td>39.4</td><td>100</td><td>34.6</td><td>88</td><td>33.9</td><td>86</td></tr><tr><td>52</td><td>XL</td><td>42</td><td>16.5</td><td>40.9</td><td>104</td><td>36.2</td><td>92</td><td>34.6</td><td>88</td></tr><tr><td>54</td><td>XXL</td><td>43.5</td><td>17.1</td><td>42.5</td><td>108</td><td>37.8</td><td>96</td><td>35</td><td>89</td></tr><tr><td>56</td><td>3XL</td><td>44.5</td><td>17.5</td><td>44.1</td><td>112</td><td>39.4</td><td>100</td><td>35.4</td><td>90</td></tr><tr><td>58</td><td>4XL</td><td>46</td><td>18.1</td><td>45.7</td><td>116</td><td>40.9</td><td>104</td><td>35.8</td><td>91</td></tr><tr><td>60</td><td>5XL</td><td>47</td><td>18.5</td><td>47.2</td><td>120</td><td>42.5</td><td>108</td><td>36.2</td><td>92</td></tr><tr><td>62</td><td>6XL</td><td>48.5</td><td>19.1</td><td>48.8</td><td>124</td><td>44.1</td><td>112</td><td>36.6</td><td>93</td></tr></tbody></table></div>",Versace,Apparel & Accessories > Clothing,Shirts,"PrimeStyleAI Demo, PrimeStyleAI Import, Shirts, male",TRUE,Color,Neutrals,Size,L,,,10246421a17953-l,0,shopify,100,deny,manual,1254.00,,TRUE,TRUE,,https://res.cloudinary.com/dgvtynla7/image/upload/v1778250992/demo/products/ff_versace_33943720/3.webp,4,Mens Shirt,FALSE,Mens Shirt,Printed silk twill short-sleeve shirt with notched collar and front button closure.,Apparel & Accessories > Clothing,male,adult,,new,TRUE,PrimeStyleAI Demo,,,,,https://res.cloudinary.com/dgvtynla7/image/upload/v1778250987/demo/products/ff_versace_33943720/0.webp,lb,,,active
ff-versace-33943720,Mens Shirt,"<p>Printed silk twill short-sleeve shirt with notched collar and front button closure.</p>
<p><strong>Material:</strong> Silk 100%</p>
<p><strong>Available sizes:</strong> XS, S, M, L, XL, XXL, 3XL, 4XL, 5XL, 6XL</p>
<div class=""primestyle-size-guide""><h3>Versace — Buttoned Shirt Size Chart</h3><p>Brand chart: Italy / Standard / Collar (cm) primary axes; body measurements in cm and inches.</p><table><thead><tr><th>Size (IT)</th><th>Standard</th><th>Collar (cm)</th><th>Collar (in)</th><th>Chest (in)</th><th>Chest (cm)</th><th>Waist (in)</th><th>Waist (cm)</th><th>Sleeve (in)</th><th>Sleeve (cm)</th></tr></thead><tbody><tr><td>44</td><td>XS</td><td>37</td><td>14.6</td><td>34.6</td><td>88</td><td>29.9</td><td>76</td><td>32.3</td><td>82</td></tr><tr><td>46</td><td>S</td><td>38</td><td>15</td><td>36.2</td><td>92</td><td>31.5</td><td>80</td><td>32.7</td><td>83</td></tr><tr><td>48</td><td>M</td><td>39.5</td><td>15.6</td><td>37.8</td><td>96</td><td>33.1</td><td>84</td><td>33.5</td><td>85</td></tr><tr><td>50</td><td>L</td><td>41</td><td>16.1</td><td>39.4</td><td>100</td><td>34.6</td><td>88</td><td>33.9</td><td>86</td></tr><tr><td>52</td><td>XL</td><td>42</td><td>16.5</td><td>40.9</td><td>104</td><td>36.2</td><td>92</td><td>34.6</td><td>88</td></tr><tr><td>54</td><td>XXL</td><td>43.5</td><td>17.1</td><td>42.5</td><td>108</td><td>37.8</td><td>96</td><td>35</td><td>89</td></tr><tr><td>56</td><td>3XL</td><td>44.5</td><td>17.5</td><td>44.1</td><td>112</td><td>39.4</td><td>100</td><td>35.4</td><td>90</td></tr><tr><td>58</td><td>4XL</td><td>46</td><td>18.1</td><td>45.7</td><td>116</td><td>40.9</td><td>104</td><td>35.8</td><td>91</td></tr><tr><td>60</td><td>5XL</td><td>47</td><td>18.5</td><td>47.2</td><td>120</td><td>42.5</td><td>108</td><td>36.2</td><td>92</td></tr><tr><td>62</td><td>6XL</td><td>48.5</td><td>19.1</td><td>48.8</td><td>124</td><td>44.1</td><td>112</td><td>36.6</td><td>93</td></tr></tbody></table></div>",Versace,Apparel & Accessories > Clothing,Shirts,"PrimeStyleAI Demo, PrimeStyleAI Import, Shirts, male",TRUE,Color,Neutrals,Size,XL,,,10246421a17953-xl,0,shopify,100,deny,manual,1254.00,,TRUE,TRUE,,,,,FALSE,Mens Shirt,Printed silk twill short-sleeve shirt with notched collar and front button closure.,Apparel & Accessories > Clothing,male,adult,,new,TRUE,PrimeStyleAI Demo,,,,,https://res.cloudinary.com/dgvtynla7/image/upload/v1778250987/demo/products/ff_versace_33943720/0.webp,lb,,,active
ff-versace-33943720,Mens Shirt,"<p>Printed silk twill short-sleeve shirt with notched collar and front button closure.</p>
<p><strong>Material:</strong> Silk 100%</p>
<p><strong>Available sizes:</strong> XS, S, M, L, XL, XXL, 3XL, 4XL, 5XL, 6XL</p>
<div class=""primestyle-size-guide""><h3>Versace — Buttoned Shirt Size Chart</h3><p>Brand chart: Italy / Standard / Collar (cm) primary axes; body measurements in cm and inches.</p><table><thead><tr><th>Size (IT)</th><th>Standard</th><th>Collar (cm)</th><th>Collar (in)</th><th>Chest (in)</th><th>Chest (cm)</th><th>Waist (in)</th><th>Waist (cm)</th><th>Sleeve (in)</th><th>Sleeve (cm)</th></tr></thead><tbody><tr><td>44</td><td>XS</td><td>37</td><td>14.6</td><td>34.6</td><td>88</td><td>29.9</td><td>76</td><td>32.3</td><td>82</td></tr><tr><td>46</td><td>S</td><td>38</td><td>15</td><td>36.2</td><td>92</td><td>31.5</td><td>80</td><td>32.7</td><td>83</td></tr><tr><td>48</td><td>M</td><td>39.5</td><td>15.6</td><td>37.8</td><td>96</td><td>33.1</td><td>84</td><td>33.5</td><td>85</td></tr><tr><td>50</td><td>L</td><td>41</td><td>16.1</td><td>39.4</td><td>100</td><td>34.6</td><td>88</td><td>33.9</td><td>86</td></tr><tr><td>52</td><td>XL</td><td>42</td><td>16.5</td><td>40.9</td><td>104</td><td>36.2</td><td>92</td><td>34.6</td><td>88</td></tr><tr><td>54</td><td>XXL</td><td>43.5</td><td>17.1</td><td>42.5</td><td>108</td><td>37.8</td><td>96</td><td>35</td><td>89</td></tr><tr><td>56</td><td>3XL</td><td>44.5</td><td>17.5</td><td>44.1</td><td>112</td><td>39.4</td><td>100</td><td>35.4</td><td>90</td></tr><tr><td>58</td><td>4XL</td><td>46</td><td>18.1</td><td>45.7</td><td>116</td><td>40.9</td><td>104</td><td>35.8</td><td>91</td></tr><tr><td>60</td><td>5XL</td><td>47</td><td>18.5</td><td>47.2</td><td>120</td><td>42.5</td><td>108</td><td>36.2</td><td>92</td></tr><tr><td>62</td><td>6XL</td><td>48.5</td><td>19.1</td><td>48.8</td><td>124</td><td>44.1</td><td>112</td><td>36.6</td><td>93</td></tr></tbody></table></div>",Versace,Apparel & Accessories > Clothing,Shirts,"PrimeStyleAI Demo, PrimeStyleAI Import, Shirts, male",TRUE,Color,Neutrals,Size,XXL,,,10246421a17953-xxl,0,shopify,100,deny,manual,1254.00,,TRUE,TRUE,,,,,FALSE,Mens Shirt,Printed silk twill short-sleeve shirt with notched collar and front button closure.,Apparel & Accessories > Clothing,male,adult,,new,TRUE,PrimeStyleAI Demo,,,,,https://res.cloudinary.com/dgvtynla7/image/upload/v1778250987/demo/products/ff_versace_33943720/0.webp,lb,,,active
ff-versace-33943720,Mens Shirt,"<p>Printed silk twill short-sleeve shirt with notched collar and front button closure.</p>
<p><strong>Material:</strong> Silk 100%</p>
<p><strong>Available sizes:</strong> XS, S, M, L, XL, XXL, 3XL, 4XL, 5XL, 6XL</p>
<div class=""primestyle-size-guide""><h3>Versace — Buttoned Shirt Size Chart</h3><p>Brand chart: Italy / Standard / Collar (cm) primary axes; body measurements in cm and inches.</p><table><thead><tr><th>Size (IT)</th><th>Standard</th><th>Collar (cm)</th><th>Collar (in)</th><th>Chest (in)</th><th>Chest (cm)</th><th>Waist (in)</th><th>Waist (cm)</th><th>Sleeve (in)</th><th>Sleeve (cm)</th></tr></thead><tbody><tr><td>44</td><td>XS</td><td>37</td><td>14.6</td><td>34.6</td><td>88</td><td>29.9</td><td>76</td><td>32.3</td><td>82</td></tr><tr><td>46</td><td>S</td><td>38</td><td>15</td><td>36.2</td><td>92</td><td>31.5</td><td>80</td><td>32.7</td><td>83</td></tr><tr><td>48</td><td>M</td><td>39.5</td><td>15.6</td><td>37.8</td><td>96</td><td>33.1</td><td>84</td><td>33.5</td><td>85</td></tr><tr><td>50</td><td>L</td><td>41</td><td>16.1</td><td>39.4</td><td>100</td><td>34.6</td><td>88</td><td>33.9</td><td>86</td></tr><tr><td>52</td><td>XL</td><td>42</td><td>16.5</td><td>40.9</td><td>104</td><td>36.2</td><td>92</td><td>34.6</td><td>88</td></tr><tr><td>54</td><td>XXL</td><td>43.5</td><td>17.1</td><td>42.5</td><td>108</td><td>37.8</td><td>96</td><td>35</td><td>89</td></tr><tr><td>56</td><td>3XL</td><td>44.5</td><td>17.5</td><td>44.1</td><td>112</td><td>39.4</td><td>100</td><td>35.4</td><td>90</td></tr><tr><td>58</td><td>4XL</td><td>46</td><td>18.1</td><td>45.7</td><td>116</td><td>40.9</td><td>104</td><td>35.8</td><td>91</td></tr><tr><td>60</td><td>5XL</td><td>47</td><td>18.5</td><td>47.2</td><td>120</td><td>42.5</td><td>108</td><td>36.2</td><td>92</td></tr><tr><td>62</td><td>6XL</td><td>48.5</td><td>19.1</td><td>48.8</td><td>124</td><td>44.1</td><td>112</td><td>36.6</td><td>93</td></tr></tbody></table></div>",Versace,Apparel & Accessories > Clothing,Shirts,"PrimeStyleAI Demo, PrimeStyleAI Import, Shirts, male",TRUE,Color,Neutrals,Size,3XL,,,10246421a17953-xxxl,0,shopify,100,deny,manual,1254.00,,TRUE,TRUE,,,,,FALSE,Mens Shirt,Printed silk twill short-sleeve shirt with notched collar and front button closure.,Apparel & Accessories > Clothing,male,adult,,new,TRUE,PrimeStyleAI Demo,,,,,https://res.cloudinary.com/dgvtynla7/image/upload/v1778250987/demo/products/ff_versace_33943720/0.webp,lb,,,active
ff-versace-33943720,Mens Shirt,"<p>Printed silk twill short-sleeve shirt with notched collar and front button closure.</p>
<p><strong>Material:</strong> Silk 100%</p>
<p><strong>Available sizes:</strong> XS, S, M, L, XL, XXL, 3XL, 4XL, 5XL, 6XL</p>
<div class=""primestyle-size-guide""><h3>Versace — Buttoned Shirt Size Chart</h3><p>Brand chart: Italy / Standard / Collar (cm) primary axes; body measurements in cm and inches.</p><table><thead><tr><th>Size (IT)</th><th>Standard</th><th>Collar (cm)</th><th>Collar (in)</th><th>Chest (in)</th><th>Chest (cm)</th><th>Waist (in)</th><th>Waist (cm)</th><th>Sleeve (in)</th><th>Sleeve (cm)</th></tr></thead><tbody><tr><td>44</td><td>XS</td><td>37</td><td>14.6</td><td>34.6</td><td>88</td><td>29.9</td><td>76</td><td>32.3</td><td>82</td></tr><tr><td>46</td><td>S</td><td>38</td><td>15</td><td>36.2</td><td>92</td><td>31.5</td><td>80</td><td>32.7</td><td>83</td></tr><tr><td>48</td><td>M</td><td>39.5</td><td>15.6</td><td>37.8</td><td>96</td><td>33.1</td><td>84</td><td>33.5</td><td>85</td></tr><tr><td>50</td><td>L</td><td>41</td><td>16.1</td><td>39.4</td><td>100</td><td>34.6</td><td>88</td><td>33.9</td><td>86</td></tr><tr><td>52</td><td>XL</td><td>42</td><td>16.5</td><td>40.9</td><td>104</td><td>36.2</td><td>92</td><td>34.6</td><td>88</td></tr><tr><td>54</td><td>XXL</td><td>43.5</td><td>17.1</td><td>42.5</td><td>108</td><td>37.8</td><td>96</td><td>35</td><td>89</td></tr><tr><td>56</td><td>3XL</td><td>44.5</td><td>17.5</td><td>44.1</td><td>112</td><td>39.4</td><td>100</td><td>35.4</td><td>90</td></tr><tr><td>58</td><td>4XL</td><td>46</td><td>18.1</td><td>45.7</td><td>116</td><td>40.9</td><td>104</td><td>35.8</td><td>91</td></tr><tr><td>60</td><td>5XL</td><td>47</td><td>18.5</td><td>47.2</td><td>120</td><td>42.5</td><td>108</td><td>36.2</td><td>92</td></tr><tr><td>62</td><td>6XL</td><td>48.5</td><td>19.1</td><td>48.8</td><td>124</td><td>44.1</td><td>112</td><td>36.6</td><td>93</td></tr></tbody></table></div>",Versace,Apparel & Accessories > Clothing,Shirts,"PrimeStyleAI Demo, PrimeStyleAI Import, Shirts, male",TRUE,Color,Neutrals,Size,4XL,,,10246421a17953-4xl,0,shopify,100,deny,manual,1254.00,,TRUE,TRUE,,,,,FALSE,Mens Shirt,Printed silk twill short-sleeve shirt with notched collar and front button closure.,Apparel & Accessories > Clothing,male,adult,,new,TRUE,PrimeStyleAI Demo,,,,,https://res.cloudinary.com/dgvtynla7/image/upload/v1778250987/demo/products/ff_versace_33943720/0.webp,lb,,,active
ff-cala-de-la-cruz-33495422,Womens Dress,"<p>Orange graphic-print midi dress with adjustable spaghetti straps, sweetheart neck, fitted waist, and rear zip.</p>
<p><strong>Material:</strong> Outer: Linen 100% · Lining: Cotton 100%</p>
<p><strong>Available sizes:</strong> XXS, XS, S, M, L, XL, XXL</p>
<div class=""primestyle-size-guide""><h3>Cala de la Cruz — Paloma Midi Dress Size Chart</h3><p>Linen midi with fitted waist. Body measurements per label.</p><table><thead><tr><th>Size</th><th>Bust (in)</th><th>Bust (cm)</th><th>Waist (in)</th><th>Waist (cm)</th><th>Hips (in)</th><th>Hips (cm)</th></tr></thead><tbody><tr><td>XXS</td><td>29-30.5</td><td>73.7-77.5</td><td>22-23</td><td>55.9-58.4</td><td>31.5-32.5</td><td>80-82.6</td></tr><tr><td>XS</td><td>31-32.5</td><td>78.7-82.6</td><td>24-25</td><td>61-63.5</td><td>33.5-34.5</td><td>85.1-87.6</td></tr><tr><td>S</td><td>33-34.5</td><td>83.8-87.6</td><td>26-27</td><td>66-68.6</td><td>35.5-36.5</td><td>90.2-92.7</td></tr><tr><td>M</td><td>35-36.5</td><td>88.9-92.7</td><td>28-29</td><td>71.1-73.7</td><td>37.5-38.5</td><td>95.3-97.8</td></tr><tr><td>L</td><td>37-38.5</td><td>94-97.8</td><td>30-31</td><td>76.2-78.7</td><td>39.5-40.5</td><td>100.3-102.9</td></tr><tr><td>XL</td><td>39-40.5</td><td>99.1-102.9</td><td>32-33</td><td>81.3-83.8</td><td>41.5-42.5</td><td>105.4-108</td></tr><tr><td>XXL</td><td>41-42.5</td><td>104.1-108</td><td>34-35</td><td>86.4-88.9</td><td>43.5-44.5</td><td>110.5-113</td></tr></tbody></table></div>",Cala de la Cruz,Apparel & Accessories > Clothing,Day Dresses,"PrimeStyleAI Demo, PrimeStyleAI Import, Day Dresses, Dresses, female",TRUE,Color,Orange,Size,XS,,,25c276-xs,0,shopify,100,deny,manual,570.00,595.00,TRUE,TRUE,,https://res.cloudinary.com/dgvtynla7/image/upload/v1778250975/demo/products/ff_cala_de_la_cruz_33495422/0.webp,1,Womens Dress,FALSE,Womens Dress,"Orange graphic-print midi dress with adjustable spaghetti straps, sweetheart neck, fitted waist, and rear zip.",Apparel & Accessories > Clothing,female,adult,,new,TRUE,PrimeStyleAI Demo,,,,,https://res.cloudinary.com/dgvtynla7/image/upload/v1778250975/demo/products/ff_cala_de_la_cruz_33495422/0.webp,lb,,,active
ff-cala-de-la-cruz-33495422,Womens Dress,"<p>Orange graphic-print midi dress with adjustable spaghetti straps, sweetheart neck, fitted waist, and rear zip.</p>
<p><strong>Material:</strong> Outer: Linen 100% · Lining: Cotton 100%</p>
<p><strong>Available sizes:</strong> XXS, XS, S, M, L, XL, XXL</p>
<div class=""primestyle-size-guide""><h3>Cala de la Cruz — Paloma Midi Dress Size Chart</h3><p>Linen midi with fitted waist. Body measurements per label.</p><table><thead><tr><th>Size</th><th>Bust (in)</th><th>Bust (cm)</th><th>Waist (in)</th><th>Waist (cm)</th><th>Hips (in)</th><th>Hips (cm)</th></tr></thead><tbody><tr><td>XXS</td><td>29-30.5</td><td>73.7-77.5</td><td>22-23</td><td>55.9-58.4</td><td>31.5-32.5</td><td>80-82.6</td></tr><tr><td>XS</td><td>31-32.5</td><td>78.7-82.6</td><td>24-25</td><td>61-63.5</td><td>33.5-34.5</td><td>85.1-87.6</td></tr><tr><td>S</td><td>33-34.5</td><td>83.8-87.6</td><td>26-27</td><td>66-68.6</td><td>35.5-36.5</td><td>90.2-92.7</td></tr><tr><td>M</td><td>35-36.5</td><td>88.9-92.7</td><td>28-29</td><td>71.1-73.7</td><td>37.5-38.5</td><td>95.3-97.8</td></tr><tr><td>L</td><td>37-38.5</td><td>94-97.8</td><td>30-31</td><td>76.2-78.7</td><td>39.5-40.5</td><td>100.3-102.9</td></tr><tr><td>XL</td><td>39-40.5</td><td>99.1-102.9</td><td>32-33</td><td>81.3-83.8</td><td>41.5-42.5</td><td>105.4-108</td></tr><tr><td>XXL</td><td>41-42.5</td><td>104.1-108</td><td>34-35</td><td>86.4-88.9</td><td>43.5-44.5</td><td>110.5-113</td></tr></tbody></table></div>",Cala de la Cruz,Apparel & Accessories > Clothing,Day Dresses,"PrimeStyleAI Demo, PrimeStyleAI Import, Day Dresses, Dresses, female",TRUE,Color,Orange,Size,S,,,25c276-s,0,shopify,100,deny,manual,570.00,595.00,TRUE,TRUE,,https://res.cloudinary.com/dgvtynla7/image/upload/v1778250976/demo/products/ff_cala_de_la_cruz_33495422/1.webp,2,Womens Dress,FALSE,Womens Dress,"Orange graphic-print midi dress with adjustable spaghetti straps, sweetheart neck, fitted waist, and rear zip.",Apparel & Accessories > Clothing,female,adult,,new,TRUE,PrimeStyleAI Demo,,,,,https://res.cloudinary.com/dgvtynla7/image/upload/v1778250975/demo/products/ff_cala_de_la_cruz_33495422/0.webp,lb,,,active
ff-cala-de-la-cruz-33495422,Womens Dress,"<p>Orange graphic-print midi dress with adjustable spaghetti straps, sweetheart neck, fitted waist, and rear zip.</p>
<p><strong>Material:</strong> Outer: Linen 100% · Lining: Cotton 100%</p>
<p><strong>Available sizes:</strong> XXS, XS, S, M, L, XL, XXL</p>
<div class=""primestyle-size-guide""><h3>Cala de la Cruz — Paloma Midi Dress Size Chart</h3><p>Linen midi with fitted waist. Body measurements per label.</p><table><thead><tr><th>Size</th><th>Bust (in)</th><th>Bust (cm)</th><th>Waist (in)</th><th>Waist (cm)</th><th>Hips (in)</th><th>Hips (cm)</th></tr></thead><tbody><tr><td>XXS</td><td>29-30.5</td><td>73.7-77.5</td><td>22-23</td><td>55.9-58.4</td><td>31.5-32.5</td><td>80-82.6</td></tr><tr><td>XS</td><td>31-32.5</td><td>78.7-82.6</td><td>24-25</td><td>61-63.5</td><td>33.5-34.5</td><td>85.1-87.6</td></tr><tr><td>S</td><td>33-34.5</td><td>83.8-87.6</td><td>26-27</td><td>66-68.6</td><td>35.5-36.5</td><td>90.2-92.7</td></tr><tr><td>M</td><td>35-36.5</td><td>88.9-92.7</td><td>28-29</td><td>71.1-73.7</td><td>37.5-38.5</td><td>95.3-97.8</td></tr><tr><td>L</td><td>37-38.5</td><td>94-97.8</td><td>30-31</td><td>76.2-78.7</td><td>39.5-40.5</td><td>100.3-102.9</td></tr><tr><td>XL</td><td>39-40.5</td><td>99.1-102.9</td><td>32-33</td><td>81.3-83.8</td><td>41.5-42.5</td><td>105.4-108</td></tr><tr><td>XXL</td><td>41-42.5</td><td>104.1-108</td><td>34-35</td><td>86.4-88.9</td><td>43.5-44.5</td><td>110.5-113</td></tr></tbody></table></div>",Cala de la Cruz,Apparel & Accessories > Clothing,Day Dresses,"PrimeStyleAI Demo, PrimeStyleAI Import, Day Dresses, Dresses, female",TRUE,Color,Orange,Size,M,,,25c276-m,0,shopify,100,deny,manual,570.00,595.00,TRUE,TRUE,,https://res.cloudinary.com/dgvtynla7/image/upload/v1778250978/demo/products/ff_cala_de_la_cruz_33495422/2.webp,3,Womens Dress,FALSE,Womens Dress,"Orange graphic-print midi dress with adjustable spaghetti straps, sweetheart neck, fitted waist, and rear zip.",Apparel & Accessories > Clothing,female,adult,,new,TRUE,PrimeStyleAI Demo,,,,,https://res.cloudinary.com/dgvtynla7/image/upload/v1778250975/demo/products/ff_cala_de_la_cruz_33495422/0.webp,lb,,,active
ff-cala-de-la-cruz-33495422,Womens Dress,"<p>Orange graphic-print midi dress with adjustable spaghetti straps, sweetheart neck, fitted waist, and rear zip.</p>
<p><strong>Material:</strong> Outer: Linen 100% · Lining: Cotton 100%</p>
<p><strong>Available sizes:</strong> XXS, XS, S, M, L, XL, XXL</p>
<div class=""primestyle-size-guide""><h3>Cala de la Cruz — Paloma Midi Dress Size Chart</h3><p>Linen midi with fitted waist. Body measurements per label.</p><table><thead><tr><th>Size</th><th>Bust (in)</th><th>Bust (cm)</th><th>Waist (in)</th><th>Waist (cm)</th><th>Hips (in)</th><th>Hips (cm)</th></tr></thead><tbody><tr><td>XXS</td><td>29-30.5</td><td>73.7-77.5</td><td>22-23</td><td>55.9-58.4</td><td>31.5-32.5</td><td>80-82.6</td></tr><tr><td>XS</td><td>31-32.5</td><td>78.7-82.6</td><td>24-25</td><td>61-63.5</td><td>33.5-34.5</td><td>85.1-87.6</td></tr><tr><td>S</td><td>33-34.5</td><td>83.8-87.6</td><td>26-27</td><td>66-68.6</td><td>35.5-36.5</td><td>90.2-92.7</td></tr><tr><td>M</td><td>35-36.5</td><td>88.9-92.7</td><td>28-29</td><td>71.1-73.7</td><td>37.5-38.5</td><td>95.3-97.8</td></tr><tr><td>L</td><td>37-38.5</td><td>94-97.8</td><td>30-31</td><td>76.2-78.7</td><td>39.5-40.5</td><td>100.3-102.9</td></tr><tr><td>XL</td><td>39-40.5</td><td>99.1-102.9</td><td>32-33</td><td>81.3-83.8</td><td>41.5-42.5</td><td>105.4-108</td></tr><tr><td>XXL</td><td>41-42.5</td><td>104.1-108</td><td>34-35</td><td>86.4-88.9</td><td>43.5-44.5</td><td>110.5-113</td></tr></tbody></table></div>",Cala de la Cruz,Apparel & Accessories > Clothing,Day Dresses,"PrimeStyleAI Demo, PrimeStyleAI Import, Day Dresses, Dresses, female",TRUE,Color,Orange,Size,L,,,25c276-l,0,shopify,100,deny,manual,570.00,595.00,TRUE,TRUE,,https://res.cloudinary.com/dgvtynla7/image/upload/v1778250979/demo/products/ff_cala_de_la_cruz_33495422/3.webp,4,Womens Dress,FALSE,Womens Dress,"Orange graphic-print midi dress with adjustable spaghetti straps, sweetheart neck, fitted waist, and rear zip.",Apparel & Accessories > Clothing,female,adult,,new,TRUE,PrimeStyleAI Demo,,,,,https://res.cloudinary.com/dgvtynla7/image/upload/v1778250975/demo/products/ff_cala_de_la_cruz_33495422/0.webp,lb,,,active
ff-cala-de-la-cruz-33495422,,,,,,,,,,,,,,,,,,,,,,,,,https://res.cloudinary.com/dgvtynla7/image/upload/v1778250980/demo/products/ff_cala_de_la_cruz_33495422/4.webp,5,Womens Dress,,,,,,,,,,,,,,,,,,,
ff-maniere-de-voir-30919320,Mens Trousers,"<p>Cream twill tailored trousers with front pleats, waistband self-adjusters, and a regular straight-leg silhouette.</p>
<p><strong>Material:</strong> Polyester 80% · Rayon 17% · Elastane 3%</p>
<p><strong>Available sizes:</strong> 28, 29, 30, 31, 32, 33, 34, 36, XXS, XS, S, M, L, XL, XXL</p>
<div class=""primestyle-size-guide""><h3>Size Guide</h3><table><thead><tr><th>Size</th><th>Waist (in)</th><th>Waist (cm)</th><th>Hip (in)</th><th>Hip (cm)</th><th>Inseam (in)</th><th>Inseam (cm)</th></tr></thead><tbody><tr><td>28</td><td>28</td><td>71.1</td><td>35.8</td><td>90.9</td><td>30</td><td>76.2</td></tr><tr><td>29</td><td>29.1</td><td>73.9</td><td>37</td><td>94</td><td>30</td><td>76.2</td></tr><tr><td>30</td><td>29.9</td><td>75.9</td><td>38.2</td><td>97</td><td>30</td><td>76.2</td></tr><tr><td>31</td><td>31.1</td><td>79</td><td>39</td><td>99.1</td><td>32</td><td>81.3</td></tr><tr><td>32</td><td>31.9</td><td>81</td><td>40.2</td><td>102.1</td><td>32</td><td>81.3</td></tr><tr><td>33</td><td>33.1</td><td>84.1</td><td>40.9</td><td>103.9</td><td>32</td><td>81.3</td></tr><tr><td>34</td><td>33.9</td><td>86.1</td><td>42.1</td><td>106.9</td><td>32</td><td>81.3</td></tr><tr><td>36</td><td>35.8</td><td>90.9</td><td>44.1</td><td>112</td><td>32</td><td>81.3</td></tr></tbody></table></div>",Manière De Voir,Apparel & Accessories > Clothing,Regular-Fit & Straight Leg Pants,"PrimeStyleAI Demo, PrimeStyleAI Import, Regular-Fit & Straight Leg Pants, Trousers, male",TRUE,Color,Cream,Size,XXS,,,man3095-xxs,0,shopify,100,deny,manual,187.00,,TRUE,TRUE,,https://res.cloudinary.com/dgvtynla7/image/upload/v1778172636/demo/products/ff_maniere_de_voir_30919320/0.webp,1,Mens Trousers,FALSE,Mens Trousers,"Cream twill tailored trousers with front pleats, waistband self-adjusters, and a regular straight-leg silhouette.",Apparel & Accessories > Clothing,male,adult,,new,TRUE,PrimeStyleAI Demo,,,,,https://res.cloudinary.com/dgvtynla7/image/upload/v1778172636/demo/products/ff_maniere_de_voir_30919320/0.webp,lb,,,active
ff-maniere-de-voir-30919320,Mens Trousers,"<p>Cream twill tailored trousers with front pleats, waistband self-adjusters, and a regular straight-leg silhouette.</p>
<p><strong>Material:</strong> Polyester 80% · Rayon 17% · Elastane 3%</p>
<p><strong>Available sizes:</strong> 28, 29, 30, 31, 32, 33, 34, 36, XXS, XS, S, M, L, XL, XXL</p>
<div class=""primestyle-size-guide""><h3>Size Guide</h3><table><thead><tr><th>Size</th><th>Waist (in)</th><th>Waist (cm)</th><th>Hip (in)</th><th>Hip (cm)</th><th>Inseam (in)</th><th>Inseam (cm)</th></tr></thead><tbody><tr><td>28</td><td>28</td><td>71.1</td><td>35.8</td><td>90.9</td><td>30</td><td>76.2</td></tr><tr><td>29</td><td>29.1</td><td>73.9</td><td>37</td><td>94</td><td>30</td><td>76.2</td></tr><tr><td>30</td><td>29.9</td><td>75.9</td><td>38.2</td><td>97</td><td>30</td><td>76.2</td></tr><tr><td>31</td><td>31.1</td><td>79</td><td>39</td><td>99.1</td><td>32</td><td>81.3</td></tr><tr><td>32</td><td>31.9</td><td>81</td><td>40.2</td><td>102.1</td><td>32</td><td>81.3</td></tr><tr><td>33</td><td>33.1</td><td>84.1</td><td>40.9</td><td>103.9</td><td>32</td><td>81.3</td></tr><tr><td>34</td><td>33.9</td><td>86.1</td><td>42.1</td><td>106.9</td><td>32</td><td>81.3</td></tr><tr><td>36</td><td>35.8</td><td>90.9</td><td>44.1</td><td>112</td><td>32</td><td>81.3</td></tr></tbody></table></div>",Manière De Voir,Apparel & Accessories > Clothing,Regular-Fit & Straight Leg Pants,"PrimeStyleAI Demo, PrimeStyleAI Import, Regular-Fit & Straight Leg Pants, Trousers, male",TRUE,Color,Cream,Size,XS,,,man3095-xs,0,shopify,100,deny,manual,187.00,,TRUE,TRUE,,https://res.cloudinary.com/dgvtynla7/image/upload/v1778172638/demo/products/ff_maniere_de_voir_30919320/1.webp,2,Mens Trousers,FALSE,Mens Trousers,"Cream twill tailored trousers with front pleats, waistband self-adjusters, and a regular straight-leg silhouette.",Apparel & Accessories > Clothing,male,adult,,new,TRUE,PrimeStyleAI Demo,,,,,https://res.cloudinary.com/dgvtynla7/image/upload/v1778172636/demo/products/ff_maniere_de_voir_30919320/0.webp,lb,,,active
ff-maniere-de-voir-30919320,Mens Trousers,"<p>Cream twill tailored trousers with front pleats, waistband self-adjusters, and a regular straight-leg silhouette.</p>
<p><strong>Material:</strong> Polyester 80% · Rayon 17% · Elastane 3%</p>
<p><strong>Available sizes:</strong> 28, 29, 30, 31, 32, 33, 34, 36, XXS, XS, S, M, L, XL, XXL</p>
<div class=""primestyle-size-guide""><h3>Size Guide</h3><table><thead><tr><th>Size</th><th>Waist (in)</th><th>Waist (cm)</th><th>Hip (in)</th><th>Hip (cm)</th><th>Inseam (in)</th><th>Inseam (cm)</th></tr></thead><tbody><tr><td>28</td><td>28</td><td>71.1</td><td>35.8</td><td>90.9</td><td>30</td><td>76.2</td></tr><tr><td>29</td><td>29.1</td><td>73.9</td><td>37</td><td>94</td><td>30</td><td>76.2</td></tr><tr><td>30</td><td>29.9</td><td>75.9</td><td>38.2</td><td>97</td><td>30</td><td>76.2</td></tr><tr><td>31</td><td>31.1</td><td>79</td><td>39</td><td>99.1</td><td>32</td><td>81.3</td></tr><tr><td>32</td><td>31.9</td><td>81</td><td>40.2</td><td>102.1</td><td>32</td><td>81.3</td></tr><tr><td>33</td><td>33.1</td><td>84.1</td><td>40.9</td><td>103.9</td><td>32</td><td>81.3</td></tr><tr><td>34</td><td>33.9</td><td>86.1</td><td>42.1</td><td>106.9</td><td>32</td><td>81.3</td></tr><tr><td>36</td><td>35.8</td><td>90.9</td><td>44.1</td><td>112</td><td>32</td><td>81.3</td></tr></tbody></table></div>",Manière De Voir,Apparel & Accessories > Clothing,Regular-Fit & Straight Leg Pants,"PrimeStyleAI Demo, PrimeStyleAI Import, Regular-Fit & Straight Leg Pants, Trousers, male",TRUE,Color,Cream,Size,S,,,man3095-s,0,shopify,100,deny,manual,187.00,,TRUE,TRUE,,https://res.cloudinary.com/dgvtynla7/image/upload/v1778172640/demo/products/ff_maniere_de_voir_30919320/2.webp,3,Mens Trousers,FALSE,Mens Trousers,"Cream twill tailored trousers with front pleats, waistband self-adjusters, and a regular straight-leg silhouette.",Apparel & Accessories > Clothing,male,adult,,new,TRUE,PrimeStyleAI Demo,,,,,https://res.cloudinary.com/dgvtynla7/image/upload/v1778172636/demo/products/ff_maniere_de_voir_30919320/0.webp,lb,,,active
ff-maniere-de-voir-30919320,Mens Trousers,"<p>Cream twill tailored trousers with front pleats, waistband self-adjusters, and a regular straight-leg silhouette.</p>
<p><strong>Material:</strong> Polyester 80% · Rayon 17% · Elastane 3%</p>
<p><strong>Available sizes:</strong> 28, 29, 30, 31, 32, 33, 34, 36, XXS, XS, S, M, L, XL, XXL</p>
<div class=""primestyle-size-guide""><h3>Size Guide</h3><table><thead><tr><th>Size</th><th>Waist (in)</th><th>Waist (cm)</th><th>Hip (in)</th><th>Hip (cm)</th><th>Inseam (in)</th><th>Inseam (cm)</th></tr></thead><tbody><tr><td>28</td><td>28</td><td>71.1</td><td>35.8</td><td>90.9</td><td>30</td><td>76.2</td></tr><tr><td>29</td><td>29.1</td><td>73.9</td><td>37</td><td>94</td><td>30</td><td>76.2</td></tr><tr><td>30</td><td>29.9</td><td>75.9</td><td>38.2</td><td>97</td><td>30</td><td>76.2</td></tr><tr><td>31</td><td>31.1</td><td>79</td><td>39</td><td>99.1</td><td>32</td><td>81.3</td></tr><tr><td>32</td><td>31.9</td><td>81</td><td>40.2</td><td>102.1</td><td>32</td><td>81.3</td></tr><tr><td>33</td><td>33.1</td><td>84.1</td><td>40.9</td><td>103.9</td><td>32</td><td>81.3</td></tr><tr><td>34</td><td>33.9</td><td>86.1</td><td>42.1</td><td>106.9</td><td>32</td><td>81.3</td></tr><tr><td>36</td><td>35.8</td><td>90.9</td><td>44.1</td><td>112</td><td>32</td><td>81.3</td></tr></tbody></table></div>",Manière De Voir,Apparel & Accessories > Clothing,Regular-Fit & Straight Leg Pants,"PrimeStyleAI Demo, PrimeStyleAI Import, Regular-Fit & Straight Leg Pants, Trousers, male",TRUE,Color,Cream,Size,M,,,man3095-m,0,shopify,100,deny,manual,187.00,,TRUE,TRUE,,https://res.cloudinary.com/dgvtynla7/image/upload/v1778172642/demo/products/ff_maniere_de_voir_30919320/3.webp,4,Mens Trousers,FALSE,Mens Trousers,"Cream twill tailored trousers with front pleats, waistband self-adjusters, and a regular straight-leg silhouette.",Apparel & Accessories > Clothing,male,adult,,new,TRUE,PrimeStyleAI Demo,,,,,https://res.cloudinary.com/dgvtynla7/image/upload/v1778172636/demo/products/ff_maniere_de_voir_30919320/0.webp,lb,,,active
ff-maniere-de-voir-30919320,Mens Trousers,"<p>Cream twill tailored trousers with front pleats, waistband self-adjusters, and a regular straight-leg silhouette.</p>
<p><strong>Material:</strong> Polyester 80% · Rayon 17% · Elastane 3%</p>
<p><strong>Available sizes:</strong> 28, 29, 30, 31, 32, 33, 34, 36, XXS, XS, S, M, L, XL, XXL</p>
<div class=""primestyle-size-guide""><h3>Size Guide</h3><table><thead><tr><th>Size</th><th>Waist (in)</th><th>Waist (cm)</th><th>Hip (in)</th><th>Hip (cm)</th><th>Inseam (in)</th><th>Inseam (cm)</th></tr></thead><tbody><tr><td>28</td><td>28</td><td>71.1</td><td>35.8</td><td>90.9</td><td>30</td><td>76.2</td></tr><tr><td>29</td><td>29.1</td><td>73.9</td><td>37</td><td>94</td><td>30</td><td>76.2</td></tr><tr><td>30</td><td>29.9</td><td>75.9</td><td>38.2</td><td>97</td><td>30</td><td>76.2</td></tr><tr><td>31</td><td>31.1</td><td>79</td><td>39</td><td>99.1</td><td>32</td><td>81.3</td></tr><tr><td>32</td><td>31.9</td><td>81</td><td>40.2</td><td>102.1</td><td>32</td><td>81.3</td></tr><tr><td>33</td><td>33.1</td><td>84.1</td><td>40.9</td><td>103.9</td><td>32</td><td>81.3</td></tr><tr><td>34</td><td>33.9</td><td>86.1</td><td>42.1</td><td>106.9</td><td>32</td><td>81.3</td></tr><tr><td>36</td><td>35.8</td><td>90.9</td><td>44.1</td><td>112</td><td>32</td><td>81.3</td></tr></tbody></table></div>",Manière De Voir,Apparel & Accessories > Clothing,Regular-Fit & Straight Leg Pants,"PrimeStyleAI Demo, PrimeStyleAI Import, Regular-Fit & Straight Leg Pants, Trousers, male",TRUE,Color,Cream,Size,L,,,man3095-l,0,shopify,100,deny,manual,187.00,,TRUE,TRUE,,https://res.cloudinary.com/dgvtynla7/image/upload/v1778172645/demo/products/ff_maniere_de_voir_30919320/4.webp,5,Mens Trousers,FALSE,Mens Trousers,"Cream twill tailored trousers with front pleats, waistband self-adjusters, and a regular straight-leg silhouette.",Apparel & Accessories > Clothing,male,adult,,new,TRUE,PrimeStyleAI Demo,,,,,https://res.cloudinary.com/dgvtynla7/image/upload/v1778172636/demo/products/ff_maniere_de_voir_30919320/0.webp,lb,,,active
ff-maniere-de-voir-30919320,Mens Trousers,"<p>Cream twill tailored trousers with front pleats, waistband self-adjusters, and a regular straight-leg silhouette.</p>
<p><strong>Material:</strong> Polyester 80% · Rayon 17% · Elastane 3%</p>
<p><strong>Available sizes:</strong> 28, 29, 30, 31, 32, 33, 34, 36, XXS, XS, S, M, L, XL, XXL</p>
<div class=""primestyle-size-guide""><h3>Size Guide</h3><table><thead><tr><th>Size</th><th>Waist (in)</th><th>Waist (cm)</th><th>Hip (in)</th><th>Hip (cm)</th><th>Inseam (in)</th><th>Inseam (cm)</th></tr></thead><tbody><tr><td>28</td><td>28</td><td>71.1</td><td>35.8</td><td>90.9</td><td>30</td><td>76.2</td></tr><tr><td>29</td><td>29.1</td><td>73.9</td><td>37</td><td>94</td><td>30</td><td>76.2</td></tr><tr><td>30</td><td>29.9</td><td>75.9</td><td>38.2</td><td>97</td><td>30</td><td>76.2</td></tr><tr><td>31</td><td>31.1</td><td>79</td><td>39</td><td>99.1</td><td>32</td><td>81.3</td></tr><tr><td>32</td><td>31.9</td><td>81</td><td>40.2</td><td>102.1</td><td>32</td><td>81.3</td></tr><tr><td>33</td><td>33.1</td><td>84.1</td><td>40.9</td><td>103.9</td><td>32</td><td>81.3</td></tr><tr><td>34</td><td>33.9</td><td>86.1</td><td>42.1</td><td>106.9</td><td>32</td><td>81.3</td></tr><tr><td>36</td><td>35.8</td><td>90.9</td><td>44.1</td><td>112</td><td>32</td><td>81.3</td></tr></tbody></table></div>",Manière De Voir,Apparel & Accessories > Clothing,Regular-Fit & Straight Leg Pants,"PrimeStyleAI Demo, PrimeStyleAI Import, Regular-Fit & Straight Leg Pants, Trousers, male",TRUE,Color,Cream,Size,XL,,,man3095-xl,0,shopify,100,deny,manual,187.00,,TRUE,TRUE,,,,,FALSE,Mens Trousers,"Cream twill tailored trousers with front pleats, waistband self-adjusters, and a regular straight-leg silhouette.",Apparel & Accessories > Clothing,male,adult,,new,TRUE,PrimeStyleAI Demo,,,,,https://res.cloudinary.com/dgvtynla7/image/upload/v1778172636/demo/products/ff_maniere_de_voir_30919320/0.webp,lb,,,active
ff-maniere-de-voir-30919320,Mens Trousers,"<p>Cream twill tailored trousers with front pleats, waistband self-adjusters, and a regular straight-leg silhouette.</p>
<p><strong>Material:</strong> Polyester 80% · Rayon 17% · Elastane 3%</p>
<p><strong>Available sizes:</strong> 28, 29, 30, 31, 32, 33, 34, 36, XXS, XS, S, M, L, XL, XXL</p>
<div class=""primestyle-size-guide""><h3>Size Guide</h3><table><thead><tr><th>Size</th><th>Waist (in)</th><th>Waist (cm)</th><th>Hip (in)</th><th>Hip (cm)</th><th>Inseam (in)</th><th>Inseam (cm)</th></tr></thead><tbody><tr><td>28</td><td>28</td><td>71.1</td><td>35.8</td><td>90.9</td><td>30</td><td>76.2</td></tr><tr><td>29</td><td>29.1</td><td>73.9</td><td>37</td><td>94</td><td>30</td><td>76.2</td></tr><tr><td>30</td><td>29.9</td><td>75.9</td><td>38.2</td><td>97</td><td>30</td><td>76.2</td></tr><tr><td>31</td><td>31.1</td><td>79</td><td>39</td><td>99.1</td><td>32</td><td>81.3</td></tr><tr><td>32</td><td>31.9</td><td>81</td><td>40.2</td><td>102.1</td><td>32</td><td>81.3</td></tr><tr><td>33</td><td>33.1</td><td>84.1</td><td>40.9</td><td>103.9</td><td>32</td><td>81.3</td></tr><tr><td>34</td><td>33.9</td><td>86.1</td><td>42.1</td><td>106.9</td><td>32</td><td>81.3</td></tr><tr><td>36</td><td>35.8</td><td>90.9</td><td>44.1</td><td>112</td><td>32</td><td>81.3</td></tr></tbody></table></div>",Manière De Voir,Apparel & Accessories > Clothing,Regular-Fit & Straight Leg Pants,"PrimeStyleAI Demo, PrimeStyleAI Import, Regular-Fit & Straight Leg Pants, Trousers, male",TRUE,Color,Cream,Size,XXL,,,man3095-xxl,0,shopify,100,deny,manual,187.00,,TRUE,TRUE,,,,,FALSE,Mens Trousers,"Cream twill tailored trousers with front pleats, waistband self-adjusters, and a regular straight-leg silhouette.",Apparel & Accessories > Clothing,male,adult,,new,TRUE,PrimeStyleAI Demo,,,,,https://res.cloudinary.com/dgvtynla7/image/upload/v1778172636/demo/products/ff_maniere_de_voir_30919320/0.webp,lb,,,active
ff-solace-london-30455459,Off-shoulder Dress,"<p>Asymmetric off-shoulder dress in black with rear zip closure and vented hem.</p>
<p><strong>Material:</strong> Outer: 100% Polyester · Lining: 95% Polyester, 5% Elastane</p>
<p><strong>Available sizes:</strong> XXS, XS, S, M, L, XL</p>
<div class=""primestyle-size-guide""><h3>Solace London — Off-Shoulder Dress Size Chart</h3><p>Designed for a close fit throughout. Midweight stretch fabric with a vented hem.</p><table><thead><tr><th>Standard</th><th>UK</th><th>Europe</th><th>US</th><th>Australia</th><th>Korea</th></tr></thead><tbody><tr><td>XXS</td><td>4</td><td>32</td><td>0</td><td>4</td><td>33</td></tr><tr><td>XS</td><td>6</td><td>34</td><td>2</td><td>6</td><td>44</td></tr><tr><td>S</td><td>8</td><td>36</td><td>4</td><td>8</td><td>55</td></tr><tr><td>M</td><td>10</td><td>38</td><td>6</td><td>10</td><td>66</td></tr><tr><td>L</td><td>12</td><td>40</td><td>8</td><td>12</td><td>77</td></tr><tr><td>XL</td><td>14</td><td>42</td><td>10</td><td>14</td><td>88</td></tr><tr><td>-</td><td>16</td><td>44</td><td>12</td><td>16</td><td>99</td></tr></tbody></table></div>",Solace London,Apparel & Accessories > Clothing,Evening Dresses,"PrimeStyleAI Demo, PrimeStyleAI Import, Evening Dresses, Dresses, female",TRUE,Color,Black,Size,XXS,,,os44006-xxs,0,shopify,100,deny,manual,331.00,872.00,TRUE,TRUE,,https://res.cloudinary.com/dgvtynla7/image/upload/v1778158182/demo/products/ff_solace_london_30455459/0.webp,1,Off-shoulder Dress,FALSE,Off-shoulder Dress,Asymmetric off-shoulder dress in black with rear zip closure and vented hem.,Apparel & Accessories > Clothing,female,adult,,new,TRUE,PrimeStyleAI Demo,,,,,https://res.cloudinary.com/dgvtynla7/image/upload/v1778158182/demo/products/ff_solace_london_30455459/0.webp,lb,,,active
ff-solace-london-30455459,Off-shoulder Dress,"<p>Asymmetric off-shoulder dress in black with rear zip closure and vented hem.</p>
<p><strong>Material:</strong> Outer: 100% Polyester · Lining: 95% Polyester, 5% Elastane</p>
<p><strong>Available sizes:</strong> XXS, XS, S, M, L, XL</p>
<div class=""primestyle-size-guide""><h3>Solace London — Off-Shoulder Dress Size Chart</h3><p>Designed for a close fit throughout. Midweight stretch fabric with a vented hem.</p><table><thead><tr><th>Standard</th><th>UK</th><th>Europe</th><th>US</th><th>Australia</th><th>Korea</th></tr></thead><tbody><tr><td>XXS</td><td>4</td><td>32</td><td>0</td><td>4</td><td>33</td></tr><tr><td>XS</td><td>6</td><td>34</td><td>2</td><td>6</td><td>44</td></tr><tr><td>S</td><td>8</td><td>36</td><td>4</td><td>8</td><td>55</td></tr><tr><td>M</td><td>10</td><td>38</td><td>6</td><td>10</td><td>66</td></tr><tr><td>L</td><td>12</td><td>40</td><td>8</td><td>12</td><td>77</td></tr><tr><td>XL</td><td>14</td><td>42</td><td>10</td><td>14</td><td>88</td></tr><tr><td>-</td><td>16</td><td>44</td><td>12</td><td>16</td><td>99</td></tr></tbody></table></div>",Solace London,Apparel & Accessories > Clothing,Evening Dresses,"PrimeStyleAI Demo, PrimeStyleAI Import, Evening Dresses, Dresses, female",TRUE,Color,Black,Size,XS,,,os44006-xs,0,shopify,100,deny,manual,331.00,872.00,TRUE,TRUE,,https://res.cloudinary.com/dgvtynla7/image/upload/v1778158183/demo/products/ff_solace_london_30455459/1.webp,2,Off-shoulder Dress,FALSE,Off-shoulder Dress,Asymmetric off-shoulder dress in black with rear zip closure and vented hem.,Apparel & Accessories > Clothing,female,adult,,new,TRUE,PrimeStyleAI Demo,,,,,https://res.cloudinary.com/dgvtynla7/image/upload/v1778158182/demo/products/ff_solace_london_30455459/0.webp,lb,,,active
ff-solace-london-30455459,Off-shoulder Dress,"<p>Asymmetric off-shoulder dress in black with rear zip closure and vented hem.</p>
<p><strong>Material:</strong> Outer: 100% Polyester · Lining: 95% Polyester, 5% Elastane</p>
<p><strong>Available sizes:</strong> XXS, XS, S, M, L, XL</p>
<div class=""primestyle-size-guide""><h3>Solace London — Off-Shoulder Dress Size Chart</h3><p>Designed for a close fit throughout. Midweight stretch fabric with a vented hem.</p><table><thead><tr><th>Standard</th><th>UK</th><th>Europe</th><th>US</th><th>Australia</th><th>Korea</th></tr></thead><tbody><tr><td>XXS</td><td>4</td><td>32</td><td>0</td><td>4</td><td>33</td></tr><tr><td>XS</td><td>6</td><td>34</td><td>2</td><td>6</td><td>44</td></tr><tr><td>S</td><td>8</td><td>36</td><td>4</td><td>8</td><td>55</td></tr><tr><td>M</td><td>10</td><td>38</td><td>6</td><td>10</td><td>66</td></tr><tr><td>L</td><td>12</td><td>40</td><td>8</td><td>12</td><td>77</td></tr><tr><td>XL</td><td>14</td><td>42</td><td>10</td><td>14</td><td>88</td></tr><tr><td>-</td><td>16</td><td>44</td><td>12</td><td>16</td><td>99</td></tr></tbody></table></div>",Solace London,Apparel & Accessories > Clothing,Evening Dresses,"PrimeStyleAI Demo, PrimeStyleAI Import, Evening Dresses, Dresses, female",TRUE,Color,Black,Size,S,,,os44006-s,0,shopify,100,deny,manual,331.00,872.00,TRUE,TRUE,,https://res.cloudinary.com/dgvtynla7/image/upload/v1778158184/demo/products/ff_solace_london_30455459/2.webp,3,Off-shoulder Dress,FALSE,Off-shoulder Dress,Asymmetric off-shoulder dress in black with rear zip closure and vented hem.,Apparel & Accessories > Clothing,female,adult,,new,TRUE,PrimeStyleAI Demo,,,,,https://res.cloudinary.com/dgvtynla7/image/upload/v1778158182/demo/products/ff_solace_london_30455459/0.webp,lb,,,active
ff-solace-london-30455459,Off-shoulder Dress,"<p>Asymmetric off-shoulder dress in black with rear zip closure and vented hem.</p>
<p><strong>Material:</strong> Outer: 100% Polyester · Lining: 95% Polyester, 5% Elastane</p>
<p><strong>Available sizes:</strong> XXS, XS, S, M, L, XL</p>
<div class=""primestyle-size-guide""><h3>Solace London — Off-Shoulder Dress Size Chart</h3><p>Designed for a close fit throughout. Midweight stretch fabric with a vented hem.</p><table><thead><tr><th>Standard</th><th>UK</th><th>Europe</th><th>US</th><th>Australia</th><th>Korea</th></tr></thead><tbody><tr><td>XXS</td><td>4</td><td>32</td><td>0</td><td>4</td><td>33</td></tr><tr><td>XS</td><td>6</td><td>34</td><td>2</td><td>6</td><td>44</td></tr><tr><td>S</td><td>8</td><td>36</td><td>4</td><td>8</td><td>55</td></tr><tr><td>M</td><td>10</td><td>38</td><td>6</td><td>10</td><td>66</td></tr><tr><td>L</td><td>12</td><td>40</td><td>8</td><td>12</td><td>77</td></tr><tr><td>XL</td><td>14</td><td>42</td><td>10</td><td>14</td><td>88</td></tr><tr><td>-</td><td>16</td><td>44</td><td>12</td><td>16</td><td>99</td></tr></tbody></table></div>",Solace London,Apparel & Accessories > Clothing,Evening Dresses,"PrimeStyleAI Demo, PrimeStyleAI Import, Evening Dresses, Dresses, female",TRUE,Color,Black,Size,M,,,os44006-m,0,shopify,100,deny,manual,331.00,872.00,TRUE,TRUE,,https://res.cloudinary.com/dgvtynla7/image/upload/v1778158186/demo/products/ff_solace_london_30455459/3.webp,4,Off-shoulder Dress,FALSE,Off-shoulder Dress,Asymmetric off-shoulder dress in black with rear zip closure and vented hem.,Apparel & Accessories > Clothing,female,adult,,new,TRUE,PrimeStyleAI Demo,,,,,https://res.cloudinary.com/dgvtynla7/image/upload/v1778158182/demo/products/ff_solace_london_30455459/0.webp,lb,,,active
ff-solace-london-30455459,Off-shoulder Dress,"<p>Asymmetric off-shoulder dress in black with rear zip closure and vented hem.</p>
<p><strong>Material:</strong> Outer: 100% Polyester · Lining: 95% Polyester, 5% Elastane</p>
<p><strong>Available sizes:</strong> XXS, XS, S, M, L, XL</p>
<div class=""primestyle-size-guide""><h3>Solace London — Off-Shoulder Dress Size Chart</h3><p>Designed for a close fit throughout. Midweight stretch fabric with a vented hem.</p><table><thead><tr><th>Standard</th><th>UK</th><th>Europe</th><th>US</th><th>Australia</th><th>Korea</th></tr></thead><tbody><tr><td>XXS</td><td>4</td><td>32</td><td>0</td><td>4</td><td>33</td></tr><tr><td>XS</td><td>6</td><td>34</td><td>2</td><td>6</td><td>44</td></tr><tr><td>S</td><td>8</td><td>36</td><td>4</td><td>8</td><td>55</td></tr><tr><td>M</td><td>10</td><td>38</td><td>6</td><td>10</td><td>66</td></tr><tr><td>L</td><td>12</td><td>40</td><td>8</td><td>12</td><td>77</td></tr><tr><td>XL</td><td>14</td><td>42</td><td>10</td><td>14</td><td>88</td></tr><tr><td>-</td><td>16</td><td>44</td><td>12</td><td>16</td><td>99</td></tr></tbody></table></div>",Solace London,Apparel & Accessories > Clothing,Evening Dresses,"PrimeStyleAI Demo, PrimeStyleAI Import, Evening Dresses, Dresses, female",TRUE,Color,Black,Size,L,,,os44006-l,0,shopify,100,deny,manual,331.00,872.00,TRUE,TRUE,,https://res.cloudinary.com/dgvtynla7/image/upload/v1778158191/demo/products/ff_solace_london_30455459/4.webp,5,Off-shoulder Dress,FALSE,Off-shoulder Dress,Asymmetric off-shoulder dress in black with rear zip closure and vented hem.,Apparel & Accessories > Clothing,female,adult,,new,TRUE,PrimeStyleAI Demo,,,,,https://res.cloudinary.com/dgvtynla7/image/upload/v1778158182/demo/products/ff_solace_london_30455459/0.webp,lb,,,active
ff-solace-london-30455459,Off-shoulder Dress,"<p>Asymmetric off-shoulder dress in black with rear zip closure and vented hem.</p>
<p><strong>Material:</strong> Outer: 100% Polyester · Lining: 95% Polyester, 5% Elastane</p>
<p><strong>Available sizes:</strong> XXS, XS, S, M, L, XL</p>
<div class=""primestyle-size-guide""><h3>Solace London — Off-Shoulder Dress Size Chart</h3><p>Designed for a close fit throughout. Midweight stretch fabric with a vented hem.</p><table><thead><tr><th>Standard</th><th>UK</th><th>Europe</th><th>US</th><th>Australia</th><th>Korea</th></tr></thead><tbody><tr><td>XXS</td><td>4</td><td>32</td><td>0</td><td>4</td><td>33</td></tr><tr><td>XS</td><td>6</td><td>34</td><td>2</td><td>6</td><td>44</td></tr><tr><td>S</td><td>8</td><td>36</td><td>4</td><td>8</td><td>55</td></tr><tr><td>M</td><td>10</td><td>38</td><td>6</td><td>10</td><td>66</td></tr><tr><td>L</td><td>12</td><td>40</td><td>8</td><td>12</td><td>77</td></tr><tr><td>XL</td><td>14</td><td>42</td><td>10</td><td>14</td><td>88</td></tr><tr><td>-</td><td>16</td><td>44</td><td>12</td><td>16</td><td>99</td></tr></tbody></table></div>",Solace London,Apparel & Accessories > Clothing,Evening Dresses,"PrimeStyleAI Demo, PrimeStyleAI Import, Evening Dresses, Dresses, female",TRUE,Color,Black,Size,XL,,,os44006-xl,0,shopify,100,deny,manual,331.00,872.00,TRUE,TRUE,,,,,FALSE,Off-shoulder Dress,Asymmetric off-shoulder dress in black with rear zip closure and vented hem.,Apparel & Accessories > Clothing,female,adult,,new,TRUE,PrimeStyleAI Demo,,,,,https://res.cloudinary.com/dgvtynla7/image/upload/v1778158182/demo/products/ff_solace_london_30455459/0.webp,lb,,,active
ff-dolce-gabbana-32466778,Mens Swim Shorts,"<p>Striped-pattern drawstring swim shorts with side pockets and inner briefs. Made in Italy.</p>
<p><strong>Material:</strong> 100% Polyamide outer / 88% Polyamide 12% Elastane lining</p>
<p><strong>Available sizes:</strong> XS, S, M, L, XL, XXL, 3XL, 46, 48, 50, 52, 54</p>
<div class=""primestyle-size-guide""><h3>Dolce &amp; Gabbana — Swim Shorts Size Chart</h3><p>Original chart maps Italy sizes 44–56 (1–7) to body measurements.</p><table><thead><tr><th>Standard</th><th>Italy (D&amp;G)</th><th>Italy Numeric</th><th>Waist (in)</th><th>Hips (in)</th></tr></thead><tbody><tr><td>XS</td><td>44</td><td>1</td><td>28.7-29.9</td><td>35.8-37.0</td></tr><tr><td>S</td><td>46</td><td>2</td><td>30.3-31.5</td><td>37.4-38.2</td></tr><tr><td>M</td><td>48</td><td>3</td><td>31.9-33.1</td><td>38.6-39.8</td></tr><tr><td>L</td><td>50</td><td>4</td><td>33.5-34.6</td><td>40.2-41.3</td></tr><tr><td>XL</td><td>52</td><td>5</td><td>35.0-36.2</td><td>41.7-42.9</td></tr><tr><td>XXL</td><td>54</td><td>6</td><td>36.6-37.8</td><td>43.3-44.5</td></tr><tr><td>XXXL</td><td>56</td><td>7</td><td>38.2-39.4</td><td>44.9-46.1</td></tr></tbody></table></div>",Dolce & Gabbana,Apparel & Accessories > Clothing,Swim Shorts,"PrimeStyleAI Demo, PrimeStyleAI Import, Swim Shorts, Swim & Board Shorts, male, swim-shorts, swimwear, drawstring, striped, made-in-italy",TRUE,Color,Blue,Size,46,,,ff-dolce-gabbana-32466778-blue-46,0,shopify,100,deny,manual,545.00,,TRUE,TRUE,,https://res.cloudinary.com/dgvtynla7/image/upload/v1776437597/demo/products/ff_dolce_gabbana_32466778/0-32466778_62845994_1000.webp,1,Mens Swim Shorts,FALSE,Mens Swim Shorts,Striped-pattern drawstring swim shorts with side pockets and inner briefs. Made in Italy.,Apparel & Accessories > Clothing,male,adult,,new,TRUE,PrimeStyleAI Demo,,,,,https://res.cloudinary.com/dgvtynla7/image/upload/v1776437597/demo/products/ff_dolce_gabbana_32466778/0-32466778_62845994_1000.webp,lb,,,active
ff-dolce-gabbana-32466778,Mens Swim Shorts,"<p>Striped-pattern drawstring swim shorts with side pockets and inner briefs. Made in Italy.</p>
<p><strong>Material:</strong> 100% Polyamide outer / 88% Polyamide 12% Elastane lining</p>
<p><strong>Available sizes:</strong> XS, S, M, L, XL, XXL, 3XL, 46, 48, 50, 52, 54</p>
<div class=""primestyle-size-guide""><h3>Dolce &amp; Gabbana — Swim Shorts Size Chart</h3><p>Original chart maps Italy sizes 44–56 (1–7) to body measurements.</p><table><thead><tr><th>Standard</th><th>Italy (D&amp;G)</th><th>Italy Numeric</th><th>Waist (in)</th><th>Hips (in)</th></tr></thead><tbody><tr><td>XS</td><td>44</td><td>1</td><td>28.7-29.9</td><td>35.8-37.0</td></tr><tr><td>S</td><td>46</td><td>2</td><td>30.3-31.5</td><td>37.4-38.2</td></tr><tr><td>M</td><td>48</td><td>3</td><td>31.9-33.1</td><td>38.6-39.8</td></tr><tr><td>L</td><td>50</td><td>4</td><td>33.5-34.6</td><td>40.2-41.3</td></tr><tr><td>XL</td><td>52</td><td>5</td><td>35.0-36.2</td><td>41.7-42.9</td></tr><tr><td>XXL</td><td>54</td><td>6</td><td>36.6-37.8</td><td>43.3-44.5</td></tr><tr><td>XXXL</td><td>56</td><td>7</td><td>38.2-39.4</td><td>44.9-46.1</td></tr></tbody></table></div>",Dolce & Gabbana,Apparel & Accessories > Clothing,Swim Shorts,"PrimeStyleAI Demo, PrimeStyleAI Import, Swim Shorts, Swim & Board Shorts, male, swim-shorts, swimwear, drawstring, striped, made-in-italy",TRUE,Color,Blue,Size,48,,,ff-dolce-gabbana-32466778-blue-48,0,shopify,100,deny,manual,545.00,,TRUE,TRUE,,https://res.cloudinary.com/dgvtynla7/image/upload/v1776437606/demo/products/ff_dolce_gabbana_32466778/1-32466778_62845970_1000.webp,2,Mens Swim Shorts,FALSE,Mens Swim Shorts,Striped-pattern drawstring swim shorts with side pockets and inner briefs. Made in Italy.,Apparel & Accessories > Clothing,male,adult,,new,TRUE,PrimeStyleAI Demo,,,,,https://res.cloudinary.com/dgvtynla7/image/upload/v1776437597/demo/products/ff_dolce_gabbana_32466778/0-32466778_62845994_1000.webp,lb,,,active
ff-dolce-gabbana-32466778,Mens Swim Shorts,"<p>Striped-pattern drawstring swim shorts with side pockets and inner briefs. Made in Italy.</p>
<p><strong>Material:</strong> 100% Polyamide outer / 88% Polyamide 12% Elastane lining</p>
<p><strong>Available sizes:</strong> XS, S, M, L, XL, XXL, 3XL, 46, 48, 50, 52, 54</p>
<div class=""primestyle-size-guide""><h3>Dolce &amp; Gabbana — Swim Shorts Size Chart</h3><p>Original chart maps Italy sizes 44–56 (1–7) to body measurements.</p><table><thead><tr><th>Standard</th><th>Italy (D&amp;G)</th><th>Italy Numeric</th><th>Waist (in)</th><th>Hips (in)</th></tr></thead><tbody><tr><td>XS</td><td>44</td><td>1</td><td>28.7-29.9</td><td>35.8-37.0</td></tr><tr><td>S</td><td>46</td><td>2</td><td>30.3-31.5</td><td>37.4-38.2</td></tr><tr><td>M</td><td>48</td><td>3</td><td>31.9-33.1</td><td>38.6-39.8</td></tr><tr><td>L</td><td>50</td><td>4</td><td>33.5-34.6</td><td>40.2-41.3</td></tr><tr><td>XL</td><td>52</td><td>5</td><td>35.0-36.2</td><td>41.7-42.9</td></tr><tr><td>XXL</td><td>54</td><td>6</td><td>36.6-37.8</td><td>43.3-44.5</td></tr><tr><td>XXXL</td><td>56</td><td>7</td><td>38.2-39.4</td><td>44.9-46.1</td></tr></tbody></table></div>",Dolce & Gabbana,Apparel & Accessories > Clothing,Swim Shorts,"PrimeStyleAI Demo, PrimeStyleAI Import, Swim Shorts, Swim & Board Shorts, male, swim-shorts, swimwear, drawstring, striped, made-in-italy",TRUE,Color,Blue,Size,50,,,ff-dolce-gabbana-32466778-blue-50,0,shopify,100,deny,manual,545.00,,TRUE,TRUE,,https://res.cloudinary.com/dgvtynla7/image/upload/v1776437615/demo/products/ff_dolce_gabbana_32466778/2-32466778_62981887_1000.webp,3,Mens Swim Shorts,FALSE,Mens Swim Shorts,Striped-pattern drawstring swim shorts with side pockets and inner briefs. Made in Italy.,Apparel & Accessories > Clothing,male,adult,,new,TRUE,PrimeStyleAI Demo,,,,,https://res.cloudinary.com/dgvtynla7/image/upload/v1776437597/demo/products/ff_dolce_gabbana_32466778/0-32466778_62845994_1000.webp,lb,,,active
ff-dolce-gabbana-32466778,Mens Swim Shorts,"<p>Striped-pattern drawstring swim shorts with side pockets and inner briefs. Made in Italy.</p>
<p><strong>Material:</strong> 100% Polyamide outer / 88% Polyamide 12% Elastane lining</p>
<p><strong>Available sizes:</strong> XS, S, M, L, XL, XXL, 3XL, 46, 48, 50, 52, 54</p>
<div class=""primestyle-size-guide""><h3>Dolce &amp; Gabbana — Swim Shorts Size Chart</h3><p>Original chart maps Italy sizes 44–56 (1–7) to body measurements.</p><table><thead><tr><th>Standard</th><th>Italy (D&amp;G)</th><th>Italy Numeric</th><th>Waist (in)</th><th>Hips (in)</th></tr></thead><tbody><tr><td>XS</td><td>44</td><td>1</td><td>28.7-29.9</td><td>35.8-37.0</td></tr><tr><td>S</td><td>46</td><td>2</td><td>30.3-31.5</td><td>37.4-38.2</td></tr><tr><td>M</td><td>48</td><td>3</td><td>31.9-33.1</td><td>38.6-39.8</td></tr><tr><td>L</td><td>50</td><td>4</td><td>33.5-34.6</td><td>40.2-41.3</td></tr><tr><td>XL</td><td>52</td><td>5</td><td>35.0-36.2</td><td>41.7-42.9</td></tr><tr><td>XXL</td><td>54</td><td>6</td><td>36.6-37.8</td><td>43.3-44.5</td></tr><tr><td>XXXL</td><td>56</td><td>7</td><td>38.2-39.4</td><td>44.9-46.1</td></tr></tbody></table></div>",Dolce & Gabbana,Apparel & Accessories > Clothing,Swim Shorts,"PrimeStyleAI Demo, PrimeStyleAI Import, Swim Shorts, Swim & Board Shorts, male, swim-shorts, swimwear, drawstring, striped, made-in-italy",TRUE,Color,Blue,Size,52,,,ff-dolce-gabbana-32466778-blue-52,0,shopify,100,deny,manual,545.00,,TRUE,TRUE,,,,,FALSE,Mens Swim Shorts,Striped-pattern drawstring swim shorts with side pockets and inner briefs. Made in Italy.,Apparel & Accessories > Clothing,male,adult,,new,TRUE,PrimeStyleAI Demo,,,,,https://res.cloudinary.com/dgvtynla7/image/upload/v1776437597/demo/products/ff_dolce_gabbana_32466778/0-32466778_62845994_1000.webp,lb,,,active
ff-dolce-gabbana-32466778,Mens Swim Shorts,"<p>Striped-pattern drawstring swim shorts with side pockets and inner briefs. Made in Italy.</p>
<p><strong>Material:</strong> 100% Polyamide outer / 88% Polyamide 12% Elastane lining</p>
<p><strong>Available sizes:</strong> XS, S, M, L, XL, XXL, 3XL, 46, 48, 50, 52, 54</p>
<div class=""primestyle-size-guide""><h3>Dolce &amp; Gabbana — Swim Shorts Size Chart</h3><p>Original chart maps Italy sizes 44–56 (1–7) to body measurements.</p><table><thead><tr><th>Standard</th><th>Italy (D&amp;G)</th><th>Italy Numeric</th><th>Waist (in)</th><th>Hips (in)</th></tr></thead><tbody><tr><td>XS</td><td>44</td><td>1</td><td>28.7-29.9</td><td>35.8-37.0</td></tr><tr><td>S</td><td>46</td><td>2</td><td>30.3-31.5</td><td>37.4-38.2</td></tr><tr><td>M</td><td>48</td><td>3</td><td>31.9-33.1</td><td>38.6-39.8</td></tr><tr><td>L</td><td>50</td><td>4</td><td>33.5-34.6</td><td>40.2-41.3</td></tr><tr><td>XL</td><td>52</td><td>5</td><td>35.0-36.2</td><td>41.7-42.9</td></tr><tr><td>XXL</td><td>54</td><td>6</td><td>36.6-37.8</td><td>43.3-44.5</td></tr><tr><td>XXXL</td><td>56</td><td>7</td><td>38.2-39.4</td><td>44.9-46.1</td></tr></tbody></table></div>",Dolce & Gabbana,Apparel & Accessories > Clothing,Swim Shorts,"PrimeStyleAI Demo, PrimeStyleAI Import, Swim Shorts, Swim & Board Shorts, male, swim-shorts, swimwear, drawstring, striped, made-in-italy",TRUE,Color,Blue,Size,54,,,ff-dolce-gabbana-32466778-blue-54,0,shopify,100,deny,manual,545.00,,TRUE,TRUE,,,,,FALSE,Mens Swim Shorts,Striped-pattern drawstring swim shorts with side pockets and inner briefs. Made in Italy.,Apparel & Accessories > Clothing,male,adult,,new,TRUE,PrimeStyleAI Demo,,,,,https://res.cloudinary.com/dgvtynla7/image/upload/v1776437597/demo/products/ff_dolce_gabbana_32466778/0-32466778_62845994_1000.webp,lb,,,active
ff-lygia-nanny-30276765,Womens Swimsuit,"<p>Black and white halterneck one-piece swimsuit with ruched detailing.</p>
<p><strong>Material:</strong> 100% Polyamide</p>
<p><strong>Available sizes:</strong> S, M</p>
<div class=""primestyle-size-guide""><h3>International Size Conversion</h3><p>Lygia &amp; Nanny — Women&#39;s Swimwear</p><table><thead><tr><th>Standard</th><th>Brazil P-M-G</th><th>Italy</th><th>France</th><th>UK</th><th>US</th><th>Germany</th><th>Brazil</th><th>Japan</th><th>Standard Numeric</th><th>Roman Numeric</th><th>Russia</th><th>Korea</th><th>China</th><th>Australian</th><th>Bust (cm)</th><th>Bust (in)</th><th>Waist (cm)</th><th>Waist (in)</th><th>Hips (cm)</th><th>Hips (in)</th></tr></thead><tbody><tr><td>XXXS</td><td>XPP</td><td>36</td><td>32</td><td>4</td><td>0</td><td>30</td><td>34</td><td>3</td><td>000</td><td>000</td><td>38</td><td>22</td><td>145/73A</td><td>4</td><td>76</td><td>29.9</td><td>56</td><td>22.0</td><td>81</td><td>31.9</td></tr><tr><td>XXS</td><td>PP</td><td>38</td><td>34</td><td>6</td><td>2</td><td>32</td><td>36</td><td>5</td><td>00</td><td>00</td><td>40</td><td>33</td><td>150/76A</td><td>6</td><td>78</td><td>30.7</td><td>58</td><td>22.8</td><td>83</td><td>32.7</td></tr><tr><td>XS</td><td>P</td><td>40</td><td>36</td><td>8</td><td>4</td><td>34</td><td>38</td><td>7</td><td>0</td><td>0</td><td>42</td><td>44</td><td>155/80A</td><td>8</td><td>81</td><td>31.9</td><td>61</td><td>24.0</td><td>86</td><td>33.9</td></tr><tr><td>S</td><td>M</td><td>42</td><td>38</td><td>10</td><td>6</td><td>36</td><td>40</td><td>9</td><td>1</td><td>I</td><td>44</td><td>55</td><td>160/84A</td><td>10</td><td>85</td><td>33.5</td><td>65</td><td>25.6</td><td>90</td><td>35.4</td></tr><tr><td>M</td><td>M</td><td>44</td><td>40</td><td>12</td><td>8</td><td>38</td><td>42</td><td>11</td><td>2</td><td>II</td><td>46</td><td>66</td><td>165/88A</td><td>12</td><td>90</td><td>35.4</td><td>70</td><td>27.6</td><td>95</td><td>37.4</td></tr><tr><td>L</td><td>G</td><td>46</td><td>42</td><td>14</td><td>10</td><td>40</td><td>44</td><td>13</td><td>3</td><td>III</td><td>48</td><td>77</td><td>170/92A</td><td>14</td><td>95</td><td>37.4</td><td>75</td><td>29.5</td><td>100</td><td>39.4</td></tr><tr><td>XL</td><td>G</td><td>48</td><td>44</td><td>16</td><td>12</td><td>42</td><td>46</td><td>15</td><td>4</td><td>IV</td><td>50</td><td>88</td><td>175/96A</td><td>16</td><td>100</td><td>39.4</td><td>80</td><td>31.5</td><td>105</td><td>41.3</td></tr><tr><td>XXL</td><td>GG</td><td>50</td><td>46</td><td>18</td><td>14</td><td>44</td><td>48</td><td>17</td><td>5</td><td>V</td><td>52</td><td>99</td><td>180/100A</td><td>18</td><td>106</td><td>41.7</td><td>86</td><td>33.9</td><td>111</td><td>43.7</td></tr><tr><td>XXXL</td><td>GG</td><td>52</td><td>48</td><td>20</td><td>16</td><td>46</td><td>50</td><td>19</td><td>6</td><td>VI</td><td>54</td><td>110</td><td>185/104A</td><td>20</td><td>112</td><td>44.1</td><td>92</td><td>36.2</td><td>117</td><td>46.1</td></tr><tr><td>4XL</td><td>XGG</td><td>54</td><td>50</td><td>22</td><td>18</td><td>48</td><td>52</td><td>21</td><td>7</td><td>VII</td><td>56</td><td>121</td><td>—</td><td>22</td><td>118</td><td>46.5</td><td>98</td><td>38.6</td><td>123</td><td>48.4</td></tr><tr><td>5XL</td><td>XGG</td><td>56</td><td>52</td><td>24</td><td>20</td><td>50</td><td>54</td><td>23</td><td>8</td><td>VIII</td><td>58</td><td>132</td><td>—</td><td>24</td><td>124</td><td>48.8</td><td>104</td><td>40.9</td><td>129</td><td>50.8</td></tr><tr><td>6XL</td><td>XGG</td><td>58</td><td>54</td><td>26</td><td>22</td><td>52</td><td>56</td><td>25</td><td>9</td><td>IX</td><td>60</td><td>143</td><td>—</td><td>26</td><td>130</td><td>51.2</td><td>110</td><td>43.3</td><td>135</td><td>53.1</td></tr><tr><td>7XL</td><td>XGG</td><td>60</td><td>56</td><td>28</td><td>24</td><td>54</td><td>58</td><td>27</td><td>10</td><td>X</td><td>62</td><td>154</td><td>—</td><td>28</td><td>136</td><td>53.5</td><td>116</td><td>45.7</td><td>141</td><td>55.5</td></tr></tbody></table></div>",Lygia & Nanny,Apparel & Accessories > Clothing,Swimsuits,"PrimeStyleAI Demo, PrimeStyleAI Import, Swimsuits, One-Pieces, female, swimsuit, beachwear, halterneck, ruched, one-piece",TRUE,Color,Black & White,Size,S,,,ff-lygia-nanny-30276765-black-and-white-s,0,shopify,100,deny,manual,362.00,,TRUE,TRUE,,https://res.cloudinary.com/dgvtynla7/image/upload/v1776437570/demo/products/ff_lygia_nanny_30276765/0-30276765_59615337_1000.webp,1,Womens Swimsuit,FALSE,Womens Swimsuit,Black and white halterneck one-piece swimsuit with ruched detailing.,Apparel & Accessories > Clothing,female,adult,,new,TRUE,PrimeStyleAI Demo,,,,,https://res.cloudinary.com/dgvtynla7/image/upload/v1776437570/demo/products/ff_lygia_nanny_30276765/0-30276765_59615337_1000.webp,lb,,,active
ff-lygia-nanny-30276765,Womens Swimsuit,"<p>Black and white halterneck one-piece swimsuit with ruched detailing.</p>
<p><strong>Material:</strong> 100% Polyamide</p>
<p><strong>Available sizes:</strong> S, M</p>
<div class=""primestyle-size-guide""><h3>International Size Conversion</h3><p>Lygia &amp; Nanny — Women&#39;s Swimwear</p><table><thead><tr><th>Standard</th><th>Brazil P-M-G</th><th>Italy</th><th>France</th><th>UK</th><th>US</th><th>Germany</th><th>Brazil</th><th>Japan</th><th>Standard Numeric</th><th>Roman Numeric</th><th>Russia</th><th>Korea</th><th>China</th><th>Australian</th><th>Bust (cm)</th><th>Bust (in)</th><th>Waist (cm)</th><th>Waist (in)</th><th>Hips (cm)</th><th>Hips (in)</th></tr></thead><tbody><tr><td>XXXS</td><td>XPP</td><td>36</td><td>32</td><td>4</td><td>0</td><td>30</td><td>34</td><td>3</td><td>000</td><td>000</td><td>38</td><td>22</td><td>145/73A</td><td>4</td><td>76</td><td>29.9</td><td>56</td><td>22.0</td><td>81</td><td>31.9</td></tr><tr><td>XXS</td><td>PP</td><td>38</td><td>34</td><td>6</td><td>2</td><td>32</td><td>36</td><td>5</td><td>00</td><td>00</td><td>40</td><td>33</td><td>150/76A</td><td>6</td><td>78</td><td>30.7</td><td>58</td><td>22.8</td><td>83</td><td>32.7</td></tr><tr><td>XS</td><td>P</td><td>40</td><td>36</td><td>8</td><td>4</td><td>34</td><td>38</td><td>7</td><td>0</td><td>0</td><td>42</td><td>44</td><td>155/80A</td><td>8</td><td>81</td><td>31.9</td><td>61</td><td>24.0</td><td>86</td><td>33.9</td></tr><tr><td>S</td><td>M</td><td>42</td><td>38</td><td>10</td><td>6</td><td>36</td><td>40</td><td>9</td><td>1</td><td>I</td><td>44</td><td>55</td><td>160/84A</td><td>10</td><td>85</td><td>33.5</td><td>65</td><td>25.6</td><td>90</td><td>35.4</td></tr><tr><td>M</td><td>M</td><td>44</td><td>40</td><td>12</td><td>8</td><td>38</td><td>42</td><td>11</td><td>2</td><td>II</td><td>46</td><td>66</td><td>165/88A</td><td>12</td><td>90</td><td>35.4</td><td>70</td><td>27.6</td><td>95</td><td>37.4</td></tr><tr><td>L</td><td>G</td><td>46</td><td>42</td><td>14</td><td>10</td><td>40</td><td>44</td><td>13</td><td>3</td><td>III</td><td>48</td><td>77</td><td>170/92A</td><td>14</td><td>95</td><td>37.4</td><td>75</td><td>29.5</td><td>100</td><td>39.4</td></tr><tr><td>XL</td><td>G</td><td>48</td><td>44</td><td>16</td><td>12</td><td>42</td><td>46</td><td>15</td><td>4</td><td>IV</td><td>50</td><td>88</td><td>175/96A</td><td>16</td><td>100</td><td>39.4</td><td>80</td><td>31.5</td><td>105</td><td>41.3</td></tr><tr><td>XXL</td><td>GG</td><td>50</td><td>46</td><td>18</td><td>14</td><td>44</td><td>48</td><td>17</td><td>5</td><td>V</td><td>52</td><td>99</td><td>180/100A</td><td>18</td><td>106</td><td>41.7</td><td>86</td><td>33.9</td><td>111</td><td>43.7</td></tr><tr><td>XXXL</td><td>GG</td><td>52</td><td>48</td><td>20</td><td>16</td><td>46</td><td>50</td><td>19</td><td>6</td><td>VI</td><td>54</td><td>110</td><td>185/104A</td><td>20</td><td>112</td><td>44.1</td><td>92</td><td>36.2</td><td>117</td><td>46.1</td></tr><tr><td>4XL</td><td>XGG</td><td>54</td><td>50</td><td>22</td><td>18</td><td>48</td><td>52</td><td>21</td><td>7</td><td>VII</td><td>56</td><td>121</td><td>—</td><td>22</td><td>118</td><td>46.5</td><td>98</td><td>38.6</td><td>123</td><td>48.4</td></tr><tr><td>5XL</td><td>XGG</td><td>56</td><td>52</td><td>24</td><td>20</td><td>50</td><td>54</td><td>23</td><td>8</td><td>VIII</td><td>58</td><td>132</td><td>—</td><td>24</td><td>124</td><td>48.8</td><td>104</td><td>40.9</td><td>129</td><td>50.8</td></tr><tr><td>6XL</td><td>XGG</td><td>58</td><td>54</td><td>26</td><td>22</td><td>52</td><td>56</td><td>25</td><td>9</td><td>IX</td><td>60</td><td>143</td><td>—</td><td>26</td><td>130</td><td>51.2</td><td>110</td><td>43.3</td><td>135</td><td>53.1</td></tr><tr><td>7XL</td><td>XGG</td><td>60</td><td>56</td><td>28</td><td>24</td><td>54</td><td>58</td><td>27</td><td>10</td><td>X</td><td>62</td><td>154</td><td>—</td><td>28</td><td>136</td><td>53.5</td><td>116</td><td>45.7</td><td>141</td><td>55.5</td></tr></tbody></table></div>",Lygia & Nanny,Apparel & Accessories > Clothing,Swimsuits,"PrimeStyleAI Demo, PrimeStyleAI Import, Swimsuits, One-Pieces, female, swimsuit, beachwear, halterneck, ruched, one-piece",TRUE,Color,Black & White,Size,M,,,ff-lygia-nanny-30276765-black-and-white-m,0,shopify,100,deny,manual,362.00,,TRUE,TRUE,,https://res.cloudinary.com/dgvtynla7/image/upload/v1776437578/demo/products/ff_lygia_nanny_30276765/1-30276765_59616727_1000.webp,2,Womens Swimsuit,FALSE,Womens Swimsuit,Black and white halterneck one-piece swimsuit with ruched detailing.,Apparel & Accessories > Clothing,female,adult,,new,TRUE,PrimeStyleAI Demo,,,,,https://res.cloudinary.com/dgvtynla7/image/upload/v1776437570/demo/products/ff_lygia_nanny_30276765/0-30276765_59615337_1000.webp,lb,,,active
ff-lygia-nanny-30276765,,,,,,,,,,,,,,,,,,,,,,,,,https://res.cloudinary.com/dgvtynla7/image/upload/v1776437587/demo/products/ff_lygia_nanny_30276765/2-30276765_59616499_1000.webp,3,Womens Swimsuit,,,,,,,,,,,,,,,,,,,
ff-giorgio-armani-28457510,Mens T-Shirt,"<p>Navy blue cotton T-shirt with logo print, crew neck, and short sleeves. Made in Italy.</p>
<p><strong>Material:</strong> 100% Cotton</p>
<p><strong>Available sizes:</strong> 46, 48, 50, 52, 56</p>
<div class=""primestyle-size-guide""><h3>Size Guide — Giorgio Armani Men&#39;s Tops</h3><p>Pick your country, then use the cm/inch toggle for body measurements.</p><table><thead><tr><th>Standard</th><th>Italy</th><th>France</th><th>Europe</th><th>UK</th><th>US</th><th>China</th><th>Japan</th><th>Korea</th><th>Russia</th><th>Chest (cm)</th><th>Chest (in)</th><th>Length (cm)</th><th>Length (in)</th></tr></thead><tbody><tr><td>XXS</td><td>42</td><td>38</td><td>42</td><td>32</td><td>32</td><td>160/76A</td><td>XXS</td><td>90</td><td>44</td><td>88</td><td>34.6</td><td>64</td><td>25.2</td></tr><tr><td>XS</td><td>44</td><td>40</td><td>44</td><td>34</td><td>34</td><td>165/80A</td><td>XS</td><td>90</td><td>46</td><td>92</td><td>36.2</td><td>66</td><td>26.0</td></tr><tr><td>S</td><td>46</td><td>42</td><td>46</td><td>36</td><td>36</td><td>170/84A</td><td>S</td><td>95</td><td>48</td><td>96</td><td>37.8</td><td>68</td><td>26.8</td></tr><tr><td>M</td><td>48</td><td>44</td><td>48</td><td>38</td><td>38</td><td>175/88A</td><td>M</td><td>100</td><td>50</td><td>100</td><td>39.4</td><td>70</td><td>27.6</td></tr><tr><td>L</td><td>50</td><td>46</td><td>50</td><td>40</td><td>40</td><td>175/92A</td><td>L</td><td>100</td><td>52</td><td>104</td><td>40.9</td><td>72</td><td>28.3</td></tr><tr><td>XL</td><td>52</td><td>48</td><td>52</td><td>42</td><td>42</td><td>180/96A</td><td>XL</td><td>105</td><td>54</td><td>108</td><td>42.5</td><td>74</td><td>29.1</td></tr><tr><td>XXL</td><td>54</td><td>50</td><td>54</td><td>44</td><td>44</td><td>185/96A</td><td>XXL</td><td>110</td><td>56</td><td>112</td><td>44.1</td><td>76</td><td>29.9</td></tr><tr><td>3XL</td><td>56</td><td>52</td><td>56</td><td>46</td><td>46</td><td>185/100A</td><td>3XL</td><td>115</td><td>58</td><td>116</td><td>45.7</td><td>78</td><td>30.7</td></tr><tr><td>4XL</td><td>58</td><td>54</td><td>58</td><td>48</td><td>48</td><td>185/108B</td><td>4XL</td><td>120</td><td>60</td><td>120</td><td>47.2</td><td>80</td><td>31.5</td></tr><tr><td>5XL</td><td>60</td><td>56</td><td>60</td><td>50</td><td>50</td><td>185/112B</td><td>5XL</td><td>125</td><td>62</td><td>124</td><td>48.8</td><td>82</td><td>32.3</td></tr><tr><td>6XL</td><td>62</td><td>58</td><td>62</td><td>52</td><td>52</td><td>185/114B</td><td>6XL</td><td>130</td><td>64</td><td>128</td><td>50.4</td><td>84</td><td>33.1</td></tr></tbody></table></div>",Giorgio Armani,Apparel & Accessories > Clothing,T-Shirts,"PrimeStyleAI Demo, PrimeStyleAI Import, T-Shirts, male, t-shirt, cotton, logo, crew-neck, short-sleeves, made-in-italy, giorgio-armani",TRUE,Color,Navy Blue,Size,46,,,28457510-3,0,shopify,100,deny,manual,344.00,,TRUE,TRUE,,https://res.cloudinary.com/dgvtynla7/image/upload/v1776437510/demo/products/ff_giorgio_armani_28457510/0-28457510_57798238_1000.webp,1,Mens T-Shirt,FALSE,Mens T-Shirt,"Navy blue cotton T-shirt with logo print, crew neck, and short sleeves. Made in Italy.",Apparel & Accessories > Clothing,male,adult,,new,TRUE,PrimeStyleAI Demo,,,,,https://res.cloudinary.com/dgvtynla7/image/upload/v1776437510/demo/products/ff_giorgio_armani_28457510/0-28457510_57798238_1000.webp,lb,,,active
ff-giorgio-armani-28457510,Mens T-Shirt,"<p>Navy blue cotton T-shirt with logo print, crew neck, and short sleeves. Made in Italy.</p>
<p><strong>Material:</strong> 100% Cotton</p>
<p><strong>Available sizes:</strong> 46, 48, 50, 52, 56</p>
<div class=""primestyle-size-guide""><h3>Size Guide — Giorgio Armani Men&#39;s Tops</h3><p>Pick your country, then use the cm/inch toggle for body measurements.</p><table><thead><tr><th>Standard</th><th>Italy</th><th>France</th><th>Europe</th><th>UK</th><th>US</th><th>China</th><th>Japan</th><th>Korea</th><th>Russia</th><th>Chest (cm)</th><th>Chest (in)</th><th>Length (cm)</th><th>Length (in)</th></tr></thead><tbody><tr><td>XXS</td><td>42</td><td>38</td><td>42</td><td>32</td><td>32</td><td>160/76A</td><td>XXS</td><td>90</td><td>44</td><td>88</td><td>34.6</td><td>64</td><td>25.2</td></tr><tr><td>XS</td><td>44</td><td>40</td><td>44</td><td>34</td><td>34</td><td>165/80A</td><td>XS</td><td>90</td><td>46</td><td>92</td><td>36.2</td><td>66</td><td>26.0</td></tr><tr><td>S</td><td>46</td><td>42</td><td>46</td><td>36</td><td>36</td><td>170/84A</td><td>S</td><td>95</td><td>48</td><td>96</td><td>37.8</td><td>68</td><td>26.8</td></tr><tr><td>M</td><td>48</td><td>44</td><td>48</td><td>38</td><td>38</td><td>175/88A</td><td>M</td><td>100</td><td>50</td><td>100</td><td>39.4</td><td>70</td><td>27.6</td></tr><tr><td>L</td><td>50</td><td>46</td><td>50</td><td>40</td><td>40</td><td>175/92A</td><td>L</td><td>100</td><td>52</td><td>104</td><td>40.9</td><td>72</td><td>28.3</td></tr><tr><td>XL</td><td>52</td><td>48</td><td>52</td><td>42</td><td>42</td><td>180/96A</td><td>XL</td><td>105</td><td>54</td><td>108</td><td>42.5</td><td>74</td><td>29.1</td></tr><tr><td>XXL</td><td>54</td><td>50</td><td>54</td><td>44</td><td>44</td><td>185/96A</td><td>XXL</td><td>110</td><td>56</td><td>112</td><td>44.1</td><td>76</td><td>29.9</td></tr><tr><td>3XL</td><td>56</td><td>52</td><td>56</td><td>46</td><td>46</td><td>185/100A</td><td>3XL</td><td>115</td><td>58</td><td>116</td><td>45.7</td><td>78</td><td>30.7</td></tr><tr><td>4XL</td><td>58</td><td>54</td><td>58</td><td>48</td><td>48</td><td>185/108B</td><td>4XL</td><td>120</td><td>60</td><td>120</td><td>47.2</td><td>80</td><td>31.5</td></tr><tr><td>5XL</td><td>60</td><td>56</td><td>60</td><td>50</td><td>50</td><td>185/112B</td><td>5XL</td><td>125</td><td>62</td><td>124</td><td>48.8</td><td>82</td><td>32.3</td></tr><tr><td>6XL</td><td>62</td><td>58</td><td>62</td><td>52</td><td>52</td><td>185/114B</td><td>6XL</td><td>130</td><td>64</td><td>128</td><td>50.4</td><td>84</td><td>33.1</td></tr></tbody></table></div>",Giorgio Armani,Apparel & Accessories > Clothing,T-Shirts,"PrimeStyleAI Demo, PrimeStyleAI Import, T-Shirts, male, t-shirt, cotton, logo, crew-neck, short-sleeves, made-in-italy, giorgio-armani",TRUE,Color,Navy Blue,Size,48,,,28457510-4,0,shopify,100,deny,manual,344.00,,TRUE,TRUE,,https://res.cloudinary.com/dgvtynla7/image/upload/v1776437520/demo/products/ff_giorgio_armani_28457510/1-28457510_57798221_1000.webp,2,Mens T-Shirt,FALSE,Mens T-Shirt,"Navy blue cotton T-shirt with logo print, crew neck, and short sleeves. Made in Italy.",Apparel & Accessories > Clothing,male,adult,,new,TRUE,PrimeStyleAI Demo,,,,,https://res.cloudinary.com/dgvtynla7/image/upload/v1776437510/demo/products/ff_giorgio_armani_28457510/0-28457510_57798238_1000.webp,lb,,,active
ff-giorgio-armani-28457510,Mens T-Shirt,"<p>Navy blue cotton T-shirt with logo print, crew neck, and short sleeves. Made in Italy.</p>
<p><strong>Material:</strong> 100% Cotton</p>
<p><strong>Available sizes:</strong> 46, 48, 50, 52, 56</p>
<div class=""primestyle-size-guide""><h3>Size Guide — Giorgio Armani Men&#39;s Tops</h3><p>Pick your country, then use the cm/inch toggle for body measurements.</p><table><thead><tr><th>Standard</th><th>Italy</th><th>France</th><th>Europe</th><th>UK</th><th>US</th><th>China</th><th>Japan</th><th>Korea</th><th>Russia</th><th>Chest (cm)</th><th>Chest (in)</th><th>Length (cm)</th><th>Length (in)</th></tr></thead><tbody><tr><td>XXS</td><td>42</td><td>38</td><td>42</td><td>32</td><td>32</td><td>160/76A</td><td>XXS</td><td>90</td><td>44</td><td>88</td><td>34.6</td><td>64</td><td>25.2</td></tr><tr><td>XS</td><td>44</td><td>40</td><td>44</td><td>34</td><td>34</td><td>165/80A</td><td>XS</td><td>90</td><td>46</td><td>92</td><td>36.2</td><td>66</td><td>26.0</td></tr><tr><td>S</td><td>46</td><td>42</td><td>46</td><td>36</td><td>36</td><td>170/84A</td><td>S</td><td>95</td><td>48</td><td>96</td><td>37.8</td><td>68</td><td>26.8</td></tr><tr><td>M</td><td>48</td><td>44</td><td>48</td><td>38</td><td>38</td><td>175/88A</td><td>M</td><td>100</td><td>50</td><td>100</td><td>39.4</td><td>70</td><td>27.6</td></tr><tr><td>L</td><td>50</td><td>46</td><td>50</td><td>40</td><td>40</td><td>175/92A</td><td>L</td><td>100</td><td>52</td><td>104</td><td>40.9</td><td>72</td><td>28.3</td></tr><tr><td>XL</td><td>52</td><td>48</td><td>52</td><td>42</td><td>42</td><td>180/96A</td><td>XL</td><td>105</td><td>54</td><td>108</td><td>42.5</td><td>74</td><td>29.1</td></tr><tr><td>XXL</td><td>54</td><td>50</td><td>54</td><td>44</td><td>44</td><td>185/96A</td><td>XXL</td><td>110</td><td>56</td><td>112</td><td>44.1</td><td>76</td><td>29.9</td></tr><tr><td>3XL</td><td>56</td><td>52</td><td>56</td><td>46</td><td>46</td><td>185/100A</td><td>3XL</td><td>115</td><td>58</td><td>116</td><td>45.7</td><td>78</td><td>30.7</td></tr><tr><td>4XL</td><td>58</td><td>54</td><td>58</td><td>48</td><td>48</td><td>185/108B</td><td>4XL</td><td>120</td><td>60</td><td>120</td><td>47.2</td><td>80</td><td>31.5</td></tr><tr><td>5XL</td><td>60</td><td>56</td><td>60</td><td>50</td><td>50</td><td>185/112B</td><td>5XL</td><td>125</td><td>62</td><td>124</td><td>48.8</td><td>82</td><td>32.3</td></tr><tr><td>6XL</td><td>62</td><td>58</td><td>62</td><td>52</td><td>52</td><td>185/114B</td><td>6XL</td><td>130</td><td>64</td><td>128</td><td>50.4</td><td>84</td><td>33.1</td></tr></tbody></table></div>",Giorgio Armani,Apparel & Accessories > Clothing,T-Shirts,"PrimeStyleAI Demo, PrimeStyleAI Import, T-Shirts, male, t-shirt, cotton, logo, crew-neck, short-sleeves, made-in-italy, giorgio-armani",TRUE,Color,Navy Blue,Size,50,,,28457510-5,0,shopify,100,deny,manual,344.00,,TRUE,TRUE,,,,,FALSE,Mens T-Shirt,"Navy blue cotton T-shirt with logo print, crew neck, and short sleeves. Made in Italy.",Apparel & Accessories > Clothing,male,adult,,new,TRUE,PrimeStyleAI Demo,,,,,https://res.cloudinary.com/dgvtynla7/image/upload/v1776437510/demo/products/ff_giorgio_armani_28457510/0-28457510_57798238_1000.webp,lb,,,active
ff-giorgio-armani-28457510,Mens T-Shirt,"<p>Navy blue cotton T-shirt with logo print, crew neck, and short sleeves. Made in Italy.</p>
<p><strong>Material:</strong> 100% Cotton</p>
<p><strong>Available sizes:</strong> 46, 48, 50, 52, 56</p>
<div class=""primestyle-size-guide""><h3>Size Guide — Giorgio Armani Men&#39;s Tops</h3><p>Pick your country, then use the cm/inch toggle for body measurements.</p><table><thead><tr><th>Standard</th><th>Italy</th><th>France</th><th>Europe</th><th>UK</th><th>US</th><th>China</th><th>Japan</th><th>Korea</th><th>Russia</th><th>Chest (cm)</th><th>Chest (in)</th><th>Length (cm)</th><th>Length (in)</th></tr></thead><tbody><tr><td>XXS</td><td>42</td><td>38</td><td>42</td><td>32</td><td>32</td><td>160/76A</td><td>XXS</td><td>90</td><td>44</td><td>88</td><td>34.6</td><td>64</td><td>25.2</td></tr><tr><td>XS</td><td>44</td><td>40</td><td>44</td><td>34</td><td>34</td><td>165/80A</td><td>XS</td><td>90</td><td>46</td><td>92</td><td>36.2</td><td>66</td><td>26.0</td></tr><tr><td>S</td><td>46</td><td>42</td><td>46</td><td>36</td><td>36</td><td>170/84A</td><td>S</td><td>95</td><td>48</td><td>96</td><td>37.8</td><td>68</td><td>26.8</td></tr><tr><td>M</td><td>48</td><td>44</td><td>48</td><td>38</td><td>38</td><td>175/88A</td><td>M</td><td>100</td><td>50</td><td>100</td><td>39.4</td><td>70</td><td>27.6</td></tr><tr><td>L</td><td>50</td><td>46</td><td>50</td><td>40</td><td>40</td><td>175/92A</td><td>L</td><td>100</td><td>52</td><td>104</td><td>40.9</td><td>72</td><td>28.3</td></tr><tr><td>XL</td><td>52</td><td>48</td><td>52</td><td>42</td><td>42</td><td>180/96A</td><td>XL</td><td>105</td><td>54</td><td>108</td><td>42.5</td><td>74</td><td>29.1</td></tr><tr><td>XXL</td><td>54</td><td>50</td><td>54</td><td>44</td><td>44</td><td>185/96A</td><td>XXL</td><td>110</td><td>56</td><td>112</td><td>44.1</td><td>76</td><td>29.9</td></tr><tr><td>3XL</td><td>56</td><td>52</td><td>56</td><td>46</td><td>46</td><td>185/100A</td><td>3XL</td><td>115</td><td>58</td><td>116</td><td>45.7</td><td>78</td><td>30.7</td></tr><tr><td>4XL</td><td>58</td><td>54</td><td>58</td><td>48</td><td>48</td><td>185/108B</td><td>4XL</td><td>120</td><td>60</td><td>120</td><td>47.2</td><td>80</td><td>31.5</td></tr><tr><td>5XL</td><td>60</td><td>56</td><td>60</td><td>50</td><td>50</td><td>185/112B</td><td>5XL</td><td>125</td><td>62</td><td>124</td><td>48.8</td><td>82</td><td>32.3</td></tr><tr><td>6XL</td><td>62</td><td>58</td><td>62</td><td>52</td><td>52</td><td>185/114B</td><td>6XL</td><td>130</td><td>64</td><td>128</td><td>50.4</td><td>84</td><td>33.1</td></tr></tbody></table></div>",Giorgio Armani,Apparel & Accessories > Clothing,T-Shirts,"PrimeStyleAI Demo, PrimeStyleAI Import, T-Shirts, male, t-shirt, cotton, logo, crew-neck, short-sleeves, made-in-italy, giorgio-armani",TRUE,Color,Navy Blue,Size,52,,,28457510-6,0,shopify,100,deny,manual,344.00,,TRUE,TRUE,,,,,FALSE,Mens T-Shirt,"Navy blue cotton T-shirt with logo print, crew neck, and short sleeves. Made in Italy.",Apparel & Accessories > Clothing,male,adult,,new,TRUE,PrimeStyleAI Demo,,,,,https://res.cloudinary.com/dgvtynla7/image/upload/v1776437510/demo/products/ff_giorgio_armani_28457510/0-28457510_57798238_1000.webp,lb,,,active
ff-giorgio-armani-28457510,Mens T-Shirt,"<p>Navy blue cotton T-shirt with logo print, crew neck, and short sleeves. Made in Italy.</p>
<p><strong>Material:</strong> 100% Cotton</p>
<p><strong>Available sizes:</strong> 46, 48, 50, 52, 56</p>
<div class=""primestyle-size-guide""><h3>Size Guide — Giorgio Armani Men&#39;s Tops</h3><p>Pick your country, then use the cm/inch toggle for body measurements.</p><table><thead><tr><th>Standard</th><th>Italy</th><th>France</th><th>Europe</th><th>UK</th><th>US</th><th>China</th><th>Japan</th><th>Korea</th><th>Russia</th><th>Chest (cm)</th><th>Chest (in)</th><th>Length (cm)</th><th>Length (in)</th></tr></thead><tbody><tr><td>XXS</td><td>42</td><td>38</td><td>42</td><td>32</td><td>32</td><td>160/76A</td><td>XXS</td><td>90</td><td>44</td><td>88</td><td>34.6</td><td>64</td><td>25.2</td></tr><tr><td>XS</td><td>44</td><td>40</td><td>44</td><td>34</td><td>34</td><td>165/80A</td><td>XS</td><td>90</td><td>46</td><td>92</td><td>36.2</td><td>66</td><td>26.0</td></tr><tr><td>S</td><td>46</td><td>42</td><td>46</td><td>36</td><td>36</td><td>170/84A</td><td>S</td><td>95</td><td>48</td><td>96</td><td>37.8</td><td>68</td><td>26.8</td></tr><tr><td>M</td><td>48</td><td>44</td><td>48</td><td>38</td><td>38</td><td>175/88A</td><td>M</td><td>100</td><td>50</td><td>100</td><td>39.4</td><td>70</td><td>27.6</td></tr><tr><td>L</td><td>50</td><td>46</td><td>50</td><td>40</td><td>40</td><td>175/92A</td><td>L</td><td>100</td><td>52</td><td>104</td><td>40.9</td><td>72</td><td>28.3</td></tr><tr><td>XL</td><td>52</td><td>48</td><td>52</td><td>42</td><td>42</td><td>180/96A</td><td>XL</td><td>105</td><td>54</td><td>108</td><td>42.5</td><td>74</td><td>29.1</td></tr><tr><td>XXL</td><td>54</td><td>50</td><td>54</td><td>44</td><td>44</td><td>185/96A</td><td>XXL</td><td>110</td><td>56</td><td>112</td><td>44.1</td><td>76</td><td>29.9</td></tr><tr><td>3XL</td><td>56</td><td>52</td><td>56</td><td>46</td><td>46</td><td>185/100A</td><td>3XL</td><td>115</td><td>58</td><td>116</td><td>45.7</td><td>78</td><td>30.7</td></tr><tr><td>4XL</td><td>58</td><td>54</td><td>58</td><td>48</td><td>48</td><td>185/108B</td><td>4XL</td><td>120</td><td>60</td><td>120</td><td>47.2</td><td>80</td><td>31.5</td></tr><tr><td>5XL</td><td>60</td><td>56</td><td>60</td><td>50</td><td>50</td><td>185/112B</td><td>5XL</td><td>125</td><td>62</td><td>124</td><td>48.8</td><td>82</td><td>32.3</td></tr><tr><td>6XL</td><td>62</td><td>58</td><td>62</td><td>52</td><td>52</td><td>185/114B</td><td>6XL</td><td>130</td><td>64</td><td>128</td><td>50.4</td><td>84</td><td>33.1</td></tr></tbody></table></div>",Giorgio Armani,Apparel & Accessories > Clothing,T-Shirts,"PrimeStyleAI Demo, PrimeStyleAI Import, T-Shirts, male, t-shirt, cotton, logo, crew-neck, short-sleeves, made-in-italy, giorgio-armani",TRUE,Color,Navy Blue,Size,56,,,28457510-8,0,shopify,100,deny,manual,344.00,,TRUE,TRUE,,,,,FALSE,Mens T-Shirt,"Navy blue cotton T-shirt with logo print, crew neck, and short sleeves. Made in Italy.",Apparel & Accessories > Clothing,male,adult,,new,TRUE,PrimeStyleAI Demo,,,,,https://res.cloudinary.com/dgvtynla7/image/upload/v1776437510/demo/products/ff_giorgio_armani_28457510/0-28457510_57798238_1000.webp,lb,,,active
mw-tmw-3by1-10,Mens Tuxedo,"<p>Suave, sustainable, and ready to steal the spotlight. Modern Fit means tailored without the squeeze.</p>
<p><strong>Material:</strong> 52% Wool, 45% Recycled Polyester, 3% Spandex</p>
<p><strong>Available sizes:</strong> 36, 38, 39, 40, 41, 42, 43, 44, 46, 48, 50, 52, 54, 56, 58, 36 Short, 36 Regular, 38 Short, 38 Regular, 38 Long, 39 Short, 39 Regular, 39 Long, 40 Short, 40 Regular, 40 Long, 41 Short, 41 Regular, 41 Long, 42 Short, 42 Regular, 42 Long, 43 Regular, 43 Long, 44 Short, 44 Regular, 44 Long, 46 Regular, 46 Long, 48 Regular, 48 Long, 50 Regular, 50 Long, 52 Regular, 54 Regular, 56 Regular, 58 Regular</p>
<div class=""primestyle-size-guide""><h3>Size Chart</h3><p>Reference for Suits, 2-Piece Suits, Suit Separate Jackets, Suit Separate Vests, Tuxedos, 3-Piece Suits, Blazers, Dinner Jackets, and Sport Coats.</p><h4>Jacket Size</h4><table><thead><tr><th>Size</th><th>EU</th><th>Chest (in)</th><th>Chest (cm)</th></tr></thead><tbody><tr><td>34</td><td>44</td><td>34</td><td>86</td></tr><tr><td>36</td><td>46</td><td>36</td><td>91</td></tr><tr><td>38</td><td>48</td><td>38</td><td>97</td></tr><tr><td>40</td><td>50</td><td>40</td><td>102</td></tr><tr><td>42</td><td>52</td><td>42</td><td>107</td></tr><tr><td>44</td><td>54</td><td>44</td><td>112</td></tr><tr><td>46</td><td>56</td><td>46</td><td>117</td></tr><tr><td>48</td><td>58</td><td>48</td><td>122</td></tr><tr><td>50</td><td>60</td><td>50</td><td>127</td></tr><tr><td>52</td><td>62</td><td>52</td><td>132</td></tr><tr><td>54</td><td>64</td><td>54</td><td>137</td></tr><tr><td>56</td><td>66</td><td>56</td><td>142</td></tr><tr><td>58</td><td>68</td><td>58</td><td>147</td></tr><tr><td>60</td><td>70</td><td>60</td><td>152</td></tr></tbody></table><h4>Jacket Length</h4><table><thead><tr><th>Size</th><th>Height</th><th>Height (cm)</th></tr></thead><tbody><tr><td>Short</td><td>5&#39;6&quot;-5&#39;8&quot; tall</td><td>170-178</td></tr><tr><td>Regular</td><td>5&#39;8&quot;-6&#39;1&quot; tall</td><td>178-185</td></tr><tr><td>Long</td><td>6&#39;0&quot;-6&#39;3&quot; tall</td><td>183-193</td></tr><tr><td>X Tall</td><td>6&#39;4&quot;-6&#39;6&quot; tall</td><td>195.5-201</td></tr></tbody></table><h4>Suit Pants</h4><table><thead><tr><th>Size</th><th>Waist (in)</th><th>Waist (cm)</th></tr></thead><tbody><tr><td>30</td><td>30</td><td>76</td></tr><tr><td>31</td><td>31</td><td>79</td></tr><tr><td>32</td><td>32</td><td>81</td></tr><tr><td>33</td><td>33</td><td>84</td></tr><tr><td>34</td><td>34</td><td>86</td></tr><tr><td>35</td><td>35</td><td>89</td></tr><tr><td>36</td><td>36</td><td>91</td></tr><tr><td>38</td><td>38</td><td>97</td></tr><tr><td>40</td><td>40</td><td>102</td></tr><tr><td>42</td><td>42</td><td>107</td></tr><tr><td>44</td><td>44</td><td>112</td></tr><tr><td>46</td><td>46</td><td>117</td></tr><tr><td>48</td><td>48</td><td>122</td></tr><tr><td>50</td><td>50</td><td>127</td></tr><tr><td>52</td><td>52</td><td>132</td></tr><tr><td>54</td><td>54</td><td>137</td></tr></tbody></table><h4>Pant Length</h4><table><thead><tr><th>Inseam (in)</th></tr></thead><tbody><tr><td>29</td></tr><tr><td>30</td></tr><tr><td>32</td></tr><tr><td>34</td></tr></tbody></table><h4>Vest Size — Regular</h4><table><thead><tr><th>Size</th><th>Chest (in)</th></tr></thead><tbody><tr><td>XXS</td><td>34R</td></tr><tr><td>XS</td><td>36R</td></tr><tr><td>S</td><td>38R</td></tr><tr><td>M</td><td>40R</td></tr><tr><td>L</td><td>42R</td></tr><tr><td>XL</td><td>44R</td></tr><tr><td>XXL</td><td>46R</td></tr></tbody></table><h4>Vest Size — Big &amp; Tall</h4><table><thead><tr><th>Size</th><th>Chest (in)</th></tr></thead><tbody><tr><td>LT</td><td>46L</td></tr><tr><td>XLT</td><td>48L</td></tr><tr><td>2XLT</td><td>50L</td></tr><tr><td>3XLT</td><td>52L</td></tr><tr><td>4XLT</td><td>54L</td></tr><tr><td>5XLT</td><td>56L</td></tr><tr><td>6XLT</td><td>58L</td></tr></tbody></table><h4>Vest Size — Big</h4><table><thead><tr><th>Size</th><th>Chest (in)</th></tr></thead><tbody><tr><td>1X</td><td>48R</td></tr><tr><td>2X</td><td>50R</td></tr><tr><td>3X</td><td>52R</td></tr><tr><td>4X</td><td>54R</td></tr><tr><td>5X</td><td>56R</td></tr><tr><td>6X</td><td>58R</td></tr></tbody></table></div>",Tommy Hilfiger,Apparel & Accessories > Clothing,Suits,"PrimeStyleAI Demo, PrimeStyleAI Import, Suits, Tuxedos, male, tuxedo, formal, wool-blend, modern-fit, stretch, sustainable, tommy-hilfiger, 2-piece, satin-lapel",TRUE,Color,Formal Black,Size,36 Short,,,mw-tmw-3by1-10-formal-black-36-short,0,shopify,100,deny,manual,335.99,479.99,TRUE,TRUE,,https://res.cloudinary.com/dgvtynla7/image/upload/v1776437487/demo/products/mw_tmw_3by1_10/0-TMW_3BY1_10_TOMMY_HILFIGER_2_PIECE_TUXEDO_FORMAL_BLACK_MAIN.jpg,1,Mens Tuxedo,FALSE,Mens Tuxedo,"Suave, sustainable, and ready to steal the spotlight. Modern Fit means tailored without the squeeze.",Apparel & Accessories > Clothing,male,adult,,new,TRUE,PrimeStyleAI Demo,,,,,https://res.cloudinary.com/dgvtynla7/image/upload/v1776437487/demo/products/mw_tmw_3by1_10/0-TMW_3BY1_10_TOMMY_HILFIGER_2_PIECE_TUXEDO_FORMAL_BLACK_MAIN.jpg,lb,,,active
mw-tmw-3by1-10,Mens Tuxedo,"<p>Suave, sustainable, and ready to steal the spotlight. Modern Fit means tailored without the squeeze.</p>
<p><strong>Material:</strong> 52% Wool, 45% Recycled Polyester, 3% Spandex</p>
<p><strong>Available sizes:</strong> 36, 38, 39, 40, 41, 42, 43, 44, 46, 48, 50, 52, 54, 56, 58, 36 Short, 36 Regular, 38 Short, 38 Regular, 38 Long, 39 Short, 39 Regular, 39 Long, 40 Short, 40 Regular, 40 Long, 41 Short, 41 Regular, 41 Long, 42 Short, 42 Regular, 42 Long, 43 Regular, 43 Long, 44 Short, 44 Regular, 44 Long, 46 Regular, 46 Long, 48 Regular, 48 Long, 50 Regular, 50 Long, 52 Regular, 54 Regular, 56 Regular, 58 Regular</p>
<div class=""primestyle-size-guide""><h3>Size Chart</h3><p>Reference for Suits, 2-Piece Suits, Suit Separate Jackets, Suit Separate Vests, Tuxedos, 3-Piece Suits, Blazers, Dinner Jackets, and Sport Coats.</p><h4>Jacket Size</h4><table><thead><tr><th>Size</th><th>EU</th><th>Chest (in)</th><th>Chest (cm)</th></tr></thead><tbody><tr><td>34</td><td>44</td><td>34</td><td>86</td></tr><tr><td>36</td><td>46</td><td>36</td><td>91</td></tr><tr><td>38</td><td>48</td><td>38</td><td>97</td></tr><tr><td>40</td><td>50</td><td>40</td><td>102</td></tr><tr><td>42</td><td>52</td><td>42</td><td>107</td></tr><tr><td>44</td><td>54</td><td>44</td><td>112</td></tr><tr><td>46</td><td>56</td><td>46</td><td>117</td></tr><tr><td>48</td><td>58</td><td>48</td><td>122</td></tr><tr><td>50</td><td>60</td><td>50</td><td>127</td></tr><tr><td>52</td><td>62</td><td>52</td><td>132</td></tr><tr><td>54</td><td>64</td><td>54</td><td>137</td></tr><tr><td>56</td><td>66</td><td>56</td><td>142</td></tr><tr><td>58</td><td>68</td><td>58</td><td>147</td></tr><tr><td>60</td><td>70</td><td>60</td><td>152</td></tr></tbody></table><h4>Jacket Length</h4><table><thead><tr><th>Size</th><th>Height</th><th>Height (cm)</th></tr></thead><tbody><tr><td>Short</td><td>5&#39;6&quot;-5&#39;8&quot; tall</td><td>170-178</td></tr><tr><td>Regular</td><td>5&#39;8&quot;-6&#39;1&quot; tall</td><td>178-185</td></tr><tr><td>Long</td><td>6&#39;0&quot;-6&#39;3&quot; tall</td><td>183-193</td></tr><tr><td>X Tall</td><td>6&#39;4&quot;-6&#39;6&quot; tall</td><td>195.5-201</td></tr></tbody></table><h4>Suit Pants</h4><table><thead><tr><th>Size</th><th>Waist (in)</th><th>Waist (cm)</th></tr></thead><tbody><tr><td>30</td><td>30</td><td>76</td></tr><tr><td>31</td><td>31</td><td>79</td></tr><tr><td>32</td><td>32</td><td>81</td></tr><tr><td>33</td><td>33</td><td>84</td></tr><tr><td>34</td><td>34</td><td>86</td></tr><tr><td>35</td><td>35</td><td>89</td></tr><tr><td>36</td><td>36</td><td>91</td></tr><tr><td>38</td><td>38</td><td>97</td></tr><tr><td>40</td><td>40</td><td>102</td></tr><tr><td>42</td><td>42</td><td>107</td></tr><tr><td>44</td><td>44</td><td>112</td></tr><tr><td>46</td><td>46</td><td>117</td></tr><tr><td>48</td><td>48</td><td>122</td></tr><tr><td>50</td><td>50</td><td>127</td></tr><tr><td>52</td><td>52</td><td>132</td></tr><tr><td>54</td><td>54</td><td>137</td></tr></tbody></table><h4>Pant Length</h4><table><thead><tr><th>Inseam (in)</th></tr></thead><tbody><tr><td>29</td></tr><tr><td>30</td></tr><tr><td>32</td></tr><tr><td>34</td></tr></tbody></table><h4>Vest Size — Regular</h4><table><thead><tr><th>Size</th><th>Chest (in)</th></tr></thead><tbody><tr><td>XXS</td><td>34R</td></tr><tr><td>XS</td><td>36R</td></tr><tr><td>S</td><td>38R</td></tr><tr><td>M</td><td>40R</td></tr><tr><td>L</td><td>42R</td></tr><tr><td>XL</td><td>44R</td></tr><tr><td>XXL</td><td>46R</td></tr></tbody></table><h4>Vest Size — Big &amp; Tall</h4><table><thead><tr><th>Size</th><th>Chest (in)</th></tr></thead><tbody><tr><td>LT</td><td>46L</td></tr><tr><td>XLT</td><td>48L</td></tr><tr><td>2XLT</td><td>50L</td></tr><tr><td>3XLT</td><td>52L</td></tr><tr><td>4XLT</td><td>54L</td></tr><tr><td>5XLT</td><td>56L</td></tr><tr><td>6XLT</td><td>58L</td></tr></tbody></table><h4>Vest Size — Big</h4><table><thead><tr><th>Size</th><th>Chest (in)</th></tr></thead><tbody><tr><td>1X</td><td>48R</td></tr><tr><td>2X</td><td>50R</td></tr><tr><td>3X</td><td>52R</td></tr><tr><td>4X</td><td>54R</td></tr><tr><td>5X</td><td>56R</td></tr><tr><td>6X</td><td>58R</td></tr></tbody></table></div>",Tommy Hilfiger,Apparel & Accessories > Clothing,Suits,"PrimeStyleAI Demo, PrimeStyleAI Import, Suits, Tuxedos, male, tuxedo, formal, wool-blend, modern-fit, stretch, sustainable, tommy-hilfiger, 2-piece, satin-lapel",TRUE,Color,Formal Black,Size,36 Regular,,,mw-tmw-3by1-10-formal-black-36-regular,0,shopify,100,deny,manual,335.99,479.99,TRUE,TRUE,,https://res.cloudinary.com/dgvtynla7/image/upload/v1776437488/demo/products/mw_tmw_3by1_10/1-TMW_3BY1_10_TOMMY_HILFIGER_2_PIECE_TUXEDO_FORMAL_BLACK_ALT6.jpg,2,Mens Tuxedo,FALSE,Mens Tuxedo,"Suave, sustainable, and ready to steal the spotlight. Modern Fit means tailored without the squeeze.",Apparel & Accessories > Clothing,male,adult,,new,TRUE,PrimeStyleAI Demo,,,,,https://res.cloudinary.com/dgvtynla7/image/upload/v1776437487/demo/products/mw_tmw_3by1_10/0-TMW_3BY1_10_TOMMY_HILFIGER_2_PIECE_TUXEDO_FORMAL_BLACK_MAIN.jpg,lb,,,active
mw-tmw-3by1-10,Mens Tuxedo,"<p>Suave, sustainable, and ready to steal the spotlight. Modern Fit means tailored without the squeeze.</p>
<p><strong>Material:</strong> 52% Wool, 45% Recycled Polyester, 3% Spandex</p>
<p><strong>Available sizes:</strong> 36, 38, 39, 40, 41, 42, 43, 44, 46, 48, 50, 52, 54, 56, 58, 36 Short, 36 Regular, 38 Short, 38 Regular, 38 Long, 39 Short, 39 Regular, 39 Long, 40 Short, 40 Regular, 40 Long, 41 Short, 41 Regular, 41 Long, 42 Short, 42 Regular, 42 Long, 43 Regular, 43 Long, 44 Short, 44 Regular, 44 Long, 46 Regular, 46 Long, 48 Regular, 48 Long, 50 Regular, 50 Long, 52 Regular, 54 Regular, 56 Regular, 58 Regular</p>
<div class=""primestyle-size-guide""><h3>Size Chart</h3><p>Reference for Suits, 2-Piece Suits, Suit Separate Jackets, Suit Separate Vests, Tuxedos, 3-Piece Suits, Blazers, Dinner Jackets, and Sport Coats.</p><h4>Jacket Size</h4><table><thead><tr><th>Size</th><th>EU</th><th>Chest (in)</th><th>Chest (cm)</th></tr></thead><tbody><tr><td>34</td><td>44</td><td>34</td><td>86</td></tr><tr><td>36</td><td>46</td><td>36</td><td>91</td></tr><tr><td>38</td><td>48</td><td>38</td><td>97</td></tr><tr><td>40</td><td>50</td><td>40</td><td>102</td></tr><tr><td>42</td><td>52</td><td>42</td><td>107</td></tr><tr><td>44</td><td>54</td><td>44</td><td>112</td></tr><tr><td>46</td><td>56</td><td>46</td><td>117</td></tr><tr><td>48</td><td>58</td><td>48</td><td>122</td></tr><tr><td>50</td><td>60</td><td>50</td><td>127</td></tr><tr><td>52</td><td>62</td><td>52</td><td>132</td></tr><tr><td>54</td><td>64</td><td>54</td><td>137</td></tr><tr><td>56</td><td>66</td><td>56</td><td>142</td></tr><tr><td>58</td><td>68</td><td>58</td><td>147</td></tr><tr><td>60</td><td>70</td><td>60</td><td>152</td></tr></tbody></table><h4>Jacket Length</h4><table><thead><tr><th>Size</th><th>Height</th><th>Height (cm)</th></tr></thead><tbody><tr><td>Short</td><td>5&#39;6&quot;-5&#39;8&quot; tall</td><td>170-178</td></tr><tr><td>Regular</td><td>5&#39;8&quot;-6&#39;1&quot; tall</td><td>178-185</td></tr><tr><td>Long</td><td>6&#39;0&quot;-6&#39;3&quot; tall</td><td>183-193</td></tr><tr><td>X Tall</td><td>6&#39;4&quot;-6&#39;6&quot; tall</td><td>195.5-201</td></tr></tbody></table><h4>Suit Pants</h4><table><thead><tr><th>Size</th><th>Waist (in)</th><th>Waist (cm)</th></tr></thead><tbody><tr><td>30</td><td>30</td><td>76</td></tr><tr><td>31</td><td>31</td><td>79</td></tr><tr><td>32</td><td>32</td><td>81</td></tr><tr><td>33</td><td>33</td><td>84</td></tr><tr><td>34</td><td>34</td><td>86</td></tr><tr><td>35</td><td>35</td><td>89</td></tr><tr><td>36</td><td>36</td><td>91</td></tr><tr><td>38</td><td>38</td><td>97</td></tr><tr><td>40</td><td>40</td><td>102</td></tr><tr><td>42</td><td>42</td><td>107</td></tr><tr><td>44</td><td>44</td><td>112</td></tr><tr><td>46</td><td>46</td><td>117</td></tr><tr><td>48</td><td>48</td><td>122</td></tr><tr><td>50</td><td>50</td><td>127</td></tr><tr><td>52</td><td>52</td><td>132</td></tr><tr><td>54</td><td>54</td><td>137</td></tr></tbody></table><h4>Pant Length</h4><table><thead><tr><th>Inseam (in)</th></tr></thead><tbody><tr><td>29</td></tr><tr><td>30</td></tr><tr><td>32</td></tr><tr><td>34</td></tr></tbody></table><h4>Vest Size — Regular</h4><table><thead><tr><th>Size</th><th>Chest (in)</th></tr></thead><tbody><tr><td>XXS</td><td>34R</td></tr><tr><td>XS</td><td>36R</td></tr><tr><td>S</td><td>38R</td></tr><tr><td>M</td><td>40R</td></tr><tr><td>L</td><td>42R</td></tr><tr><td>XL</td><td>44R</td></tr><tr><td>XXL</td><td>46R</td></tr></tbody></table><h4>Vest Size — Big &amp; Tall</h4><table><thead><tr><th>Size</th><th>Chest (in)</th></tr></thead><tbody><tr><td>LT</td><td>46L</td></tr><tr><td>XLT</td><td>48L</td></tr><tr><td>2XLT</td><td>50L</td></tr><tr><td>3XLT</td><td>52L</td></tr><tr><td>4XLT</td><td>54L</td></tr><tr><td>5XLT</td><td>56L</td></tr><tr><td>6XLT</td><td>58L</td></tr></tbody></table><h4>Vest Size — Big</h4><table><thead><tr><th>Size</th><th>Chest (in)</th></tr></thead><tbody><tr><td>1X</td><td>48R</td></tr><tr><td>2X</td><td>50R</td></tr><tr><td>3X</td><td>52R</td></tr><tr><td>4X</td><td>54R</td></tr><tr><td>5X</td><td>56R</td></tr><tr><td>6X</td><td>58R</td></tr></tbody></table></div>",Tommy Hilfiger,Apparel & Accessories > Clothing,Suits,"PrimeStyleAI Demo, PrimeStyleAI Import, Suits, Tuxedos, male, tuxedo, formal, wool-blend, modern-fit, stretch, sustainable, tommy-hilfiger, 2-piece, satin-lapel",TRUE,Color,Formal Black,Size,38 Short,,,mw-tmw-3by1-10-formal-black-38-short,0,shopify,100,deny,manual,335.99,479.99,TRUE,TRUE,,https://res.cloudinary.com/dgvtynla7/image/upload/v1776437489/demo/products/mw_tmw_3by1_10/2-TMW_3BY1_10_TOMMY_HILFIGER_2_PIECE_TUXEDO_FORMAL_BLACK_ALT2.jpg,3,Mens Tuxedo,FALSE,Mens Tuxedo,"Suave, sustainable, and ready to steal the spotlight. Modern Fit means tailored without the squeeze.",Apparel & Accessories > Clothing,male,adult,,new,TRUE,PrimeStyleAI Demo,,,,,https://res.cloudinary.com/dgvtynla7/image/upload/v1776437487/demo/products/mw_tmw_3by1_10/0-TMW_3BY1_10_TOMMY_HILFIGER_2_PIECE_TUXEDO_FORMAL_BLACK_MAIN.jpg,lb,,,active
mw-tmw-3by1-10,Mens Tuxedo,"<p>Suave, sustainable, and ready to steal the spotlight. Modern Fit means tailored without the squeeze.</p>
<p><strong>Material:</strong> 52% Wool, 45% Recycled Polyester, 3% Spandex</p>
<p><strong>Available sizes:</strong> 36, 38, 39, 40, 41, 42, 43, 44, 46, 48, 50, 52, 54, 56, 58, 36 Short, 36 Regular, 38 Short, 38 Regular, 38 Long, 39 Short, 39 Regular, 39 Long, 40 Short, 40 Regular, 40 Long, 41 Short, 41 Regular, 41 Long, 42 Short, 42 Regular, 42 Long, 43 Regular, 43 Long, 44 Short, 44 Regular, 44 Long, 46 Regular, 46 Long, 48 Regular, 48 Long, 50 Regular, 50 Long, 52 Regular, 54 Regular, 56 Regular, 58 Regular</p>
<div class=""primestyle-size-guide""><h3>Size Chart</h3><p>Reference for Suits, 2-Piece Suits, Suit Separate Jackets, Suit Separate Vests, Tuxedos, 3-Piece Suits, Blazers, Dinner Jackets, and Sport Coats.</p><h4>Jacket Size</h4><table><thead><tr><th>Size</th><th>EU</th><th>Chest (in)</th><th>Chest (cm)</th></tr></thead><tbody><tr><td>34</td><td>44</td><td>34</td><td>86</td></tr><tr><td>36</td><td>46</td><td>36</td><td>91</td></tr><tr><td>38</td><td>48</td><td>38</td><td>97</td></tr><tr><td>40</td><td>50</td><td>40</td><td>102</td></tr><tr><td>42</td><td>52</td><td>42</td><td>107</td></tr><tr><td>44</td><td>54</td><td>44</td><td>112</td></tr><tr><td>46</td><td>56</td><td>46</td><td>117</td></tr><tr><td>48</td><td>58</td><td>48</td><td>122</td></tr><tr><td>50</td><td>60</td><td>50</td><td>127</td></tr><tr><td>52</td><td>62</td><td>52</td><td>132</td></tr><tr><td>54</td><td>64</td><td>54</td><td>137</td></tr><tr><td>56</td><td>66</td><td>56</td><td>142</td></tr><tr><td>58</td><td>68</td><td>58</td><td>147</td></tr><tr><td>60</td><td>70</td><td>60</td><td>152</td></tr></tbody></table><h4>Jacket Length</h4><table><thead><tr><th>Size</th><th>Height</th><th>Height (cm)</th></tr></thead><tbody><tr><td>Short</td><td>5&#39;6&quot;-5&#39;8&quot; tall</td><td>170-178</td></tr><tr><td>Regular</td><td>5&#39;8&quot;-6&#39;1&quot; tall</td><td>178-185</td></tr><tr><td>Long</td><td>6&#39;0&quot;-6&#39;3&quot; tall</td><td>183-193</td></tr><tr><td>X Tall</td><td>6&#39;4&quot;-6&#39;6&quot; tall</td><td>195.5-201</td></tr></tbody></table><h4>Suit Pants</h4><table><thead><tr><th>Size</th><th>Waist (in)</th><th>Waist (cm)</th></tr></thead><tbody><tr><td>30</td><td>30</td><td>76</td></tr><tr><td>31</td><td>31</td><td>79</td></tr><tr><td>32</td><td>32</td><td>81</td></tr><tr><td>33</td><td>33</td><td>84</td></tr><tr><td>34</td><td>34</td><td>86</td></tr><tr><td>35</td><td>35</td><td>89</td></tr><tr><td>36</td><td>36</td><td>91</td></tr><tr><td>38</td><td>38</td><td>97</td></tr><tr><td>40</td><td>40</td><td>102</td></tr><tr><td>42</td><td>42</td><td>107</td></tr><tr><td>44</td><td>44</td><td>112</td></tr><tr><td>46</td><td>46</td><td>117</td></tr><tr><td>48</td><td>48</td><td>122</td></tr><tr><td>50</td><td>50</td><td>127</td></tr><tr><td>52</td><td>52</td><td>132</td></tr><tr><td>54</td><td>54</td><td>137</td></tr></tbody></table><h4>Pant Length</h4><table><thead><tr><th>Inseam (in)</th></tr></thead><tbody><tr><td>29</td></tr><tr><td>30</td></tr><tr><td>32</td></tr><tr><td>34</td></tr></tbody></table><h4>Vest Size — Regular</h4><table><thead><tr><th>Size</th><th>Chest (in)</th></tr></thead><tbody><tr><td>XXS</td><td>34R</td></tr><tr><td>XS</td><td>36R</td></tr><tr><td>S</td><td>38R</td></tr><tr><td>M</td><td>40R</td></tr><tr><td>L</td><td>42R</td></tr><tr><td>XL</td><td>44R</td></tr><tr><td>XXL</td><td>46R</td></tr></tbody></table><h4>Vest Size — Big &amp; Tall</h4><table><thead><tr><th>Size</th><th>Chest (in)</th></tr></thead><tbody><tr><td>LT</td><td>46L</td></tr><tr><td>XLT</td><td>48L</td></tr><tr><td>2XLT</td><td>50L</td></tr><tr><td>3XLT</td><td>52L</td></tr><tr><td>4XLT</td><td>54L</td></tr><tr><td>5XLT</td><td>56L</td></tr><tr><td>6XLT</td><td>58L</td></tr></tbody></table><h4>Vest Size — Big</h4><table><thead><tr><th>Size</th><th>Chest (in)</th></tr></thead><tbody><tr><td>1X</td><td>48R</td></tr><tr><td>2X</td><td>50R</td></tr><tr><td>3X</td><td>52R</td></tr><tr><td>4X</td><td>54R</td></tr><tr><td>5X</td><td>56R</td></tr><tr><td>6X</td><td>58R</td></tr></tbody></table></div>",Tommy Hilfiger,Apparel & Accessories > Clothing,Suits,"PrimeStyleAI Demo, PrimeStyleAI Import, Suits, Tuxedos, male, tuxedo, formal, wool-blend, modern-fit, stretch, sustainable, tommy-hilfiger, 2-piece, satin-lapel",TRUE,Color,Formal Black,Size,38 Regular,,,mw-tmw-3by1-10-formal-black-38-regular,0,shopify,100,deny,manual,335.99,479.99,TRUE,TRUE,,https://res.cloudinary.com/dgvtynla7/image/upload/v1776437490/demo/products/mw_tmw_3by1_10/3-TMW_3BY1_10_TOMMY_HILFIGER_2_PIECE_TUXEDO_FORMAL_BLACK_ALT3.jpg,4,Mens Tuxedo,FALSE,Mens Tuxedo,"Suave, sustainable, and ready to steal the spotlight. Modern Fit means tailored without the squeeze.",Apparel & Accessories > Clothing,male,adult,,new,TRUE,PrimeStyleAI Demo,,,,,https://res.cloudinary.com/dgvtynla7/image/upload/v1776437487/demo/products/mw_tmw_3by1_10/0-TMW_3BY1_10_TOMMY_HILFIGER_2_PIECE_TUXEDO_FORMAL_BLACK_MAIN.jpg,lb,,,active
mw-tmw-3by1-10,Mens Tuxedo,"<p>Suave, sustainable, and ready to steal the spotlight. Modern Fit means tailored without the squeeze.</p>
<p><strong>Material:</strong> 52% Wool, 45% Recycled Polyester, 3% Spandex</p>
<p><strong>Available sizes:</strong> 36, 38, 39, 40, 41, 42, 43, 44, 46, 48, 50, 52, 54, 56, 58, 36 Short, 36 Regular, 38 Short, 38 Regular, 38 Long, 39 Short, 39 Regular, 39 Long, 40 Short, 40 Regular, 40 Long, 41 Short, 41 Regular, 41 Long, 42 Short, 42 Regular, 42 Long, 43 Regular, 43 Long, 44 Short, 44 Regular, 44 Long, 46 Regular, 46 Long, 48 Regular, 48 Long, 50 Regular, 50 Long, 52 Regular, 54 Regular, 56 Regular, 58 Regular</p>
<div class=""primestyle-size-guide""><h3>Size Chart</h3><p>Reference for Suits, 2-Piece Suits, Suit Separate Jackets, Suit Separate Vests, Tuxedos, 3-Piece Suits, Blazers, Dinner Jackets, and Sport Coats.</p><h4>Jacket Size</h4><table><thead><tr><th>Size</th><th>EU</th><th>Chest (in)</th><th>Chest (cm)</th></tr></thead><tbody><tr><td>34</td><td>44</td><td>34</td><td>86</td></tr><tr><td>36</td><td>46</td><td>36</td><td>91</td></tr><tr><td>38</td><td>48</td><td>38</td><td>97</td></tr><tr><td>40</td><td>50</td><td>40</td><td>102</td></tr><tr><td>42</td><td>52</td><td>42</td><td>107</td></tr><tr><td>44</td><td>54</td><td>44</td><td>112</td></tr><tr><td>46</td><td>56</td><td>46</td><td>117</td></tr><tr><td>48</td><td>58</td><td>48</td><td>122</td></tr><tr><td>50</td><td>60</td><td>50</td><td>127</td></tr><tr><td>52</td><td>62</td><td>52</td><td>132</td></tr><tr><td>54</td><td>64</td><td>54</td><td>137</td></tr><tr><td>56</td><td>66</td><td>56</td><td>142</td></tr><tr><td>58</td><td>68</td><td>58</td><td>147</td></tr><tr><td>60</td><td>70</td><td>60</td><td>152</td></tr></tbody></table><h4>Jacket Length</h4><table><thead><tr><th>Size</th><th>Height</th><th>Height (cm)</th></tr></thead><tbody><tr><td>Short</td><td>5&#39;6&quot;-5&#39;8&quot; tall</td><td>170-178</td></tr><tr><td>Regular</td><td>5&#39;8&quot;-6&#39;1&quot; tall</td><td>178-185</td></tr><tr><td>Long</td><td>6&#39;0&quot;-6&#39;3&quot; tall</td><td>183-193</td></tr><tr><td>X Tall</td><td>6&#39;4&quot;-6&#39;6&quot; tall</td><td>195.5-201</td></tr></tbody></table><h4>Suit Pants</h4><table><thead><tr><th>Size</th><th>Waist (in)</th><th>Waist (cm)</th></tr></thead><tbody><tr><td>30</td><td>30</td><td>76</td></tr><tr><td>31</td><td>31</td><td>79</td></tr><tr><td>32</td><td>32</td><td>81</td></tr><tr><td>33</td><td>33</td><td>84</td></tr><tr><td>34</td><td>34</td><td>86</td></tr><tr><td>35</td><td>35</td><td>89</td></tr><tr><td>36</td><td>36</td><td>91</td></tr><tr><td>38</td><td>38</td><td>97</td></tr><tr><td>40</td><td>40</td><td>102</td></tr><tr><td>42</td><td>42</td><td>107</td></tr><tr><td>44</td><td>44</td><td>112</td></tr><tr><td>46</td><td>46</td><td>117</td></tr><tr><td>48</td><td>48</td><td>122</td></tr><tr><td>50</td><td>50</td><td>127</td></tr><tr><td>52</td><td>52</td><td>132</td></tr><tr><td>54</td><td>54</td><td>137</td></tr></tbody></table><h4>Pant Length</h4><table><thead><tr><th>Inseam (in)</th></tr></thead><tbody><tr><td>29</td></tr><tr><td>30</td></tr><tr><td>32</td></tr><tr><td>34</td></tr></tbody></table><h4>Vest Size — Regular</h4><table><thead><tr><th>Size</th><th>Chest (in)</th></tr></thead><tbody><tr><td>XXS</td><td>34R</td></tr><tr><td>XS</td><td>36R</td></tr><tr><td>S</td><td>38R</td></tr><tr><td>M</td><td>40R</td></tr><tr><td>L</td><td>42R</td></tr><tr><td>XL</td><td>44R</td></tr><tr><td>XXL</td><td>46R</td></tr></tbody></table><h4>Vest Size — Big &amp; Tall</h4><table><thead><tr><th>Size</th><th>Chest (in)</th></tr></thead><tbody><tr><td>LT</td><td>46L</td></tr><tr><td>XLT</td><td>48L</td></tr><tr><td>2XLT</td><td>50L</td></tr><tr><td>3XLT</td><td>52L</td></tr><tr><td>4XLT</td><td>54L</td></tr><tr><td>5XLT</td><td>56L</td></tr><tr><td>6XLT</td><td>58L</td></tr></tbody></table><h4>Vest Size — Big</h4><table><thead><tr><th>Size</th><th>Chest (in)</th></tr></thead><tbody><tr><td>1X</td><td>48R</td></tr><tr><td>2X</td><td>50R</td></tr><tr><td>3X</td><td>52R</td></tr><tr><td>4X</td><td>54R</td></tr><tr><td>5X</td><td>56R</td></tr><tr><td>6X</td><td>58R</td></tr></tbody></table></div>",Tommy Hilfiger,Apparel & Accessories > Clothing,Suits,"PrimeStyleAI Demo, PrimeStyleAI Import, Suits, Tuxedos, male, tuxedo, formal, wool-blend, modern-fit, stretch, sustainable, tommy-hilfiger, 2-piece, satin-lapel",TRUE,Color,Formal Black,Size,38 Long,,,mw-tmw-3by1-10-formal-black-38-long,0,shopify,100,deny,manual,335.99,479.99,TRUE,TRUE,,https://res.cloudinary.com/dgvtynla7/image/upload/v1776437491/demo/products/mw_tmw_3by1_10/4-TMW_3BY1_10_TOMMY_HILFIGER_2_PIECE_TUXEDO_FORMAL_BLACK_ALT4.jpg,5,Mens Tuxedo,FALSE,Mens Tuxedo,"Suave, sustainable, and ready to steal the spotlight. Modern Fit means tailored without the squeeze.",Apparel & Accessories > Clothing,male,adult,,new,TRUE,PrimeStyleAI Demo,,,,,https://res.cloudinary.com/dgvtynla7/image/upload/v1776437487/demo/products/mw_tmw_3by1_10/0-TMW_3BY1_10_TOMMY_HILFIGER_2_PIECE_TUXEDO_FORMAL_BLACK_MAIN.jpg,lb,,,active
mw-tmw-3by1-10,Mens Tuxedo,"<p>Suave, sustainable, and ready to steal the spotlight. Modern Fit means tailored without the squeeze.</p>
<p><strong>Material:</strong> 52% Wool, 45% Recycled Polyester, 3% Spandex</p>
<p><strong>Available sizes:</strong> 36, 38, 39, 40, 41, 42, 43, 44, 46, 48, 50, 52, 54, 56, 58, 36 Short, 36 Regular, 38 Short, 38 Regular, 38 Long, 39 Short, 39 Regular, 39 Long, 40 Short, 40 Regular, 40 Long, 41 Short, 41 Regular, 41 Long, 42 Short, 42 Regular, 42 Long, 43 Regular, 43 Long, 44 Short, 44 Regular, 44 Long, 46 Regular, 46 Long, 48 Regular, 48 Long, 50 Regular, 50 Long, 52 Regular, 54 Regular, 56 Regular, 58 Regular</p>
<div class=""primestyle-size-guide""><h3>Size Chart</h3><p>Reference for Suits, 2-Piece Suits, Suit Separate Jackets, Suit Separate Vests, Tuxedos, 3-Piece Suits, Blazers, Dinner Jackets, and Sport Coats.</p><h4>Jacket Size</h4><table><thead><tr><th>Size</th><th>EU</th><th>Chest (in)</th><th>Chest (cm)</th></tr></thead><tbody><tr><td>34</td><td>44</td><td>34</td><td>86</td></tr><tr><td>36</td><td>46</td><td>36</td><td>91</td></tr><tr><td>38</td><td>48</td><td>38</td><td>97</td></tr><tr><td>40</td><td>50</td><td>40</td><td>102</td></tr><tr><td>42</td><td>52</td><td>42</td><td>107</td></tr><tr><td>44</td><td>54</td><td>44</td><td>112</td></tr><tr><td>46</td><td>56</td><td>46</td><td>117</td></tr><tr><td>48</td><td>58</td><td>48</td><td>122</td></tr><tr><td>50</td><td>60</td><td>50</td><td>127</td></tr><tr><td>52</td><td>62</td><td>52</td><td>132</td></tr><tr><td>54</td><td>64</td><td>54</td><td>137</td></tr><tr><td>56</td><td>66</td><td>56</td><td>142</td></tr><tr><td>58</td><td>68</td><td>58</td><td>147</td></tr><tr><td>60</td><td>70</td><td>60</td><td>152</td></tr></tbody></table><h4>Jacket Length</h4><table><thead><tr><th>Size</th><th>Height</th><th>Height (cm)</th></tr></thead><tbody><tr><td>Short</td><td>5&#39;6&quot;-5&#39;8&quot; tall</td><td>170-178</td></tr><tr><td>Regular</td><td>5&#39;8&quot;-6&#39;1&quot; tall</td><td>178-185</td></tr><tr><td>Long</td><td>6&#39;0&quot;-6&#39;3&quot; tall</td><td>183-193</td></tr><tr><td>X Tall</td><td>6&#39;4&quot;-6&#39;6&quot; tall</td><td>195.5-201</td></tr></tbody></table><h4>Suit Pants</h4><table><thead><tr><th>Size</th><th>Waist (in)</th><th>Waist (cm)</th></tr></thead><tbody><tr><td>30</td><td>30</td><td>76</td></tr><tr><td>31</td><td>31</td><td>79</td></tr><tr><td>32</td><td>32</td><td>81</td></tr><tr><td>33</td><td>33</td><td>84</td></tr><tr><td>34</td><td>34</td><td>86</td></tr><tr><td>35</td><td>35</td><td>89</td></tr><tr><td>36</td><td>36</td><td>91</td></tr><tr><td>38</td><td>38</td><td>97</td></tr><tr><td>40</td><td>40</td><td>102</td></tr><tr><td>42</td><td>42</td><td>107</td></tr><tr><td>44</td><td>44</td><td>112</td></tr><tr><td>46</td><td>46</td><td>117</td></tr><tr><td>48</td><td>48</td><td>122</td></tr><tr><td>50</td><td>50</td><td>127</td></tr><tr><td>52</td><td>52</td><td>132</td></tr><tr><td>54</td><td>54</td><td>137</td></tr></tbody></table><h4>Pant Length</h4><table><thead><tr><th>Inseam (in)</th></tr></thead><tbody><tr><td>29</td></tr><tr><td>30</td></tr><tr><td>32</td></tr><tr><td>34</td></tr></tbody></table><h4>Vest Size — Regular</h4><table><thead><tr><th>Size</th><th>Chest (in)</th></tr></thead><tbody><tr><td>XXS</td><td>34R</td></tr><tr><td>XS</td><td>36R</td></tr><tr><td>S</td><td>38R</td></tr><tr><td>M</td><td>40R</td></tr><tr><td>L</td><td>42R</td></tr><tr><td>XL</td><td>44R</td></tr><tr><td>XXL</td><td>46R</td></tr></tbody></table><h4>Vest Size — Big &amp; Tall</h4><table><thead><tr><th>Size</th><th>Chest (in)</th></tr></thead><tbody><tr><td>LT</td><td>46L</td></tr><tr><td>XLT</td><td>48L</td></tr><tr><td>2XLT</td><td>50L</td></tr><tr><td>3XLT</td><td>52L</td></tr><tr><td>4XLT</td><td>54L</td></tr><tr><td>5XLT</td><td>56L</td></tr><tr><td>6XLT</td><td>58L</td></tr></tbody></table><h4>Vest Size — Big</h4><table><thead><tr><th>Size</th><th>Chest (in)</th></tr></thead><tbody><tr><td>1X</td><td>48R</td></tr><tr><td>2X</td><td>50R</td></tr><tr><td>3X</td><td>52R</td></tr><tr><td>4X</td><td>54R</td></tr><tr><td>5X</td><td>56R</td></tr><tr><td>6X</td><td>58R</td></tr></tbody></table></div>",Tommy Hilfiger,Apparel & Accessories > Clothing,Suits,"PrimeStyleAI Demo, PrimeStyleAI Import, Suits, Tuxedos, male, tuxedo, formal, wool-blend, modern-fit, stretch, sustainable, tommy-hilfiger, 2-piece, satin-lapel",TRUE,Color,Formal Black,Size,39 Short,,,mw-tmw-3by1-10-formal-black-39-short,0,shopify,100,deny,manual,335.99,479.99,TRUE,TRUE,,https://res.cloudinary.com/dgvtynla7/image/upload/v1776437492/demo/products/mw_tmw_3by1_10/5-TMW_3BY1_10_TOMMY_HILFIGER_2_PIECE_TUXEDO_FORMAL_BLACK_ALT5.jpg,6,Mens Tuxedo,FALSE,Mens Tuxedo,"Suave, sustainable, and ready to steal the spotlight. Modern Fit means tailored without the squeeze.",Apparel & Accessories > Clothing,male,adult,,new,TRUE,PrimeStyleAI Demo,,,,,https://res.cloudinary.com/dgvtynla7/image/upload/v1776437487/demo/products/mw_tmw_3by1_10/0-TMW_3BY1_10_TOMMY_HILFIGER_2_PIECE_TUXEDO_FORMAL_BLACK_MAIN.jpg,lb,,,active
mw-tmw-3by1-10,Mens Tuxedo,"<p>Suave, sustainable, and ready to steal the spotlight. Modern Fit means tailored without the squeeze.</p>
<p><strong>Material:</strong> 52% Wool, 45% Recycled Polyester, 3% Spandex</p>
<p><strong>Available sizes:</strong> 36, 38, 39, 40, 41, 42, 43, 44, 46, 48, 50, 52, 54, 56, 58, 36 Short, 36 Regular, 38 Short, 38 Regular, 38 Long, 39 Short, 39 Regular, 39 Long, 40 Short, 40 Regular, 40 Long, 41 Short, 41 Regular, 41 Long, 42 Short, 42 Regular, 42 Long, 43 Regular, 43 Long, 44 Short, 44 Regular, 44 Long, 46 Regular, 46 Long, 48 Regular, 48 Long, 50 Regular, 50 Long, 52 Regular, 54 Regular, 56 Regular, 58 Regular</p>
<div class=""primestyle-size-guide""><h3>Size Chart</h3><p>Reference for Suits, 2-Piece Suits, Suit Separate Jackets, Suit Separate Vests, Tuxedos, 3-Piece Suits, Blazers, Dinner Jackets, and Sport Coats.</p><h4>Jacket Size</h4><table><thead><tr><th>Size</th><th>EU</th><th>Chest (in)</th><th>Chest (cm)</th></tr></thead><tbody><tr><td>34</td><td>44</td><td>34</td><td>86</td></tr><tr><td>36</td><td>46</td><td>36</td><td>91</td></tr><tr><td>38</td><td>48</td><td>38</td><td>97</td></tr><tr><td>40</td><td>50</td><td>40</td><td>102</td></tr><tr><td>42</td><td>52</td><td>42</td><td>107</td></tr><tr><td>44</td><td>54</td><td>44</td><td>112</td></tr><tr><td>46</td><td>56</td><td>46</td><td>117</td></tr><tr><td>48</td><td>58</td><td>48</td><td>122</td></tr><tr><td>50</td><td>60</td><td>50</td><td>127</td></tr><tr><td>52</td><td>62</td><td>52</td><td>132</td></tr><tr><td>54</td><td>64</td><td>54</td><td>137</td></tr><tr><td>56</td><td>66</td><td>56</td><td>142</td></tr><tr><td>58</td><td>68</td><td>58</td><td>147</td></tr><tr><td>60</td><td>70</td><td>60</td><td>152</td></tr></tbody></table><h4>Jacket Length</h4><table><thead><tr><th>Size</th><th>Height</th><th>Height (cm)</th></tr></thead><tbody><tr><td>Short</td><td>5&#39;6&quot;-5&#39;8&quot; tall</td><td>170-178</td></tr><tr><td>Regular</td><td>5&#39;8&quot;-6&#39;1&quot; tall</td><td>178-185</td></tr><tr><td>Long</td><td>6&#39;0&quot;-6&#39;3&quot; tall</td><td>183-193</td></tr><tr><td>X Tall</td><td>6&#39;4&quot;-6&#39;6&quot; tall</td><td>195.5-201</td></tr></tbody></table><h4>Suit Pants</h4><table><thead><tr><th>Size</th><th>Waist (in)</th><th>Waist (cm)</th></tr></thead><tbody><tr><td>30</td><td>30</td><td>76</td></tr><tr><td>31</td><td>31</td><td>79</td></tr><tr><td>32</td><td>32</td><td>81</td></tr><tr><td>33</td><td>33</td><td>84</td></tr><tr><td>34</td><td>34</td><td>86</td></tr><tr><td>35</td><td>35</td><td>89</td></tr><tr><td>36</td><td>36</td><td>91</td></tr><tr><td>38</td><td>38</td><td>97</td></tr><tr><td>40</td><td>40</td><td>102</td></tr><tr><td>42</td><td>42</td><td>107</td></tr><tr><td>44</td><td>44</td><td>112</td></tr><tr><td>46</td><td>46</td><td>117</td></tr><tr><td>48</td><td>48</td><td>122</td></tr><tr><td>50</td><td>50</td><td>127</td></tr><tr><td>52</td><td>52</td><td>132</td></tr><tr><td>54</td><td>54</td><td>137</td></tr></tbody></table><h4>Pant Length</h4><table><thead><tr><th>Inseam (in)</th></tr></thead><tbody><tr><td>29</td></tr><tr><td>30</td></tr><tr><td>32</td></tr><tr><td>34</td></tr></tbody></table><h4>Vest Size — Regular</h4><table><thead><tr><th>Size</th><th>Chest (in)</th></tr></thead><tbody><tr><td>XXS</td><td>34R</td></tr><tr><td>XS</td><td>36R</td></tr><tr><td>S</td><td>38R</td></tr><tr><td>M</td><td>40R</td></tr><tr><td>L</td><td>42R</td></tr><tr><td>XL</td><td>44R</td></tr><tr><td>XXL</td><td>46R</td></tr></tbody></table><h4>Vest Size — Big &amp; Tall</h4><table><thead><tr><th>Size</th><th>Chest (in)</th></tr></thead><tbody><tr><td>LT</td><td>46L</td></tr><tr><td>XLT</td><td>48L</td></tr><tr><td>2XLT</td><td>50L</td></tr><tr><td>3XLT</td><td>52L</td></tr><tr><td>4XLT</td><td>54L</td></tr><tr><td>5XLT</td><td>56L</td></tr><tr><td>6XLT</td><td>58L</td></tr></tbody></table><h4>Vest Size — Big</h4><table><thead><tr><th>Size</th><th>Chest (in)</th></tr></thead><tbody><tr><td>1X</td><td>48R</td></tr><tr><td>2X</td><td>50R</td></tr><tr><td>3X</td><td>52R</td></tr><tr><td>4X</td><td>54R</td></tr><tr><td>5X</td><td>56R</td></tr><tr><td>6X</td><td>58R</td></tr></tbody></table></div>",Tommy Hilfiger,Apparel & Accessories > Clothing,Suits,"PrimeStyleAI Demo, PrimeStyleAI Import, Suits, Tuxedos, male, tuxedo, formal, wool-blend, modern-fit, stretch, sustainable, tommy-hilfiger, 2-piece, satin-lapel",TRUE,Color,Formal Black,Size,39 Regular,,,mw-tmw-3by1-10-formal-black-39-regular,0,shopify,100,deny,manual,335.99,479.99,TRUE,TRUE,,https://res.cloudinary.com/dgvtynla7/image/upload/v1776437493/demo/products/mw_tmw_3by1_10/6-TMW_3BY1_10_TOMMY_HILFIGER_2_PIECE_TUXEDO_FORMAL_BLACK_ALT10.jpg,7,Mens Tuxedo,FALSE,Mens Tuxedo,"Suave, sustainable, and ready to steal the spotlight. Modern Fit means tailored without the squeeze.",Apparel & Accessories > Clothing,male,adult,,new,TRUE,PrimeStyleAI Demo,,,,,https://res.cloudinary.com/dgvtynla7/image/upload/v1776437487/demo/products/mw_tmw_3by1_10/0-TMW_3BY1_10_TOMMY_HILFIGER_2_PIECE_TUXEDO_FORMAL_BLACK_MAIN.jpg,lb,,,active
mw-tmw-3by1-10,Mens Tuxedo,"<p>Suave, sustainable, and ready to steal the spotlight. Modern Fit means tailored without the squeeze.</p>
<p><strong>Material:</strong> 52% Wool, 45% Recycled Polyester, 3% Spandex</p>
<p><strong>Available sizes:</strong> 36, 38, 39, 40, 41, 42, 43, 44, 46, 48, 50, 52, 54, 56, 58, 36 Short, 36 Regular, 38 Short, 38 Regular, 38 Long, 39 Short, 39 Regular, 39 Long, 40 Short, 40 Regular, 40 Long, 41 Short, 41 Regular, 41 Long, 42 Short, 42 Regular, 42 Long, 43 Regular, 43 Long, 44 Short, 44 Regular, 44 Long, 46 Regular, 46 Long, 48 Regular, 48 Long, 50 Regular, 50 Long, 52 Regular, 54 Regular, 56 Regular, 58 Regular</p>
<div class=""primestyle-size-guide""><h3>Size Chart</h3><p>Reference for Suits, 2-Piece Suits, Suit Separate Jackets, Suit Separate Vests, Tuxedos, 3-Piece Suits, Blazers, Dinner Jackets, and Sport Coats.</p><h4>Jacket Size</h4><table><thead><tr><th>Size</th><th>EU</th><th>Chest (in)</th><th>Chest (cm)</th></tr></thead><tbody><tr><td>34</td><td>44</td><td>34</td><td>86</td></tr><tr><td>36</td><td>46</td><td>36</td><td>91</td></tr><tr><td>38</td><td>48</td><td>38</td><td>97</td></tr><tr><td>40</td><td>50</td><td>40</td><td>102</td></tr><tr><td>42</td><td>52</td><td>42</td><td>107</td></tr><tr><td>44</td><td>54</td><td>44</td><td>112</td></tr><tr><td>46</td><td>56</td><td>46</td><td>117</td></tr><tr><td>48</td><td>58</td><td>48</td><td>122</td></tr><tr><td>50</td><td>60</td><td>50</td><td>127</td></tr><tr><td>52</td><td>62</td><td>52</td><td>132</td></tr><tr><td>54</td><td>64</td><td>54</td><td>137</td></tr><tr><td>56</td><td>66</td><td>56</td><td>142</td></tr><tr><td>58</td><td>68</td><td>58</td><td>147</td></tr><tr><td>60</td><td>70</td><td>60</td><td>152</td></tr></tbody></table><h4>Jacket Length</h4><table><thead><tr><th>Size</th><th>Height</th><th>Height (cm)</th></tr></thead><tbody><tr><td>Short</td><td>5&#39;6&quot;-5&#39;8&quot; tall</td><td>170-178</td></tr><tr><td>Regular</td><td>5&#39;8&quot;-6&#39;1&quot; tall</td><td>178-185</td></tr><tr><td>Long</td><td>6&#39;0&quot;-6&#39;3&quot; tall</td><td>183-193</td></tr><tr><td>X Tall</td><td>6&#39;4&quot;-6&#39;6&quot; tall</td><td>195.5-201</td></tr></tbody></table><h4>Suit Pants</h4><table><thead><tr><th>Size</th><th>Waist (in)</th><th>Waist (cm)</th></tr></thead><tbody><tr><td>30</td><td>30</td><td>76</td></tr><tr><td>31</td><td>31</td><td>79</td></tr><tr><td>32</td><td>32</td><td>81</td></tr><tr><td>33</td><td>33</td><td>84</td></tr><tr><td>34</td><td>34</td><td>86</td></tr><tr><td>35</td><td>35</td><td>89</td></tr><tr><td>36</td><td>36</td><td>91</td></tr><tr><td>38</td><td>38</td><td>97</td></tr><tr><td>40</td><td>40</td><td>102</td></tr><tr><td>42</td><td>42</td><td>107</td></tr><tr><td>44</td><td>44</td><td>112</td></tr><tr><td>46</td><td>46</td><td>117</td></tr><tr><td>48</td><td>48</td><td>122</td></tr><tr><td>50</td><td>50</td><td>127</td></tr><tr><td>52</td><td>52</td><td>132</td></tr><tr><td>54</td><td>54</td><td>137</td></tr></tbody></table><h4>Pant Length</h4><table><thead><tr><th>Inseam (in)</th></tr></thead><tbody><tr><td>29</td></tr><tr><td>30</td></tr><tr><td>32</td></tr><tr><td>34</td></tr></tbody></table><h4>Vest Size — Regular</h4><table><thead><tr><th>Size</th><th>Chest (in)</th></tr></thead><tbody><tr><td>XXS</td><td>34R</td></tr><tr><td>XS</td><td>36R</td></tr><tr><td>S</td><td>38R</td></tr><tr><td>M</td><td>40R</td></tr><tr><td>L</td><td>42R</td></tr><tr><td>XL</td><td>44R</td></tr><tr><td>XXL</td><td>46R</td></tr></tbody></table><h4>Vest Size — Big &amp; Tall</h4><table><thead><tr><th>Size</th><th>Chest (in)</th></tr></thead><tbody><tr><td>LT</td><td>46L</td></tr><tr><td>XLT</td><td>48L</td></tr><tr><td>2XLT</td><td>50L</td></tr><tr><td>3XLT</td><td>52L</td></tr><tr><td>4XLT</td><td>54L</td></tr><tr><td>5XLT</td><td>56L</td></tr><tr><td>6XLT</td><td>58L</td></tr></tbody></table><h4>Vest Size — Big</h4><table><thead><tr><th>Size</th><th>Chest (in)</th></tr></thead><tbody><tr><td>1X</td><td>48R</td></tr><tr><td>2X</td><td>50R</td></tr><tr><td>3X</td><td>52R</td></tr><tr><td>4X</td><td>54R</td></tr><tr><td>5X</td><td>56R</td></tr><tr><td>6X</td><td>58R</td></tr></tbody></table></div>",Tommy Hilfiger,Apparel & Accessories > Clothing,Suits,"PrimeStyleAI Demo, PrimeStyleAI Import, Suits, Tuxedos, male, tuxedo, formal, wool-blend, modern-fit, stretch, sustainable, tommy-hilfiger, 2-piece, satin-lapel",TRUE,Color,Formal Black,Size,39 Long,,,mw-tmw-3by1-10-formal-black-39-long,0,shopify,100,deny,manual,335.99,479.99,TRUE,TRUE,,https://res.cloudinary.com/dgvtynla7/image/upload/v1776437494/demo/products/mw_tmw_3by1_10/21-TMW_3BY1_01_TOMMY_HILFIGER_2_PIECE_TUXEDO_NAVY_SOLID_MAIN.jpg,8,Mens Tuxedo,FALSE,Mens Tuxedo,"Suave, sustainable, and ready to steal the spotlight. Modern Fit means tailored without the squeeze.",Apparel & Accessories > Clothing,male,adult,,new,TRUE,PrimeStyleAI Demo,,,,,https://res.cloudinary.com/dgvtynla7/image/upload/v1776437487/demo/products/mw_tmw_3by1_10/0-TMW_3BY1_10_TOMMY_HILFIGER_2_PIECE_TUXEDO_FORMAL_BLACK_MAIN.jpg,lb,,,active
mw-tmw-3by1-10,Mens Tuxedo,"<p>Suave, sustainable, and ready to steal the spotlight. Modern Fit means tailored without the squeeze.</p>
<p><strong>Material:</strong> 52% Wool, 45% Recycled Polyester, 3% Spandex</p>
<p><strong>Available sizes:</strong> 36, 38, 39, 40, 41, 42, 43, 44, 46, 48, 50, 52, 54, 56, 58, 36 Short, 36 Regular, 38 Short, 38 Regular, 38 Long, 39 Short, 39 Regular, 39 Long, 40 Short, 40 Regular, 40 Long, 41 Short, 41 Regular, 41 Long, 42 Short, 42 Regular, 42 Long, 43 Regular, 43 Long, 44 Short, 44 Regular, 44 Long, 46 Regular, 46 Long, 48 Regular, 48 Long, 50 Regular, 50 Long, 52 Regular, 54 Regular, 56 Regular, 58 Regular</p>
<div class=""primestyle-size-guide""><h3>Size Chart</h3><p>Reference for Suits, 2-Piece Suits, Suit Separate Jackets, Suit Separate Vests, Tuxedos, 3-Piece Suits, Blazers, Dinner Jackets, and Sport Coats.</p><h4>Jacket Size</h4><table><thead><tr><th>Size</th><th>EU</th><th>Chest (in)</th><th>Chest (cm)</th></tr></thead><tbody><tr><td>34</td><td>44</td><td>34</td><td>86</td></tr><tr><td>36</td><td>46</td><td>36</td><td>91</td></tr><tr><td>38</td><td>48</td><td>38</td><td>97</td></tr><tr><td>40</td><td>50</td><td>40</td><td>102</td></tr><tr><td>42</td><td>52</td><td>42</td><td>107</td></tr><tr><td>44</td><td>54</td><td>44</td><td>112</td></tr><tr><td>46</td><td>56</td><td>46</td><td>117</td></tr><tr><td>48</td><td>58</td><td>48</td><td>122</td></tr><tr><td>50</td><td>60</td><td>50</td><td>127</td></tr><tr><td>52</td><td>62</td><td>52</td><td>132</td></tr><tr><td>54</td><td>64</td><td>54</td><td>137</td></tr><tr><td>56</td><td>66</td><td>56</td><td>142</td></tr><tr><td>58</td><td>68</td><td>58</td><td>147</td></tr><tr><td>60</td><td>70</td><td>60</td><td>152</td></tr></tbody></table><h4>Jacket Length</h4><table><thead><tr><th>Size</th><th>Height</th><th>Height (cm)</th></tr></thead><tbody><tr><td>Short</td><td>5&#39;6&quot;-5&#39;8&quot; tall</td><td>170-178</td></tr><tr><td>Regular</td><td>5&#39;8&quot;-6&#39;1&quot; tall</td><td>178-185</td></tr><tr><td>Long</td><td>6&#39;0&quot;-6&#39;3&quot; tall</td><td>183-193</td></tr><tr><td>X Tall</td><td>6&#39;4&quot;-6&#39;6&quot; tall</td><td>195.5-201</td></tr></tbody></table><h4>Suit Pants</h4><table><thead><tr><th>Size</th><th>Waist (in)</th><th>Waist (cm)</th></tr></thead><tbody><tr><td>30</td><td>30</td><td>76</td></tr><tr><td>31</td><td>31</td><td>79</td></tr><tr><td>32</td><td>32</td><td>81</td></tr><tr><td>33</td><td>33</td><td>84</td></tr><tr><td>34</td><td>34</td><td>86</td></tr><tr><td>35</td><td>35</td><td>89</td></tr><tr><td>36</td><td>36</td><td>91</td></tr><tr><td>38</td><td>38</td><td>97</td></tr><tr><td>40</td><td>40</td><td>102</td></tr><tr><td>42</td><td>42</td><td>107</td></tr><tr><td>44</td><td>44</td><td>112</td></tr><tr><td>46</td><td>46</td><td>117</td></tr><tr><td>48</td><td>48</td><td>122</td></tr><tr><td>50</td><td>50</td><td>127</td></tr><tr><td>52</td><td>52</td><td>132</td></tr><tr><td>54</td><td>54</td><td>137</td></tr></tbody></table><h4>Pant Length</h4><table><thead><tr><th>Inseam (in)</th></tr></thead><tbody><tr><td>29</td></tr><tr><td>30</td></tr><tr><td>32</td></tr><tr><td>34</td></tr></tbody></table><h4>Vest Size — Regular</h4><table><thead><tr><th>Size</th><th>Chest (in)</th></tr></thead><tbody><tr><td>XXS</td><td>34R</td></tr><tr><td>XS</td><td>36R</td></tr><tr><td>S</td><td>38R</td></tr><tr><td>M</td><td>40R</td></tr><tr><td>L</td><td>42R</td></tr><tr><td>XL</td><td>44R</td></tr><tr><td>XXL</td><td>46R</td></tr></tbody></table><h4>Vest Size — Big &amp; Tall</h4><table><thead><tr><th>Size</th><th>Chest (in)</th></tr></thead><tbody><tr><td>LT</td><td>46L</td></tr><tr><td>XLT</td><td>48L</td></tr><tr><td>2XLT</td><td>50L</td></tr><tr><td>3XLT</td><td>52L</td></tr><tr><td>4XLT</td><td>54L</td></tr><tr><td>5XLT</td><td>56L</td></tr><tr><td>6XLT</td><td>58L</td></tr></tbody></table><h4>Vest Size — Big</h4><table><thead><tr><th>Size</th><th>Chest (in)</th></tr></thead><tbody><tr><td>1X</td><td>48R</td></tr><tr><td>2X</td><td>50R</td></tr><tr><td>3X</td><td>52R</td></tr><tr><td>4X</td><td>54R</td></tr><tr><td>5X</td><td>56R</td></tr><tr><td>6X</td><td>58R</td></tr></tbody></table></div>",Tommy Hilfiger,Apparel & Accessories > Clothing,Suits,"PrimeStyleAI Demo, PrimeStyleAI Import, Suits, Tuxedos, male, tuxedo, formal, wool-blend, modern-fit, stretch, sustainable, tommy-hilfiger, 2-piece, satin-lapel",TRUE,Color,Formal Black,Size,40 Short,,,mw-tmw-3by1-10-formal-black-40-short,0,shopify,100,deny,manual,335.99,479.99,TRUE,TRUE,,https://res.cloudinary.com/dgvtynla7/image/upload/v1776437495/demo/products/mw_tmw_3by1_10/22-TMW_3BY1_01_TOMMY_HILFIGER_2_PIECE_TUXEDO_NAVY_SOLID_ALT6.jpg,9,Mens Tuxedo,FALSE,Mens Tuxedo,"Suave, sustainable, and ready to steal the spotlight. Modern Fit means tailored without the squeeze.",Apparel & Accessories > Clothing,male,adult,,new,TRUE,PrimeStyleAI Demo,,,,,https://res.cloudinary.com/dgvtynla7/image/upload/v1776437487/demo/products/mw_tmw_3by1_10/0-TMW_3BY1_10_TOMMY_HILFIGER_2_PIECE_TUXEDO_FORMAL_BLACK_MAIN.jpg,lb,,,active
mw-tmw-3by1-10,Mens Tuxedo,"<p>Suave, sustainable, and ready to steal the spotlight. Modern Fit means tailored without the squeeze.</p>
<p><strong>Material:</strong> 52% Wool, 45% Recycled Polyester, 3% Spandex</p>
<p><strong>Available sizes:</strong> 36, 38, 39, 40, 41, 42, 43, 44, 46, 48, 50, 52, 54, 56, 58, 36 Short, 36 Regular, 38 Short, 38 Regular, 38 Long, 39 Short, 39 Regular, 39 Long, 40 Short, 40 Regular, 40 Long, 41 Short, 41 Regular, 41 Long, 42 Short, 42 Regular, 42 Long, 43 Regular, 43 Long, 44 Short, 44 Regular, 44 Long, 46 Regular, 46 Long, 48 Regular, 48 Long, 50 Regular, 50 Long, 52 Regular, 54 Regular, 56 Regular, 58 Regular</p>
<div class=""primestyle-size-guide""><h3>Size Chart</h3><p>Reference for Suits, 2-Piece Suits, Suit Separate Jackets, Suit Separate Vests, Tuxedos, 3-Piece Suits, Blazers, Dinner Jackets, and Sport Coats.</p><h4>Jacket Size</h4><table><thead><tr><th>Size</th><th>EU</th><th>Chest (in)</th><th>Chest (cm)</th></tr></thead><tbody><tr><td>34</td><td>44</td><td>34</td><td>86</td></tr><tr><td>36</td><td>46</td><td>36</td><td>91</td></tr><tr><td>38</td><td>48</td><td>38</td><td>97</td></tr><tr><td>40</td><td>50</td><td>40</td><td>102</td></tr><tr><td>42</td><td>52</td><td>42</td><td>107</td></tr><tr><td>44</td><td>54</td><td>44</td><td>112</td></tr><tr><td>46</td><td>56</td><td>46</td><td>117</td></tr><tr><td>48</td><td>58</td><td>48</td><td>122</td></tr><tr><td>50</td><td>60</td><td>50</td><td>127</td></tr><tr><td>52</td><td>62</td><td>52</td><td>132</td></tr><tr><td>54</td><td>64</td><td>54</td><td>137</td></tr><tr><td>56</td><td>66</td><td>56</td><td>142</td></tr><tr><td>58</td><td>68</td><td>58</td><td>147</td></tr><tr><td>60</td><td>70</td><td>60</td><td>152</td></tr></tbody></table><h4>Jacket Length</h4><table><thead><tr><th>Size</th><th>Height</th><th>Height (cm)</th></tr></thead><tbody><tr><td>Short</td><td>5&#39;6&quot;-5&#39;8&quot; tall</td><td>170-178</td></tr><tr><td>Regular</td><td>5&#39;8&quot;-6&#39;1&quot; tall</td><td>178-185</td></tr><tr><td>Long</td><td>6&#39;0&quot;-6&#39;3&quot; tall</td><td>183-193</td></tr><tr><td>X Tall</td><td>6&#39;4&quot;-6&#39;6&quot; tall</td><td>195.5-201</td></tr></tbody></table><h4>Suit Pants</h4><table><thead><tr><th>Size</th><th>Waist (in)</th><th>Waist (cm)</th></tr></thead><tbody><tr><td>30</td><td>30</td><td>76</td></tr><tr><td>31</td><td>31</td><td>79</td></tr><tr><td>32</td><td>32</td><td>81</td></tr><tr><td>33</td><td>33</td><td>84</td></tr><tr><td>34</td><td>34</td><td>86</td></tr><tr><td>35</td><td>35</td><td>89</td></tr><tr><td>36</td><td>36</td><td>91</td></tr><tr><td>38</td><td>38</td><td>97</td></tr><tr><td>40</td><td>40</td><td>102</td></tr><tr><td>42</td><td>42</td><td>107</td></tr><tr><td>44</td><td>44</td><td>112</td></tr><tr><td>46</td><td>46</td><td>117</td></tr><tr><td>48</td><td>48</td><td>122</td></tr><tr><td>50</td><td>50</td><td>127</td></tr><tr><td>52</td><td>52</td><td>132</td></tr><tr><td>54</td><td>54</td><td>137</td></tr></tbody></table><h4>Pant Length</h4><table><thead><tr><th>Inseam (in)</th></tr></thead><tbody><tr><td>29</td></tr><tr><td>30</td></tr><tr><td>32</td></tr><tr><td>34</td></tr></tbody></table><h4>Vest Size — Regular</h4><table><thead><tr><th>Size</th><th>Chest (in)</th></tr></thead><tbody><tr><td>XXS</td><td>34R</td></tr><tr><td>XS</td><td>36R</td></tr><tr><td>S</td><td>38R</td></tr><tr><td>M</td><td>40R</td></tr><tr><td>L</td><td>42R</td></tr><tr><td>XL</td><td>44R</td></tr><tr><td>XXL</td><td>46R</td></tr></tbody></table><h4>Vest Size — Big &amp; Tall</h4><table><thead><tr><th>Size</th><th>Chest (in)</th></tr></thead><tbody><tr><td>LT</td><td>46L</td></tr><tr><td>XLT</td><td>48L</td></tr><tr><td>2XLT</td><td>50L</td></tr><tr><td>3XLT</td><td>52L</td></tr><tr><td>4XLT</td><td>54L</td></tr><tr><td>5XLT</td><td>56L</td></tr><tr><td>6XLT</td><td>58L</td></tr></tbody></table><h4>Vest Size — Big</h4><table><thead><tr><th>Size</th><th>Chest (in)</th></tr></thead><tbody><tr><td>1X</td><td>48R</td></tr><tr><td>2X</td><td>50R</td></tr><tr><td>3X</td><td>52R</td></tr><tr><td>4X</td><td>54R</td></tr><tr><td>5X</td><td>56R</td></tr><tr><td>6X</td><td>58R</td></tr></tbody></table></div>",Tommy Hilfiger,Apparel & Accessories > Clothing,Suits,"PrimeStyleAI Demo, PrimeStyleAI Import, Suits, Tuxedos, male, tuxedo, formal, wool-blend, modern-fit, stretch, sustainable, tommy-hilfiger, 2-piece, satin-lapel",TRUE,Color,Formal Black,Size,40 Regular,,,mw-tmw-3by1-10-formal-black-40-regular,0,shopify,100,deny,manual,335.99,479.99,TRUE,TRUE,,https://res.cloudinary.com/dgvtynla7/image/upload/v1776437496/demo/products/mw_tmw_3by1_10/23-TMW_3BY1_01_TOMMY_HILFIGER_2_PIECE_TUXEDO_NAVY_SOLID_ALT2.jpg,10,Mens Tuxedo,FALSE,Mens Tuxedo,"Suave, sustainable, and ready to steal the spotlight. Modern Fit means tailored without the squeeze.",Apparel & Accessories > Clothing,male,adult,,new,TRUE,PrimeStyleAI Demo,,,,,https://res.cloudinary.com/dgvtynla7/image/upload/v1776437487/demo/products/mw_tmw_3by1_10/0-TMW_3BY1_10_TOMMY_HILFIGER_2_PIECE_TUXEDO_FORMAL_BLACK_MAIN.jpg,lb,,,active
mw-tmw-3by1-10,Mens Tuxedo,"<p>Suave, sustainable, and ready to steal the spotlight. Modern Fit means tailored without the squeeze.</p>
<p><strong>Material:</strong> 52% Wool, 45% Recycled Polyester, 3% Spandex</p>
<p><strong>Available sizes:</strong> 36, 38, 39, 40, 41, 42, 43, 44, 46, 48, 50, 52, 54, 56, 58, 36 Short, 36 Regular, 38 Short, 38 Regular, 38 Long, 39 Short, 39 Regular, 39 Long, 40 Short, 40 Regular, 40 Long, 41 Short, 41 Regular, 41 Long, 42 Short, 42 Regular, 42 Long, 43 Regular, 43 Long, 44 Short, 44 Regular, 44 Long, 46 Regular, 46 Long, 48 Regular, 48 Long, 50 Regular, 50 Long, 52 Regular, 54 Regular, 56 Regular, 58 Regular</p>
<div class=""primestyle-size-guide""><h3>Size Chart</h3><p>Reference for Suits, 2-Piece Suits, Suit Separate Jackets, Suit Separate Vests, Tuxedos, 3-Piece Suits, Blazers, Dinner Jackets, and Sport Coats.</p><h4>Jacket Size</h4><table><thead><tr><th>Size</th><th>EU</th><th>Chest (in)</th><th>Chest (cm)</th></tr></thead><tbody><tr><td>34</td><td>44</td><td>34</td><td>86</td></tr><tr><td>36</td><td>46</td><td>36</td><td>91</td></tr><tr><td>38</td><td>48</td><td>38</td><td>97</td></tr><tr><td>40</td><td>50</td><td>40</td><td>102</td></tr><tr><td>42</td><td>52</td><td>42</td><td>107</td></tr><tr><td>44</td><td>54</td><td>44</td><td>112</td></tr><tr><td>46</td><td>56</td><td>46</td><td>117</td></tr><tr><td>48</td><td>58</td><td>48</td><td>122</td></tr><tr><td>50</td><td>60</td><td>50</td><td>127</td></tr><tr><td>52</td><td>62</td><td>52</td><td>132</td></tr><tr><td>54</td><td>64</td><td>54</td><td>137</td></tr><tr><td>56</td><td>66</td><td>56</td><td>142</td></tr><tr><td>58</td><td>68</td><td>58</td><td>147</td></tr><tr><td>60</td><td>70</td><td>60</td><td>152</td></tr></tbody></table><h4>Jacket Length</h4><table><thead><tr><th>Size</th><th>Height</th><th>Height (cm)</th></tr></thead><tbody><tr><td>Short</td><td>5&#39;6&quot;-5&#39;8&quot; tall</td><td>170-178</td></tr><tr><td>Regular</td><td>5&#39;8&quot;-6&#39;1&quot; tall</td><td>178-185</td></tr><tr><td>Long</td><td>6&#39;0&quot;-6&#39;3&quot; tall</td><td>183-193</td></tr><tr><td>X Tall</td><td>6&#39;4&quot;-6&#39;6&quot; tall</td><td>195.5-201</td></tr></tbody></table><h4>Suit Pants</h4><table><thead><tr><th>Size</th><th>Waist (in)</th><th>Waist (cm)</th></tr></thead><tbody><tr><td>30</td><td>30</td><td>76</td></tr><tr><td>31</td><td>31</td><td>79</td></tr><tr><td>32</td><td>32</td><td>81</td></tr><tr><td>33</td><td>33</td><td>84</td></tr><tr><td>34</td><td>34</td><td>86</td></tr><tr><td>35</td><td>35</td><td>89</td></tr><tr><td>36</td><td>36</td><td>91</td></tr><tr><td>38</td><td>38</td><td>97</td></tr><tr><td>40</td><td>40</td><td>102</td></tr><tr><td>42</td><td>42</td><td>107</td></tr><tr><td>44</td><td>44</td><td>112</td></tr><tr><td>46</td><td>46</td><td>117</td></tr><tr><td>48</td><td>48</td><td>122</td></tr><tr><td>50</td><td>50</td><td>127</td></tr><tr><td>52</td><td>52</td><td>132</td></tr><tr><td>54</td><td>54</td><td>137</td></tr></tbody></table><h4>Pant Length</h4><table><thead><tr><th>Inseam (in)</th></tr></thead><tbody><tr><td>29</td></tr><tr><td>30</td></tr><tr><td>32</td></tr><tr><td>34</td></tr></tbody></table><h4>Vest Size — Regular</h4><table><thead><tr><th>Size</th><th>Chest (in)</th></tr></thead><tbody><tr><td>XXS</td><td>34R</td></tr><tr><td>XS</td><td>36R</td></tr><tr><td>S</td><td>38R</td></tr><tr><td>M</td><td>40R</td></tr><tr><td>L</td><td>42R</td></tr><tr><td>XL</td><td>44R</td></tr><tr><td>XXL</td><td>46R</td></tr></tbody></table><h4>Vest Size — Big &amp; Tall</h4><table><thead><tr><th>Size</th><th>Chest (in)</th></tr></thead><tbody><tr><td>LT</td><td>46L</td></tr><tr><td>XLT</td><td>48L</td></tr><tr><td>2XLT</td><td>50L</td></tr><tr><td>3XLT</td><td>52L</td></tr><tr><td>4XLT</td><td>54L</td></tr><tr><td>5XLT</td><td>56L</td></tr><tr><td>6XLT</td><td>58L</td></tr></tbody></table><h4>Vest Size — Big</h4><table><thead><tr><th>Size</th><th>Chest (in)</th></tr></thead><tbody><tr><td>1X</td><td>48R</td></tr><tr><td>2X</td><td>50R</td></tr><tr><td>3X</td><td>52R</td></tr><tr><td>4X</td><td>54R</td></tr><tr><td>5X</td><td>56R</td></tr><tr><td>6X</td><td>58R</td></tr></tbody></table></div>",Tommy Hilfiger,Apparel & Accessories > Clothing,Suits,"PrimeStyleAI Demo, PrimeStyleAI Import, Suits, Tuxedos, male, tuxedo, formal, wool-blend, modern-fit, stretch, sustainable, tommy-hilfiger, 2-piece, satin-lapel",TRUE,Color,Formal Black,Size,40 Long,,,mw-tmw-3by1-10-formal-black-40-long,0,shopify,100,deny,manual,335.99,479.99,TRUE,TRUE,,https://res.cloudinary.com/dgvtynla7/image/upload/v1776437498/demo/products/mw_tmw_3by1_10/24-TMW_3BY1_01_TOMMY_HILFIGER_2_PIECE_TUXEDO_NAVY_SOLID_ALT3.jpg,11,Mens Tuxedo,FALSE,Mens Tuxedo,"Suave, sustainable, and ready to steal the spotlight. Modern Fit means tailored without the squeeze.",Apparel & Accessories > Clothing,male,adult,,new,TRUE,PrimeStyleAI Demo,,,,,https://res.cloudinary.com/dgvtynla7/image/upload/v1776437487/demo/products/mw_tmw_3by1_10/0-TMW_3BY1_10_TOMMY_HILFIGER_2_PIECE_TUXEDO_FORMAL_BLACK_MAIN.jpg,lb,,,active
mw-tmw-3by1-10,Mens Tuxedo,"<p>Suave, sustainable, and ready to steal the spotlight. Modern Fit means tailored without the squeeze.</p>
<p><strong>Material:</strong> 52% Wool, 45% Recycled Polyester, 3% Spandex</p>
<p><strong>Available sizes:</strong> 36, 38, 39, 40, 41, 42, 43, 44, 46, 48, 50, 52, 54, 56, 58, 36 Short, 36 Regular, 38 Short, 38 Regular, 38 Long, 39 Short, 39 Regular, 39 Long, 40 Short, 40 Regular, 40 Long, 41 Short, 41 Regular, 41 Long, 42 Short, 42 Regular, 42 Long, 43 Regular, 43 Long, 44 Short, 44 Regular, 44 Long, 46 Regular, 46 Long, 48 Regular, 48 Long, 50 Regular, 50 Long, 52 Regular, 54 Regular, 56 Regular, 58 Regular</p>
<div class=""primestyle-size-guide""><h3>Size Chart</h3><p>Reference for Suits, 2-Piece Suits, Suit Separate Jackets, Suit Separate Vests, Tuxedos, 3-Piece Suits, Blazers, Dinner Jackets, and Sport Coats.</p><h4>Jacket Size</h4><table><thead><tr><th>Size</th><th>EU</th><th>Chest (in)</th><th>Chest (cm)</th></tr></thead><tbody><tr><td>34</td><td>44</td><td>34</td><td>86</td></tr><tr><td>36</td><td>46</td><td>36</td><td>91</td></tr><tr><td>38</td><td>48</td><td>38</td><td>97</td></tr><tr><td>40</td><td>50</td><td>40</td><td>102</td></tr><tr><td>42</td><td>52</td><td>42</td><td>107</td></tr><tr><td>44</td><td>54</td><td>44</td><td>112</td></tr><tr><td>46</td><td>56</td><td>46</td><td>117</td></tr><tr><td>48</td><td>58</td><td>48</td><td>122</td></tr><tr><td>50</td><td>60</td><td>50</td><td>127</td></tr><tr><td>52</td><td>62</td><td>52</td><td>132</td></tr><tr><td>54</td><td>64</td><td>54</td><td>137</td></tr><tr><td>56</td><td>66</td><td>56</td><td>142</td></tr><tr><td>58</td><td>68</td><td>58</td><td>147</td></tr><tr><td>60</td><td>70</td><td>60</td><td>152</td></tr></tbody></table><h4>Jacket Length</h4><table><thead><tr><th>Size</th><th>Height</th><th>Height (cm)</th></tr></thead><tbody><tr><td>Short</td><td>5&#39;6&quot;-5&#39;8&quot; tall</td><td>170-178</td></tr><tr><td>Regular</td><td>5&#39;8&quot;-6&#39;1&quot; tall</td><td>178-185</td></tr><tr><td>Long</td><td>6&#39;0&quot;-6&#39;3&quot; tall</td><td>183-193</td></tr><tr><td>X Tall</td><td>6&#39;4&quot;-6&#39;6&quot; tall</td><td>195.5-201</td></tr></tbody></table><h4>Suit Pants</h4><table><thead><tr><th>Size</th><th>Waist (in)</th><th>Waist (cm)</th></tr></thead><tbody><tr><td>30</td><td>30</td><td>76</td></tr><tr><td>31</td><td>31</td><td>79</td></tr><tr><td>32</td><td>32</td><td>81</td></tr><tr><td>33</td><td>33</td><td>84</td></tr><tr><td>34</td><td>34</td><td>86</td></tr><tr><td>35</td><td>35</td><td>89</td></tr><tr><td>36</td><td>36</td><td>91</td></tr><tr><td>38</td><td>38</td><td>97</td></tr><tr><td>40</td><td>40</td><td>102</td></tr><tr><td>42</td><td>42</td><td>107</td></tr><tr><td>44</td><td>44</td><td>112</td></tr><tr><td>46</td><td>46</td><td>117</td></tr><tr><td>48</td><td>48</td><td>122</td></tr><tr><td>50</td><td>50</td><td>127</td></tr><tr><td>52</td><td>52</td><td>132</td></tr><tr><td>54</td><td>54</td><td>137</td></tr></tbody></table><h4>Pant Length</h4><table><thead><tr><th>Inseam (in)</th></tr></thead><tbody><tr><td>29</td></tr><tr><td>30</td></tr><tr><td>32</td></tr><tr><td>34</td></tr></tbody></table><h4>Vest Size — Regular</h4><table><thead><tr><th>Size</th><th>Chest (in)</th></tr></thead><tbody><tr><td>XXS</td><td>34R</td></tr><tr><td>XS</td><td>36R</td></tr><tr><td>S</td><td>38R</td></tr><tr><td>M</td><td>40R</td></tr><tr><td>L</td><td>42R</td></tr><tr><td>XL</td><td>44R</td></tr><tr><td>XXL</td><td>46R</td></tr></tbody></table><h4>Vest Size — Big &amp; Tall</h4><table><thead><tr><th>Size</th><th>Chest (in)</th></tr></thead><tbody><tr><td>LT</td><td>46L</td></tr><tr><td>XLT</td><td>48L</td></tr><tr><td>2XLT</td><td>50L</td></tr><tr><td>3XLT</td><td>52L</td></tr><tr><td>4XLT</td><td>54L</td></tr><tr><td>5XLT</td><td>56L</td></tr><tr><td>6XLT</td><td>58L</td></tr></tbody></table><h4>Vest Size — Big</h4><table><thead><tr><th>Size</th><th>Chest (in)</th></tr></thead><tbody><tr><td>1X</td><td>48R</td></tr><tr><td>2X</td><td>50R</td></tr><tr><td>3X</td><td>52R</td></tr><tr><td>4X</td><td>54R</td></tr><tr><td>5X</td><td>56R</td></tr><tr><td>6X</td><td>58R</td></tr></tbody></table></div>",Tommy Hilfiger,Apparel & Accessories > Clothing,Suits,"PrimeStyleAI Demo, PrimeStyleAI Import, Suits, Tuxedos, male, tuxedo, formal, wool-blend, modern-fit, stretch, sustainable, tommy-hilfiger, 2-piece, satin-lapel",TRUE,Color,Formal Black,Size,41 Short,,,mw-tmw-3by1-10-formal-black-41-short,0,shopify,100,deny,manual,335.99,479.99,TRUE,TRUE,,https://res.cloudinary.com/dgvtynla7/image/upload/v1776437500/demo/products/mw_tmw_3by1_10/25-TMW_3BY1_01_TOMMY_HILFIGER_2_PIECE_TUXEDO_NAVY_SOLID_ALT4.jpg,12,Mens Tuxedo,FALSE,Mens Tuxedo,"Suave, sustainable, and ready to steal the spotlight. Modern Fit means tailored without the squeeze.",Apparel & Accessories > Clothing,male,adult,,new,TRUE,PrimeStyleAI Demo,,,,,https://res.cloudinary.com/dgvtynla7/image/upload/v1776437487/demo/products/mw_tmw_3by1_10/0-TMW_3BY1_10_TOMMY_HILFIGER_2_PIECE_TUXEDO_FORMAL_BLACK_MAIN.jpg,lb,,,active
mw-tmw-3by1-10,Mens Tuxedo,"<p>Suave, sustainable, and ready to steal the spotlight. Modern Fit means tailored without the squeeze.</p>
<p><strong>Material:</strong> 52% Wool, 45% Recycled Polyester, 3% Spandex</p>
<p><strong>Available sizes:</strong> 36, 38, 39, 40, 41, 42, 43, 44, 46, 48, 50, 52, 54, 56, 58, 36 Short, 36 Regular, 38 Short, 38 Regular, 38 Long, 39 Short, 39 Regular, 39 Long, 40 Short, 40 Regular, 40 Long, 41 Short, 41 Regular, 41 Long, 42 Short, 42 Regular, 42 Long, 43 Regular, 43 Long, 44 Short, 44 Regular, 44 Long, 46 Regular, 46 Long, 48 Regular, 48 Long, 50 Regular, 50 Long, 52 Regular, 54 Regular, 56 Regular, 58 Regular</p>
<div class=""primestyle-size-guide""><h3>Size Chart</h3><p>Reference for Suits, 2-Piece Suits, Suit Separate Jackets, Suit Separate Vests, Tuxedos, 3-Piece Suits, Blazers, Dinner Jackets, and Sport Coats.</p><h4>Jacket Size</h4><table><thead><tr><th>Size</th><th>EU</th><th>Chest (in)</th><th>Chest (cm)</th></tr></thead><tbody><tr><td>34</td><td>44</td><td>34</td><td>86</td></tr><tr><td>36</td><td>46</td><td>36</td><td>91</td></tr><tr><td>38</td><td>48</td><td>38</td><td>97</td></tr><tr><td>40</td><td>50</td><td>40</td><td>102</td></tr><tr><td>42</td><td>52</td><td>42</td><td>107</td></tr><tr><td>44</td><td>54</td><td>44</td><td>112</td></tr><tr><td>46</td><td>56</td><td>46</td><td>117</td></tr><tr><td>48</td><td>58</td><td>48</td><td>122</td></tr><tr><td>50</td><td>60</td><td>50</td><td>127</td></tr><tr><td>52</td><td>62</td><td>52</td><td>132</td></tr><tr><td>54</td><td>64</td><td>54</td><td>137</td></tr><tr><td>56</td><td>66</td><td>56</td><td>142</td></tr><tr><td>58</td><td>68</td><td>58</td><td>147</td></tr><tr><td>60</td><td>70</td><td>60</td><td>152</td></tr></tbody></table><h4>Jacket Length</h4><table><thead><tr><th>Size</th><th>Height</th><th>Height (cm)</th></tr></thead><tbody><tr><td>Short</td><td>5&#39;6&quot;-5&#39;8&quot; tall</td><td>170-178</td></tr><tr><td>Regular</td><td>5&#39;8&quot;-6&#39;1&quot; tall</td><td>178-185</td></tr><tr><td>Long</td><td>6&#39;0&quot;-6&#39;3&quot; tall</td><td>183-193</td></tr><tr><td>X Tall</td><td>6&#39;4&quot;-6&#39;6&quot; tall</td><td>195.5-201</td></tr></tbody></table><h4>Suit Pants</h4><table><thead><tr><th>Size</th><th>Waist (in)</th><th>Waist (cm)</th></tr></thead><tbody><tr><td>30</td><td>30</td><td>76</td></tr><tr><td>31</td><td>31</td><td>79</td></tr><tr><td>32</td><td>32</td><td>81</td></tr><tr><td>33</td><td>33</td><td>84</td></tr><tr><td>34</td><td>34</td><td>86</td></tr><tr><td>35</td><td>35</td><td>89</td></tr><tr><td>36</td><td>36</td><td>91</td></tr><tr><td>38</td><td>38</td><td>97</td></tr><tr><td>40</td><td>40</td><td>102</td></tr><tr><td>42</td><td>42</td><td>107</td></tr><tr><td>44</td><td>44</td><td>112</td></tr><tr><td>46</td><td>46</td><td>117</td></tr><tr><td>48</td><td>48</td><td>122</td></tr><tr><td>50</td><td>50</td><td>127</td></tr><tr><td>52</td><td>52</td><td>132</td></tr><tr><td>54</td><td>54</td><td>137</td></tr></tbody></table><h4>Pant Length</h4><table><thead><tr><th>Inseam (in)</th></tr></thead><tbody><tr><td>29</td></tr><tr><td>30</td></tr><tr><td>32</td></tr><tr><td>34</td></tr></tbody></table><h4>Vest Size — Regular</h4><table><thead><tr><th>Size</th><th>Chest (in)</th></tr></thead><tbody><tr><td>XXS</td><td>34R</td></tr><tr><td>XS</td><td>36R</td></tr><tr><td>S</td><td>38R</td></tr><tr><td>M</td><td>40R</td></tr><tr><td>L</td><td>42R</td></tr><tr><td>XL</td><td>44R</td></tr><tr><td>XXL</td><td>46R</td></tr></tbody></table><h4>Vest Size — Big &amp; Tall</h4><table><thead><tr><th>Size</th><th>Chest (in)</th></tr></thead><tbody><tr><td>LT</td><td>46L</td></tr><tr><td>XLT</td><td>48L</td></tr><tr><td>2XLT</td><td>50L</td></tr><tr><td>3XLT</td><td>52L</td></tr><tr><td>4XLT</td><td>54L</td></tr><tr><td>5XLT</td><td>56L</td></tr><tr><td>6XLT</td><td>58L</td></tr></tbody></table><h4>Vest Size — Big</h4><table><thead><tr><th>Size</th><th>Chest (in)</th></tr></thead><tbody><tr><td>1X</td><td>48R</td></tr><tr><td>2X</td><td>50R</td></tr><tr><td>3X</td><td>52R</td></tr><tr><td>4X</td><td>54R</td></tr><tr><td>5X</td><td>56R</td></tr><tr><td>6X</td><td>58R</td></tr></tbody></table></div>",Tommy Hilfiger,Apparel & Accessories > Clothing,Suits,"PrimeStyleAI Demo, PrimeStyleAI Import, Suits, Tuxedos, male, tuxedo, formal, wool-blend, modern-fit, stretch, sustainable, tommy-hilfiger, 2-piece, satin-lapel",TRUE,Color,Formal Black,Size,41 Regular,,,mw-tmw-3by1-10-formal-black-41-regular,0,shopify,100,deny,manual,335.99,479.99,TRUE,TRUE,,https://res.cloudinary.com/dgvtynla7/image/upload/v1776437501/demo/products/mw_tmw_3by1_10/26-TMW_3BY1_01_TOMMY_HILFIGER_2_PIECE_TUXEDO_NAVY_SOLID_ALT5.jpg,13,Mens Tuxedo,FALSE,Mens Tuxedo,"Suave, sustainable, and ready to steal the spotlight. Modern Fit means tailored without the squeeze.",Apparel & Accessories > Clothing,male,adult,,new,TRUE,PrimeStyleAI Demo,,,,,https://res.cloudinary.com/dgvtynla7/image/upload/v1776437487/demo/products/mw_tmw_3by1_10/0-TMW_3BY1_10_TOMMY_HILFIGER_2_PIECE_TUXEDO_FORMAL_BLACK_MAIN.jpg,lb,,,active
mw-tmw-3by1-10,Mens Tuxedo,"<p>Suave, sustainable, and ready to steal the spotlight. Modern Fit means tailored without the squeeze.</p>
<p><strong>Material:</strong> 52% Wool, 45% Recycled Polyester, 3% Spandex</p>
<p><strong>Available sizes:</strong> 36, 38, 39, 40, 41, 42, 43, 44, 46, 48, 50, 52, 54, 56, 58, 36 Short, 36 Regular, 38 Short, 38 Regular, 38 Long, 39 Short, 39 Regular, 39 Long, 40 Short, 40 Regular, 40 Long, 41 Short, 41 Regular, 41 Long, 42 Short, 42 Regular, 42 Long, 43 Regular, 43 Long, 44 Short, 44 Regular, 44 Long, 46 Regular, 46 Long, 48 Regular, 48 Long, 50 Regular, 50 Long, 52 Regular, 54 Regular, 56 Regular, 58 Regular</p>
<div class=""primestyle-size-guide""><h3>Size Chart</h3><p>Reference for Suits, 2-Piece Suits, Suit Separate Jackets, Suit Separate Vests, Tuxedos, 3-Piece Suits, Blazers, Dinner Jackets, and Sport Coats.</p><h4>Jacket Size</h4><table><thead><tr><th>Size</th><th>EU</th><th>Chest (in)</th><th>Chest (cm)</th></tr></thead><tbody><tr><td>34</td><td>44</td><td>34</td><td>86</td></tr><tr><td>36</td><td>46</td><td>36</td><td>91</td></tr><tr><td>38</td><td>48</td><td>38</td><td>97</td></tr><tr><td>40</td><td>50</td><td>40</td><td>102</td></tr><tr><td>42</td><td>52</td><td>42</td><td>107</td></tr><tr><td>44</td><td>54</td><td>44</td><td>112</td></tr><tr><td>46</td><td>56</td><td>46</td><td>117</td></tr><tr><td>48</td><td>58</td><td>48</td><td>122</td></tr><tr><td>50</td><td>60</td><td>50</td><td>127</td></tr><tr><td>52</td><td>62</td><td>52</td><td>132</td></tr><tr><td>54</td><td>64</td><td>54</td><td>137</td></tr><tr><td>56</td><td>66</td><td>56</td><td>142</td></tr><tr><td>58</td><td>68</td><td>58</td><td>147</td></tr><tr><td>60</td><td>70</td><td>60</td><td>152</td></tr></tbody></table><h4>Jacket Length</h4><table><thead><tr><th>Size</th><th>Height</th><th>Height (cm)</th></tr></thead><tbody><tr><td>Short</td><td>5&#39;6&quot;-5&#39;8&quot; tall</td><td>170-178</td></tr><tr><td>Regular</td><td>5&#39;8&quot;-6&#39;1&quot; tall</td><td>178-185</td></tr><tr><td>Long</td><td>6&#39;0&quot;-6&#39;3&quot; tall</td><td>183-193</td></tr><tr><td>X Tall</td><td>6&#39;4&quot;-6&#39;6&quot; tall</td><td>195.5-201</td></tr></tbody></table><h4>Suit Pants</h4><table><thead><tr><th>Size</th><th>Waist (in)</th><th>Waist (cm)</th></tr></thead><tbody><tr><td>30</td><td>30</td><td>76</td></tr><tr><td>31</td><td>31</td><td>79</td></tr><tr><td>32</td><td>32</td><td>81</td></tr><tr><td>33</td><td>33</td><td>84</td></tr><tr><td>34</td><td>34</td><td>86</td></tr><tr><td>35</td><td>35</td><td>89</td></tr><tr><td>36</td><td>36</td><td>91</td></tr><tr><td>38</td><td>38</td><td>97</td></tr><tr><td>40</td><td>40</td><td>102</td></tr><tr><td>42</td><td>42</td><td>107</td></tr><tr><td>44</td><td>44</td><td>112</td></tr><tr><td>46</td><td>46</td><td>117</td></tr><tr><td>48</td><td>48</td><td>122</td></tr><tr><td>50</td><td>50</td><td>127</td></tr><tr><td>52</td><td>52</td><td>132</td></tr><tr><td>54</td><td>54</td><td>137</td></tr></tbody></table><h4>Pant Length</h4><table><thead><tr><th>Inseam (in)</th></tr></thead><tbody><tr><td>29</td></tr><tr><td>30</td></tr><tr><td>32</td></tr><tr><td>34</td></tr></tbody></table><h4>Vest Size — Regular</h4><table><thead><tr><th>Size</th><th>Chest (in)</th></tr></thead><tbody><tr><td>XXS</td><td>34R</td></tr><tr><td>XS</td><td>36R</td></tr><tr><td>S</td><td>38R</td></tr><tr><td>M</td><td>40R</td></tr><tr><td>L</td><td>42R</td></tr><tr><td>XL</td><td>44R</td></tr><tr><td>XXL</td><td>46R</td></tr></tbody></table><h4>Vest Size — Big &amp; Tall</h4><table><thead><tr><th>Size</th><th>Chest (in)</th></tr></thead><tbody><tr><td>LT</td><td>46L</td></tr><tr><td>XLT</td><td>48L</td></tr><tr><td>2XLT</td><td>50L</td></tr><tr><td>3XLT</td><td>52L</td></tr><tr><td>4XLT</td><td>54L</td></tr><tr><td>5XLT</td><td>56L</td></tr><tr><td>6XLT</td><td>58L</td></tr></tbody></table><h4>Vest Size — Big</h4><table><thead><tr><th>Size</th><th>Chest (in)</th></tr></thead><tbody><tr><td>1X</td><td>48R</td></tr><tr><td>2X</td><td>50R</td></tr><tr><td>3X</td><td>52R</td></tr><tr><td>4X</td><td>54R</td></tr><tr><td>5X</td><td>56R</td></tr><tr><td>6X</td><td>58R</td></tr></tbody></table></div>",Tommy Hilfiger,Apparel & Accessories > Clothing,Suits,"PrimeStyleAI Demo, PrimeStyleAI Import, Suits, Tuxedos, male, tuxedo, formal, wool-blend, modern-fit, stretch, sustainable, tommy-hilfiger, 2-piece, satin-lapel",TRUE,Color,Formal Black,Size,41 Long,,,mw-tmw-3by1-10-formal-black-41-long,0,shopify,100,deny,manual,335.99,479.99,TRUE,TRUE,,https://res.cloudinary.com/dgvtynla7/image/upload/v1776437501/demo/products/mw_tmw_3by1_10/27-TMW_3BY1_01_TOMMY_HILFIGER_2_PIECE_TUXEDO_NAVY_SOLID_ALT10.jpg,14,Mens Tuxedo,FALSE,Mens Tuxedo,"Suave, sustainable, and ready to steal the spotlight. Modern Fit means tailored without the squeeze.",Apparel & Accessories > Clothing,male,adult,,new,TRUE,PrimeStyleAI Demo,,,,,https://res.cloudinary.com/dgvtynla7/image/upload/v1776437487/demo/products/mw_tmw_3by1_10/0-TMW_3BY1_10_TOMMY_HILFIGER_2_PIECE_TUXEDO_FORMAL_BLACK_MAIN.jpg,lb,,,active
mw-tmw-3by1-10,Mens Tuxedo,"<p>Suave, sustainable, and ready to steal the spotlight. Modern Fit means tailored without the squeeze.</p>
<p><strong>Material:</strong> 52% Wool, 45% Recycled Polyester, 3% Spandex</p>
<p><strong>Available sizes:</strong> 36, 38, 39, 40, 41, 42, 43, 44, 46, 48, 50, 52, 54, 56, 58, 36 Short, 36 Regular, 38 Short, 38 Regular, 38 Long, 39 Short, 39 Regular, 39 Long, 40 Short, 40 Regular, 40 Long, 41 Short, 41 Regular, 41 Long, 42 Short, 42 Regular, 42 Long, 43 Regular, 43 Long, 44 Short, 44 Regular, 44 Long, 46 Regular, 46 Long, 48 Regular, 48 Long, 50 Regular, 50 Long, 52 Regular, 54 Regular, 56 Regular, 58 Regular</p>
<div class=""primestyle-size-guide""><h3>Size Chart</h3><p>Reference for Suits, 2-Piece Suits, Suit Separate Jackets, Suit Separate Vests, Tuxedos, 3-Piece Suits, Blazers, Dinner Jackets, and Sport Coats.</p><h4>Jacket Size</h4><table><thead><tr><th>Size</th><th>EU</th><th>Chest (in)</th><th>Chest (cm)</th></tr></thead><tbody><tr><td>34</td><td>44</td><td>34</td><td>86</td></tr><tr><td>36</td><td>46</td><td>36</td><td>91</td></tr><tr><td>38</td><td>48</td><td>38</td><td>97</td></tr><tr><td>40</td><td>50</td><td>40</td><td>102</td></tr><tr><td>42</td><td>52</td><td>42</td><td>107</td></tr><tr><td>44</td><td>54</td><td>44</td><td>112</td></tr><tr><td>46</td><td>56</td><td>46</td><td>117</td></tr><tr><td>48</td><td>58</td><td>48</td><td>122</td></tr><tr><td>50</td><td>60</td><td>50</td><td>127</td></tr><tr><td>52</td><td>62</td><td>52</td><td>132</td></tr><tr><td>54</td><td>64</td><td>54</td><td>137</td></tr><tr><td>56</td><td>66</td><td>56</td><td>142</td></tr><tr><td>58</td><td>68</td><td>58</td><td>147</td></tr><tr><td>60</td><td>70</td><td>60</td><td>152</td></tr></tbody></table><h4>Jacket Length</h4><table><thead><tr><th>Size</th><th>Height</th><th>Height (cm)</th></tr></thead><tbody><tr><td>Short</td><td>5&#39;6&quot;-5&#39;8&quot; tall</td><td>170-178</td></tr><tr><td>Regular</td><td>5&#39;8&quot;-6&#39;1&quot; tall</td><td>178-185</td></tr><tr><td>Long</td><td>6&#39;0&quot;-6&#39;3&quot; tall</td><td>183-193</td></tr><tr><td>X Tall</td><td>6&#39;4&quot;-6&#39;6&quot; tall</td><td>195.5-201</td></tr></tbody></table><h4>Suit Pants</h4><table><thead><tr><th>Size</th><th>Waist (in)</th><th>Waist (cm)</th></tr></thead><tbody><tr><td>30</td><td>30</td><td>76</td></tr><tr><td>31</td><td>31</td><td>79</td></tr><tr><td>32</td><td>32</td><td>81</td></tr><tr><td>33</td><td>33</td><td>84</td></tr><tr><td>34</td><td>34</td><td>86</td></tr><tr><td>35</td><td>35</td><td>89</td></tr><tr><td>36</td><td>36</td><td>91</td></tr><tr><td>38</td><td>38</td><td>97</td></tr><tr><td>40</td><td>40</td><td>102</td></tr><tr><td>42</td><td>42</td><td>107</td></tr><tr><td>44</td><td>44</td><td>112</td></tr><tr><td>46</td><td>46</td><td>117</td></tr><tr><td>48</td><td>48</td><td>122</td></tr><tr><td>50</td><td>50</td><td>127</td></tr><tr><td>52</td><td>52</td><td>132</td></tr><tr><td>54</td><td>54</td><td>137</td></tr></tbody></table><h4>Pant Length</h4><table><thead><tr><th>Inseam (in)</th></tr></thead><tbody><tr><td>29</td></tr><tr><td>30</td></tr><tr><td>32</td></tr><tr><td>34</td></tr></tbody></table><h4>Vest Size — Regular</h4><table><thead><tr><th>Size</th><th>Chest (in)</th></tr></thead><tbody><tr><td>XXS</td><td>34R</td></tr><tr><td>XS</td><td>36R</td></tr><tr><td>S</td><td>38R</td></tr><tr><td>M</td><td>40R</td></tr><tr><td>L</td><td>42R</td></tr><tr><td>XL</td><td>44R</td></tr><tr><td>XXL</td><td>46R</td></tr></tbody></table><h4>Vest Size — Big &amp; Tall</h4><table><thead><tr><th>Size</th><th>Chest (in)</th></tr></thead><tbody><tr><td>LT</td><td>46L</td></tr><tr><td>XLT</td><td>48L</td></tr><tr><td>2XLT</td><td>50L</td></tr><tr><td>3XLT</td><td>52L</td></tr><tr><td>4XLT</td><td>54L</td></tr><tr><td>5XLT</td><td>56L</td></tr><tr><td>6XLT</td><td>58L</td></tr></tbody></table><h4>Vest Size — Big</h4><table><thead><tr><th>Size</th><th>Chest (in)</th></tr></thead><tbody><tr><td>1X</td><td>48R</td></tr><tr><td>2X</td><td>50R</td></tr><tr><td>3X</td><td>52R</td></tr><tr><td>4X</td><td>54R</td></tr><tr><td>5X</td><td>56R</td></tr><tr><td>6X</td><td>58R</td></tr></tbody></table></div>",Tommy Hilfiger,Apparel & Accessories > Clothing,Suits,"PrimeStyleAI Demo, PrimeStyleAI Import, Suits, Tuxedos, male, tuxedo, formal, wool-blend, modern-fit, stretch, sustainable, tommy-hilfiger, 2-piece, satin-lapel",TRUE,Color,Formal Black,Size,42 Short,,,mw-tmw-3by1-10-formal-black-42-short,0,shopify,100,deny,manual,335.99,479.99,TRUE,TRUE,,,,,FALSE,Mens Tuxedo,"Suave, sustainable, and ready to steal the spotlight. Modern Fit means tailored without the squeeze.",Apparel & Accessories > Clothing,male,adult,,new,TRUE,PrimeStyleAI Demo,,,,,https://res.cloudinary.com/dgvtynla7/image/upload/v1776437487/demo/products/mw_tmw_3by1_10/0-TMW_3BY1_10_TOMMY_HILFIGER_2_PIECE_TUXEDO_FORMAL_BLACK_MAIN.jpg,lb,,,active
mw-tmw-3by1-10,Mens Tuxedo,"<p>Suave, sustainable, and ready to steal the spotlight. Modern Fit means tailored without the squeeze.</p>
<p><strong>Material:</strong> 52% Wool, 45% Recycled Polyester, 3% Spandex</p>
<p><strong>Available sizes:</strong> 36, 38, 39, 40, 41, 42, 43, 44, 46, 48, 50, 52, 54, 56, 58, 36 Short, 36 Regular, 38 Short, 38 Regular, 38 Long, 39 Short, 39 Regular, 39 Long, 40 Short, 40 Regular, 40 Long, 41 Short, 41 Regular, 41 Long, 42 Short, 42 Regular, 42 Long, 43 Regular, 43 Long, 44 Short, 44 Regular, 44 Long, 46 Regular, 46 Long, 48 Regular, 48 Long, 50 Regular, 50 Long, 52 Regular, 54 Regular, 56 Regular, 58 Regular</p>
<div class=""primestyle-size-guide""><h3>Size Chart</h3><p>Reference for Suits, 2-Piece Suits, Suit Separate Jackets, Suit Separate Vests, Tuxedos, 3-Piece Suits, Blazers, Dinner Jackets, and Sport Coats.</p><h4>Jacket Size</h4><table><thead><tr><th>Size</th><th>EU</th><th>Chest (in)</th><th>Chest (cm)</th></tr></thead><tbody><tr><td>34</td><td>44</td><td>34</td><td>86</td></tr><tr><td>36</td><td>46</td><td>36</td><td>91</td></tr><tr><td>38</td><td>48</td><td>38</td><td>97</td></tr><tr><td>40</td><td>50</td><td>40</td><td>102</td></tr><tr><td>42</td><td>52</td><td>42</td><td>107</td></tr><tr><td>44</td><td>54</td><td>44</td><td>112</td></tr><tr><td>46</td><td>56</td><td>46</td><td>117</td></tr><tr><td>48</td><td>58</td><td>48</td><td>122</td></tr><tr><td>50</td><td>60</td><td>50</td><td>127</td></tr><tr><td>52</td><td>62</td><td>52</td><td>132</td></tr><tr><td>54</td><td>64</td><td>54</td><td>137</td></tr><tr><td>56</td><td>66</td><td>56</td><td>142</td></tr><tr><td>58</td><td>68</td><td>58</td><td>147</td></tr><tr><td>60</td><td>70</td><td>60</td><td>152</td></tr></tbody></table><h4>Jacket Length</h4><table><thead><tr><th>Size</th><th>Height</th><th>Height (cm)</th></tr></thead><tbody><tr><td>Short</td><td>5&#39;6&quot;-5&#39;8&quot; tall</td><td>170-178</td></tr><tr><td>Regular</td><td>5&#39;8&quot;-6&#39;1&quot; tall</td><td>178-185</td></tr><tr><td>Long</td><td>6&#39;0&quot;-6&#39;3&quot; tall</td><td>183-193</td></tr><tr><td>X Tall</td><td>6&#39;4&quot;-6&#39;6&quot; tall</td><td>195.5-201</td></tr></tbody></table><h4>Suit Pants</h4><table><thead><tr><th>Size</th><th>Waist (in)</th><th>Waist (cm)</th></tr></thead><tbody><tr><td>30</td><td>30</td><td>76</td></tr><tr><td>31</td><td>31</td><td>79</td></tr><tr><td>32</td><td>32</td><td>81</td></tr><tr><td>33</td><td>33</td><td>84</td></tr><tr><td>34</td><td>34</td><td>86</td></tr><tr><td>35</td><td>35</td><td>89</td></tr><tr><td>36</td><td>36</td><td>91</td></tr><tr><td>38</td><td>38</td><td>97</td></tr><tr><td>40</td><td>40</td><td>102</td></tr><tr><td>42</td><td>42</td><td>107</td></tr><tr><td>44</td><td>44</td><td>112</td></tr><tr><td>46</td><td>46</td><td>117</td></tr><tr><td>48</td><td>48</td><td>122</td></tr><tr><td>50</td><td>50</td><td>127</td></tr><tr><td>52</td><td>52</td><td>132</td></tr><tr><td>54</td><td>54</td><td>137</td></tr></tbody></table><h4>Pant Length</h4><table><thead><tr><th>Inseam (in)</th></tr></thead><tbody><tr><td>29</td></tr><tr><td>30</td></tr><tr><td>32</td></tr><tr><td>34</td></tr></tbody></table><h4>Vest Size — Regular</h4><table><thead><tr><th>Size</th><th>Chest (in)</th></tr></thead><tbody><tr><td>XXS</td><td>34R</td></tr><tr><td>XS</td><td>36R</td></tr><tr><td>S</td><td>38R</td></tr><tr><td>M</td><td>40R</td></tr><tr><td>L</td><td>42R</td></tr><tr><td>XL</td><td>44R</td></tr><tr><td>XXL</td><td>46R</td></tr></tbody></table><h4>Vest Size — Big &amp; Tall</h4><table><thead><tr><th>Size</th><th>Chest (in)</th></tr></thead><tbody><tr><td>LT</td><td>46L</td></tr><tr><td>XLT</td><td>48L</td></tr><tr><td>2XLT</td><td>50L</td></tr><tr><td>3XLT</td><td>52L</td></tr><tr><td>4XLT</td><td>54L</td></tr><tr><td>5XLT</td><td>56L</td></tr><tr><td>6XLT</td><td>58L</td></tr></tbody></table><h4>Vest Size — Big</h4><table><thead><tr><th>Size</th><th>Chest (in)</th></tr></thead><tbody><tr><td>1X</td><td>48R</td></tr><tr><td>2X</td><td>50R</td></tr><tr><td>3X</td><td>52R</td></tr><tr><td>4X</td><td>54R</td></tr><tr><td>5X</td><td>56R</td></tr><tr><td>6X</td><td>58R</td></tr></tbody></table></div>",Tommy Hilfiger,Apparel & Accessories > Clothing,Suits,"PrimeStyleAI Demo, PrimeStyleAI Import, Suits, Tuxedos, male, tuxedo, formal, wool-blend, modern-fit, stretch, sustainable, tommy-hilfiger, 2-piece, satin-lapel",TRUE,Color,Formal Black,Size,42 Regular,,,mw-tmw-3by1-10-formal-black-42-regular,0,shopify,100,deny,manual,335.99,479.99,TRUE,TRUE,,,,,FALSE,Mens Tuxedo,"Suave, sustainable, and ready to steal the spotlight. Modern Fit means tailored without the squeeze.",Apparel & Accessories > Clothing,male,adult,,new,TRUE,PrimeStyleAI Demo,,,,,https://res.cloudinary.com/dgvtynla7/image/upload/v1776437487/demo/products/mw_tmw_3by1_10/0-TMW_3BY1_10_TOMMY_HILFIGER_2_PIECE_TUXEDO_FORMAL_BLACK_MAIN.jpg,lb,,,active
mw-tmw-3by1-10,Mens Tuxedo,"<p>Suave, sustainable, and ready to steal the spotlight. Modern Fit means tailored without the squeeze.</p>
<p><strong>Material:</strong> 52% Wool, 45% Recycled Polyester, 3% Spandex</p>
<p><strong>Available sizes:</strong> 36, 38, 39, 40, 41, 42, 43, 44, 46, 48, 50, 52, 54, 56, 58, 36 Short, 36 Regular, 38 Short, 38 Regular, 38 Long, 39 Short, 39 Regular, 39 Long, 40 Short, 40 Regular, 40 Long, 41 Short, 41 Regular, 41 Long, 42 Short, 42 Regular, 42 Long, 43 Regular, 43 Long, 44 Short, 44 Regular, 44 Long, 46 Regular, 46 Long, 48 Regular, 48 Long, 50 Regular, 50 Long, 52 Regular, 54 Regular, 56 Regular, 58 Regular</p>
<div class=""primestyle-size-guide""><h3>Size Chart</h3><p>Reference for Suits, 2-Piece Suits, Suit Separate Jackets, Suit Separate Vests, Tuxedos, 3-Piece Suits, Blazers, Dinner Jackets, and Sport Coats.</p><h4>Jacket Size</h4><table><thead><tr><th>Size</th><th>EU</th><th>Chest (in)</th><th>Chest (cm)</th></tr></thead><tbody><tr><td>34</td><td>44</td><td>34</td><td>86</td></tr><tr><td>36</td><td>46</td><td>36</td><td>91</td></tr><tr><td>38</td><td>48</td><td>38</td><td>97</td></tr><tr><td>40</td><td>50</td><td>40</td><td>102</td></tr><tr><td>42</td><td>52</td><td>42</td><td>107</td></tr><tr><td>44</td><td>54</td><td>44</td><td>112</td></tr><tr><td>46</td><td>56</td><td>46</td><td>117</td></tr><tr><td>48</td><td>58</td><td>48</td><td>122</td></tr><tr><td>50</td><td>60</td><td>50</td><td>127</td></tr><tr><td>52</td><td>62</td><td>52</td><td>132</td></tr><tr><td>54</td><td>64</td><td>54</td><td>137</td></tr><tr><td>56</td><td>66</td><td>56</td><td>142</td></tr><tr><td>58</td><td>68</td><td>58</td><td>147</td></tr><tr><td>60</td><td>70</td><td>60</td><td>152</td></tr></tbody></table><h4>Jacket Length</h4><table><thead><tr><th>Size</th><th>Height</th><th>Height (cm)</th></tr></thead><tbody><tr><td>Short</td><td>5&#39;6&quot;-5&#39;8&quot; tall</td><td>170-178</td></tr><tr><td>Regular</td><td>5&#39;8&quot;-6&#39;1&quot; tall</td><td>178-185</td></tr><tr><td>Long</td><td>6&#39;0&quot;-6&#39;3&quot; tall</td><td>183-193</td></tr><tr><td>X Tall</td><td>6&#39;4&quot;-6&#39;6&quot; tall</td><td>195.5-201</td></tr></tbody></table><h4>Suit Pants</h4><table><thead><tr><th>Size</th><th>Waist (in)</th><th>Waist (cm)</th></tr></thead><tbody><tr><td>30</td><td>30</td><td>76</td></tr><tr><td>31</td><td>31</td><td>79</td></tr><tr><td>32</td><td>32</td><td>81</td></tr><tr><td>33</td><td>33</td><td>84</td></tr><tr><td>34</td><td>34</td><td>86</td></tr><tr><td>35</td><td>35</td><td>89</td></tr><tr><td>36</td><td>36</td><td>91</td></tr><tr><td>38</td><td>38</td><td>97</td></tr><tr><td>40</td><td>40</td><td>102</td></tr><tr><td>42</td><td>42</td><td>107</td></tr><tr><td>44</td><td>44</td><td>112</td></tr><tr><td>46</td><td>46</td><td>117</td></tr><tr><td>48</td><td>48</td><td>122</td></tr><tr><td>50</td><td>50</td><td>127</td></tr><tr><td>52</td><td>52</td><td>132</td></tr><tr><td>54</td><td>54</td><td>137</td></tr></tbody></table><h4>Pant Length</h4><table><thead><tr><th>Inseam (in)</th></tr></thead><tbody><tr><td>29</td></tr><tr><td>30</td></tr><tr><td>32</td></tr><tr><td>34</td></tr></tbody></table><h4>Vest Size — Regular</h4><table><thead><tr><th>Size</th><th>Chest (in)</th></tr></thead><tbody><tr><td>XXS</td><td>34R</td></tr><tr><td>XS</td><td>36R</td></tr><tr><td>S</td><td>38R</td></tr><tr><td>M</td><td>40R</td></tr><tr><td>L</td><td>42R</td></tr><tr><td>XL</td><td>44R</td></tr><tr><td>XXL</td><td>46R</td></tr></tbody></table><h4>Vest Size — Big &amp; Tall</h4><table><thead><tr><th>Size</th><th>Chest (in)</th></tr></thead><tbody><tr><td>LT</td><td>46L</td></tr><tr><td>XLT</td><td>48L</td></tr><tr><td>2XLT</td><td>50L</td></tr><tr><td>3XLT</td><td>52L</td></tr><tr><td>4XLT</td><td>54L</td></tr><tr><td>5XLT</td><td>56L</td></tr><tr><td>6XLT</td><td>58L</td></tr></tbody></table><h4>Vest Size — Big</h4><table><thead><tr><th>Size</th><th>Chest (in)</th></tr></thead><tbody><tr><td>1X</td><td>48R</td></tr><tr><td>2X</td><td>50R</td></tr><tr><td>3X</td><td>52R</td></tr><tr><td>4X</td><td>54R</td></tr><tr><td>5X</td><td>56R</td></tr><tr><td>6X</td><td>58R</td></tr></tbody></table></div>",Tommy Hilfiger,Apparel & Accessories > Clothing,Suits,"PrimeStyleAI Demo, PrimeStyleAI Import, Suits, Tuxedos, male, tuxedo, formal, wool-blend, modern-fit, stretch, sustainable, tommy-hilfiger, 2-piece, satin-lapel",TRUE,Color,Formal Black,Size,42 Long,,,mw-tmw-3by1-10-formal-black-42-long,0,shopify,100,deny,manual,335.99,479.99,TRUE,TRUE,,,,,FALSE,Mens Tuxedo,"Suave, sustainable, and ready to steal the spotlight. Modern Fit means tailored without the squeeze.",Apparel & Accessories > Clothing,male,adult,,new,TRUE,PrimeStyleAI Demo,,,,,https://res.cloudinary.com/dgvtynla7/image/upload/v1776437487/demo/products/mw_tmw_3by1_10/0-TMW_3BY1_10_TOMMY_HILFIGER_2_PIECE_TUXEDO_FORMAL_BLACK_MAIN.jpg,lb,,,active
mw-tmw-3by1-10,Mens Tuxedo,"<p>Suave, sustainable, and ready to steal the spotlight. Modern Fit means tailored without the squeeze.</p>
<p><strong>Material:</strong> 52% Wool, 45% Recycled Polyester, 3% Spandex</p>
<p><strong>Available sizes:</strong> 36, 38, 39, 40, 41, 42, 43, 44, 46, 48, 50, 52, 54, 56, 58, 36 Short, 36 Regular, 38 Short, 38 Regular, 38 Long, 39 Short, 39 Regular, 39 Long, 40 Short, 40 Regular, 40 Long, 41 Short, 41 Regular, 41 Long, 42 Short, 42 Regular, 42 Long, 43 Regular, 43 Long, 44 Short, 44 Regular, 44 Long, 46 Regular, 46 Long, 48 Regular, 48 Long, 50 Regular, 50 Long, 52 Regular, 54 Regular, 56 Regular, 58 Regular</p>
<div class=""primestyle-size-guide""><h3>Size Chart</h3><p>Reference for Suits, 2-Piece Suits, Suit Separate Jackets, Suit Separate Vests, Tuxedos, 3-Piece Suits, Blazers, Dinner Jackets, and Sport Coats.</p><h4>Jacket Size</h4><table><thead><tr><th>Size</th><th>EU</th><th>Chest (in)</th><th>Chest (cm)</th></tr></thead><tbody><tr><td>34</td><td>44</td><td>34</td><td>86</td></tr><tr><td>36</td><td>46</td><td>36</td><td>91</td></tr><tr><td>38</td><td>48</td><td>38</td><td>97</td></tr><tr><td>40</td><td>50</td><td>40</td><td>102</td></tr><tr><td>42</td><td>52</td><td>42</td><td>107</td></tr><tr><td>44</td><td>54</td><td>44</td><td>112</td></tr><tr><td>46</td><td>56</td><td>46</td><td>117</td></tr><tr><td>48</td><td>58</td><td>48</td><td>122</td></tr><tr><td>50</td><td>60</td><td>50</td><td>127</td></tr><tr><td>52</td><td>62</td><td>52</td><td>132</td></tr><tr><td>54</td><td>64</td><td>54</td><td>137</td></tr><tr><td>56</td><td>66</td><td>56</td><td>142</td></tr><tr><td>58</td><td>68</td><td>58</td><td>147</td></tr><tr><td>60</td><td>70</td><td>60</td><td>152</td></tr></tbody></table><h4>Jacket Length</h4><table><thead><tr><th>Size</th><th>Height</th><th>Height (cm)</th></tr></thead><tbody><tr><td>Short</td><td>5&#39;6&quot;-5&#39;8&quot; tall</td><td>170-178</td></tr><tr><td>Regular</td><td>5&#39;8&quot;-6&#39;1&quot; tall</td><td>178-185</td></tr><tr><td>Long</td><td>6&#39;0&quot;-6&#39;3&quot; tall</td><td>183-193</td></tr><tr><td>X Tall</td><td>6&#39;4&quot;-6&#39;6&quot; tall</td><td>195.5-201</td></tr></tbody></table><h4>Suit Pants</h4><table><thead><tr><th>Size</th><th>Waist (in)</th><th>Waist (cm)</th></tr></thead><tbody><tr><td>30</td><td>30</td><td>76</td></tr><tr><td>31</td><td>31</td><td>79</td></tr><tr><td>32</td><td>32</td><td>81</td></tr><tr><td>33</td><td>33</td><td>84</td></tr><tr><td>34</td><td>34</td><td>86</td></tr><tr><td>35</td><td>35</td><td>89</td></tr><tr><td>36</td><td>36</td><td>91</td></tr><tr><td>38</td><td>38</td><td>97</td></tr><tr><td>40</td><td>40</td><td>102</td></tr><tr><td>42</td><td>42</td><td>107</td></tr><tr><td>44</td><td>44</td><td>112</td></tr><tr><td>46</td><td>46</td><td>117</td></tr><tr><td>48</td><td>48</td><td>122</td></tr><tr><td>50</td><td>50</td><td>127</td></tr><tr><td>52</td><td>52</td><td>132</td></tr><tr><td>54</td><td>54</td><td>137</td></tr></tbody></table><h4>Pant Length</h4><table><thead><tr><th>Inseam (in)</th></tr></thead><tbody><tr><td>29</td></tr><tr><td>30</td></tr><tr><td>32</td></tr><tr><td>34</td></tr></tbody></table><h4>Vest Size — Regular</h4><table><thead><tr><th>Size</th><th>Chest (in)</th></tr></thead><tbody><tr><td>XXS</td><td>34R</td></tr><tr><td>XS</td><td>36R</td></tr><tr><td>S</td><td>38R</td></tr><tr><td>M</td><td>40R</td></tr><tr><td>L</td><td>42R</td></tr><tr><td>XL</td><td>44R</td></tr><tr><td>XXL</td><td>46R</td></tr></tbody></table><h4>Vest Size — Big &amp; Tall</h4><table><thead><tr><th>Size</th><th>Chest (in)</th></tr></thead><tbody><tr><td>LT</td><td>46L</td></tr><tr><td>XLT</td><td>48L</td></tr><tr><td>2XLT</td><td>50L</td></tr><tr><td>3XLT</td><td>52L</td></tr><tr><td>4XLT</td><td>54L</td></tr><tr><td>5XLT</td><td>56L</td></tr><tr><td>6XLT</td><td>58L</td></tr></tbody></table><h4>Vest Size — Big</h4><table><thead><tr><th>Size</th><th>Chest (in)</th></tr></thead><tbody><tr><td>1X</td><td>48R</td></tr><tr><td>2X</td><td>50R</td></tr><tr><td>3X</td><td>52R</td></tr><tr><td>4X</td><td>54R</td></tr><tr><td>5X</td><td>56R</td></tr><tr><td>6X</td><td>58R</td></tr></tbody></table></div>",Tommy Hilfiger,Apparel & Accessories > Clothing,Suits,"PrimeStyleAI Demo, PrimeStyleAI Import, Suits, Tuxedos, male, tuxedo, formal, wool-blend, modern-fit, stretch, sustainable, tommy-hilfiger, 2-piece, satin-lapel",TRUE,Color,Formal Black,Size,43 Regular,,,mw-tmw-3by1-10-formal-black-43-regular,0,shopify,100,deny,manual,335.99,479.99,TRUE,TRUE,,,,,FALSE,Mens Tuxedo,"Suave, sustainable, and ready to steal the spotlight. Modern Fit means tailored without the squeeze.",Apparel & Accessories > Clothing,male,adult,,new,TRUE,PrimeStyleAI Demo,,,,,https://res.cloudinary.com/dgvtynla7/image/upload/v1776437487/demo/products/mw_tmw_3by1_10/0-TMW_3BY1_10_TOMMY_HILFIGER_2_PIECE_TUXEDO_FORMAL_BLACK_MAIN.jpg,lb,,,active
mw-tmw-3by1-10,Mens Tuxedo,"<p>Suave, sustainable, and ready to steal the spotlight. Modern Fit means tailored without the squeeze.</p>
<p><strong>Material:</strong> 52% Wool, 45% Recycled Polyester, 3% Spandex</p>
<p><strong>Available sizes:</strong> 36, 38, 39, 40, 41, 42, 43, 44, 46, 48, 50, 52, 54, 56, 58, 36 Short, 36 Regular, 38 Short, 38 Regular, 38 Long, 39 Short, 39 Regular, 39 Long, 40 Short, 40 Regular, 40 Long, 41 Short, 41 Regular, 41 Long, 42 Short, 42 Regular, 42 Long, 43 Regular, 43 Long, 44 Short, 44 Regular, 44 Long, 46 Regular, 46 Long, 48 Regular, 48 Long, 50 Regular, 50 Long, 52 Regular, 54 Regular, 56 Regular, 58 Regular</p>
<div class=""primestyle-size-guide""><h3>Size Chart</h3><p>Reference for Suits, 2-Piece Suits, Suit Separate Jackets, Suit Separate Vests, Tuxedos, 3-Piece Suits, Blazers, Dinner Jackets, and Sport Coats.</p><h4>Jacket Size</h4><table><thead><tr><th>Size</th><th>EU</th><th>Chest (in)</th><th>Chest (cm)</th></tr></thead><tbody><tr><td>34</td><td>44</td><td>34</td><td>86</td></tr><tr><td>36</td><td>46</td><td>36</td><td>91</td></tr><tr><td>38</td><td>48</td><td>38</td><td>97</td></tr><tr><td>40</td><td>50</td><td>40</td><td>102</td></tr><tr><td>42</td><td>52</td><td>42</td><td>107</td></tr><tr><td>44</td><td>54</td><td>44</td><td>112</td></tr><tr><td>46</td><td>56</td><td>46</td><td>117</td></tr><tr><td>48</td><td>58</td><td>48</td><td>122</td></tr><tr><td>50</td><td>60</td><td>50</td><td>127</td></tr><tr><td>52</td><td>62</td><td>52</td><td>132</td></tr><tr><td>54</td><td>64</td><td>54</td><td>137</td></tr><tr><td>56</td><td>66</td><td>56</td><td>142</td></tr><tr><td>58</td><td>68</td><td>58</td><td>147</td></tr><tr><td>60</td><td>70</td><td>60</td><td>152</td></tr></tbody></table><h4>Jacket Length</h4><table><thead><tr><th>Size</th><th>Height</th><th>Height (cm)</th></tr></thead><tbody><tr><td>Short</td><td>5&#39;6&quot;-5&#39;8&quot; tall</td><td>170-178</td></tr><tr><td>Regular</td><td>5&#39;8&quot;-6&#39;1&quot; tall</td><td>178-185</td></tr><tr><td>Long</td><td>6&#39;0&quot;-6&#39;3&quot; tall</td><td>183-193</td></tr><tr><td>X Tall</td><td>6&#39;4&quot;-6&#39;6&quot; tall</td><td>195.5-201</td></tr></tbody></table><h4>Suit Pants</h4><table><thead><tr><th>Size</th><th>Waist (in)</th><th>Waist (cm)</th></tr></thead><tbody><tr><td>30</td><td>30</td><td>76</td></tr><tr><td>31</td><td>31</td><td>79</td></tr><tr><td>32</td><td>32</td><td>81</td></tr><tr><td>33</td><td>33</td><td>84</td></tr><tr><td>34</td><td>34</td><td>86</td></tr><tr><td>35</td><td>35</td><td>89</td></tr><tr><td>36</td><td>36</td><td>91</td></tr><tr><td>38</td><td>38</td><td>97</td></tr><tr><td>40</td><td>40</td><td>102</td></tr><tr><td>42</td><td>42</td><td>107</td></tr><tr><td>44</td><td>44</td><td>112</td></tr><tr><td>46</td><td>46</td><td>117</td></tr><tr><td>48</td><td>48</td><td>122</td></tr><tr><td>50</td><td>50</td><td>127</td></tr><tr><td>52</td><td>52</td><td>132</td></tr><tr><td>54</td><td>54</td><td>137</td></tr></tbody></table><h4>Pant Length</h4><table><thead><tr><th>Inseam (in)</th></tr></thead><tbody><tr><td>29</td></tr><tr><td>30</td></tr><tr><td>32</td></tr><tr><td>34</td></tr></tbody></table><h4>Vest Size — Regular</h4><table><thead><tr><th>Size</th><th>Chest (in)</th></tr></thead><tbody><tr><td>XXS</td><td>34R</td></tr><tr><td>XS</td><td>36R</td></tr><tr><td>S</td><td>38R</td></tr><tr><td>M</td><td>40R</td></tr><tr><td>L</td><td>42R</td></tr><tr><td>XL</td><td>44R</td></tr><tr><td>XXL</td><td>46R</td></tr></tbody></table><h4>Vest Size — Big &amp; Tall</h4><table><thead><tr><th>Size</th><th>Chest (in)</th></tr></thead><tbody><tr><td>LT</td><td>46L</td></tr><tr><td>XLT</td><td>48L</td></tr><tr><td>2XLT</td><td>50L</td></tr><tr><td>3XLT</td><td>52L</td></tr><tr><td>4XLT</td><td>54L</td></tr><tr><td>5XLT</td><td>56L</td></tr><tr><td>6XLT</td><td>58L</td></tr></tbody></table><h4>Vest Size — Big</h4><table><thead><tr><th>Size</th><th>Chest (in)</th></tr></thead><tbody><tr><td>1X</td><td>48R</td></tr><tr><td>2X</td><td>50R</td></tr><tr><td>3X</td><td>52R</td></tr><tr><td>4X</td><td>54R</td></tr><tr><td>5X</td><td>56R</td></tr><tr><td>6X</td><td>58R</td></tr></tbody></table></div>",Tommy Hilfiger,Apparel & Accessories > Clothing,Suits,"PrimeStyleAI Demo, PrimeStyleAI Import, Suits, Tuxedos, male, tuxedo, formal, wool-blend, modern-fit, stretch, sustainable, tommy-hilfiger, 2-piece, satin-lapel",TRUE,Color,Formal Black,Size,43 Long,,,mw-tmw-3by1-10-formal-black-43-long,0,shopify,100,deny,manual,335.99,479.99,TRUE,TRUE,,,,,FALSE,Mens Tuxedo,"Suave, sustainable, and ready to steal the spotlight. Modern Fit means tailored without the squeeze.",Apparel & Accessories > Clothing,male,adult,,new,TRUE,PrimeStyleAI Demo,,,,,https://res.cloudinary.com/dgvtynla7/image/upload/v1776437487/demo/products/mw_tmw_3by1_10/0-TMW_3BY1_10_TOMMY_HILFIGER_2_PIECE_TUXEDO_FORMAL_BLACK_MAIN.jpg,lb,,,active
mw-tmw-3by1-10,Mens Tuxedo,"<p>Suave, sustainable, and ready to steal the spotlight. Modern Fit means tailored without the squeeze.</p>
<p><strong>Material:</strong> 52% Wool, 45% Recycled Polyester, 3% Spandex</p>
<p><strong>Available sizes:</strong> 36, 38, 39, 40, 41, 42, 43, 44, 46, 48, 50, 52, 54, 56, 58, 36 Short, 36 Regular, 38 Short, 38 Regular, 38 Long, 39 Short, 39 Regular, 39 Long, 40 Short, 40 Regular, 40 Long, 41 Short, 41 Regular, 41 Long, 42 Short, 42 Regular, 42 Long, 43 Regular, 43 Long, 44 Short, 44 Regular, 44 Long, 46 Regular, 46 Long, 48 Regular, 48 Long, 50 Regular, 50 Long, 52 Regular, 54 Regular, 56 Regular, 58 Regular</p>
<div class=""primestyle-size-guide""><h3>Size Chart</h3><p>Reference for Suits, 2-Piece Suits, Suit Separate Jackets, Suit Separate Vests, Tuxedos, 3-Piece Suits, Blazers, Dinner Jackets, and Sport Coats.</p><h4>Jacket Size</h4><table><thead><tr><th>Size</th><th>EU</th><th>Chest (in)</th><th>Chest (cm)</th></tr></thead><tbody><tr><td>34</td><td>44</td><td>34</td><td>86</td></tr><tr><td>36</td><td>46</td><td>36</td><td>91</td></tr><tr><td>38</td><td>48</td><td>38</td><td>97</td></tr><tr><td>40</td><td>50</td><td>40</td><td>102</td></tr><tr><td>42</td><td>52</td><td>42</td><td>107</td></tr><tr><td>44</td><td>54</td><td>44</td><td>112</td></tr><tr><td>46</td><td>56</td><td>46</td><td>117</td></tr><tr><td>48</td><td>58</td><td>48</td><td>122</td></tr><tr><td>50</td><td>60</td><td>50</td><td>127</td></tr><tr><td>52</td><td>62</td><td>52</td><td>132</td></tr><tr><td>54</td><td>64</td><td>54</td><td>137</td></tr><tr><td>56</td><td>66</td><td>56</td><td>142</td></tr><tr><td>58</td><td>68</td><td>58</td><td>147</td></tr><tr><td>60</td><td>70</td><td>60</td><td>152</td></tr></tbody></table><h4>Jacket Length</h4><table><thead><tr><th>Size</th><th>Height</th><th>Height (cm)</th></tr></thead><tbody><tr><td>Short</td><td>5&#39;6&quot;-5&#39;8&quot; tall</td><td>170-178</td></tr><tr><td>Regular</td><td>5&#39;8&quot;-6&#39;1&quot; tall</td><td>178-185</td></tr><tr><td>Long</td><td>6&#39;0&quot;-6&#39;3&quot; tall</td><td>183-193</td></tr><tr><td>X Tall</td><td>6&#39;4&quot;-6&#39;6&quot; tall</td><td>195.5-201</td></tr></tbody></table><h4>Suit Pants</h4><table><thead><tr><th>Size</th><th>Waist (in)</th><th>Waist (cm)</th></tr></thead><tbody><tr><td>30</td><td>30</td><td>76</td></tr><tr><td>31</td><td>31</td><td>79</td></tr><tr><td>32</td><td>32</td><td>81</td></tr><tr><td>33</td><td>33</td><td>84</td></tr><tr><td>34</td><td>34</td><td>86</td></tr><tr><td>35</td><td>35</td><td>89</td></tr><tr><td>36</td><td>36</td><td>91</td></tr><tr><td>38</td><td>38</td><td>97</td></tr><tr><td>40</td><td>40</td><td>102</td></tr><tr><td>42</td><td>42</td><td>107</td></tr><tr><td>44</td><td>44</td><td>112</td></tr><tr><td>46</td><td>46</td><td>117</td></tr><tr><td>48</td><td>48</td><td>122</td></tr><tr><td>50</td><td>50</td><td>127</td></tr><tr><td>52</td><td>52</td><td>132</td></tr><tr><td>54</td><td>54</td><td>137</td></tr></tbody></table><h4>Pant Length</h4><table><thead><tr><th>Inseam (in)</th></tr></thead><tbody><tr><td>29</td></tr><tr><td>30</td></tr><tr><td>32</td></tr><tr><td>34</td></tr></tbody></table><h4>Vest Size — Regular</h4><table><thead><tr><th>Size</th><th>Chest (in)</th></tr></thead><tbody><tr><td>XXS</td><td>34R</td></tr><tr><td>XS</td><td>36R</td></tr><tr><td>S</td><td>38R</td></tr><tr><td>M</td><td>40R</td></tr><tr><td>L</td><td>42R</td></tr><tr><td>XL</td><td>44R</td></tr><tr><td>XXL</td><td>46R</td></tr></tbody></table><h4>Vest Size — Big &amp; Tall</h4><table><thead><tr><th>Size</th><th>Chest (in)</th></tr></thead><tbody><tr><td>LT</td><td>46L</td></tr><tr><td>XLT</td><td>48L</td></tr><tr><td>2XLT</td><td>50L</td></tr><tr><td>3XLT</td><td>52L</td></tr><tr><td>4XLT</td><td>54L</td></tr><tr><td>5XLT</td><td>56L</td></tr><tr><td>6XLT</td><td>58L</td></tr></tbody></table><h4>Vest Size — Big</h4><table><thead><tr><th>Size</th><th>Chest (in)</th></tr></thead><tbody><tr><td>1X</td><td>48R</td></tr><tr><td>2X</td><td>50R</td></tr><tr><td>3X</td><td>52R</td></tr><tr><td>4X</td><td>54R</td></tr><tr><td>5X</td><td>56R</td></tr><tr><td>6X</td><td>58R</td></tr></tbody></table></div>",Tommy Hilfiger,Apparel & Accessories > Clothing,Suits,"PrimeStyleAI Demo, PrimeStyleAI Import, Suits, Tuxedos, male, tuxedo, formal, wool-blend, modern-fit, stretch, sustainable, tommy-hilfiger, 2-piece, satin-lapel",TRUE,Color,Formal Black,Size,44 Short,,,mw-tmw-3by1-10-formal-black-44-short,0,shopify,100,deny,manual,335.99,479.99,TRUE,TRUE,,,,,FALSE,Mens Tuxedo,"Suave, sustainable, and ready to steal the spotlight. Modern Fit means tailored without the squeeze.",Apparel & Accessories > Clothing,male,adult,,new,TRUE,PrimeStyleAI Demo,,,,,https://res.cloudinary.com/dgvtynla7/image/upload/v1776437487/demo/products/mw_tmw_3by1_10/0-TMW_3BY1_10_TOMMY_HILFIGER_2_PIECE_TUXEDO_FORMAL_BLACK_MAIN.jpg,lb,,,active
mw-tmw-3by1-10,Mens Tuxedo,"<p>Suave, sustainable, and ready to steal the spotlight. Modern Fit means tailored without the squeeze.</p>
<p><strong>Material:</strong> 52% Wool, 45% Recycled Polyester, 3% Spandex</p>
<p><strong>Available sizes:</strong> 36, 38, 39, 40, 41, 42, 43, 44, 46, 48, 50, 52, 54, 56, 58, 36 Short, 36 Regular, 38 Short, 38 Regular, 38 Long, 39 Short, 39 Regular, 39 Long, 40 Short, 40 Regular, 40 Long, 41 Short, 41 Regular, 41 Long, 42 Short, 42 Regular, 42 Long, 43 Regular, 43 Long, 44 Short, 44 Regular, 44 Long, 46 Regular, 46 Long, 48 Regular, 48 Long, 50 Regular, 50 Long, 52 Regular, 54 Regular, 56 Regular, 58 Regular</p>
<div class=""primestyle-size-guide""><h3>Size Chart</h3><p>Reference for Suits, 2-Piece Suits, Suit Separate Jackets, Suit Separate Vests, Tuxedos, 3-Piece Suits, Blazers, Dinner Jackets, and Sport Coats.</p><h4>Jacket Size</h4><table><thead><tr><th>Size</th><th>EU</th><th>Chest (in)</th><th>Chest (cm)</th></tr></thead><tbody><tr><td>34</td><td>44</td><td>34</td><td>86</td></tr><tr><td>36</td><td>46</td><td>36</td><td>91</td></tr><tr><td>38</td><td>48</td><td>38</td><td>97</td></tr><tr><td>40</td><td>50</td><td>40</td><td>102</td></tr><tr><td>42</td><td>52</td><td>42</td><td>107</td></tr><tr><td>44</td><td>54</td><td>44</td><td>112</td></tr><tr><td>46</td><td>56</td><td>46</td><td>117</td></tr><tr><td>48</td><td>58</td><td>48</td><td>122</td></tr><tr><td>50</td><td>60</td><td>50</td><td>127</td></tr><tr><td>52</td><td>62</td><td>52</td><td>132</td></tr><tr><td>54</td><td>64</td><td>54</td><td>137</td></tr><tr><td>56</td><td>66</td><td>56</td><td>142</td></tr><tr><td>58</td><td>68</td><td>58</td><td>147</td></tr><tr><td>60</td><td>70</td><td>60</td><td>152</td></tr></tbody></table><h4>Jacket Length</h4><table><thead><tr><th>Size</th><th>Height</th><th>Height (cm)</th></tr></thead><tbody><tr><td>Short</td><td>5&#39;6&quot;-5&#39;8&quot; tall</td><td>170-178</td></tr><tr><td>Regular</td><td>5&#39;8&quot;-6&#39;1&quot; tall</td><td>178-185</td></tr><tr><td>Long</td><td>6&#39;0&quot;-6&#39;3&quot; tall</td><td>183-193</td></tr><tr><td>X Tall</td><td>6&#39;4&quot;-6&#39;6&quot; tall</td><td>195.5-201</td></tr></tbody></table><h4>Suit Pants</h4><table><thead><tr><th>Size</th><th>Waist (in)</th><th>Waist (cm)</th></tr></thead><tbody><tr><td>30</td><td>30</td><td>76</td></tr><tr><td>31</td><td>31</td><td>79</td></tr><tr><td>32</td><td>32</td><td>81</td></tr><tr><td>33</td><td>33</td><td>84</td></tr><tr><td>34</td><td>34</td><td>86</td></tr><tr><td>35</td><td>35</td><td>89</td></tr><tr><td>36</td><td>36</td><td>91</td></tr><tr><td>38</td><td>38</td><td>97</td></tr><tr><td>40</td><td>40</td><td>102</td></tr><tr><td>42</td><td>42</td><td>107</td></tr><tr><td>44</td><td>44</td><td>112</td></tr><tr><td>46</td><td>46</td><td>117</td></tr><tr><td>48</td><td>48</td><td>122</td></tr><tr><td>50</td><td>50</td><td>127</td></tr><tr><td>52</td><td>52</td><td>132</td></tr><tr><td>54</td><td>54</td><td>137</td></tr></tbody></table><h4>Pant Length</h4><table><thead><tr><th>Inseam (in)</th></tr></thead><tbody><tr><td>29</td></tr><tr><td>30</td></tr><tr><td>32</td></tr><tr><td>34</td></tr></tbody></table><h4>Vest Size — Regular</h4><table><thead><tr><th>Size</th><th>Chest (in)</th></tr></thead><tbody><tr><td>XXS</td><td>34R</td></tr><tr><td>XS</td><td>36R</td></tr><tr><td>S</td><td>38R</td></tr><tr><td>M</td><td>40R</td></tr><tr><td>L</td><td>42R</td></tr><tr><td>XL</td><td>44R</td></tr><tr><td>XXL</td><td>46R</td></tr></tbody></table><h4>Vest Size — Big &amp; Tall</h4><table><thead><tr><th>Size</th><th>Chest (in)</th></tr></thead><tbody><tr><td>LT</td><td>46L</td></tr><tr><td>XLT</td><td>48L</td></tr><tr><td>2XLT</td><td>50L</td></tr><tr><td>3XLT</td><td>52L</td></tr><tr><td>4XLT</td><td>54L</td></tr><tr><td>5XLT</td><td>56L</td></tr><tr><td>6XLT</td><td>58L</td></tr></tbody></table><h4>Vest Size — Big</h4><table><thead><tr><th>Size</th><th>Chest (in)</th></tr></thead><tbody><tr><td>1X</td><td>48R</td></tr><tr><td>2X</td><td>50R</td></tr><tr><td>3X</td><td>52R</td></tr><tr><td>4X</td><td>54R</td></tr><tr><td>5X</td><td>56R</td></tr><tr><td>6X</td><td>58R</td></tr></tbody></table></div>",Tommy Hilfiger,Apparel & Accessories > Clothing,Suits,"PrimeStyleAI Demo, PrimeStyleAI Import, Suits, Tuxedos, male, tuxedo, formal, wool-blend, modern-fit, stretch, sustainable, tommy-hilfiger, 2-piece, satin-lapel",TRUE,Color,Formal Black,Size,44 Regular,,,mw-tmw-3by1-10-formal-black-44-regular,0,shopify,100,deny,manual,335.99,479.99,TRUE,TRUE,,,,,FALSE,Mens Tuxedo,"Suave, sustainable, and ready to steal the spotlight. Modern Fit means tailored without the squeeze.",Apparel & Accessories > Clothing,male,adult,,new,TRUE,PrimeStyleAI Demo,,,,,https://res.cloudinary.com/dgvtynla7/image/upload/v1776437487/demo/products/mw_tmw_3by1_10/0-TMW_3BY1_10_TOMMY_HILFIGER_2_PIECE_TUXEDO_FORMAL_BLACK_MAIN.jpg,lb,,,active
mw-tmw-3by1-10,Mens Tuxedo,"<p>Suave, sustainable, and ready to steal the spotlight. Modern Fit means tailored without the squeeze.</p>
<p><strong>Material:</strong> 52% Wool, 45% Recycled Polyester, 3% Spandex</p>
<p><strong>Available sizes:</strong> 36, 38, 39, 40, 41, 42, 43, 44, 46, 48, 50, 52, 54, 56, 58, 36 Short, 36 Regular, 38 Short, 38 Regular, 38 Long, 39 Short, 39 Regular, 39 Long, 40 Short, 40 Regular, 40 Long, 41 Short, 41 Regular, 41 Long, 42 Short, 42 Regular, 42 Long, 43 Regular, 43 Long, 44 Short, 44 Regular, 44 Long, 46 Regular, 46 Long, 48 Regular, 48 Long, 50 Regular, 50 Long, 52 Regular, 54 Regular, 56 Regular, 58 Regular</p>
<div class=""primestyle-size-guide""><h3>Size Chart</h3><p>Reference for Suits, 2-Piece Suits, Suit Separate Jackets, Suit Separate Vests, Tuxedos, 3-Piece Suits, Blazers, Dinner Jackets, and Sport Coats.</p><h4>Jacket Size</h4><table><thead><tr><th>Size</th><th>EU</th><th>Chest (in)</th><th>Chest (cm)</th></tr></thead><tbody><tr><td>34</td><td>44</td><td>34</td><td>86</td></tr><tr><td>36</td><td>46</td><td>36</td><td>91</td></tr><tr><td>38</td><td>48</td><td>38</td><td>97</td></tr><tr><td>40</td><td>50</td><td>40</td><td>102</td></tr><tr><td>42</td><td>52</td><td>42</td><td>107</td></tr><tr><td>44</td><td>54</td><td>44</td><td>112</td></tr><tr><td>46</td><td>56</td><td>46</td><td>117</td></tr><tr><td>48</td><td>58</td><td>48</td><td>122</td></tr><tr><td>50</td><td>60</td><td>50</td><td>127</td></tr><tr><td>52</td><td>62</td><td>52</td><td>132</td></tr><tr><td>54</td><td>64</td><td>54</td><td>137</td></tr><tr><td>56</td><td>66</td><td>56</td><td>142</td></tr><tr><td>58</td><td>68</td><td>58</td><td>147</td></tr><tr><td>60</td><td>70</td><td>60</td><td>152</td></tr></tbody></table><h4>Jacket Length</h4><table><thead><tr><th>Size</th><th>Height</th><th>Height (cm)</th></tr></thead><tbody><tr><td>Short</td><td>5&#39;6&quot;-5&#39;8&quot; tall</td><td>170-178</td></tr><tr><td>Regular</td><td>5&#39;8&quot;-6&#39;1&quot; tall</td><td>178-185</td></tr><tr><td>Long</td><td>6&#39;0&quot;-6&#39;3&quot; tall</td><td>183-193</td></tr><tr><td>X Tall</td><td>6&#39;4&quot;-6&#39;6&quot; tall</td><td>195.5-201</td></tr></tbody></table><h4>Suit Pants</h4><table><thead><tr><th>Size</th><th>Waist (in)</th><th>Waist (cm)</th></tr></thead><tbody><tr><td>30</td><td>30</td><td>76</td></tr><tr><td>31</td><td>31</td><td>79</td></tr><tr><td>32</td><td>32</td><td>81</td></tr><tr><td>33</td><td>33</td><td>84</td></tr><tr><td>34</td><td>34</td><td>86</td></tr><tr><td>35</td><td>35</td><td>89</td></tr><tr><td>36</td><td>36</td><td>91</td></tr><tr><td>38</td><td>38</td><td>97</td></tr><tr><td>40</td><td>40</td><td>102</td></tr><tr><td>42</td><td>42</td><td>107</td></tr><tr><td>44</td><td>44</td><td>112</td></tr><tr><td>46</td><td>46</td><td>117</td></tr><tr><td>48</td><td>48</td><td>122</td></tr><tr><td>50</td><td>50</td><td>127</td></tr><tr><td>52</td><td>52</td><td>132</td></tr><tr><td>54</td><td>54</td><td>137</td></tr></tbody></table><h4>Pant Length</h4><table><thead><tr><th>Inseam (in)</th></tr></thead><tbody><tr><td>29</td></tr><tr><td>30</td></tr><tr><td>32</td></tr><tr><td>34</td></tr></tbody></table><h4>Vest Size — Regular</h4><table><thead><tr><th>Size</th><th>Chest (in)</th></tr></thead><tbody><tr><td>XXS</td><td>34R</td></tr><tr><td>XS</td><td>36R</td></tr><tr><td>S</td><td>38R</td></tr><tr><td>M</td><td>40R</td></tr><tr><td>L</td><td>42R</td></tr><tr><td>XL</td><td>44R</td></tr><tr><td>XXL</td><td>46R</td></tr></tbody></table><h4>Vest Size — Big &amp; Tall</h4><table><thead><tr><th>Size</th><th>Chest (in)</th></tr></thead><tbody><tr><td>LT</td><td>46L</td></tr><tr><td>XLT</td><td>48L</td></tr><tr><td>2XLT</td><td>50L</td></tr><tr><td>3XLT</td><td>52L</td></tr><tr><td>4XLT</td><td>54L</td></tr><tr><td>5XLT</td><td>56L</td></tr><tr><td>6XLT</td><td>58L</td></tr></tbody></table><h4>Vest Size — Big</h4><table><thead><tr><th>Size</th><th>Chest (in)</th></tr></thead><tbody><tr><td>1X</td><td>48R</td></tr><tr><td>2X</td><td>50R</td></tr><tr><td>3X</td><td>52R</td></tr><tr><td>4X</td><td>54R</td></tr><tr><td>5X</td><td>56R</td></tr><tr><td>6X</td><td>58R</td></tr></tbody></table></div>",Tommy Hilfiger,Apparel & Accessories > Clothing,Suits,"PrimeStyleAI Demo, PrimeStyleAI Import, Suits, Tuxedos, male, tuxedo, formal, wool-blend, modern-fit, stretch, sustainable, tommy-hilfiger, 2-piece, satin-lapel",TRUE,Color,Formal Black,Size,44 Long,,,mw-tmw-3by1-10-formal-black-44-long,0,shopify,100,deny,manual,335.99,479.99,TRUE,TRUE,,,,,FALSE,Mens Tuxedo,"Suave, sustainable, and ready to steal the spotlight. Modern Fit means tailored without the squeeze.",Apparel & Accessories > Clothing,male,adult,,new,TRUE,PrimeStyleAI Demo,,,,,https://res.cloudinary.com/dgvtynla7/image/upload/v1776437487/demo/products/mw_tmw_3by1_10/0-TMW_3BY1_10_TOMMY_HILFIGER_2_PIECE_TUXEDO_FORMAL_BLACK_MAIN.jpg,lb,,,active
mw-tmw-3by1-10,Mens Tuxedo,"<p>Suave, sustainable, and ready to steal the spotlight. Modern Fit means tailored without the squeeze.</p>
<p><strong>Material:</strong> 52% Wool, 45% Recycled Polyester, 3% Spandex</p>
<p><strong>Available sizes:</strong> 36, 38, 39, 40, 41, 42, 43, 44, 46, 48, 50, 52, 54, 56, 58, 36 Short, 36 Regular, 38 Short, 38 Regular, 38 Long, 39 Short, 39 Regular, 39 Long, 40 Short, 40 Regular, 40 Long, 41 Short, 41 Regular, 41 Long, 42 Short, 42 Regular, 42 Long, 43 Regular, 43 Long, 44 Short, 44 Regular, 44 Long, 46 Regular, 46 Long, 48 Regular, 48 Long, 50 Regular, 50 Long, 52 Regular, 54 Regular, 56 Regular, 58 Regular</p>
<div class=""primestyle-size-guide""><h3>Size Chart</h3><p>Reference for Suits, 2-Piece Suits, Suit Separate Jackets, Suit Separate Vests, Tuxedos, 3-Piece Suits, Blazers, Dinner Jackets, and Sport Coats.</p><h4>Jacket Size</h4><table><thead><tr><th>Size</th><th>EU</th><th>Chest (in)</th><th>Chest (cm)</th></tr></thead><tbody><tr><td>34</td><td>44</td><td>34</td><td>86</td></tr><tr><td>36</td><td>46</td><td>36</td><td>91</td></tr><tr><td>38</td><td>48</td><td>38</td><td>97</td></tr><tr><td>40</td><td>50</td><td>40</td><td>102</td></tr><tr><td>42</td><td>52</td><td>42</td><td>107</td></tr><tr><td>44</td><td>54</td><td>44</td><td>112</td></tr><tr><td>46</td><td>56</td><td>46</td><td>117</td></tr><tr><td>48</td><td>58</td><td>48</td><td>122</td></tr><tr><td>50</td><td>60</td><td>50</td><td>127</td></tr><tr><td>52</td><td>62</td><td>52</td><td>132</td></tr><tr><td>54</td><td>64</td><td>54</td><td>137</td></tr><tr><td>56</td><td>66</td><td>56</td><td>142</td></tr><tr><td>58</td><td>68</td><td>58</td><td>147</td></tr><tr><td>60</td><td>70</td><td>60</td><td>152</td></tr></tbody></table><h4>Jacket Length</h4><table><thead><tr><th>Size</th><th>Height</th><th>Height (cm)</th></tr></thead><tbody><tr><td>Short</td><td>5&#39;6&quot;-5&#39;8&quot; tall</td><td>170-178</td></tr><tr><td>Regular</td><td>5&#39;8&quot;-6&#39;1&quot; tall</td><td>178-185</td></tr><tr><td>Long</td><td>6&#39;0&quot;-6&#39;3&quot; tall</td><td>183-193</td></tr><tr><td>X Tall</td><td>6&#39;4&quot;-6&#39;6&quot; tall</td><td>195.5-201</td></tr></tbody></table><h4>Suit Pants</h4><table><thead><tr><th>Size</th><th>Waist (in)</th><th>Waist (cm)</th></tr></thead><tbody><tr><td>30</td><td>30</td><td>76</td></tr><tr><td>31</td><td>31</td><td>79</td></tr><tr><td>32</td><td>32</td><td>81</td></tr><tr><td>33</td><td>33</td><td>84</td></tr><tr><td>34</td><td>34</td><td>86</td></tr><tr><td>35</td><td>35</td><td>89</td></tr><tr><td>36</td><td>36</td><td>91</td></tr><tr><td>38</td><td>38</td><td>97</td></tr><tr><td>40</td><td>40</td><td>102</td></tr><tr><td>42</td><td>42</td><td>107</td></tr><tr><td>44</td><td>44</td><td>112</td></tr><tr><td>46</td><td>46</td><td>117</td></tr><tr><td>48</td><td>48</td><td>122</td></tr><tr><td>50</td><td>50</td><td>127</td></tr><tr><td>52</td><td>52</td><td>132</td></tr><tr><td>54</td><td>54</td><td>137</td></tr></tbody></table><h4>Pant Length</h4><table><thead><tr><th>Inseam (in)</th></tr></thead><tbody><tr><td>29</td></tr><tr><td>30</td></tr><tr><td>32</td></tr><tr><td>34</td></tr></tbody></table><h4>Vest Size — Regular</h4><table><thead><tr><th>Size</th><th>Chest (in)</th></tr></thead><tbody><tr><td>XXS</td><td>34R</td></tr><tr><td>XS</td><td>36R</td></tr><tr><td>S</td><td>38R</td></tr><tr><td>M</td><td>40R</td></tr><tr><td>L</td><td>42R</td></tr><tr><td>XL</td><td>44R</td></tr><tr><td>XXL</td><td>46R</td></tr></tbody></table><h4>Vest Size — Big &amp; Tall</h4><table><thead><tr><th>Size</th><th>Chest (in)</th></tr></thead><tbody><tr><td>LT</td><td>46L</td></tr><tr><td>XLT</td><td>48L</td></tr><tr><td>2XLT</td><td>50L</td></tr><tr><td>3XLT</td><td>52L</td></tr><tr><td>4XLT</td><td>54L</td></tr><tr><td>5XLT</td><td>56L</td></tr><tr><td>6XLT</td><td>58L</td></tr></tbody></table><h4>Vest Size — Big</h4><table><thead><tr><th>Size</th><th>Chest (in)</th></tr></thead><tbody><tr><td>1X</td><td>48R</td></tr><tr><td>2X</td><td>50R</td></tr><tr><td>3X</td><td>52R</td></tr><tr><td>4X</td><td>54R</td></tr><tr><td>5X</td><td>56R</td></tr><tr><td>6X</td><td>58R</td></tr></tbody></table></div>",Tommy Hilfiger,Apparel & Accessories > Clothing,Suits,"PrimeStyleAI Demo, PrimeStyleAI Import, Suits, Tuxedos, male, tuxedo, formal, wool-blend, modern-fit, stretch, sustainable, tommy-hilfiger, 2-piece, satin-lapel",TRUE,Color,Formal Black,Size,46 Regular,,,mw-tmw-3by1-10-formal-black-46-regular,0,shopify,100,deny,manual,335.99,479.99,TRUE,TRUE,,,,,FALSE,Mens Tuxedo,"Suave, sustainable, and ready to steal the spotlight. Modern Fit means tailored without the squeeze.",Apparel & Accessories > Clothing,male,adult,,new,TRUE,PrimeStyleAI Demo,,,,,https://res.cloudinary.com/dgvtynla7/image/upload/v1776437487/demo/products/mw_tmw_3by1_10/0-TMW_3BY1_10_TOMMY_HILFIGER_2_PIECE_TUXEDO_FORMAL_BLACK_MAIN.jpg,lb,,,active
mw-tmw-3by1-10,Mens Tuxedo,"<p>Suave, sustainable, and ready to steal the spotlight. Modern Fit means tailored without the squeeze.</p>
<p><strong>Material:</strong> 52% Wool, 45% Recycled Polyester, 3% Spandex</p>
<p><strong>Available sizes:</strong> 36, 38, 39, 40, 41, 42, 43, 44, 46, 48, 50, 52, 54, 56, 58, 36 Short, 36 Regular, 38 Short, 38 Regular, 38 Long, 39 Short, 39 Regular, 39 Long, 40 Short, 40 Regular, 40 Long, 41 Short, 41 Regular, 41 Long, 42 Short, 42 Regular, 42 Long, 43 Regular, 43 Long, 44 Short, 44 Regular, 44 Long, 46 Regular, 46 Long, 48 Regular, 48 Long, 50 Regular, 50 Long, 52 Regular, 54 Regular, 56 Regular, 58 Regular</p>
<div class=""primestyle-size-guide""><h3>Size Chart</h3><p>Reference for Suits, 2-Piece Suits, Suit Separate Jackets, Suit Separate Vests, Tuxedos, 3-Piece Suits, Blazers, Dinner Jackets, and Sport Coats.</p><h4>Jacket Size</h4><table><thead><tr><th>Size</th><th>EU</th><th>Chest (in)</th><th>Chest (cm)</th></tr></thead><tbody><tr><td>34</td><td>44</td><td>34</td><td>86</td></tr><tr><td>36</td><td>46</td><td>36</td><td>91</td></tr><tr><td>38</td><td>48</td><td>38</td><td>97</td></tr><tr><td>40</td><td>50</td><td>40</td><td>102</td></tr><tr><td>42</td><td>52</td><td>42</td><td>107</td></tr><tr><td>44</td><td>54</td><td>44</td><td>112</td></tr><tr><td>46</td><td>56</td><td>46</td><td>117</td></tr><tr><td>48</td><td>58</td><td>48</td><td>122</td></tr><tr><td>50</td><td>60</td><td>50</td><td>127</td></tr><tr><td>52</td><td>62</td><td>52</td><td>132</td></tr><tr><td>54</td><td>64</td><td>54</td><td>137</td></tr><tr><td>56</td><td>66</td><td>56</td><td>142</td></tr><tr><td>58</td><td>68</td><td>58</td><td>147</td></tr><tr><td>60</td><td>70</td><td>60</td><td>152</td></tr></tbody></table><h4>Jacket Length</h4><table><thead><tr><th>Size</th><th>Height</th><th>Height (cm)</th></tr></thead><tbody><tr><td>Short</td><td>5&#39;6&quot;-5&#39;8&quot; tall</td><td>170-178</td></tr><tr><td>Regular</td><td>5&#39;8&quot;-6&#39;1&quot; tall</td><td>178-185</td></tr><tr><td>Long</td><td>6&#39;0&quot;-6&#39;3&quot; tall</td><td>183-193</td></tr><tr><td>X Tall</td><td>6&#39;4&quot;-6&#39;6&quot; tall</td><td>195.5-201</td></tr></tbody></table><h4>Suit Pants</h4><table><thead><tr><th>Size</th><th>Waist (in)</th><th>Waist (cm)</th></tr></thead><tbody><tr><td>30</td><td>30</td><td>76</td></tr><tr><td>31</td><td>31</td><td>79</td></tr><tr><td>32</td><td>32</td><td>81</td></tr><tr><td>33</td><td>33</td><td>84</td></tr><tr><td>34</td><td>34</td><td>86</td></tr><tr><td>35</td><td>35</td><td>89</td></tr><tr><td>36</td><td>36</td><td>91</td></tr><tr><td>38</td><td>38</td><td>97</td></tr><tr><td>40</td><td>40</td><td>102</td></tr><tr><td>42</td><td>42</td><td>107</td></tr><tr><td>44</td><td>44</td><td>112</td></tr><tr><td>46</td><td>46</td><td>117</td></tr><tr><td>48</td><td>48</td><td>122</td></tr><tr><td>50</td><td>50</td><td>127</td></tr><tr><td>52</td><td>52</td><td>132</td></tr><tr><td>54</td><td>54</td><td>137</td></tr></tbody></table><h4>Pant Length</h4><table><thead><tr><th>Inseam (in)</th></tr></thead><tbody><tr><td>29</td></tr><tr><td>30</td></tr><tr><td>32</td></tr><tr><td>34</td></tr></tbody></table><h4>Vest Size — Regular</h4><table><thead><tr><th>Size</th><th>Chest (in)</th></tr></thead><tbody><tr><td>XXS</td><td>34R</td></tr><tr><td>XS</td><td>36R</td></tr><tr><td>S</td><td>38R</td></tr><tr><td>M</td><td>40R</td></tr><tr><td>L</td><td>42R</td></tr><tr><td>XL</td><td>44R</td></tr><tr><td>XXL</td><td>46R</td></tr></tbody></table><h4>Vest Size — Big &amp; Tall</h4><table><thead><tr><th>Size</th><th>Chest (in)</th></tr></thead><tbody><tr><td>LT</td><td>46L</td></tr><tr><td>XLT</td><td>48L</td></tr><tr><td>2XLT</td><td>50L</td></tr><tr><td>3XLT</td><td>52L</td></tr><tr><td>4XLT</td><td>54L</td></tr><tr><td>5XLT</td><td>56L</td></tr><tr><td>6XLT</td><td>58L</td></tr></tbody></table><h4>Vest Size — Big</h4><table><thead><tr><th>Size</th><th>Chest (in)</th></tr></thead><tbody><tr><td>1X</td><td>48R</td></tr><tr><td>2X</td><td>50R</td></tr><tr><td>3X</td><td>52R</td></tr><tr><td>4X</td><td>54R</td></tr><tr><td>5X</td><td>56R</td></tr><tr><td>6X</td><td>58R</td></tr></tbody></table></div>",Tommy Hilfiger,Apparel & Accessories > Clothing,Suits,"PrimeStyleAI Demo, PrimeStyleAI Import, Suits, Tuxedos, male, tuxedo, formal, wool-blend, modern-fit, stretch, sustainable, tommy-hilfiger, 2-piece, satin-lapel",TRUE,Color,Formal Black,Size,46 Long,,,mw-tmw-3by1-10-formal-black-46-long,0,shopify,100,deny,manual,335.99,479.99,TRUE,TRUE,,,,,FALSE,Mens Tuxedo,"Suave, sustainable, and ready to steal the spotlight. Modern Fit means tailored without the squeeze.",Apparel & Accessories > Clothing,male,adult,,new,TRUE,PrimeStyleAI Demo,,,,,https://res.cloudinary.com/dgvtynla7/image/upload/v1776437487/demo/products/mw_tmw_3by1_10/0-TMW_3BY1_10_TOMMY_HILFIGER_2_PIECE_TUXEDO_FORMAL_BLACK_MAIN.jpg,lb,,,active
mw-tmw-3by1-10,Mens Tuxedo,"<p>Suave, sustainable, and ready to steal the spotlight. Modern Fit means tailored without the squeeze.</p>
<p><strong>Material:</strong> 52% Wool, 45% Recycled Polyester, 3% Spandex</p>
<p><strong>Available sizes:</strong> 36, 38, 39, 40, 41, 42, 43, 44, 46, 48, 50, 52, 54, 56, 58, 36 Short, 36 Regular, 38 Short, 38 Regular, 38 Long, 39 Short, 39 Regular, 39 Long, 40 Short, 40 Regular, 40 Long, 41 Short, 41 Regular, 41 Long, 42 Short, 42 Regular, 42 Long, 43 Regular, 43 Long, 44 Short, 44 Regular, 44 Long, 46 Regular, 46 Long, 48 Regular, 48 Long, 50 Regular, 50 Long, 52 Regular, 54 Regular, 56 Regular, 58 Regular</p>
<div class=""primestyle-size-guide""><h3>Size Chart</h3><p>Reference for Suits, 2-Piece Suits, Suit Separate Jackets, Suit Separate Vests, Tuxedos, 3-Piece Suits, Blazers, Dinner Jackets, and Sport Coats.</p><h4>Jacket Size</h4><table><thead><tr><th>Size</th><th>EU</th><th>Chest (in)</th><th>Chest (cm)</th></tr></thead><tbody><tr><td>34</td><td>44</td><td>34</td><td>86</td></tr><tr><td>36</td><td>46</td><td>36</td><td>91</td></tr><tr><td>38</td><td>48</td><td>38</td><td>97</td></tr><tr><td>40</td><td>50</td><td>40</td><td>102</td></tr><tr><td>42</td><td>52</td><td>42</td><td>107</td></tr><tr><td>44</td><td>54</td><td>44</td><td>112</td></tr><tr><td>46</td><td>56</td><td>46</td><td>117</td></tr><tr><td>48</td><td>58</td><td>48</td><td>122</td></tr><tr><td>50</td><td>60</td><td>50</td><td>127</td></tr><tr><td>52</td><td>62</td><td>52</td><td>132</td></tr><tr><td>54</td><td>64</td><td>54</td><td>137</td></tr><tr><td>56</td><td>66</td><td>56</td><td>142</td></tr><tr><td>58</td><td>68</td><td>58</td><td>147</td></tr><tr><td>60</td><td>70</td><td>60</td><td>152</td></tr></tbody></table><h4>Jacket Length</h4><table><thead><tr><th>Size</th><th>Height</th><th>Height (cm)</th></tr></thead><tbody><tr><td>Short</td><td>5&#39;6&quot;-5&#39;8&quot; tall</td><td>170-178</td></tr><tr><td>Regular</td><td>5&#39;8&quot;-6&#39;1&quot; tall</td><td>178-185</td></tr><tr><td>Long</td><td>6&#39;0&quot;-6&#39;3&quot; tall</td><td>183-193</td></tr><tr><td>X Tall</td><td>6&#39;4&quot;-6&#39;6&quot; tall</td><td>195.5-201</td></tr></tbody></table><h4>Suit Pants</h4><table><thead><tr><th>Size</th><th>Waist (in)</th><th>Waist (cm)</th></tr></thead><tbody><tr><td>30</td><td>30</td><td>76</td></tr><tr><td>31</td><td>31</td><td>79</td></tr><tr><td>32</td><td>32</td><td>81</td></tr><tr><td>33</td><td>33</td><td>84</td></tr><tr><td>34</td><td>34</td><td>86</td></tr><tr><td>35</td><td>35</td><td>89</td></tr><tr><td>36</td><td>36</td><td>91</td></tr><tr><td>38</td><td>38</td><td>97</td></tr><tr><td>40</td><td>40</td><td>102</td></tr><tr><td>42</td><td>42</td><td>107</td></tr><tr><td>44</td><td>44</td><td>112</td></tr><tr><td>46</td><td>46</td><td>117</td></tr><tr><td>48</td><td>48</td><td>122</td></tr><tr><td>50</td><td>50</td><td>127</td></tr><tr><td>52</td><td>52</td><td>132</td></tr><tr><td>54</td><td>54</td><td>137</td></tr></tbody></table><h4>Pant Length</h4><table><thead><tr><th>Inseam (in)</th></tr></thead><tbody><tr><td>29</td></tr><tr><td>30</td></tr><tr><td>32</td></tr><tr><td>34</td></tr></tbody></table><h4>Vest Size — Regular</h4><table><thead><tr><th>Size</th><th>Chest (in)</th></tr></thead><tbody><tr><td>XXS</td><td>34R</td></tr><tr><td>XS</td><td>36R</td></tr><tr><td>S</td><td>38R</td></tr><tr><td>M</td><td>40R</td></tr><tr><td>L</td><td>42R</td></tr><tr><td>XL</td><td>44R</td></tr><tr><td>XXL</td><td>46R</td></tr></tbody></table><h4>Vest Size — Big &amp; Tall</h4><table><thead><tr><th>Size</th><th>Chest (in)</th></tr></thead><tbody><tr><td>LT</td><td>46L</td></tr><tr><td>XLT</td><td>48L</td></tr><tr><td>2XLT</td><td>50L</td></tr><tr><td>3XLT</td><td>52L</td></tr><tr><td>4XLT</td><td>54L</td></tr><tr><td>5XLT</td><td>56L</td></tr><tr><td>6XLT</td><td>58L</td></tr></tbody></table><h4>Vest Size — Big</h4><table><thead><tr><th>Size</th><th>Chest (in)</th></tr></thead><tbody><tr><td>1X</td><td>48R</td></tr><tr><td>2X</td><td>50R</td></tr><tr><td>3X</td><td>52R</td></tr><tr><td>4X</td><td>54R</td></tr><tr><td>5X</td><td>56R</td></tr><tr><td>6X</td><td>58R</td></tr></tbody></table></div>",Tommy Hilfiger,Apparel & Accessories > Clothing,Suits,"PrimeStyleAI Demo, PrimeStyleAI Import, Suits, Tuxedos, male, tuxedo, formal, wool-blend, modern-fit, stretch, sustainable, tommy-hilfiger, 2-piece, satin-lapel",TRUE,Color,Formal Black,Size,48 Regular,,,mw-tmw-3by1-10-formal-black-48-regular,0,shopify,100,deny,manual,335.99,479.99,TRUE,TRUE,,,,,FALSE,Mens Tuxedo,"Suave, sustainable, and ready to steal the spotlight. Modern Fit means tailored without the squeeze.",Apparel & Accessories > Clothing,male,adult,,new,TRUE,PrimeStyleAI Demo,,,,,https://res.cloudinary.com/dgvtynla7/image/upload/v1776437487/demo/products/mw_tmw_3by1_10/0-TMW_3BY1_10_TOMMY_HILFIGER_2_PIECE_TUXEDO_FORMAL_BLACK_MAIN.jpg,lb,,,active
mw-tmw-3by1-10,Mens Tuxedo,"<p>Suave, sustainable, and ready to steal the spotlight. Modern Fit means tailored without the squeeze.</p>
<p><strong>Material:</strong> 52% Wool, 45% Recycled Polyester, 3% Spandex</p>
<p><strong>Available sizes:</strong> 36, 38, 39, 40, 41, 42, 43, 44, 46, 48, 50, 52, 54, 56, 58, 36 Short, 36 Regular, 38 Short, 38 Regular, 38 Long, 39 Short, 39 Regular, 39 Long, 40 Short, 40 Regular, 40 Long, 41 Short, 41 Regular, 41 Long, 42 Short, 42 Regular, 42 Long, 43 Regular, 43 Long, 44 Short, 44 Regular, 44 Long, 46 Regular, 46 Long, 48 Regular, 48 Long, 50 Regular, 50 Long, 52 Regular, 54 Regular, 56 Regular, 58 Regular</p>
<div class=""primestyle-size-guide""><h3>Size Chart</h3><p>Reference for Suits, 2-Piece Suits, Suit Separate Jackets, Suit Separate Vests, Tuxedos, 3-Piece Suits, Blazers, Dinner Jackets, and Sport Coats.</p><h4>Jacket Size</h4><table><thead><tr><th>Size</th><th>EU</th><th>Chest (in)</th><th>Chest (cm)</th></tr></thead><tbody><tr><td>34</td><td>44</td><td>34</td><td>86</td></tr><tr><td>36</td><td>46</td><td>36</td><td>91</td></tr><tr><td>38</td><td>48</td><td>38</td><td>97</td></tr><tr><td>40</td><td>50</td><td>40</td><td>102</td></tr><tr><td>42</td><td>52</td><td>42</td><td>107</td></tr><tr><td>44</td><td>54</td><td>44</td><td>112</td></tr><tr><td>46</td><td>56</td><td>46</td><td>117</td></tr><tr><td>48</td><td>58</td><td>48</td><td>122</td></tr><tr><td>50</td><td>60</td><td>50</td><td>127</td></tr><tr><td>52</td><td>62</td><td>52</td><td>132</td></tr><tr><td>54</td><td>64</td><td>54</td><td>137</td></tr><tr><td>56</td><td>66</td><td>56</td><td>142</td></tr><tr><td>58</td><td>68</td><td>58</td><td>147</td></tr><tr><td>60</td><td>70</td><td>60</td><td>152</td></tr></tbody></table><h4>Jacket Length</h4><table><thead><tr><th>Size</th><th>Height</th><th>Height (cm)</th></tr></thead><tbody><tr><td>Short</td><td>5&#39;6&quot;-5&#39;8&quot; tall</td><td>170-178</td></tr><tr><td>Regular</td><td>5&#39;8&quot;-6&#39;1&quot; tall</td><td>178-185</td></tr><tr><td>Long</td><td>6&#39;0&quot;-6&#39;3&quot; tall</td><td>183-193</td></tr><tr><td>X Tall</td><td>6&#39;4&quot;-6&#39;6&quot; tall</td><td>195.5-201</td></tr></tbody></table><h4>Suit Pants</h4><table><thead><tr><th>Size</th><th>Waist (in)</th><th>Waist (cm)</th></tr></thead><tbody><tr><td>30</td><td>30</td><td>76</td></tr><tr><td>31</td><td>31</td><td>79</td></tr><tr><td>32</td><td>32</td><td>81</td></tr><tr><td>33</td><td>33</td><td>84</td></tr><tr><td>34</td><td>34</td><td>86</td></tr><tr><td>35</td><td>35</td><td>89</td></tr><tr><td>36</td><td>36</td><td>91</td></tr><tr><td>38</td><td>38</td><td>97</td></tr><tr><td>40</td><td>40</td><td>102</td></tr><tr><td>42</td><td>42</td><td>107</td></tr><tr><td>44</td><td>44</td><td>112</td></tr><tr><td>46</td><td>46</td><td>117</td></tr><tr><td>48</td><td>48</td><td>122</td></tr><tr><td>50</td><td>50</td><td>127</td></tr><tr><td>52</td><td>52</td><td>132</td></tr><tr><td>54</td><td>54</td><td>137</td></tr></tbody></table><h4>Pant Length</h4><table><thead><tr><th>Inseam (in)</th></tr></thead><tbody><tr><td>29</td></tr><tr><td>30</td></tr><tr><td>32</td></tr><tr><td>34</td></tr></tbody></table><h4>Vest Size — Regular</h4><table><thead><tr><th>Size</th><th>Chest (in)</th></tr></thead><tbody><tr><td>XXS</td><td>34R</td></tr><tr><td>XS</td><td>36R</td></tr><tr><td>S</td><td>38R</td></tr><tr><td>M</td><td>40R</td></tr><tr><td>L</td><td>42R</td></tr><tr><td>XL</td><td>44R</td></tr><tr><td>XXL</td><td>46R</td></tr></tbody></table><h4>Vest Size — Big &amp; Tall</h4><table><thead><tr><th>Size</th><th>Chest (in)</th></tr></thead><tbody><tr><td>LT</td><td>46L</td></tr><tr><td>XLT</td><td>48L</td></tr><tr><td>2XLT</td><td>50L</td></tr><tr><td>3XLT</td><td>52L</td></tr><tr><td>4XLT</td><td>54L</td></tr><tr><td>5XLT</td><td>56L</td></tr><tr><td>6XLT</td><td>58L</td></tr></tbody></table><h4>Vest Size — Big</h4><table><thead><tr><th>Size</th><th>Chest (in)</th></tr></thead><tbody><tr><td>1X</td><td>48R</td></tr><tr><td>2X</td><td>50R</td></tr><tr><td>3X</td><td>52R</td></tr><tr><td>4X</td><td>54R</td></tr><tr><td>5X</td><td>56R</td></tr><tr><td>6X</td><td>58R</td></tr></tbody></table></div>",Tommy Hilfiger,Apparel & Accessories > Clothing,Suits,"PrimeStyleAI Demo, PrimeStyleAI Import, Suits, Tuxedos, male, tuxedo, formal, wool-blend, modern-fit, stretch, sustainable, tommy-hilfiger, 2-piece, satin-lapel",TRUE,Color,Formal Black,Size,48 Long,,,mw-tmw-3by1-10-formal-black-48-long,0,shopify,100,deny,manual,335.99,479.99,TRUE,TRUE,,,,,FALSE,Mens Tuxedo,"Suave, sustainable, and ready to steal the spotlight. Modern Fit means tailored without the squeeze.",Apparel & Accessories > Clothing,male,adult,,new,TRUE,PrimeStyleAI Demo,,,,,https://res.cloudinary.com/dgvtynla7/image/upload/v1776437487/demo/products/mw_tmw_3by1_10/0-TMW_3BY1_10_TOMMY_HILFIGER_2_PIECE_TUXEDO_FORMAL_BLACK_MAIN.jpg,lb,,,active
mw-tmw-3by1-10,Mens Tuxedo,"<p>Suave, sustainable, and ready to steal the spotlight. Modern Fit means tailored without the squeeze.</p>
<p><strong>Material:</strong> 52% Wool, 45% Recycled Polyester, 3% Spandex</p>
<p><strong>Available sizes:</strong> 36, 38, 39, 40, 41, 42, 43, 44, 46, 48, 50, 52, 54, 56, 58, 36 Short, 36 Regular, 38 Short, 38 Regular, 38 Long, 39 Short, 39 Regular, 39 Long, 40 Short, 40 Regular, 40 Long, 41 Short, 41 Regular, 41 Long, 42 Short, 42 Regular, 42 Long, 43 Regular, 43 Long, 44 Short, 44 Regular, 44 Long, 46 Regular, 46 Long, 48 Regular, 48 Long, 50 Regular, 50 Long, 52 Regular, 54 Regular, 56 Regular, 58 Regular</p>
<div class=""primestyle-size-guide""><h3>Size Chart</h3><p>Reference for Suits, 2-Piece Suits, Suit Separate Jackets, Suit Separate Vests, Tuxedos, 3-Piece Suits, Blazers, Dinner Jackets, and Sport Coats.</p><h4>Jacket Size</h4><table><thead><tr><th>Size</th><th>EU</th><th>Chest (in)</th><th>Chest (cm)</th></tr></thead><tbody><tr><td>34</td><td>44</td><td>34</td><td>86</td></tr><tr><td>36</td><td>46</td><td>36</td><td>91</td></tr><tr><td>38</td><td>48</td><td>38</td><td>97</td></tr><tr><td>40</td><td>50</td><td>40</td><td>102</td></tr><tr><td>42</td><td>52</td><td>42</td><td>107</td></tr><tr><td>44</td><td>54</td><td>44</td><td>112</td></tr><tr><td>46</td><td>56</td><td>46</td><td>117</td></tr><tr><td>48</td><td>58</td><td>48</td><td>122</td></tr><tr><td>50</td><td>60</td><td>50</td><td>127</td></tr><tr><td>52</td><td>62</td><td>52</td><td>132</td></tr><tr><td>54</td><td>64</td><td>54</td><td>137</td></tr><tr><td>56</td><td>66</td><td>56</td><td>142</td></tr><tr><td>58</td><td>68</td><td>58</td><td>147</td></tr><tr><td>60</td><td>70</td><td>60</td><td>152</td></tr></tbody></table><h4>Jacket Length</h4><table><thead><tr><th>Size</th><th>Height</th><th>Height (cm)</th></tr></thead><tbody><tr><td>Short</td><td>5&#39;6&quot;-5&#39;8&quot; tall</td><td>170-178</td></tr><tr><td>Regular</td><td>5&#39;8&quot;-6&#39;1&quot; tall</td><td>178-185</td></tr><tr><td>Long</td><td>6&#39;0&quot;-6&#39;3&quot; tall</td><td>183-193</td></tr><tr><td>X Tall</td><td>6&#39;4&quot;-6&#39;6&quot; tall</td><td>195.5-201</td></tr></tbody></table><h4>Suit Pants</h4><table><thead><tr><th>Size</th><th>Waist (in)</th><th>Waist (cm)</th></tr></thead><tbody><tr><td>30</td><td>30</td><td>76</td></tr><tr><td>31</td><td>31</td><td>79</td></tr><tr><td>32</td><td>32</td><td>81</td></tr><tr><td>33</td><td>33</td><td>84</td></tr><tr><td>34</td><td>34</td><td>86</td></tr><tr><td>35</td><td>35</td><td>89</td></tr><tr><td>36</td><td>36</td><td>91</td></tr><tr><td>38</td><td>38</td><td>97</td></tr><tr><td>40</td><td>40</td><td>102</td></tr><tr><td>42</td><td>42</td><td>107</td></tr><tr><td>44</td><td>44</td><td>112</td></tr><tr><td>46</td><td>46</td><td>117</td></tr><tr><td>48</td><td>48</td><td>122</td></tr><tr><td>50</td><td>50</td><td>127</td></tr><tr><td>52</td><td>52</td><td>132</td></tr><tr><td>54</td><td>54</td><td>137</td></tr></tbody></table><h4>Pant Length</h4><table><thead><tr><th>Inseam (in)</th></tr></thead><tbody><tr><td>29</td></tr><tr><td>30</td></tr><tr><td>32</td></tr><tr><td>34</td></tr></tbody></table><h4>Vest Size — Regular</h4><table><thead><tr><th>Size</th><th>Chest (in)</th></tr></thead><tbody><tr><td>XXS</td><td>34R</td></tr><tr><td>XS</td><td>36R</td></tr><tr><td>S</td><td>38R</td></tr><tr><td>M</td><td>40R</td></tr><tr><td>L</td><td>42R</td></tr><tr><td>XL</td><td>44R</td></tr><tr><td>XXL</td><td>46R</td></tr></tbody></table><h4>Vest Size — Big &amp; Tall</h4><table><thead><tr><th>Size</th><th>Chest (in)</th></tr></thead><tbody><tr><td>LT</td><td>46L</td></tr><tr><td>XLT</td><td>48L</td></tr><tr><td>2XLT</td><td>50L</td></tr><tr><td>3XLT</td><td>52L</td></tr><tr><td>4XLT</td><td>54L</td></tr><tr><td>5XLT</td><td>56L</td></tr><tr><td>6XLT</td><td>58L</td></tr></tbody></table><h4>Vest Size — Big</h4><table><thead><tr><th>Size</th><th>Chest (in)</th></tr></thead><tbody><tr><td>1X</td><td>48R</td></tr><tr><td>2X</td><td>50R</td></tr><tr><td>3X</td><td>52R</td></tr><tr><td>4X</td><td>54R</td></tr><tr><td>5X</td><td>56R</td></tr><tr><td>6X</td><td>58R</td></tr></tbody></table></div>",Tommy Hilfiger,Apparel & Accessories > Clothing,Suits,"PrimeStyleAI Demo, PrimeStyleAI Import, Suits, Tuxedos, male, tuxedo, formal, wool-blend, modern-fit, stretch, sustainable, tommy-hilfiger, 2-piece, satin-lapel",TRUE,Color,Formal Black,Size,50 Regular,,,mw-tmw-3by1-10-formal-black-50-regular,0,shopify,100,deny,manual,335.99,479.99,TRUE,TRUE,,,,,FALSE,Mens Tuxedo,"Suave, sustainable, and ready to steal the spotlight. Modern Fit means tailored without the squeeze.",Apparel & Accessories > Clothing,male,adult,,new,TRUE,PrimeStyleAI Demo,,,,,https://res.cloudinary.com/dgvtynla7/image/upload/v1776437487/demo/products/mw_tmw_3by1_10/0-TMW_3BY1_10_TOMMY_HILFIGER_2_PIECE_TUXEDO_FORMAL_BLACK_MAIN.jpg,lb,,,active
mw-tmw-3by1-10,Mens Tuxedo,"<p>Suave, sustainable, and ready to steal the spotlight. Modern Fit means tailored without the squeeze.</p>
<p><strong>Material:</strong> 52% Wool, 45% Recycled Polyester, 3% Spandex</p>
<p><strong>Available sizes:</strong> 36, 38, 39, 40, 41, 42, 43, 44, 46, 48, 50, 52, 54, 56, 58, 36 Short, 36 Regular, 38 Short, 38 Regular, 38 Long, 39 Short, 39 Regular, 39 Long, 40 Short, 40 Regular, 40 Long, 41 Short, 41 Regular, 41 Long, 42 Short, 42 Regular, 42 Long, 43 Regular, 43 Long, 44 Short, 44 Regular, 44 Long, 46 Regular, 46 Long, 48 Regular, 48 Long, 50 Regular, 50 Long, 52 Regular, 54 Regular, 56 Regular, 58 Regular</p>
<div class=""primestyle-size-guide""><h3>Size Chart</h3><p>Reference for Suits, 2-Piece Suits, Suit Separate Jackets, Suit Separate Vests, Tuxedos, 3-Piece Suits, Blazers, Dinner Jackets, and Sport Coats.</p><h4>Jacket Size</h4><table><thead><tr><th>Size</th><th>EU</th><th>Chest (in)</th><th>Chest (cm)</th></tr></thead><tbody><tr><td>34</td><td>44</td><td>34</td><td>86</td></tr><tr><td>36</td><td>46</td><td>36</td><td>91</td></tr><tr><td>38</td><td>48</td><td>38</td><td>97</td></tr><tr><td>40</td><td>50</td><td>40</td><td>102</td></tr><tr><td>42</td><td>52</td><td>42</td><td>107</td></tr><tr><td>44</td><td>54</td><td>44</td><td>112</td></tr><tr><td>46</td><td>56</td><td>46</td><td>117</td></tr><tr><td>48</td><td>58</td><td>48</td><td>122</td></tr><tr><td>50</td><td>60</td><td>50</td><td>127</td></tr><tr><td>52</td><td>62</td><td>52</td><td>132</td></tr><tr><td>54</td><td>64</td><td>54</td><td>137</td></tr><tr><td>56</td><td>66</td><td>56</td><td>142</td></tr><tr><td>58</td><td>68</td><td>58</td><td>147</td></tr><tr><td>60</td><td>70</td><td>60</td><td>152</td></tr></tbody></table><h4>Jacket Length</h4><table><thead><tr><th>Size</th><th>Height</th><th>Height (cm)</th></tr></thead><tbody><tr><td>Short</td><td>5&#39;6&quot;-5&#39;8&quot; tall</td><td>170-178</td></tr><tr><td>Regular</td><td>5&#39;8&quot;-6&#39;1&quot; tall</td><td>178-185</td></tr><tr><td>Long</td><td>6&#39;0&quot;-6&#39;3&quot; tall</td><td>183-193</td></tr><tr><td>X Tall</td><td>6&#39;4&quot;-6&#39;6&quot; tall</td><td>195.5-201</td></tr></tbody></table><h4>Suit Pants</h4><table><thead><tr><th>Size</th><th>Waist (in)</th><th>Waist (cm)</th></tr></thead><tbody><tr><td>30</td><td>30</td><td>76</td></tr><tr><td>31</td><td>31</td><td>79</td></tr><tr><td>32</td><td>32</td><td>81</td></tr><tr><td>33</td><td>33</td><td>84</td></tr><tr><td>34</td><td>34</td><td>86</td></tr><tr><td>35</td><td>35</td><td>89</td></tr><tr><td>36</td><td>36</td><td>91</td></tr><tr><td>38</td><td>38</td><td>97</td></tr><tr><td>40</td><td>40</td><td>102</td></tr><tr><td>42</td><td>42</td><td>107</td></tr><tr><td>44</td><td>44</td><td>112</td></tr><tr><td>46</td><td>46</td><td>117</td></tr><tr><td>48</td><td>48</td><td>122</td></tr><tr><td>50</td><td>50</td><td>127</td></tr><tr><td>52</td><td>52</td><td>132</td></tr><tr><td>54</td><td>54</td><td>137</td></tr></tbody></table><h4>Pant Length</h4><table><thead><tr><th>Inseam (in)</th></tr></thead><tbody><tr><td>29</td></tr><tr><td>30</td></tr><tr><td>32</td></tr><tr><td>34</td></tr></tbody></table><h4>Vest Size — Regular</h4><table><thead><tr><th>Size</th><th>Chest (in)</th></tr></thead><tbody><tr><td>XXS</td><td>34R</td></tr><tr><td>XS</td><td>36R</td></tr><tr><td>S</td><td>38R</td></tr><tr><td>M</td><td>40R</td></tr><tr><td>L</td><td>42R</td></tr><tr><td>XL</td><td>44R</td></tr><tr><td>XXL</td><td>46R</td></tr></tbody></table><h4>Vest Size — Big &amp; Tall</h4><table><thead><tr><th>Size</th><th>Chest (in)</th></tr></thead><tbody><tr><td>LT</td><td>46L</td></tr><tr><td>XLT</td><td>48L</td></tr><tr><td>2XLT</td><td>50L</td></tr><tr><td>3XLT</td><td>52L</td></tr><tr><td>4XLT</td><td>54L</td></tr><tr><td>5XLT</td><td>56L</td></tr><tr><td>6XLT</td><td>58L</td></tr></tbody></table><h4>Vest Size — Big</h4><table><thead><tr><th>Size</th><th>Chest (in)</th></tr></thead><tbody><tr><td>1X</td><td>48R</td></tr><tr><td>2X</td><td>50R</td></tr><tr><td>3X</td><td>52R</td></tr><tr><td>4X</td><td>54R</td></tr><tr><td>5X</td><td>56R</td></tr><tr><td>6X</td><td>58R</td></tr></tbody></table></div>",Tommy Hilfiger,Apparel & Accessories > Clothing,Suits,"PrimeStyleAI Demo, PrimeStyleAI Import, Suits, Tuxedos, male, tuxedo, formal, wool-blend, modern-fit, stretch, sustainable, tommy-hilfiger, 2-piece, satin-lapel",TRUE,Color,Formal Black,Size,50 Long,,,mw-tmw-3by1-10-formal-black-50-long,0,shopify,100,deny,manual,335.99,479.99,TRUE,TRUE,,,,,FALSE,Mens Tuxedo,"Suave, sustainable, and ready to steal the spotlight. Modern Fit means tailored without the squeeze.",Apparel & Accessories > Clothing,male,adult,,new,TRUE,PrimeStyleAI Demo,,,,,https://res.cloudinary.com/dgvtynla7/image/upload/v1776437487/demo/products/mw_tmw_3by1_10/0-TMW_3BY1_10_TOMMY_HILFIGER_2_PIECE_TUXEDO_FORMAL_BLACK_MAIN.jpg,lb,,,active
mw-tmw-3by1-10,Mens Tuxedo,"<p>Suave, sustainable, and ready to steal the spotlight. Modern Fit means tailored without the squeeze.</p>
<p><strong>Material:</strong> 52% Wool, 45% Recycled Polyester, 3% Spandex</p>
<p><strong>Available sizes:</strong> 36, 38, 39, 40, 41, 42, 43, 44, 46, 48, 50, 52, 54, 56, 58, 36 Short, 36 Regular, 38 Short, 38 Regular, 38 Long, 39 Short, 39 Regular, 39 Long, 40 Short, 40 Regular, 40 Long, 41 Short, 41 Regular, 41 Long, 42 Short, 42 Regular, 42 Long, 43 Regular, 43 Long, 44 Short, 44 Regular, 44 Long, 46 Regular, 46 Long, 48 Regular, 48 Long, 50 Regular, 50 Long, 52 Regular, 54 Regular, 56 Regular, 58 Regular</p>
<div class=""primestyle-size-guide""><h3>Size Chart</h3><p>Reference for Suits, 2-Piece Suits, Suit Separate Jackets, Suit Separate Vests, Tuxedos, 3-Piece Suits, Blazers, Dinner Jackets, and Sport Coats.</p><h4>Jacket Size</h4><table><thead><tr><th>Size</th><th>EU</th><th>Chest (in)</th><th>Chest (cm)</th></tr></thead><tbody><tr><td>34</td><td>44</td><td>34</td><td>86</td></tr><tr><td>36</td><td>46</td><td>36</td><td>91</td></tr><tr><td>38</td><td>48</td><td>38</td><td>97</td></tr><tr><td>40</td><td>50</td><td>40</td><td>102</td></tr><tr><td>42</td><td>52</td><td>42</td><td>107</td></tr><tr><td>44</td><td>54</td><td>44</td><td>112</td></tr><tr><td>46</td><td>56</td><td>46</td><td>117</td></tr><tr><td>48</td><td>58</td><td>48</td><td>122</td></tr><tr><td>50</td><td>60</td><td>50</td><td>127</td></tr><tr><td>52</td><td>62</td><td>52</td><td>132</td></tr><tr><td>54</td><td>64</td><td>54</td><td>137</td></tr><tr><td>56</td><td>66</td><td>56</td><td>142</td></tr><tr><td>58</td><td>68</td><td>58</td><td>147</td></tr><tr><td>60</td><td>70</td><td>60</td><td>152</td></tr></tbody></table><h4>Jacket Length</h4><table><thead><tr><th>Size</th><th>Height</th><th>Height (cm)</th></tr></thead><tbody><tr><td>Short</td><td>5&#39;6&quot;-5&#39;8&quot; tall</td><td>170-178</td></tr><tr><td>Regular</td><td>5&#39;8&quot;-6&#39;1&quot; tall</td><td>178-185</td></tr><tr><td>Long</td><td>6&#39;0&quot;-6&#39;3&quot; tall</td><td>183-193</td></tr><tr><td>X Tall</td><td>6&#39;4&quot;-6&#39;6&quot; tall</td><td>195.5-201</td></tr></tbody></table><h4>Suit Pants</h4><table><thead><tr><th>Size</th><th>Waist (in)</th><th>Waist (cm)</th></tr></thead><tbody><tr><td>30</td><td>30</td><td>76</td></tr><tr><td>31</td><td>31</td><td>79</td></tr><tr><td>32</td><td>32</td><td>81</td></tr><tr><td>33</td><td>33</td><td>84</td></tr><tr><td>34</td><td>34</td><td>86</td></tr><tr><td>35</td><td>35</td><td>89</td></tr><tr><td>36</td><td>36</td><td>91</td></tr><tr><td>38</td><td>38</td><td>97</td></tr><tr><td>40</td><td>40</td><td>102</td></tr><tr><td>42</td><td>42</td><td>107</td></tr><tr><td>44</td><td>44</td><td>112</td></tr><tr><td>46</td><td>46</td><td>117</td></tr><tr><td>48</td><td>48</td><td>122</td></tr><tr><td>50</td><td>50</td><td>127</td></tr><tr><td>52</td><td>52</td><td>132</td></tr><tr><td>54</td><td>54</td><td>137</td></tr></tbody></table><h4>Pant Length</h4><table><thead><tr><th>Inseam (in)</th></tr></thead><tbody><tr><td>29</td></tr><tr><td>30</td></tr><tr><td>32</td></tr><tr><td>34</td></tr></tbody></table><h4>Vest Size — Regular</h4><table><thead><tr><th>Size</th><th>Chest (in)</th></tr></thead><tbody><tr><td>XXS</td><td>34R</td></tr><tr><td>XS</td><td>36R</td></tr><tr><td>S</td><td>38R</td></tr><tr><td>M</td><td>40R</td></tr><tr><td>L</td><td>42R</td></tr><tr><td>XL</td><td>44R</td></tr><tr><td>XXL</td><td>46R</td></tr></tbody></table><h4>Vest Size — Big &amp; Tall</h4><table><thead><tr><th>Size</th><th>Chest (in)</th></tr></thead><tbody><tr><td>LT</td><td>46L</td></tr><tr><td>XLT</td><td>48L</td></tr><tr><td>2XLT</td><td>50L</td></tr><tr><td>3XLT</td><td>52L</td></tr><tr><td>4XLT</td><td>54L</td></tr><tr><td>5XLT</td><td>56L</td></tr><tr><td>6XLT</td><td>58L</td></tr></tbody></table><h4>Vest Size — Big</h4><table><thead><tr><th>Size</th><th>Chest (in)</th></tr></thead><tbody><tr><td>1X</td><td>48R</td></tr><tr><td>2X</td><td>50R</td></tr><tr><td>3X</td><td>52R</td></tr><tr><td>4X</td><td>54R</td></tr><tr><td>5X</td><td>56R</td></tr><tr><td>6X</td><td>58R</td></tr></tbody></table></div>",Tommy Hilfiger,Apparel & Accessories > Clothing,Suits,"PrimeStyleAI Demo, PrimeStyleAI Import, Suits, Tuxedos, male, tuxedo, formal, wool-blend, modern-fit, stretch, sustainable, tommy-hilfiger, 2-piece, satin-lapel",TRUE,Color,Formal Black,Size,52 Regular,,,mw-tmw-3by1-10-formal-black-52-regular,0,shopify,100,deny,manual,335.99,479.99,TRUE,TRUE,,,,,FALSE,Mens Tuxedo,"Suave, sustainable, and ready to steal the spotlight. Modern Fit means tailored without the squeeze.",Apparel & Accessories > Clothing,male,adult,,new,TRUE,PrimeStyleAI Demo,,,,,https://res.cloudinary.com/dgvtynla7/image/upload/v1776437487/demo/products/mw_tmw_3by1_10/0-TMW_3BY1_10_TOMMY_HILFIGER_2_PIECE_TUXEDO_FORMAL_BLACK_MAIN.jpg,lb,,,active
mw-tmw-3by1-10,Mens Tuxedo,"<p>Suave, sustainable, and ready to steal the spotlight. Modern Fit means tailored without the squeeze.</p>
<p><strong>Material:</strong> 52% Wool, 45% Recycled Polyester, 3% Spandex</p>
<p><strong>Available sizes:</strong> 36, 38, 39, 40, 41, 42, 43, 44, 46, 48, 50, 52, 54, 56, 58, 36 Short, 36 Regular, 38 Short, 38 Regular, 38 Long, 39 Short, 39 Regular, 39 Long, 40 Short, 40 Regular, 40 Long, 41 Short, 41 Regular, 41 Long, 42 Short, 42 Regular, 42 Long, 43 Regular, 43 Long, 44 Short, 44 Regular, 44 Long, 46 Regular, 46 Long, 48 Regular, 48 Long, 50 Regular, 50 Long, 52 Regular, 54 Regular, 56 Regular, 58 Regular</p>
<div class=""primestyle-size-guide""><h3>Size Chart</h3><p>Reference for Suits, 2-Piece Suits, Suit Separate Jackets, Suit Separate Vests, Tuxedos, 3-Piece Suits, Blazers, Dinner Jackets, and Sport Coats.</p><h4>Jacket Size</h4><table><thead><tr><th>Size</th><th>EU</th><th>Chest (in)</th><th>Chest (cm)</th></tr></thead><tbody><tr><td>34</td><td>44</td><td>34</td><td>86</td></tr><tr><td>36</td><td>46</td><td>36</td><td>91</td></tr><tr><td>38</td><td>48</td><td>38</td><td>97</td></tr><tr><td>40</td><td>50</td><td>40</td><td>102</td></tr><tr><td>42</td><td>52</td><td>42</td><td>107</td></tr><tr><td>44</td><td>54</td><td>44</td><td>112</td></tr><tr><td>46</td><td>56</td><td>46</td><td>117</td></tr><tr><td>48</td><td>58</td><td>48</td><td>122</td></tr><tr><td>50</td><td>60</td><td>50</td><td>127</td></tr><tr><td>52</td><td>62</td><td>52</td><td>132</td></tr><tr><td>54</td><td>64</td><td>54</td><td>137</td></tr><tr><td>56</td><td>66</td><td>56</td><td>142</td></tr><tr><td>58</td><td>68</td><td>58</td><td>147</td></tr><tr><td>60</td><td>70</td><td>60</td><td>152</td></tr></tbody></table><h4>Jacket Length</h4><table><thead><tr><th>Size</th><th>Height</th><th>Height (cm)</th></tr></thead><tbody><tr><td>Short</td><td>5&#39;6&quot;-5&#39;8&quot; tall</td><td>170-178</td></tr><tr><td>Regular</td><td>5&#39;8&quot;-6&#39;1&quot; tall</td><td>178-185</td></tr><tr><td>Long</td><td>6&#39;0&quot;-6&#39;3&quot; tall</td><td>183-193</td></tr><tr><td>X Tall</td><td>6&#39;4&quot;-6&#39;6&quot; tall</td><td>195.5-201</td></tr></tbody></table><h4>Suit Pants</h4><table><thead><tr><th>Size</th><th>Waist (in)</th><th>Waist (cm)</th></tr></thead><tbody><tr><td>30</td><td>30</td><td>76</td></tr><tr><td>31</td><td>31</td><td>79</td></tr><tr><td>32</td><td>32</td><td>81</td></tr><tr><td>33</td><td>33</td><td>84</td></tr><tr><td>34</td><td>34</td><td>86</td></tr><tr><td>35</td><td>35</td><td>89</td></tr><tr><td>36</td><td>36</td><td>91</td></tr><tr><td>38</td><td>38</td><td>97</td></tr><tr><td>40</td><td>40</td><td>102</td></tr><tr><td>42</td><td>42</td><td>107</td></tr><tr><td>44</td><td>44</td><td>112</td></tr><tr><td>46</td><td>46</td><td>117</td></tr><tr><td>48</td><td>48</td><td>122</td></tr><tr><td>50</td><td>50</td><td>127</td></tr><tr><td>52</td><td>52</td><td>132</td></tr><tr><td>54</td><td>54</td><td>137</td></tr></tbody></table><h4>Pant Length</h4><table><thead><tr><th>Inseam (in)</th></tr></thead><tbody><tr><td>29</td></tr><tr><td>30</td></tr><tr><td>32</td></tr><tr><td>34</td></tr></tbody></table><h4>Vest Size — Regular</h4><table><thead><tr><th>Size</th><th>Chest (in)</th></tr></thead><tbody><tr><td>XXS</td><td>34R</td></tr><tr><td>XS</td><td>36R</td></tr><tr><td>S</td><td>38R</td></tr><tr><td>M</td><td>40R</td></tr><tr><td>L</td><td>42R</td></tr><tr><td>XL</td><td>44R</td></tr><tr><td>XXL</td><td>46R</td></tr></tbody></table><h4>Vest Size — Big &amp; Tall</h4><table><thead><tr><th>Size</th><th>Chest (in)</th></tr></thead><tbody><tr><td>LT</td><td>46L</td></tr><tr><td>XLT</td><td>48L</td></tr><tr><td>2XLT</td><td>50L</td></tr><tr><td>3XLT</td><td>52L</td></tr><tr><td>4XLT</td><td>54L</td></tr><tr><td>5XLT</td><td>56L</td></tr><tr><td>6XLT</td><td>58L</td></tr></tbody></table><h4>Vest Size — Big</h4><table><thead><tr><th>Size</th><th>Chest (in)</th></tr></thead><tbody><tr><td>1X</td><td>48R</td></tr><tr><td>2X</td><td>50R</td></tr><tr><td>3X</td><td>52R</td></tr><tr><td>4X</td><td>54R</td></tr><tr><td>5X</td><td>56R</td></tr><tr><td>6X</td><td>58R</td></tr></tbody></table></div>",Tommy Hilfiger,Apparel & Accessories > Clothing,Suits,"PrimeStyleAI Demo, PrimeStyleAI Import, Suits, Tuxedos, male, tuxedo, formal, wool-blend, modern-fit, stretch, sustainable, tommy-hilfiger, 2-piece, satin-lapel",TRUE,Color,Formal Black,Size,54 Regular,,,mw-tmw-3by1-10-formal-black-54-regular,0,shopify,100,deny,manual,335.99,479.99,TRUE,TRUE,,,,,FALSE,Mens Tuxedo,"Suave, sustainable, and ready to steal the spotlight. Modern Fit means tailored without the squeeze.",Apparel & Accessories > Clothing,male,adult,,new,TRUE,PrimeStyleAI Demo,,,,,https://res.cloudinary.com/dgvtynla7/image/upload/v1776437487/demo/products/mw_tmw_3by1_10/0-TMW_3BY1_10_TOMMY_HILFIGER_2_PIECE_TUXEDO_FORMAL_BLACK_MAIN.jpg,lb,,,active
mw-tmw-3by1-10,Mens Tuxedo,"<p>Suave, sustainable, and ready to steal the spotlight. Modern Fit means tailored without the squeeze.</p>
<p><strong>Material:</strong> 52% Wool, 45% Recycled Polyester, 3% Spandex</p>
<p><strong>Available sizes:</strong> 36, 38, 39, 40, 41, 42, 43, 44, 46, 48, 50, 52, 54, 56, 58, 36 Short, 36 Regular, 38 Short, 38 Regular, 38 Long, 39 Short, 39 Regular, 39 Long, 40 Short, 40 Regular, 40 Long, 41 Short, 41 Regular, 41 Long, 42 Short, 42 Regular, 42 Long, 43 Regular, 43 Long, 44 Short, 44 Regular, 44 Long, 46 Regular, 46 Long, 48 Regular, 48 Long, 50 Regular, 50 Long, 52 Regular, 54 Regular, 56 Regular, 58 Regular</p>
<div class=""primestyle-size-guide""><h3>Size Chart</h3><p>Reference for Suits, 2-Piece Suits, Suit Separate Jackets, Suit Separate Vests, Tuxedos, 3-Piece Suits, Blazers, Dinner Jackets, and Sport Coats.</p><h4>Jacket Size</h4><table><thead><tr><th>Size</th><th>EU</th><th>Chest (in)</th><th>Chest (cm)</th></tr></thead><tbody><tr><td>34</td><td>44</td><td>34</td><td>86</td></tr><tr><td>36</td><td>46</td><td>36</td><td>91</td></tr><tr><td>38</td><td>48</td><td>38</td><td>97</td></tr><tr><td>40</td><td>50</td><td>40</td><td>102</td></tr><tr><td>42</td><td>52</td><td>42</td><td>107</td></tr><tr><td>44</td><td>54</td><td>44</td><td>112</td></tr><tr><td>46</td><td>56</td><td>46</td><td>117</td></tr><tr><td>48</td><td>58</td><td>48</td><td>122</td></tr><tr><td>50</td><td>60</td><td>50</td><td>127</td></tr><tr><td>52</td><td>62</td><td>52</td><td>132</td></tr><tr><td>54</td><td>64</td><td>54</td><td>137</td></tr><tr><td>56</td><td>66</td><td>56</td><td>142</td></tr><tr><td>58</td><td>68</td><td>58</td><td>147</td></tr><tr><td>60</td><td>70</td><td>60</td><td>152</td></tr></tbody></table><h4>Jacket Length</h4><table><thead><tr><th>Size</th><th>Height</th><th>Height (cm)</th></tr></thead><tbody><tr><td>Short</td><td>5&#39;6&quot;-5&#39;8&quot; tall</td><td>170-178</td></tr><tr><td>Regular</td><td>5&#39;8&quot;-6&#39;1&quot; tall</td><td>178-185</td></tr><tr><td>Long</td><td>6&#39;0&quot;-6&#39;3&quot; tall</td><td>183-193</td></tr><tr><td>X Tall</td><td>6&#39;4&quot;-6&#39;6&quot; tall</td><td>195.5-201</td></tr></tbody></table><h4>Suit Pants</h4><table><thead><tr><th>Size</th><th>Waist (in)</th><th>Waist (cm)</th></tr></thead><tbody><tr><td>30</td><td>30</td><td>76</td></tr><tr><td>31</td><td>31</td><td>79</td></tr><tr><td>32</td><td>32</td><td>81</td></tr><tr><td>33</td><td>33</td><td>84</td></tr><tr><td>34</td><td>34</td><td>86</td></tr><tr><td>35</td><td>35</td><td>89</td></tr><tr><td>36</td><td>36</td><td>91</td></tr><tr><td>38</td><td>38</td><td>97</td></tr><tr><td>40</td><td>40</td><td>102</td></tr><tr><td>42</td><td>42</td><td>107</td></tr><tr><td>44</td><td>44</td><td>112</td></tr><tr><td>46</td><td>46</td><td>117</td></tr><tr><td>48</td><td>48</td><td>122</td></tr><tr><td>50</td><td>50</td><td>127</td></tr><tr><td>52</td><td>52</td><td>132</td></tr><tr><td>54</td><td>54</td><td>137</td></tr></tbody></table><h4>Pant Length</h4><table><thead><tr><th>Inseam (in)</th></tr></thead><tbody><tr><td>29</td></tr><tr><td>30</td></tr><tr><td>32</td></tr><tr><td>34</td></tr></tbody></table><h4>Vest Size — Regular</h4><table><thead><tr><th>Size</th><th>Chest (in)</th></tr></thead><tbody><tr><td>XXS</td><td>34R</td></tr><tr><td>XS</td><td>36R</td></tr><tr><td>S</td><td>38R</td></tr><tr><td>M</td><td>40R</td></tr><tr><td>L</td><td>42R</td></tr><tr><td>XL</td><td>44R</td></tr><tr><td>XXL</td><td>46R</td></tr></tbody></table><h4>Vest Size — Big &amp; Tall</h4><table><thead><tr><th>Size</th><th>Chest (in)</th></tr></thead><tbody><tr><td>LT</td><td>46L</td></tr><tr><td>XLT</td><td>48L</td></tr><tr><td>2XLT</td><td>50L</td></tr><tr><td>3XLT</td><td>52L</td></tr><tr><td>4XLT</td><td>54L</td></tr><tr><td>5XLT</td><td>56L</td></tr><tr><td>6XLT</td><td>58L</td></tr></tbody></table><h4>Vest Size — Big</h4><table><thead><tr><th>Size</th><th>Chest (in)</th></tr></thead><tbody><tr><td>1X</td><td>48R</td></tr><tr><td>2X</td><td>50R</td></tr><tr><td>3X</td><td>52R</td></tr><tr><td>4X</td><td>54R</td></tr><tr><td>5X</td><td>56R</td></tr><tr><td>6X</td><td>58R</td></tr></tbody></table></div>",Tommy Hilfiger,Apparel & Accessories > Clothing,Suits,"PrimeStyleAI Demo, PrimeStyleAI Import, Suits, Tuxedos, male, tuxedo, formal, wool-blend, modern-fit, stretch, sustainable, tommy-hilfiger, 2-piece, satin-lapel",TRUE,Color,Formal Black,Size,56 Regular,,,mw-tmw-3by1-10-formal-black-56-regular,0,shopify,100,deny,manual,335.99,479.99,TRUE,TRUE,,,,,FALSE,Mens Tuxedo,"Suave, sustainable, and ready to steal the spotlight. Modern Fit means tailored without the squeeze.",Apparel & Accessories > Clothing,male,adult,,new,TRUE,PrimeStyleAI Demo,,,,,https://res.cloudinary.com/dgvtynla7/image/upload/v1776437487/demo/products/mw_tmw_3by1_10/0-TMW_3BY1_10_TOMMY_HILFIGER_2_PIECE_TUXEDO_FORMAL_BLACK_MAIN.jpg,lb,,,active
mw-tmw-3by1-10,Mens Tuxedo,"<p>Suave, sustainable, and ready to steal the spotlight. Modern Fit means tailored without the squeeze.</p>
<p><strong>Material:</strong> 52% Wool, 45% Recycled Polyester, 3% Spandex</p>
<p><strong>Available sizes:</strong> 36, 38, 39, 40, 41, 42, 43, 44, 46, 48, 50, 52, 54, 56, 58, 36 Short, 36 Regular, 38 Short, 38 Regular, 38 Long, 39 Short, 39 Regular, 39 Long, 40 Short, 40 Regular, 40 Long, 41 Short, 41 Regular, 41 Long, 42 Short, 42 Regular, 42 Long, 43 Regular, 43 Long, 44 Short, 44 Regular, 44 Long, 46 Regular, 46 Long, 48 Regular, 48 Long, 50 Regular, 50 Long, 52 Regular, 54 Regular, 56 Regular, 58 Regular</p>
<div class=""primestyle-size-guide""><h3>Size Chart</h3><p>Reference for Suits, 2-Piece Suits, Suit Separate Jackets, Suit Separate Vests, Tuxedos, 3-Piece Suits, Blazers, Dinner Jackets, and Sport Coats.</p><h4>Jacket Size</h4><table><thead><tr><th>Size</th><th>EU</th><th>Chest (in)</th><th>Chest (cm)</th></tr></thead><tbody><tr><td>34</td><td>44</td><td>34</td><td>86</td></tr><tr><td>36</td><td>46</td><td>36</td><td>91</td></tr><tr><td>38</td><td>48</td><td>38</td><td>97</td></tr><tr><td>40</td><td>50</td><td>40</td><td>102</td></tr><tr><td>42</td><td>52</td><td>42</td><td>107</td></tr><tr><td>44</td><td>54</td><td>44</td><td>112</td></tr><tr><td>46</td><td>56</td><td>46</td><td>117</td></tr><tr><td>48</td><td>58</td><td>48</td><td>122</td></tr><tr><td>50</td><td>60</td><td>50</td><td>127</td></tr><tr><td>52</td><td>62</td><td>52</td><td>132</td></tr><tr><td>54</td><td>64</td><td>54</td><td>137</td></tr><tr><td>56</td><td>66</td><td>56</td><td>142</td></tr><tr><td>58</td><td>68</td><td>58</td><td>147</td></tr><tr><td>60</td><td>70</td><td>60</td><td>152</td></tr></tbody></table><h4>Jacket Length</h4><table><thead><tr><th>Size</th><th>Height</th><th>Height (cm)</th></tr></thead><tbody><tr><td>Short</td><td>5&#39;6&quot;-5&#39;8&quot; tall</td><td>170-178</td></tr><tr><td>Regular</td><td>5&#39;8&quot;-6&#39;1&quot; tall</td><td>178-185</td></tr><tr><td>Long</td><td>6&#39;0&quot;-6&#39;3&quot; tall</td><td>183-193</td></tr><tr><td>X Tall</td><td>6&#39;4&quot;-6&#39;6&quot; tall</td><td>195.5-201</td></tr></tbody></table><h4>Suit Pants</h4><table><thead><tr><th>Size</th><th>Waist (in)</th><th>Waist (cm)</th></tr></thead><tbody><tr><td>30</td><td>30</td><td>76</td></tr><tr><td>31</td><td>31</td><td>79</td></tr><tr><td>32</td><td>32</td><td>81</td></tr><tr><td>33</td><td>33</td><td>84</td></tr><tr><td>34</td><td>34</td><td>86</td></tr><tr><td>35</td><td>35</td><td>89</td></tr><tr><td>36</td><td>36</td><td>91</td></tr><tr><td>38</td><td>38</td><td>97</td></tr><tr><td>40</td><td>40</td><td>102</td></tr><tr><td>42</td><td>42</td><td>107</td></tr><tr><td>44</td><td>44</td><td>112</td></tr><tr><td>46</td><td>46</td><td>117</td></tr><tr><td>48</td><td>48</td><td>122</td></tr><tr><td>50</td><td>50</td><td>127</td></tr><tr><td>52</td><td>52</td><td>132</td></tr><tr><td>54</td><td>54</td><td>137</td></tr></tbody></table><h4>Pant Length</h4><table><thead><tr><th>Inseam (in)</th></tr></thead><tbody><tr><td>29</td></tr><tr><td>30</td></tr><tr><td>32</td></tr><tr><td>34</td></tr></tbody></table><h4>Vest Size — Regular</h4><table><thead><tr><th>Size</th><th>Chest (in)</th></tr></thead><tbody><tr><td>XXS</td><td>34R</td></tr><tr><td>XS</td><td>36R</td></tr><tr><td>S</td><td>38R</td></tr><tr><td>M</td><td>40R</td></tr><tr><td>L</td><td>42R</td></tr><tr><td>XL</td><td>44R</td></tr><tr><td>XXL</td><td>46R</td></tr></tbody></table><h4>Vest Size — Big &amp; Tall</h4><table><thead><tr><th>Size</th><th>Chest (in)</th></tr></thead><tbody><tr><td>LT</td><td>46L</td></tr><tr><td>XLT</td><td>48L</td></tr><tr><td>2XLT</td><td>50L</td></tr><tr><td>3XLT</td><td>52L</td></tr><tr><td>4XLT</td><td>54L</td></tr><tr><td>5XLT</td><td>56L</td></tr><tr><td>6XLT</td><td>58L</td></tr></tbody></table><h4>Vest Size — Big</h4><table><thead><tr><th>Size</th><th>Chest (in)</th></tr></thead><tbody><tr><td>1X</td><td>48R</td></tr><tr><td>2X</td><td>50R</td></tr><tr><td>3X</td><td>52R</td></tr><tr><td>4X</td><td>54R</td></tr><tr><td>5X</td><td>56R</td></tr><tr><td>6X</td><td>58R</td></tr></tbody></table></div>",Tommy Hilfiger,Apparel & Accessories > Clothing,Suits,"PrimeStyleAI Demo, PrimeStyleAI Import, Suits, Tuxedos, male, tuxedo, formal, wool-blend, modern-fit, stretch, sustainable, tommy-hilfiger, 2-piece, satin-lapel",TRUE,Color,Formal Black,Size,58 Regular,,,mw-tmw-3by1-10-formal-black-58-regular,0,shopify,100,deny,manual,335.99,479.99,TRUE,TRUE,,,,,FALSE,Mens Tuxedo,"Suave, sustainable, and ready to steal the spotlight. Modern Fit means tailored without the squeeze.",Apparel & Accessories > Clothing,male,adult,,new,TRUE,PrimeStyleAI Demo,,,,,https://res.cloudinary.com/dgvtynla7/image/upload/v1776437487/demo/products/mw_tmw_3by1_10/0-TMW_3BY1_10_TOMMY_HILFIGER_2_PIECE_TUXEDO_FORMAL_BLACK_MAIN.jpg,lb,,,active
mw-tmw-3by1-10,Mens Tuxedo,"<p>Suave, sustainable, and ready to steal the spotlight. Modern Fit means tailored without the squeeze.</p>
<p><strong>Material:</strong> 52% Wool, 45% Recycled Polyester, 3% Spandex</p>
<p><strong>Available sizes:</strong> 36, 38, 39, 40, 41, 42, 43, 44, 46, 48, 50, 52, 54, 56, 58, 36 Short, 36 Regular, 38 Short, 38 Regular, 38 Long, 39 Short, 39 Regular, 39 Long, 40 Short, 40 Regular, 40 Long, 41 Short, 41 Regular, 41 Long, 42 Short, 42 Regular, 42 Long, 43 Regular, 43 Long, 44 Short, 44 Regular, 44 Long, 46 Regular, 46 Long, 48 Regular, 48 Long, 50 Regular, 50 Long, 52 Regular, 54 Regular, 56 Regular, 58 Regular</p>
<div class=""primestyle-size-guide""><h3>Size Chart</h3><p>Reference for Suits, 2-Piece Suits, Suit Separate Jackets, Suit Separate Vests, Tuxedos, 3-Piece Suits, Blazers, Dinner Jackets, and Sport Coats.</p><h4>Jacket Size</h4><table><thead><tr><th>Size</th><th>EU</th><th>Chest (in)</th><th>Chest (cm)</th></tr></thead><tbody><tr><td>34</td><td>44</td><td>34</td><td>86</td></tr><tr><td>36</td><td>46</td><td>36</td><td>91</td></tr><tr><td>38</td><td>48</td><td>38</td><td>97</td></tr><tr><td>40</td><td>50</td><td>40</td><td>102</td></tr><tr><td>42</td><td>52</td><td>42</td><td>107</td></tr><tr><td>44</td><td>54</td><td>44</td><td>112</td></tr><tr><td>46</td><td>56</td><td>46</td><td>117</td></tr><tr><td>48</td><td>58</td><td>48</td><td>122</td></tr><tr><td>50</td><td>60</td><td>50</td><td>127</td></tr><tr><td>52</td><td>62</td><td>52</td><td>132</td></tr><tr><td>54</td><td>64</td><td>54</td><td>137</td></tr><tr><td>56</td><td>66</td><td>56</td><td>142</td></tr><tr><td>58</td><td>68</td><td>58</td><td>147</td></tr><tr><td>60</td><td>70</td><td>60</td><td>152</td></tr></tbody></table><h4>Jacket Length</h4><table><thead><tr><th>Size</th><th>Height</th><th>Height (cm)</th></tr></thead><tbody><tr><td>Short</td><td>5&#39;6&quot;-5&#39;8&quot; tall</td><td>170-178</td></tr><tr><td>Regular</td><td>5&#39;8&quot;-6&#39;1&quot; tall</td><td>178-185</td></tr><tr><td>Long</td><td>6&#39;0&quot;-6&#39;3&quot; tall</td><td>183-193</td></tr><tr><td>X Tall</td><td>6&#39;4&quot;-6&#39;6&quot; tall</td><td>195.5-201</td></tr></tbody></table><h4>Suit Pants</h4><table><thead><tr><th>Size</th><th>Waist (in)</th><th>Waist (cm)</th></tr></thead><tbody><tr><td>30</td><td>30</td><td>76</td></tr><tr><td>31</td><td>31</td><td>79</td></tr><tr><td>32</td><td>32</td><td>81</td></tr><tr><td>33</td><td>33</td><td>84</td></tr><tr><td>34</td><td>34</td><td>86</td></tr><tr><td>35</td><td>35</td><td>89</td></tr><tr><td>36</td><td>36</td><td>91</td></tr><tr><td>38</td><td>38</td><td>97</td></tr><tr><td>40</td><td>40</td><td>102</td></tr><tr><td>42</td><td>42</td><td>107</td></tr><tr><td>44</td><td>44</td><td>112</td></tr><tr><td>46</td><td>46</td><td>117</td></tr><tr><td>48</td><td>48</td><td>122</td></tr><tr><td>50</td><td>50</td><td>127</td></tr><tr><td>52</td><td>52</td><td>132</td></tr><tr><td>54</td><td>54</td><td>137</td></tr></tbody></table><h4>Pant Length</h4><table><thead><tr><th>Inseam (in)</th></tr></thead><tbody><tr><td>29</td></tr><tr><td>30</td></tr><tr><td>32</td></tr><tr><td>34</td></tr></tbody></table><h4>Vest Size — Regular</h4><table><thead><tr><th>Size</th><th>Chest (in)</th></tr></thead><tbody><tr><td>XXS</td><td>34R</td></tr><tr><td>XS</td><td>36R</td></tr><tr><td>S</td><td>38R</td></tr><tr><td>M</td><td>40R</td></tr><tr><td>L</td><td>42R</td></tr><tr><td>XL</td><td>44R</td></tr><tr><td>XXL</td><td>46R</td></tr></tbody></table><h4>Vest Size — Big &amp; Tall</h4><table><thead><tr><th>Size</th><th>Chest (in)</th></tr></thead><tbody><tr><td>LT</td><td>46L</td></tr><tr><td>XLT</td><td>48L</td></tr><tr><td>2XLT</td><td>50L</td></tr><tr><td>3XLT</td><td>52L</td></tr><tr><td>4XLT</td><td>54L</td></tr><tr><td>5XLT</td><td>56L</td></tr><tr><td>6XLT</td><td>58L</td></tr></tbody></table><h4>Vest Size — Big</h4><table><thead><tr><th>Size</th><th>Chest (in)</th></tr></thead><tbody><tr><td>1X</td><td>48R</td></tr><tr><td>2X</td><td>50R</td></tr><tr><td>3X</td><td>52R</td></tr><tr><td>4X</td><td>54R</td></tr><tr><td>5X</td><td>56R</td></tr><tr><td>6X</td><td>58R</td></tr></tbody></table></div>",Tommy Hilfiger,Apparel & Accessories > Clothing,Suits,"PrimeStyleAI Demo, PrimeStyleAI Import, Suits, Tuxedos, male, tuxedo, formal, wool-blend, modern-fit, stretch, sustainable, tommy-hilfiger, 2-piece, satin-lapel",TRUE,Color,Navy Solid,Size,36 Short,,,mw-tmw-3by1-10-navy-solid-36-short,0,shopify,100,deny,manual,335.99,479.99,TRUE,TRUE,,,,,FALSE,Mens Tuxedo,"Suave, sustainable, and ready to steal the spotlight. Modern Fit means tailored without the squeeze.",Apparel & Accessories > Clothing,male,adult,,new,TRUE,PrimeStyleAI Demo,,,,,https://res.cloudinary.com/dgvtynla7/image/upload/v1776437494/demo/products/mw_tmw_3by1_10/21-TMW_3BY1_01_TOMMY_HILFIGER_2_PIECE_TUXEDO_NAVY_SOLID_MAIN.jpg,lb,,,active
mw-tmw-3by1-10,Mens Tuxedo,"<p>Suave, sustainable, and ready to steal the spotlight. Modern Fit means tailored without the squeeze.</p>
<p><strong>Material:</strong> 52% Wool, 45% Recycled Polyester, 3% Spandex</p>
<p><strong>Available sizes:</strong> 36, 38, 39, 40, 41, 42, 43, 44, 46, 48, 50, 52, 54, 56, 58, 36 Short, 36 Regular, 38 Short, 38 Regular, 38 Long, 39 Short, 39 Regular, 39 Long, 40 Short, 40 Regular, 40 Long, 41 Short, 41 Regular, 41 Long, 42 Short, 42 Regular, 42 Long, 43 Regular, 43 Long, 44 Short, 44 Regular, 44 Long, 46 Regular, 46 Long, 48 Regular, 48 Long, 50 Regular, 50 Long, 52 Regular, 54 Regular, 56 Regular, 58 Regular</p>
<div class=""primestyle-size-guide""><h3>Size Chart</h3><p>Reference for Suits, 2-Piece Suits, Suit Separate Jackets, Suit Separate Vests, Tuxedos, 3-Piece Suits, Blazers, Dinner Jackets, and Sport Coats.</p><h4>Jacket Size</h4><table><thead><tr><th>Size</th><th>EU</th><th>Chest (in)</th><th>Chest (cm)</th></tr></thead><tbody><tr><td>34</td><td>44</td><td>34</td><td>86</td></tr><tr><td>36</td><td>46</td><td>36</td><td>91</td></tr><tr><td>38</td><td>48</td><td>38</td><td>97</td></tr><tr><td>40</td><td>50</td><td>40</td><td>102</td></tr><tr><td>42</td><td>52</td><td>42</td><td>107</td></tr><tr><td>44</td><td>54</td><td>44</td><td>112</td></tr><tr><td>46</td><td>56</td><td>46</td><td>117</td></tr><tr><td>48</td><td>58</td><td>48</td><td>122</td></tr><tr><td>50</td><td>60</td><td>50</td><td>127</td></tr><tr><td>52</td><td>62</td><td>52</td><td>132</td></tr><tr><td>54</td><td>64</td><td>54</td><td>137</td></tr><tr><td>56</td><td>66</td><td>56</td><td>142</td></tr><tr><td>58</td><td>68</td><td>58</td><td>147</td></tr><tr><td>60</td><td>70</td><td>60</td><td>152</td></tr></tbody></table><h4>Jacket Length</h4><table><thead><tr><th>Size</th><th>Height</th><th>Height (cm)</th></tr></thead><tbody><tr><td>Short</td><td>5&#39;6&quot;-5&#39;8&quot; tall</td><td>170-178</td></tr><tr><td>Regular</td><td>5&#39;8&quot;-6&#39;1&quot; tall</td><td>178-185</td></tr><tr><td>Long</td><td>6&#39;0&quot;-6&#39;3&quot; tall</td><td>183-193</td></tr><tr><td>X Tall</td><td>6&#39;4&quot;-6&#39;6&quot; tall</td><td>195.5-201</td></tr></tbody></table><h4>Suit Pants</h4><table><thead><tr><th>Size</th><th>Waist (in)</th><th>Waist (cm)</th></tr></thead><tbody><tr><td>30</td><td>30</td><td>76</td></tr><tr><td>31</td><td>31</td><td>79</td></tr><tr><td>32</td><td>32</td><td>81</td></tr><tr><td>33</td><td>33</td><td>84</td></tr><tr><td>34</td><td>34</td><td>86</td></tr><tr><td>35</td><td>35</td><td>89</td></tr><tr><td>36</td><td>36</td><td>91</td></tr><tr><td>38</td><td>38</td><td>97</td></tr><tr><td>40</td><td>40</td><td>102</td></tr><tr><td>42</td><td>42</td><td>107</td></tr><tr><td>44</td><td>44</td><td>112</td></tr><tr><td>46</td><td>46</td><td>117</td></tr><tr><td>48</td><td>48</td><td>122</td></tr><tr><td>50</td><td>50</td><td>127</td></tr><tr><td>52</td><td>52</td><td>132</td></tr><tr><td>54</td><td>54</td><td>137</td></tr></tbody></table><h4>Pant Length</h4><table><thead><tr><th>Inseam (in)</th></tr></thead><tbody><tr><td>29</td></tr><tr><td>30</td></tr><tr><td>32</td></tr><tr><td>34</td></tr></tbody></table><h4>Vest Size — Regular</h4><table><thead><tr><th>Size</th><th>Chest (in)</th></tr></thead><tbody><tr><td>XXS</td><td>34R</td></tr><tr><td>XS</td><td>36R</td></tr><tr><td>S</td><td>38R</td></tr><tr><td>M</td><td>40R</td></tr><tr><td>L</td><td>42R</td></tr><tr><td>XL</td><td>44R</td></tr><tr><td>XXL</td><td>46R</td></tr></tbody></table><h4>Vest Size — Big &amp; Tall</h4><table><thead><tr><th>Size</th><th>Chest (in)</th></tr></thead><tbody><tr><td>LT</td><td>46L</td></tr><tr><td>XLT</td><td>48L</td></tr><tr><td>2XLT</td><td>50L</td></tr><tr><td>3XLT</td><td>52L</td></tr><tr><td>4XLT</td><td>54L</td></tr><tr><td>5XLT</td><td>56L</td></tr><tr><td>6XLT</td><td>58L</td></tr></tbody></table><h4>Vest Size — Big</h4><table><thead><tr><th>Size</th><th>Chest (in)</th></tr></thead><tbody><tr><td>1X</td><td>48R</td></tr><tr><td>2X</td><td>50R</td></tr><tr><td>3X</td><td>52R</td></tr><tr><td>4X</td><td>54R</td></tr><tr><td>5X</td><td>56R</td></tr><tr><td>6X</td><td>58R</td></tr></tbody></table></div>",Tommy Hilfiger,Apparel & Accessories > Clothing,Suits,"PrimeStyleAI Demo, PrimeStyleAI Import, Suits, Tuxedos, male, tuxedo, formal, wool-blend, modern-fit, stretch, sustainable, tommy-hilfiger, 2-piece, satin-lapel",TRUE,Color,Navy Solid,Size,36 Regular,,,mw-tmw-3by1-10-navy-solid-36-regular,0,shopify,100,deny,manual,335.99,479.99,TRUE,TRUE,,,,,FALSE,Mens Tuxedo,"Suave, sustainable, and ready to steal the spotlight. Modern Fit means tailored without the squeeze.",Apparel & Accessories > Clothing,male,adult,,new,TRUE,PrimeStyleAI Demo,,,,,https://res.cloudinary.com/dgvtynla7/image/upload/v1776437494/demo/products/mw_tmw_3by1_10/21-TMW_3BY1_01_TOMMY_HILFIGER_2_PIECE_TUXEDO_NAVY_SOLID_MAIN.jpg,lb,,,active
mw-tmw-3by1-10,Mens Tuxedo,"<p>Suave, sustainable, and ready to steal the spotlight. Modern Fit means tailored without the squeeze.</p>
<p><strong>Material:</strong> 52% Wool, 45% Recycled Polyester, 3% Spandex</p>
<p><strong>Available sizes:</strong> 36, 38, 39, 40, 41, 42, 43, 44, 46, 48, 50, 52, 54, 56, 58, 36 Short, 36 Regular, 38 Short, 38 Regular, 38 Long, 39 Short, 39 Regular, 39 Long, 40 Short, 40 Regular, 40 Long, 41 Short, 41 Regular, 41 Long, 42 Short, 42 Regular, 42 Long, 43 Regular, 43 Long, 44 Short, 44 Regular, 44 Long, 46 Regular, 46 Long, 48 Regular, 48 Long, 50 Regular, 50 Long, 52 Regular, 54 Regular, 56 Regular, 58 Regular</p>
<div class=""primestyle-size-guide""><h3>Size Chart</h3><p>Reference for Suits, 2-Piece Suits, Suit Separate Jackets, Suit Separate Vests, Tuxedos, 3-Piece Suits, Blazers, Dinner Jackets, and Sport Coats.</p><h4>Jacket Size</h4><table><thead><tr><th>Size</th><th>EU</th><th>Chest (in)</th><th>Chest (cm)</th></tr></thead><tbody><tr><td>34</td><td>44</td><td>34</td><td>86</td></tr><tr><td>36</td><td>46</td><td>36</td><td>91</td></tr><tr><td>38</td><td>48</td><td>38</td><td>97</td></tr><tr><td>40</td><td>50</td><td>40</td><td>102</td></tr><tr><td>42</td><td>52</td><td>42</td><td>107</td></tr><tr><td>44</td><td>54</td><td>44</td><td>112</td></tr><tr><td>46</td><td>56</td><td>46</td><td>117</td></tr><tr><td>48</td><td>58</td><td>48</td><td>122</td></tr><tr><td>50</td><td>60</td><td>50</td><td>127</td></tr><tr><td>52</td><td>62</td><td>52</td><td>132</td></tr><tr><td>54</td><td>64</td><td>54</td><td>137</td></tr><tr><td>56</td><td>66</td><td>56</td><td>142</td></tr><tr><td>58</td><td>68</td><td>58</td><td>147</td></tr><tr><td>60</td><td>70</td><td>60</td><td>152</td></tr></tbody></table><h4>Jacket Length</h4><table><thead><tr><th>Size</th><th>Height</th><th>Height (cm)</th></tr></thead><tbody><tr><td>Short</td><td>5&#39;6&quot;-5&#39;8&quot; tall</td><td>170-178</td></tr><tr><td>Regular</td><td>5&#39;8&quot;-6&#39;1&quot; tall</td><td>178-185</td></tr><tr><td>Long</td><td>6&#39;0&quot;-6&#39;3&quot; tall</td><td>183-193</td></tr><tr><td>X Tall</td><td>6&#39;4&quot;-6&#39;6&quot; tall</td><td>195.5-201</td></tr></tbody></table><h4>Suit Pants</h4><table><thead><tr><th>Size</th><th>Waist (in)</th><th>Waist (cm)</th></tr></thead><tbody><tr><td>30</td><td>30</td><td>76</td></tr><tr><td>31</td><td>31</td><td>79</td></tr><tr><td>32</td><td>32</td><td>81</td></tr><tr><td>33</td><td>33</td><td>84</td></tr><tr><td>34</td><td>34</td><td>86</td></tr><tr><td>35</td><td>35</td><td>89</td></tr><tr><td>36</td><td>36</td><td>91</td></tr><tr><td>38</td><td>38</td><td>97</td></tr><tr><td>40</td><td>40</td><td>102</td></tr><tr><td>42</td><td>42</td><td>107</td></tr><tr><td>44</td><td>44</td><td>112</td></tr><tr><td>46</td><td>46</td><td>117</td></tr><tr><td>48</td><td>48</td><td>122</td></tr><tr><td>50</td><td>50</td><td>127</td></tr><tr><td>52</td><td>52</td><td>132</td></tr><tr><td>54</td><td>54</td><td>137</td></tr></tbody></table><h4>Pant Length</h4><table><thead><tr><th>Inseam (in)</th></tr></thead><tbody><tr><td>29</td></tr><tr><td>30</td></tr><tr><td>32</td></tr><tr><td>34</td></tr></tbody></table><h4>Vest Size — Regular</h4><table><thead><tr><th>Size</th><th>Chest (in)</th></tr></thead><tbody><tr><td>XXS</td><td>34R</td></tr><tr><td>XS</td><td>36R</td></tr><tr><td>S</td><td>38R</td></tr><tr><td>M</td><td>40R</td></tr><tr><td>L</td><td>42R</td></tr><tr><td>XL</td><td>44R</td></tr><tr><td>XXL</td><td>46R</td></tr></tbody></table><h4>Vest Size — Big &amp; Tall</h4><table><thead><tr><th>Size</th><th>Chest (in)</th></tr></thead><tbody><tr><td>LT</td><td>46L</td></tr><tr><td>XLT</td><td>48L</td></tr><tr><td>2XLT</td><td>50L</td></tr><tr><td>3XLT</td><td>52L</td></tr><tr><td>4XLT</td><td>54L</td></tr><tr><td>5XLT</td><td>56L</td></tr><tr><td>6XLT</td><td>58L</td></tr></tbody></table><h4>Vest Size — Big</h4><table><thead><tr><th>Size</th><th>Chest (in)</th></tr></thead><tbody><tr><td>1X</td><td>48R</td></tr><tr><td>2X</td><td>50R</td></tr><tr><td>3X</td><td>52R</td></tr><tr><td>4X</td><td>54R</td></tr><tr><td>5X</td><td>56R</td></tr><tr><td>6X</td><td>58R</td></tr></tbody></table></div>",Tommy Hilfiger,Apparel & Accessories > Clothing,Suits,"PrimeStyleAI Demo, PrimeStyleAI Import, Suits, Tuxedos, male, tuxedo, formal, wool-blend, modern-fit, stretch, sustainable, tommy-hilfiger, 2-piece, satin-lapel",TRUE,Color,Navy Solid,Size,38 Short,,,mw-tmw-3by1-10-navy-solid-38-short,0,shopify,100,deny,manual,335.99,479.99,TRUE,TRUE,,,,,FALSE,Mens Tuxedo,"Suave, sustainable, and ready to steal the spotlight. Modern Fit means tailored without the squeeze.",Apparel & Accessories > Clothing,male,adult,,new,TRUE,PrimeStyleAI Demo,,,,,https://res.cloudinary.com/dgvtynla7/image/upload/v1776437494/demo/products/mw_tmw_3by1_10/21-TMW_3BY1_01_TOMMY_HILFIGER_2_PIECE_TUXEDO_NAVY_SOLID_MAIN.jpg,lb,,,active
mw-tmw-3by1-10,Mens Tuxedo,"<p>Suave, sustainable, and ready to steal the spotlight. Modern Fit means tailored without the squeeze.</p>
<p><strong>Material:</strong> 52% Wool, 45% Recycled Polyester, 3% Spandex</p>
<p><strong>Available sizes:</strong> 36, 38, 39, 40, 41, 42, 43, 44, 46, 48, 50, 52, 54, 56, 58, 36 Short, 36 Regular, 38 Short, 38 Regular, 38 Long, 39 Short, 39 Regular, 39 Long, 40 Short, 40 Regular, 40 Long, 41 Short, 41 Regular, 41 Long, 42 Short, 42 Regular, 42 Long, 43 Regular, 43 Long, 44 Short, 44 Regular, 44 Long, 46 Regular, 46 Long, 48 Regular, 48 Long, 50 Regular, 50 Long, 52 Regular, 54 Regular, 56 Regular, 58 Regular</p>
<div class=""primestyle-size-guide""><h3>Size Chart</h3><p>Reference for Suits, 2-Piece Suits, Suit Separate Jackets, Suit Separate Vests, Tuxedos, 3-Piece Suits, Blazers, Dinner Jackets, and Sport Coats.</p><h4>Jacket Size</h4><table><thead><tr><th>Size</th><th>EU</th><th>Chest (in)</th><th>Chest (cm)</th></tr></thead><tbody><tr><td>34</td><td>44</td><td>34</td><td>86</td></tr><tr><td>36</td><td>46</td><td>36</td><td>91</td></tr><tr><td>38</td><td>48</td><td>38</td><td>97</td></tr><tr><td>40</td><td>50</td><td>40</td><td>102</td></tr><tr><td>42</td><td>52</td><td>42</td><td>107</td></tr><tr><td>44</td><td>54</td><td>44</td><td>112</td></tr><tr><td>46</td><td>56</td><td>46</td><td>117</td></tr><tr><td>48</td><td>58</td><td>48</td><td>122</td></tr><tr><td>50</td><td>60</td><td>50</td><td>127</td></tr><tr><td>52</td><td>62</td><td>52</td><td>132</td></tr><tr><td>54</td><td>64</td><td>54</td><td>137</td></tr><tr><td>56</td><td>66</td><td>56</td><td>142</td></tr><tr><td>58</td><td>68</td><td>58</td><td>147</td></tr><tr><td>60</td><td>70</td><td>60</td><td>152</td></tr></tbody></table><h4>Jacket Length</h4><table><thead><tr><th>Size</th><th>Height</th><th>Height (cm)</th></tr></thead><tbody><tr><td>Short</td><td>5&#39;6&quot;-5&#39;8&quot; tall</td><td>170-178</td></tr><tr><td>Regular</td><td>5&#39;8&quot;-6&#39;1&quot; tall</td><td>178-185</td></tr><tr><td>Long</td><td>6&#39;0&quot;-6&#39;3&quot; tall</td><td>183-193</td></tr><tr><td>X Tall</td><td>6&#39;4&quot;-6&#39;6&quot; tall</td><td>195.5-201</td></tr></tbody></table><h4>Suit Pants</h4><table><thead><tr><th>Size</th><th>Waist (in)</th><th>Waist (cm)</th></tr></thead><tbody><tr><td>30</td><td>30</td><td>76</td></tr><tr><td>31</td><td>31</td><td>79</td></tr><tr><td>32</td><td>32</td><td>81</td></tr><tr><td>33</td><td>33</td><td>84</td></tr><tr><td>34</td><td>34</td><td>86</td></tr><tr><td>35</td><td>35</td><td>89</td></tr><tr><td>36</td><td>36</td><td>91</td></tr><tr><td>38</td><td>38</td><td>97</td></tr><tr><td>40</td><td>40</td><td>102</td></tr><tr><td>42</td><td>42</td><td>107</td></tr><tr><td>44</td><td>44</td><td>112</td></tr><tr><td>46</td><td>46</td><td>117</td></tr><tr><td>48</td><td>48</td><td>122</td></tr><tr><td>50</td><td>50</td><td>127</td></tr><tr><td>52</td><td>52</td><td>132</td></tr><tr><td>54</td><td>54</td><td>137</td></tr></tbody></table><h4>Pant Length</h4><table><thead><tr><th>Inseam (in)</th></tr></thead><tbody><tr><td>29</td></tr><tr><td>30</td></tr><tr><td>32</td></tr><tr><td>34</td></tr></tbody></table><h4>Vest Size — Regular</h4><table><thead><tr><th>Size</th><th>Chest (in)</th></tr></thead><tbody><tr><td>XXS</td><td>34R</td></tr><tr><td>XS</td><td>36R</td></tr><tr><td>S</td><td>38R</td></tr><tr><td>M</td><td>40R</td></tr><tr><td>L</td><td>42R</td></tr><tr><td>XL</td><td>44R</td></tr><tr><td>XXL</td><td>46R</td></tr></tbody></table><h4>Vest Size — Big &amp; Tall</h4><table><thead><tr><th>Size</th><th>Chest (in)</th></tr></thead><tbody><tr><td>LT</td><td>46L</td></tr><tr><td>XLT</td><td>48L</td></tr><tr><td>2XLT</td><td>50L</td></tr><tr><td>3XLT</td><td>52L</td></tr><tr><td>4XLT</td><td>54L</td></tr><tr><td>5XLT</td><td>56L</td></tr><tr><td>6XLT</td><td>58L</td></tr></tbody></table><h4>Vest Size — Big</h4><table><thead><tr><th>Size</th><th>Chest (in)</th></tr></thead><tbody><tr><td>1X</td><td>48R</td></tr><tr><td>2X</td><td>50R</td></tr><tr><td>3X</td><td>52R</td></tr><tr><td>4X</td><td>54R</td></tr><tr><td>5X</td><td>56R</td></tr><tr><td>6X</td><td>58R</td></tr></tbody></table></div>",Tommy Hilfiger,Apparel & Accessories > Clothing,Suits,"PrimeStyleAI Demo, PrimeStyleAI Import, Suits, Tuxedos, male, tuxedo, formal, wool-blend, modern-fit, stretch, sustainable, tommy-hilfiger, 2-piece, satin-lapel",TRUE,Color,Navy Solid,Size,38 Regular,,,mw-tmw-3by1-10-navy-solid-38-regular,0,shopify,100,deny,manual,335.99,479.99,TRUE,TRUE,,,,,FALSE,Mens Tuxedo,"Suave, sustainable, and ready to steal the spotlight. Modern Fit means tailored without the squeeze.",Apparel & Accessories > Clothing,male,adult,,new,TRUE,PrimeStyleAI Demo,,,,,https://res.cloudinary.com/dgvtynla7/image/upload/v1776437494/demo/products/mw_tmw_3by1_10/21-TMW_3BY1_01_TOMMY_HILFIGER_2_PIECE_TUXEDO_NAVY_SOLID_MAIN.jpg,lb,,,active
mw-tmw-3by1-10,Mens Tuxedo,"<p>Suave, sustainable, and ready to steal the spotlight. Modern Fit means tailored without the squeeze.</p>
<p><strong>Material:</strong> 52% Wool, 45% Recycled Polyester, 3% Spandex</p>
<p><strong>Available sizes:</strong> 36, 38, 39, 40, 41, 42, 43, 44, 46, 48, 50, 52, 54, 56, 58, 36 Short, 36 Regular, 38 Short, 38 Regular, 38 Long, 39 Short, 39 Regular, 39 Long, 40 Short, 40 Regular, 40 Long, 41 Short, 41 Regular, 41 Long, 42 Short, 42 Regular, 42 Long, 43 Regular, 43 Long, 44 Short, 44 Regular, 44 Long, 46 Regular, 46 Long, 48 Regular, 48 Long, 50 Regular, 50 Long, 52 Regular, 54 Regular, 56 Regular, 58 Regular</p>
<div class=""primestyle-size-guide""><h3>Size Chart</h3><p>Reference for Suits, 2-Piece Suits, Suit Separate Jackets, Suit Separate Vests, Tuxedos, 3-Piece Suits, Blazers, Dinner Jackets, and Sport Coats.</p><h4>Jacket Size</h4><table><thead><tr><th>Size</th><th>EU</th><th>Chest (in)</th><th>Chest (cm)</th></tr></thead><tbody><tr><td>34</td><td>44</td><td>34</td><td>86</td></tr><tr><td>36</td><td>46</td><td>36</td><td>91</td></tr><tr><td>38</td><td>48</td><td>38</td><td>97</td></tr><tr><td>40</td><td>50</td><td>40</td><td>102</td></tr><tr><td>42</td><td>52</td><td>42</td><td>107</td></tr><tr><td>44</td><td>54</td><td>44</td><td>112</td></tr><tr><td>46</td><td>56</td><td>46</td><td>117</td></tr><tr><td>48</td><td>58</td><td>48</td><td>122</td></tr><tr><td>50</td><td>60</td><td>50</td><td>127</td></tr><tr><td>52</td><td>62</td><td>52</td><td>132</td></tr><tr><td>54</td><td>64</td><td>54</td><td>137</td></tr><tr><td>56</td><td>66</td><td>56</td><td>142</td></tr><tr><td>58</td><td>68</td><td>58</td><td>147</td></tr><tr><td>60</td><td>70</td><td>60</td><td>152</td></tr></tbody></table><h4>Jacket Length</h4><table><thead><tr><th>Size</th><th>Height</th><th>Height (cm)</th></tr></thead><tbody><tr><td>Short</td><td>5&#39;6&quot;-5&#39;8&quot; tall</td><td>170-178</td></tr><tr><td>Regular</td><td>5&#39;8&quot;-6&#39;1&quot; tall</td><td>178-185</td></tr><tr><td>Long</td><td>6&#39;0&quot;-6&#39;3&quot; tall</td><td>183-193</td></tr><tr><td>X Tall</td><td>6&#39;4&quot;-6&#39;6&quot; tall</td><td>195.5-201</td></tr></tbody></table><h4>Suit Pants</h4><table><thead><tr><th>Size</th><th>Waist (in)</th><th>Waist (cm)</th></tr></thead><tbody><tr><td>30</td><td>30</td><td>76</td></tr><tr><td>31</td><td>31</td><td>79</td></tr><tr><td>32</td><td>32</td><td>81</td></tr><tr><td>33</td><td>33</td><td>84</td></tr><tr><td>34</td><td>34</td><td>86</td></tr><tr><td>35</td><td>35</td><td>89</td></tr><tr><td>36</td><td>36</td><td>91</td></tr><tr><td>38</td><td>38</td><td>97</td></tr><tr><td>40</td><td>40</td><td>102</td></tr><tr><td>42</td><td>42</td><td>107</td></tr><tr><td>44</td><td>44</td><td>112</td></tr><tr><td>46</td><td>46</td><td>117</td></tr><tr><td>48</td><td>48</td><td>122</td></tr><tr><td>50</td><td>50</td><td>127</td></tr><tr><td>52</td><td>52</td><td>132</td></tr><tr><td>54</td><td>54</td><td>137</td></tr></tbody></table><h4>Pant Length</h4><table><thead><tr><th>Inseam (in)</th></tr></thead><tbody><tr><td>29</td></tr><tr><td>30</td></tr><tr><td>32</td></tr><tr><td>34</td></tr></tbody></table><h4>Vest Size — Regular</h4><table><thead><tr><th>Size</th><th>Chest (in)</th></tr></thead><tbody><tr><td>XXS</td><td>34R</td></tr><tr><td>XS</td><td>36R</td></tr><tr><td>S</td><td>38R</td></tr><tr><td>M</td><td>40R</td></tr><tr><td>L</td><td>42R</td></tr><tr><td>XL</td><td>44R</td></tr><tr><td>XXL</td><td>46R</td></tr></tbody></table><h4>Vest Size — Big &amp; Tall</h4><table><thead><tr><th>Size</th><th>Chest (in)</th></tr></thead><tbody><tr><td>LT</td><td>46L</td></tr><tr><td>XLT</td><td>48L</td></tr><tr><td>2XLT</td><td>50L</td></tr><tr><td>3XLT</td><td>52L</td></tr><tr><td>4XLT</td><td>54L</td></tr><tr><td>5XLT</td><td>56L</td></tr><tr><td>6XLT</td><td>58L</td></tr></tbody></table><h4>Vest Size — Big</h4><table><thead><tr><th>Size</th><th>Chest (in)</th></tr></thead><tbody><tr><td>1X</td><td>48R</td></tr><tr><td>2X</td><td>50R</td></tr><tr><td>3X</td><td>52R</td></tr><tr><td>4X</td><td>54R</td></tr><tr><td>5X</td><td>56R</td></tr><tr><td>6X</td><td>58R</td></tr></tbody></table></div>",Tommy Hilfiger,Apparel & Accessories > Clothing,Suits,"PrimeStyleAI Demo, PrimeStyleAI Import, Suits, Tuxedos, male, tuxedo, formal, wool-blend, modern-fit, stretch, sustainable, tommy-hilfiger, 2-piece, satin-lapel",TRUE,Color,Navy Solid,Size,38 Long,,,mw-tmw-3by1-10-navy-solid-38-long,0,shopify,100,deny,manual,335.99,479.99,TRUE,TRUE,,,,,FALSE,Mens Tuxedo,"Suave, sustainable, and ready to steal the spotlight. Modern Fit means tailored without the squeeze.",Apparel & Accessories > Clothing,male,adult,,new,TRUE,PrimeStyleAI Demo,,,,,https://res.cloudinary.com/dgvtynla7/image/upload/v1776437494/demo/products/mw_tmw_3by1_10/21-TMW_3BY1_01_TOMMY_HILFIGER_2_PIECE_TUXEDO_NAVY_SOLID_MAIN.jpg,lb,,,active
mw-tmw-3by1-10,Mens Tuxedo,"<p>Suave, sustainable, and ready to steal the spotlight. Modern Fit means tailored without the squeeze.</p>
<p><strong>Material:</strong> 52% Wool, 45% Recycled Polyester, 3% Spandex</p>
<p><strong>Available sizes:</strong> 36, 38, 39, 40, 41, 42, 43, 44, 46, 48, 50, 52, 54, 56, 58, 36 Short, 36 Regular, 38 Short, 38 Regular, 38 Long, 39 Short, 39 Regular, 39 Long, 40 Short, 40 Regular, 40 Long, 41 Short, 41 Regular, 41 Long, 42 Short, 42 Regular, 42 Long, 43 Regular, 43 Long, 44 Short, 44 Regular, 44 Long, 46 Regular, 46 Long, 48 Regular, 48 Long, 50 Regular, 50 Long, 52 Regular, 54 Regular, 56 Regular, 58 Regular</p>
<div class=""primestyle-size-guide""><h3>Size Chart</h3><p>Reference for Suits, 2-Piece Suits, Suit Separate Jackets, Suit Separate Vests, Tuxedos, 3-Piece Suits, Blazers, Dinner Jackets, and Sport Coats.</p><h4>Jacket Size</h4><table><thead><tr><th>Size</th><th>EU</th><th>Chest (in)</th><th>Chest (cm)</th></tr></thead><tbody><tr><td>34</td><td>44</td><td>34</td><td>86</td></tr><tr><td>36</td><td>46</td><td>36</td><td>91</td></tr><tr><td>38</td><td>48</td><td>38</td><td>97</td></tr><tr><td>40</td><td>50</td><td>40</td><td>102</td></tr><tr><td>42</td><td>52</td><td>42</td><td>107</td></tr><tr><td>44</td><td>54</td><td>44</td><td>112</td></tr><tr><td>46</td><td>56</td><td>46</td><td>117</td></tr><tr><td>48</td><td>58</td><td>48</td><td>122</td></tr><tr><td>50</td><td>60</td><td>50</td><td>127</td></tr><tr><td>52</td><td>62</td><td>52</td><td>132</td></tr><tr><td>54</td><td>64</td><td>54</td><td>137</td></tr><tr><td>56</td><td>66</td><td>56</td><td>142</td></tr><tr><td>58</td><td>68</td><td>58</td><td>147</td></tr><tr><td>60</td><td>70</td><td>60</td><td>152</td></tr></tbody></table><h4>Jacket Length</h4><table><thead><tr><th>Size</th><th>Height</th><th>Height (cm)</th></tr></thead><tbody><tr><td>Short</td><td>5&#39;6&quot;-5&#39;8&quot; tall</td><td>170-178</td></tr><tr><td>Regular</td><td>5&#39;8&quot;-6&#39;1&quot; tall</td><td>178-185</td></tr><tr><td>Long</td><td>6&#39;0&quot;-6&#39;3&quot; tall</td><td>183-193</td></tr><tr><td>X Tall</td><td>6&#39;4&quot;-6&#39;6&quot; tall</td><td>195.5-201</td></tr></tbody></table><h4>Suit Pants</h4><table><thead><tr><th>Size</th><th>Waist (in)</th><th>Waist (cm)</th></tr></thead><tbody><tr><td>30</td><td>30</td><td>76</td></tr><tr><td>31</td><td>31</td><td>79</td></tr><tr><td>32</td><td>32</td><td>81</td></tr><tr><td>33</td><td>33</td><td>84</td></tr><tr><td>34</td><td>34</td><td>86</td></tr><tr><td>35</td><td>35</td><td>89</td></tr><tr><td>36</td><td>36</td><td>91</td></tr><tr><td>38</td><td>38</td><td>97</td></tr><tr><td>40</td><td>40</td><td>102</td></tr><tr><td>42</td><td>42</td><td>107</td></tr><tr><td>44</td><td>44</td><td>112</td></tr><tr><td>46</td><td>46</td><td>117</td></tr><tr><td>48</td><td>48</td><td>122</td></tr><tr><td>50</td><td>50</td><td>127</td></tr><tr><td>52</td><td>52</td><td>132</td></tr><tr><td>54</td><td>54</td><td>137</td></tr></tbody></table><h4>Pant Length</h4><table><thead><tr><th>Inseam (in)</th></tr></thead><tbody><tr><td>29</td></tr><tr><td>30</td></tr><tr><td>32</td></tr><tr><td>34</td></tr></tbody></table><h4>Vest Size — Regular</h4><table><thead><tr><th>Size</th><th>Chest (in)</th></tr></thead><tbody><tr><td>XXS</td><td>34R</td></tr><tr><td>XS</td><td>36R</td></tr><tr><td>S</td><td>38R</td></tr><tr><td>M</td><td>40R</td></tr><tr><td>L</td><td>42R</td></tr><tr><td>XL</td><td>44R</td></tr><tr><td>XXL</td><td>46R</td></tr></tbody></table><h4>Vest Size — Big &amp; Tall</h4><table><thead><tr><th>Size</th><th>Chest (in)</th></tr></thead><tbody><tr><td>LT</td><td>46L</td></tr><tr><td>XLT</td><td>48L</td></tr><tr><td>2XLT</td><td>50L</td></tr><tr><td>3XLT</td><td>52L</td></tr><tr><td>4XLT</td><td>54L</td></tr><tr><td>5XLT</td><td>56L</td></tr><tr><td>6XLT</td><td>58L</td></tr></tbody></table><h4>Vest Size — Big</h4><table><thead><tr><th>Size</th><th>Chest (in)</th></tr></thead><tbody><tr><td>1X</td><td>48R</td></tr><tr><td>2X</td><td>50R</td></tr><tr><td>3X</td><td>52R</td></tr><tr><td>4X</td><td>54R</td></tr><tr><td>5X</td><td>56R</td></tr><tr><td>6X</td><td>58R</td></tr></tbody></table></div>",Tommy Hilfiger,Apparel & Accessories > Clothing,Suits,"PrimeStyleAI Demo, PrimeStyleAI Import, Suits, Tuxedos, male, tuxedo, formal, wool-blend, modern-fit, stretch, sustainable, tommy-hilfiger, 2-piece, satin-lapel",TRUE,Color,Navy Solid,Size,40 Short,,,mw-tmw-3by1-10-navy-solid-40-short,0,shopify,100,deny,manual,335.99,479.99,TRUE,TRUE,,,,,FALSE,Mens Tuxedo,"Suave, sustainable, and ready to steal the spotlight. Modern Fit means tailored without the squeeze.",Apparel & Accessories > Clothing,male,adult,,new,TRUE,PrimeStyleAI Demo,,,,,https://res.cloudinary.com/dgvtynla7/image/upload/v1776437494/demo/products/mw_tmw_3by1_10/21-TMW_3BY1_01_TOMMY_HILFIGER_2_PIECE_TUXEDO_NAVY_SOLID_MAIN.jpg,lb,,,active
mw-tmw-3by1-10,Mens Tuxedo,"<p>Suave, sustainable, and ready to steal the spotlight. Modern Fit means tailored without the squeeze.</p>
<p><strong>Material:</strong> 52% Wool, 45% Recycled Polyester, 3% Spandex</p>
<p><strong>Available sizes:</strong> 36, 38, 39, 40, 41, 42, 43, 44, 46, 48, 50, 52, 54, 56, 58, 36 Short, 36 Regular, 38 Short, 38 Regular, 38 Long, 39 Short, 39 Regular, 39 Long, 40 Short, 40 Regular, 40 Long, 41 Short, 41 Regular, 41 Long, 42 Short, 42 Regular, 42 Long, 43 Regular, 43 Long, 44 Short, 44 Regular, 44 Long, 46 Regular, 46 Long, 48 Regular, 48 Long, 50 Regular, 50 Long, 52 Regular, 54 Regular, 56 Regular, 58 Regular</p>
<div class=""primestyle-size-guide""><h3>Size Chart</h3><p>Reference for Suits, 2-Piece Suits, Suit Separate Jackets, Suit Separate Vests, Tuxedos, 3-Piece Suits, Blazers, Dinner Jackets, and Sport Coats.</p><h4>Jacket Size</h4><table><thead><tr><th>Size</th><th>EU</th><th>Chest (in)</th><th>Chest (cm)</th></tr></thead><tbody><tr><td>34</td><td>44</td><td>34</td><td>86</td></tr><tr><td>36</td><td>46</td><td>36</td><td>91</td></tr><tr><td>38</td><td>48</td><td>38</td><td>97</td></tr><tr><td>40</td><td>50</td><td>40</td><td>102</td></tr><tr><td>42</td><td>52</td><td>42</td><td>107</td></tr><tr><td>44</td><td>54</td><td>44</td><td>112</td></tr><tr><td>46</td><td>56</td><td>46</td><td>117</td></tr><tr><td>48</td><td>58</td><td>48</td><td>122</td></tr><tr><td>50</td><td>60</td><td>50</td><td>127</td></tr><tr><td>52</td><td>62</td><td>52</td><td>132</td></tr><tr><td>54</td><td>64</td><td>54</td><td>137</td></tr><tr><td>56</td><td>66</td><td>56</td><td>142</td></tr><tr><td>58</td><td>68</td><td>58</td><td>147</td></tr><tr><td>60</td><td>70</td><td>60</td><td>152</td></tr></tbody></table><h4>Jacket Length</h4><table><thead><tr><th>Size</th><th>Height</th><th>Height (cm)</th></tr></thead><tbody><tr><td>Short</td><td>5&#39;6&quot;-5&#39;8&quot; tall</td><td>170-178</td></tr><tr><td>Regular</td><td>5&#39;8&quot;-6&#39;1&quot; tall</td><td>178-185</td></tr><tr><td>Long</td><td>6&#39;0&quot;-6&#39;3&quot; tall</td><td>183-193</td></tr><tr><td>X Tall</td><td>6&#39;4&quot;-6&#39;6&quot; tall</td><td>195.5-201</td></tr></tbody></table><h4>Suit Pants</h4><table><thead><tr><th>Size</th><th>Waist (in)</th><th>Waist (cm)</th></tr></thead><tbody><tr><td>30</td><td>30</td><td>76</td></tr><tr><td>31</td><td>31</td><td>79</td></tr><tr><td>32</td><td>32</td><td>81</td></tr><tr><td>33</td><td>33</td><td>84</td></tr><tr><td>34</td><td>34</td><td>86</td></tr><tr><td>35</td><td>35</td><td>89</td></tr><tr><td>36</td><td>36</td><td>91</td></tr><tr><td>38</td><td>38</td><td>97</td></tr><tr><td>40</td><td>40</td><td>102</td></tr><tr><td>42</td><td>42</td><td>107</td></tr><tr><td>44</td><td>44</td><td>112</td></tr><tr><td>46</td><td>46</td><td>117</td></tr><tr><td>48</td><td>48</td><td>122</td></tr><tr><td>50</td><td>50</td><td>127</td></tr><tr><td>52</td><td>52</td><td>132</td></tr><tr><td>54</td><td>54</td><td>137</td></tr></tbody></table><h4>Pant Length</h4><table><thead><tr><th>Inseam (in)</th></tr></thead><tbody><tr><td>29</td></tr><tr><td>30</td></tr><tr><td>32</td></tr><tr><td>34</td></tr></tbody></table><h4>Vest Size — Regular</h4><table><thead><tr><th>Size</th><th>Chest (in)</th></tr></thead><tbody><tr><td>XXS</td><td>34R</td></tr><tr><td>XS</td><td>36R</td></tr><tr><td>S</td><td>38R</td></tr><tr><td>M</td><td>40R</td></tr><tr><td>L</td><td>42R</td></tr><tr><td>XL</td><td>44R</td></tr><tr><td>XXL</td><td>46R</td></tr></tbody></table><h4>Vest Size — Big &amp; Tall</h4><table><thead><tr><th>Size</th><th>Chest (in)</th></tr></thead><tbody><tr><td>LT</td><td>46L</td></tr><tr><td>XLT</td><td>48L</td></tr><tr><td>2XLT</td><td>50L</td></tr><tr><td>3XLT</td><td>52L</td></tr><tr><td>4XLT</td><td>54L</td></tr><tr><td>5XLT</td><td>56L</td></tr><tr><td>6XLT</td><td>58L</td></tr></tbody></table><h4>Vest Size — Big</h4><table><thead><tr><th>Size</th><th>Chest (in)</th></tr></thead><tbody><tr><td>1X</td><td>48R</td></tr><tr><td>2X</td><td>50R</td></tr><tr><td>3X</td><td>52R</td></tr><tr><td>4X</td><td>54R</td></tr><tr><td>5X</td><td>56R</td></tr><tr><td>6X</td><td>58R</td></tr></tbody></table></div>",Tommy Hilfiger,Apparel & Accessories > Clothing,Suits,"PrimeStyleAI Demo, PrimeStyleAI Import, Suits, Tuxedos, male, tuxedo, formal, wool-blend, modern-fit, stretch, sustainable, tommy-hilfiger, 2-piece, satin-lapel",TRUE,Color,Navy Solid,Size,40 Regular,,,mw-tmw-3by1-10-navy-solid-40-regular,0,shopify,100,deny,manual,335.99,479.99,TRUE,TRUE,,,,,FALSE,Mens Tuxedo,"Suave, sustainable, and ready to steal the spotlight. Modern Fit means tailored without the squeeze.",Apparel & Accessories > Clothing,male,adult,,new,TRUE,PrimeStyleAI Demo,,,,,https://res.cloudinary.com/dgvtynla7/image/upload/v1776437494/demo/products/mw_tmw_3by1_10/21-TMW_3BY1_01_TOMMY_HILFIGER_2_PIECE_TUXEDO_NAVY_SOLID_MAIN.jpg,lb,,,active
mw-tmw-3by1-10,Mens Tuxedo,"<p>Suave, sustainable, and ready to steal the spotlight. Modern Fit means tailored without the squeeze.</p>
<p><strong>Material:</strong> 52% Wool, 45% Recycled Polyester, 3% Spandex</p>
<p><strong>Available sizes:</strong> 36, 38, 39, 40, 41, 42, 43, 44, 46, 48, 50, 52, 54, 56, 58, 36 Short, 36 Regular, 38 Short, 38 Regular, 38 Long, 39 Short, 39 Regular, 39 Long, 40 Short, 40 Regular, 40 Long, 41 Short, 41 Regular, 41 Long, 42 Short, 42 Regular, 42 Long, 43 Regular, 43 Long, 44 Short, 44 Regular, 44 Long, 46 Regular, 46 Long, 48 Regular, 48 Long, 50 Regular, 50 Long, 52 Regular, 54 Regular, 56 Regular, 58 Regular</p>
<div class=""primestyle-size-guide""><h3>Size Chart</h3><p>Reference for Suits, 2-Piece Suits, Suit Separate Jackets, Suit Separate Vests, Tuxedos, 3-Piece Suits, Blazers, Dinner Jackets, and Sport Coats.</p><h4>Jacket Size</h4><table><thead><tr><th>Size</th><th>EU</th><th>Chest (in)</th><th>Chest (cm)</th></tr></thead><tbody><tr><td>34</td><td>44</td><td>34</td><td>86</td></tr><tr><td>36</td><td>46</td><td>36</td><td>91</td></tr><tr><td>38</td><td>48</td><td>38</td><td>97</td></tr><tr><td>40</td><td>50</td><td>40</td><td>102</td></tr><tr><td>42</td><td>52</td><td>42</td><td>107</td></tr><tr><td>44</td><td>54</td><td>44</td><td>112</td></tr><tr><td>46</td><td>56</td><td>46</td><td>117</td></tr><tr><td>48</td><td>58</td><td>48</td><td>122</td></tr><tr><td>50</td><td>60</td><td>50</td><td>127</td></tr><tr><td>52</td><td>62</td><td>52</td><td>132</td></tr><tr><td>54</td><td>64</td><td>54</td><td>137</td></tr><tr><td>56</td><td>66</td><td>56</td><td>142</td></tr><tr><td>58</td><td>68</td><td>58</td><td>147</td></tr><tr><td>60</td><td>70</td><td>60</td><td>152</td></tr></tbody></table><h4>Jacket Length</h4><table><thead><tr><th>Size</th><th>Height</th><th>Height (cm)</th></tr></thead><tbody><tr><td>Short</td><td>5&#39;6&quot;-5&#39;8&quot; tall</td><td>170-178</td></tr><tr><td>Regular</td><td>5&#39;8&quot;-6&#39;1&quot; tall</td><td>178-185</td></tr><tr><td>Long</td><td>6&#39;0&quot;-6&#39;3&quot; tall</td><td>183-193</td></tr><tr><td>X Tall</td><td>6&#39;4&quot;-6&#39;6&quot; tall</td><td>195.5-201</td></tr></tbody></table><h4>Suit Pants</h4><table><thead><tr><th>Size</th><th>Waist (in)</th><th>Waist (cm)</th></tr></thead><tbody><tr><td>30</td><td>30</td><td>76</td></tr><tr><td>31</td><td>31</td><td>79</td></tr><tr><td>32</td><td>32</td><td>81</td></tr><tr><td>33</td><td>33</td><td>84</td></tr><tr><td>34</td><td>34</td><td>86</td></tr><tr><td>35</td><td>35</td><td>89</td></tr><tr><td>36</td><td>36</td><td>91</td></tr><tr><td>38</td><td>38</td><td>97</td></tr><tr><td>40</td><td>40</td><td>102</td></tr><tr><td>42</td><td>42</td><td>107</td></tr><tr><td>44</td><td>44</td><td>112</td></tr><tr><td>46</td><td>46</td><td>117</td></tr><tr><td>48</td><td>48</td><td>122</td></tr><tr><td>50</td><td>50</td><td>127</td></tr><tr><td>52</td><td>52</td><td>132</td></tr><tr><td>54</td><td>54</td><td>137</td></tr></tbody></table><h4>Pant Length</h4><table><thead><tr><th>Inseam (in)</th></tr></thead><tbody><tr><td>29</td></tr><tr><td>30</td></tr><tr><td>32</td></tr><tr><td>34</td></tr></tbody></table><h4>Vest Size — Regular</h4><table><thead><tr><th>Size</th><th>Chest (in)</th></tr></thead><tbody><tr><td>XXS</td><td>34R</td></tr><tr><td>XS</td><td>36R</td></tr><tr><td>S</td><td>38R</td></tr><tr><td>M</td><td>40R</td></tr><tr><td>L</td><td>42R</td></tr><tr><td>XL</td><td>44R</td></tr><tr><td>XXL</td><td>46R</td></tr></tbody></table><h4>Vest Size — Big &amp; Tall</h4><table><thead><tr><th>Size</th><th>Chest (in)</th></tr></thead><tbody><tr><td>LT</td><td>46L</td></tr><tr><td>XLT</td><td>48L</td></tr><tr><td>2XLT</td><td>50L</td></tr><tr><td>3XLT</td><td>52L</td></tr><tr><td>4XLT</td><td>54L</td></tr><tr><td>5XLT</td><td>56L</td></tr><tr><td>6XLT</td><td>58L</td></tr></tbody></table><h4>Vest Size — Big</h4><table><thead><tr><th>Size</th><th>Chest (in)</th></tr></thead><tbody><tr><td>1X</td><td>48R</td></tr><tr><td>2X</td><td>50R</td></tr><tr><td>3X</td><td>52R</td></tr><tr><td>4X</td><td>54R</td></tr><tr><td>5X</td><td>56R</td></tr><tr><td>6X</td><td>58R</td></tr></tbody></table></div>",Tommy Hilfiger,Apparel & Accessories > Clothing,Suits,"PrimeStyleAI Demo, PrimeStyleAI Import, Suits, Tuxedos, male, tuxedo, formal, wool-blend, modern-fit, stretch, sustainable, tommy-hilfiger, 2-piece, satin-lapel",TRUE,Color,Navy Solid,Size,40 Long,,,mw-tmw-3by1-10-navy-solid-40-long,0,shopify,100,deny,manual,335.99,479.99,TRUE,TRUE,,,,,FALSE,Mens Tuxedo,"Suave, sustainable, and ready to steal the spotlight. Modern Fit means tailored without the squeeze.",Apparel & Accessories > Clothing,male,adult,,new,TRUE,PrimeStyleAI Demo,,,,,https://res.cloudinary.com/dgvtynla7/image/upload/v1776437494/demo/products/mw_tmw_3by1_10/21-TMW_3BY1_01_TOMMY_HILFIGER_2_PIECE_TUXEDO_NAVY_SOLID_MAIN.jpg,lb,,,active
mw-tmw-3by1-10,Mens Tuxedo,"<p>Suave, sustainable, and ready to steal the spotlight. Modern Fit means tailored without the squeeze.</p>
<p><strong>Material:</strong> 52% Wool, 45% Recycled Polyester, 3% Spandex</p>
<p><strong>Available sizes:</strong> 36, 38, 39, 40, 41, 42, 43, 44, 46, 48, 50, 52, 54, 56, 58, 36 Short, 36 Regular, 38 Short, 38 Regular, 38 Long, 39 Short, 39 Regular, 39 Long, 40 Short, 40 Regular, 40 Long, 41 Short, 41 Regular, 41 Long, 42 Short, 42 Regular, 42 Long, 43 Regular, 43 Long, 44 Short, 44 Regular, 44 Long, 46 Regular, 46 Long, 48 Regular, 48 Long, 50 Regular, 50 Long, 52 Regular, 54 Regular, 56 Regular, 58 Regular</p>
<div class=""primestyle-size-guide""><h3>Size Chart</h3><p>Reference for Suits, 2-Piece Suits, Suit Separate Jackets, Suit Separate Vests, Tuxedos, 3-Piece Suits, Blazers, Dinner Jackets, and Sport Coats.</p><h4>Jacket Size</h4><table><thead><tr><th>Size</th><th>EU</th><th>Chest (in)</th><th>Chest (cm)</th></tr></thead><tbody><tr><td>34</td><td>44</td><td>34</td><td>86</td></tr><tr><td>36</td><td>46</td><td>36</td><td>91</td></tr><tr><td>38</td><td>48</td><td>38</td><td>97</td></tr><tr><td>40</td><td>50</td><td>40</td><td>102</td></tr><tr><td>42</td><td>52</td><td>42</td><td>107</td></tr><tr><td>44</td><td>54</td><td>44</td><td>112</td></tr><tr><td>46</td><td>56</td><td>46</td><td>117</td></tr><tr><td>48</td><td>58</td><td>48</td><td>122</td></tr><tr><td>50</td><td>60</td><td>50</td><td>127</td></tr><tr><td>52</td><td>62</td><td>52</td><td>132</td></tr><tr><td>54</td><td>64</td><td>54</td><td>137</td></tr><tr><td>56</td><td>66</td><td>56</td><td>142</td></tr><tr><td>58</td><td>68</td><td>58</td><td>147</td></tr><tr><td>60</td><td>70</td><td>60</td><td>152</td></tr></tbody></table><h4>Jacket Length</h4><table><thead><tr><th>Size</th><th>Height</th><th>Height (cm)</th></tr></thead><tbody><tr><td>Short</td><td>5&#39;6&quot;-5&#39;8&quot; tall</td><td>170-178</td></tr><tr><td>Regular</td><td>5&#39;8&quot;-6&#39;1&quot; tall</td><td>178-185</td></tr><tr><td>Long</td><td>6&#39;0&quot;-6&#39;3&quot; tall</td><td>183-193</td></tr><tr><td>X Tall</td><td>6&#39;4&quot;-6&#39;6&quot; tall</td><td>195.5-201</td></tr></tbody></table><h4>Suit Pants</h4><table><thead><tr><th>Size</th><th>Waist (in)</th><th>Waist (cm)</th></tr></thead><tbody><tr><td>30</td><td>30</td><td>76</td></tr><tr><td>31</td><td>31</td><td>79</td></tr><tr><td>32</td><td>32</td><td>81</td></tr><tr><td>33</td><td>33</td><td>84</td></tr><tr><td>34</td><td>34</td><td>86</td></tr><tr><td>35</td><td>35</td><td>89</td></tr><tr><td>36</td><td>36</td><td>91</td></tr><tr><td>38</td><td>38</td><td>97</td></tr><tr><td>40</td><td>40</td><td>102</td></tr><tr><td>42</td><td>42</td><td>107</td></tr><tr><td>44</td><td>44</td><td>112</td></tr><tr><td>46</td><td>46</td><td>117</td></tr><tr><td>48</td><td>48</td><td>122</td></tr><tr><td>50</td><td>50</td><td>127</td></tr><tr><td>52</td><td>52</td><td>132</td></tr><tr><td>54</td><td>54</td><td>137</td></tr></tbody></table><h4>Pant Length</h4><table><thead><tr><th>Inseam (in)</th></tr></thead><tbody><tr><td>29</td></tr><tr><td>30</td></tr><tr><td>32</td></tr><tr><td>34</td></tr></tbody></table><h4>Vest Size — Regular</h4><table><thead><tr><th>Size</th><th>Chest (in)</th></tr></thead><tbody><tr><td>XXS</td><td>34R</td></tr><tr><td>XS</td><td>36R</td></tr><tr><td>S</td><td>38R</td></tr><tr><td>M</td><td>40R</td></tr><tr><td>L</td><td>42R</td></tr><tr><td>XL</td><td>44R</td></tr><tr><td>XXL</td><td>46R</td></tr></tbody></table><h4>Vest Size — Big &amp; Tall</h4><table><thead><tr><th>Size</th><th>Chest (in)</th></tr></thead><tbody><tr><td>LT</td><td>46L</td></tr><tr><td>XLT</td><td>48L</td></tr><tr><td>2XLT</td><td>50L</td></tr><tr><td>3XLT</td><td>52L</td></tr><tr><td>4XLT</td><td>54L</td></tr><tr><td>5XLT</td><td>56L</td></tr><tr><td>6XLT</td><td>58L</td></tr></tbody></table><h4>Vest Size — Big</h4><table><thead><tr><th>Size</th><th>Chest (in)</th></tr></thead><tbody><tr><td>1X</td><td>48R</td></tr><tr><td>2X</td><td>50R</td></tr><tr><td>3X</td><td>52R</td></tr><tr><td>4X</td><td>54R</td></tr><tr><td>5X</td><td>56R</td></tr><tr><td>6X</td><td>58R</td></tr></tbody></table></div>",Tommy Hilfiger,Apparel & Accessories > Clothing,Suits,"PrimeStyleAI Demo, PrimeStyleAI Import, Suits, Tuxedos, male, tuxedo, formal, wool-blend, modern-fit, stretch, sustainable, tommy-hilfiger, 2-piece, satin-lapel",TRUE,Color,Navy Solid,Size,42 Short,,,mw-tmw-3by1-10-navy-solid-42-short,0,shopify,100,deny,manual,335.99,479.99,TRUE,TRUE,,,,,FALSE,Mens Tuxedo,"Suave, sustainable, and ready to steal the spotlight. Modern Fit means tailored without the squeeze.",Apparel & Accessories > Clothing,male,adult,,new,TRUE,PrimeStyleAI Demo,,,,,https://res.cloudinary.com/dgvtynla7/image/upload/v1776437494/demo/products/mw_tmw_3by1_10/21-TMW_3BY1_01_TOMMY_HILFIGER_2_PIECE_TUXEDO_NAVY_SOLID_MAIN.jpg,lb,,,active
mw-tmw-3by1-10,Mens Tuxedo,"<p>Suave, sustainable, and ready to steal the spotlight. Modern Fit means tailored without the squeeze.</p>
<p><strong>Material:</strong> 52% Wool, 45% Recycled Polyester, 3% Spandex</p>
<p><strong>Available sizes:</strong> 36, 38, 39, 40, 41, 42, 43, 44, 46, 48, 50, 52, 54, 56, 58, 36 Short, 36 Regular, 38 Short, 38 Regular, 38 Long, 39 Short, 39 Regular, 39 Long, 40 Short, 40 Regular, 40 Long, 41 Short, 41 Regular, 41 Long, 42 Short, 42 Regular, 42 Long, 43 Regular, 43 Long, 44 Short, 44 Regular, 44 Long, 46 Regular, 46 Long, 48 Regular, 48 Long, 50 Regular, 50 Long, 52 Regular, 54 Regular, 56 Regular, 58 Regular</p>
<div class=""primestyle-size-guide""><h3>Size Chart</h3><p>Reference for Suits, 2-Piece Suits, Suit Separate Jackets, Suit Separate Vests, Tuxedos, 3-Piece Suits, Blazers, Dinner Jackets, and Sport Coats.</p><h4>Jacket Size</h4><table><thead><tr><th>Size</th><th>EU</th><th>Chest (in)</th><th>Chest (cm)</th></tr></thead><tbody><tr><td>34</td><td>44</td><td>34</td><td>86</td></tr><tr><td>36</td><td>46</td><td>36</td><td>91</td></tr><tr><td>38</td><td>48</td><td>38</td><td>97</td></tr><tr><td>40</td><td>50</td><td>40</td><td>102</td></tr><tr><td>42</td><td>52</td><td>42</td><td>107</td></tr><tr><td>44</td><td>54</td><td>44</td><td>112</td></tr><tr><td>46</td><td>56</td><td>46</td><td>117</td></tr><tr><td>48</td><td>58</td><td>48</td><td>122</td></tr><tr><td>50</td><td>60</td><td>50</td><td>127</td></tr><tr><td>52</td><td>62</td><td>52</td><td>132</td></tr><tr><td>54</td><td>64</td><td>54</td><td>137</td></tr><tr><td>56</td><td>66</td><td>56</td><td>142</td></tr><tr><td>58</td><td>68</td><td>58</td><td>147</td></tr><tr><td>60</td><td>70</td><td>60</td><td>152</td></tr></tbody></table><h4>Jacket Length</h4><table><thead><tr><th>Size</th><th>Height</th><th>Height (cm)</th></tr></thead><tbody><tr><td>Short</td><td>5&#39;6&quot;-5&#39;8&quot; tall</td><td>170-178</td></tr><tr><td>Regular</td><td>5&#39;8&quot;-6&#39;1&quot; tall</td><td>178-185</td></tr><tr><td>Long</td><td>6&#39;0&quot;-6&#39;3&quot; tall</td><td>183-193</td></tr><tr><td>X Tall</td><td>6&#39;4&quot;-6&#39;6&quot; tall</td><td>195.5-201</td></tr></tbody></table><h4>Suit Pants</h4><table><thead><tr><th>Size</th><th>Waist (in)</th><th>Waist (cm)</th></tr></thead><tbody><tr><td>30</td><td>30</td><td>76</td></tr><tr><td>31</td><td>31</td><td>79</td></tr><tr><td>32</td><td>32</td><td>81</td></tr><tr><td>33</td><td>33</td><td>84</td></tr><tr><td>34</td><td>34</td><td>86</td></tr><tr><td>35</td><td>35</td><td>89</td></tr><tr><td>36</td><td>36</td><td>91</td></tr><tr><td>38</td><td>38</td><td>97</td></tr><tr><td>40</td><td>40</td><td>102</td></tr><tr><td>42</td><td>42</td><td>107</td></tr><tr><td>44</td><td>44</td><td>112</td></tr><tr><td>46</td><td>46</td><td>117</td></tr><tr><td>48</td><td>48</td><td>122</td></tr><tr><td>50</td><td>50</td><td>127</td></tr><tr><td>52</td><td>52</td><td>132</td></tr><tr><td>54</td><td>54</td><td>137</td></tr></tbody></table><h4>Pant Length</h4><table><thead><tr><th>Inseam (in)</th></tr></thead><tbody><tr><td>29</td></tr><tr><td>30</td></tr><tr><td>32</td></tr><tr><td>34</td></tr></tbody></table><h4>Vest Size — Regular</h4><table><thead><tr><th>Size</th><th>Chest (in)</th></tr></thead><tbody><tr><td>XXS</td><td>34R</td></tr><tr><td>XS</td><td>36R</td></tr><tr><td>S</td><td>38R</td></tr><tr><td>M</td><td>40R</td></tr><tr><td>L</td><td>42R</td></tr><tr><td>XL</td><td>44R</td></tr><tr><td>XXL</td><td>46R</td></tr></tbody></table><h4>Vest Size — Big &amp; Tall</h4><table><thead><tr><th>Size</th><th>Chest (in)</th></tr></thead><tbody><tr><td>LT</td><td>46L</td></tr><tr><td>XLT</td><td>48L</td></tr><tr><td>2XLT</td><td>50L</td></tr><tr><td>3XLT</td><td>52L</td></tr><tr><td>4XLT</td><td>54L</td></tr><tr><td>5XLT</td><td>56L</td></tr><tr><td>6XLT</td><td>58L</td></tr></tbody></table><h4>Vest Size — Big</h4><table><thead><tr><th>Size</th><th>Chest (in)</th></tr></thead><tbody><tr><td>1X</td><td>48R</td></tr><tr><td>2X</td><td>50R</td></tr><tr><td>3X</td><td>52R</td></tr><tr><td>4X</td><td>54R</td></tr><tr><td>5X</td><td>56R</td></tr><tr><td>6X</td><td>58R</td></tr></tbody></table></div>",Tommy Hilfiger,Apparel & Accessories > Clothing,Suits,"PrimeStyleAI Demo, PrimeStyleAI Import, Suits, Tuxedos, male, tuxedo, formal, wool-blend, modern-fit, stretch, sustainable, tommy-hilfiger, 2-piece, satin-lapel",TRUE,Color,Navy Solid,Size,42 Regular,,,mw-tmw-3by1-10-navy-solid-42-regular,0,shopify,100,deny,manual,335.99,479.99,TRUE,TRUE,,,,,FALSE,Mens Tuxedo,"Suave, sustainable, and ready to steal the spotlight. Modern Fit means tailored without the squeeze.",Apparel & Accessories > Clothing,male,adult,,new,TRUE,PrimeStyleAI Demo,,,,,https://res.cloudinary.com/dgvtynla7/image/upload/v1776437494/demo/products/mw_tmw_3by1_10/21-TMW_3BY1_01_TOMMY_HILFIGER_2_PIECE_TUXEDO_NAVY_SOLID_MAIN.jpg,lb,,,active
mw-tmw-3by1-10,Mens Tuxedo,"<p>Suave, sustainable, and ready to steal the spotlight. Modern Fit means tailored without the squeeze.</p>
<p><strong>Material:</strong> 52% Wool, 45% Recycled Polyester, 3% Spandex</p>
<p><strong>Available sizes:</strong> 36, 38, 39, 40, 41, 42, 43, 44, 46, 48, 50, 52, 54, 56, 58, 36 Short, 36 Regular, 38 Short, 38 Regular, 38 Long, 39 Short, 39 Regular, 39 Long, 40 Short, 40 Regular, 40 Long, 41 Short, 41 Regular, 41 Long, 42 Short, 42 Regular, 42 Long, 43 Regular, 43 Long, 44 Short, 44 Regular, 44 Long, 46 Regular, 46 Long, 48 Regular, 48 Long, 50 Regular, 50 Long, 52 Regular, 54 Regular, 56 Regular, 58 Regular</p>
<div class=""primestyle-size-guide""><h3>Size Chart</h3><p>Reference for Suits, 2-Piece Suits, Suit Separate Jackets, Suit Separate Vests, Tuxedos, 3-Piece Suits, Blazers, Dinner Jackets, and Sport Coats.</p><h4>Jacket Size</h4><table><thead><tr><th>Size</th><th>EU</th><th>Chest (in)</th><th>Chest (cm)</th></tr></thead><tbody><tr><td>34</td><td>44</td><td>34</td><td>86</td></tr><tr><td>36</td><td>46</td><td>36</td><td>91</td></tr><tr><td>38</td><td>48</td><td>38</td><td>97</td></tr><tr><td>40</td><td>50</td><td>40</td><td>102</td></tr><tr><td>42</td><td>52</td><td>42</td><td>107</td></tr><tr><td>44</td><td>54</td><td>44</td><td>112</td></tr><tr><td>46</td><td>56</td><td>46</td><td>117</td></tr><tr><td>48</td><td>58</td><td>48</td><td>122</td></tr><tr><td>50</td><td>60</td><td>50</td><td>127</td></tr><tr><td>52</td><td>62</td><td>52</td><td>132</td></tr><tr><td>54</td><td>64</td><td>54</td><td>137</td></tr><tr><td>56</td><td>66</td><td>56</td><td>142</td></tr><tr><td>58</td><td>68</td><td>58</td><td>147</td></tr><tr><td>60</td><td>70</td><td>60</td><td>152</td></tr></tbody></table><h4>Jacket Length</h4><table><thead><tr><th>Size</th><th>Height</th><th>Height (cm)</th></tr></thead><tbody><tr><td>Short</td><td>5&#39;6&quot;-5&#39;8&quot; tall</td><td>170-178</td></tr><tr><td>Regular</td><td>5&#39;8&quot;-6&#39;1&quot; tall</td><td>178-185</td></tr><tr><td>Long</td><td>6&#39;0&quot;-6&#39;3&quot; tall</td><td>183-193</td></tr><tr><td>X Tall</td><td>6&#39;4&quot;-6&#39;6&quot; tall</td><td>195.5-201</td></tr></tbody></table><h4>Suit Pants</h4><table><thead><tr><th>Size</th><th>Waist (in)</th><th>Waist (cm)</th></tr></thead><tbody><tr><td>30</td><td>30</td><td>76</td></tr><tr><td>31</td><td>31</td><td>79</td></tr><tr><td>32</td><td>32</td><td>81</td></tr><tr><td>33</td><td>33</td><td>84</td></tr><tr><td>34</td><td>34</td><td>86</td></tr><tr><td>35</td><td>35</td><td>89</td></tr><tr><td>36</td><td>36</td><td>91</td></tr><tr><td>38</td><td>38</td><td>97</td></tr><tr><td>40</td><td>40</td><td>102</td></tr><tr><td>42</td><td>42</td><td>107</td></tr><tr><td>44</td><td>44</td><td>112</td></tr><tr><td>46</td><td>46</td><td>117</td></tr><tr><td>48</td><td>48</td><td>122</td></tr><tr><td>50</td><td>50</td><td>127</td></tr><tr><td>52</td><td>52</td><td>132</td></tr><tr><td>54</td><td>54</td><td>137</td></tr></tbody></table><h4>Pant Length</h4><table><thead><tr><th>Inseam (in)</th></tr></thead><tbody><tr><td>29</td></tr><tr><td>30</td></tr><tr><td>32</td></tr><tr><td>34</td></tr></tbody></table><h4>Vest Size — Regular</h4><table><thead><tr><th>Size</th><th>Chest (in)</th></tr></thead><tbody><tr><td>XXS</td><td>34R</td></tr><tr><td>XS</td><td>36R</td></tr><tr><td>S</td><td>38R</td></tr><tr><td>M</td><td>40R</td></tr><tr><td>L</td><td>42R</td></tr><tr><td>XL</td><td>44R</td></tr><tr><td>XXL</td><td>46R</td></tr></tbody></table><h4>Vest Size — Big &amp; Tall</h4><table><thead><tr><th>Size</th><th>Chest (in)</th></tr></thead><tbody><tr><td>LT</td><td>46L</td></tr><tr><td>XLT</td><td>48L</td></tr><tr><td>2XLT</td><td>50L</td></tr><tr><td>3XLT</td><td>52L</td></tr><tr><td>4XLT</td><td>54L</td></tr><tr><td>5XLT</td><td>56L</td></tr><tr><td>6XLT</td><td>58L</td></tr></tbody></table><h4>Vest Size — Big</h4><table><thead><tr><th>Size</th><th>Chest (in)</th></tr></thead><tbody><tr><td>1X</td><td>48R</td></tr><tr><td>2X</td><td>50R</td></tr><tr><td>3X</td><td>52R</td></tr><tr><td>4X</td><td>54R</td></tr><tr><td>5X</td><td>56R</td></tr><tr><td>6X</td><td>58R</td></tr></tbody></table></div>",Tommy Hilfiger,Apparel & Accessories > Clothing,Suits,"PrimeStyleAI Demo, PrimeStyleAI Import, Suits, Tuxedos, male, tuxedo, formal, wool-blend, modern-fit, stretch, sustainable, tommy-hilfiger, 2-piece, satin-lapel",TRUE,Color,Navy Solid,Size,42 Long,,,mw-tmw-3by1-10-navy-solid-42-long,0,shopify,100,deny,manual,335.99,479.99,TRUE,TRUE,,,,,FALSE,Mens Tuxedo,"Suave, sustainable, and ready to steal the spotlight. Modern Fit means tailored without the squeeze.",Apparel & Accessories > Clothing,male,adult,,new,TRUE,PrimeStyleAI Demo,,,,,https://res.cloudinary.com/dgvtynla7/image/upload/v1776437494/demo/products/mw_tmw_3by1_10/21-TMW_3BY1_01_TOMMY_HILFIGER_2_PIECE_TUXEDO_NAVY_SOLID_MAIN.jpg,lb,,,active
mw-tmw-3by1-10,Mens Tuxedo,"<p>Suave, sustainable, and ready to steal the spotlight. Modern Fit means tailored without the squeeze.</p>
<p><strong>Material:</strong> 52% Wool, 45% Recycled Polyester, 3% Spandex</p>
<p><strong>Available sizes:</strong> 36, 38, 39, 40, 41, 42, 43, 44, 46, 48, 50, 52, 54, 56, 58, 36 Short, 36 Regular, 38 Short, 38 Regular, 38 Long, 39 Short, 39 Regular, 39 Long, 40 Short, 40 Regular, 40 Long, 41 Short, 41 Regular, 41 Long, 42 Short, 42 Regular, 42 Long, 43 Regular, 43 Long, 44 Short, 44 Regular, 44 Long, 46 Regular, 46 Long, 48 Regular, 48 Long, 50 Regular, 50 Long, 52 Regular, 54 Regular, 56 Regular, 58 Regular</p>
<div class=""primestyle-size-guide""><h3>Size Chart</h3><p>Reference for Suits, 2-Piece Suits, Suit Separate Jackets, Suit Separate Vests, Tuxedos, 3-Piece Suits, Blazers, Dinner Jackets, and Sport Coats.</p><h4>Jacket Size</h4><table><thead><tr><th>Size</th><th>EU</th><th>Chest (in)</th><th>Chest (cm)</th></tr></thead><tbody><tr><td>34</td><td>44</td><td>34</td><td>86</td></tr><tr><td>36</td><td>46</td><td>36</td><td>91</td></tr><tr><td>38</td><td>48</td><td>38</td><td>97</td></tr><tr><td>40</td><td>50</td><td>40</td><td>102</td></tr><tr><td>42</td><td>52</td><td>42</td><td>107</td></tr><tr><td>44</td><td>54</td><td>44</td><td>112</td></tr><tr><td>46</td><td>56</td><td>46</td><td>117</td></tr><tr><td>48</td><td>58</td><td>48</td><td>122</td></tr><tr><td>50</td><td>60</td><td>50</td><td>127</td></tr><tr><td>52</td><td>62</td><td>52</td><td>132</td></tr><tr><td>54</td><td>64</td><td>54</td><td>137</td></tr><tr><td>56</td><td>66</td><td>56</td><td>142</td></tr><tr><td>58</td><td>68</td><td>58</td><td>147</td></tr><tr><td>60</td><td>70</td><td>60</td><td>152</td></tr></tbody></table><h4>Jacket Length</h4><table><thead><tr><th>Size</th><th>Height</th><th>Height (cm)</th></tr></thead><tbody><tr><td>Short</td><td>5&#39;6&quot;-5&#39;8&quot; tall</td><td>170-178</td></tr><tr><td>Regular</td><td>5&#39;8&quot;-6&#39;1&quot; tall</td><td>178-185</td></tr><tr><td>Long</td><td>6&#39;0&quot;-6&#39;3&quot; tall</td><td>183-193</td></tr><tr><td>X Tall</td><td>6&#39;4&quot;-6&#39;6&quot; tall</td><td>195.5-201</td></tr></tbody></table><h4>Suit Pants</h4><table><thead><tr><th>Size</th><th>Waist (in)</th><th>Waist (cm)</th></tr></thead><tbody><tr><td>30</td><td>30</td><td>76</td></tr><tr><td>31</td><td>31</td><td>79</td></tr><tr><td>32</td><td>32</td><td>81</td></tr><tr><td>33</td><td>33</td><td>84</td></tr><tr><td>34</td><td>34</td><td>86</td></tr><tr><td>35</td><td>35</td><td>89</td></tr><tr><td>36</td><td>36</td><td>91</td></tr><tr><td>38</td><td>38</td><td>97</td></tr><tr><td>40</td><td>40</td><td>102</td></tr><tr><td>42</td><td>42</td><td>107</td></tr><tr><td>44</td><td>44</td><td>112</td></tr><tr><td>46</td><td>46</td><td>117</td></tr><tr><td>48</td><td>48</td><td>122</td></tr><tr><td>50</td><td>50</td><td>127</td></tr><tr><td>52</td><td>52</td><td>132</td></tr><tr><td>54</td><td>54</td><td>137</td></tr></tbody></table><h4>Pant Length</h4><table><thead><tr><th>Inseam (in)</th></tr></thead><tbody><tr><td>29</td></tr><tr><td>30</td></tr><tr><td>32</td></tr><tr><td>34</td></tr></tbody></table><h4>Vest Size — Regular</h4><table><thead><tr><th>Size</th><th>Chest (in)</th></tr></thead><tbody><tr><td>XXS</td><td>34R</td></tr><tr><td>XS</td><td>36R</td></tr><tr><td>S</td><td>38R</td></tr><tr><td>M</td><td>40R</td></tr><tr><td>L</td><td>42R</td></tr><tr><td>XL</td><td>44R</td></tr><tr><td>XXL</td><td>46R</td></tr></tbody></table><h4>Vest Size — Big &amp; Tall</h4><table><thead><tr><th>Size</th><th>Chest (in)</th></tr></thead><tbody><tr><td>LT</td><td>46L</td></tr><tr><td>XLT</td><td>48L</td></tr><tr><td>2XLT</td><td>50L</td></tr><tr><td>3XLT</td><td>52L</td></tr><tr><td>4XLT</td><td>54L</td></tr><tr><td>5XLT</td><td>56L</td></tr><tr><td>6XLT</td><td>58L</td></tr></tbody></table><h4>Vest Size — Big</h4><table><thead><tr><th>Size</th><th>Chest (in)</th></tr></thead><tbody><tr><td>1X</td><td>48R</td></tr><tr><td>2X</td><td>50R</td></tr><tr><td>3X</td><td>52R</td></tr><tr><td>4X</td><td>54R</td></tr><tr><td>5X</td><td>56R</td></tr><tr><td>6X</td><td>58R</td></tr></tbody></table></div>",Tommy Hilfiger,Apparel & Accessories > Clothing,Suits,"PrimeStyleAI Demo, PrimeStyleAI Import, Suits, Tuxedos, male, tuxedo, formal, wool-blend, modern-fit, stretch, sustainable, tommy-hilfiger, 2-piece, satin-lapel",TRUE,Color,Navy Solid,Size,44 Short,,,mw-tmw-3by1-10-navy-solid-44-short,0,shopify,100,deny,manual,335.99,479.99,TRUE,TRUE,,,,,FALSE,Mens Tuxedo,"Suave, sustainable, and ready to steal the spotlight. Modern Fit means tailored without the squeeze.",Apparel & Accessories > Clothing,male,adult,,new,TRUE,PrimeStyleAI Demo,,,,,https://res.cloudinary.com/dgvtynla7/image/upload/v1776437494/demo/products/mw_tmw_3by1_10/21-TMW_3BY1_01_TOMMY_HILFIGER_2_PIECE_TUXEDO_NAVY_SOLID_MAIN.jpg,lb,,,active
mw-tmw-3by1-10,Mens Tuxedo,"<p>Suave, sustainable, and ready to steal the spotlight. Modern Fit means tailored without the squeeze.</p>
<p><strong>Material:</strong> 52% Wool, 45% Recycled Polyester, 3% Spandex</p>
<p><strong>Available sizes:</strong> 36, 38, 39, 40, 41, 42, 43, 44, 46, 48, 50, 52, 54, 56, 58, 36 Short, 36 Regular, 38 Short, 38 Regular, 38 Long, 39 Short, 39 Regular, 39 Long, 40 Short, 40 Regular, 40 Long, 41 Short, 41 Regular, 41 Long, 42 Short, 42 Regular, 42 Long, 43 Regular, 43 Long, 44 Short, 44 Regular, 44 Long, 46 Regular, 46 Long, 48 Regular, 48 Long, 50 Regular, 50 Long, 52 Regular, 54 Regular, 56 Regular, 58 Regular</p>
<div class=""primestyle-size-guide""><h3>Size Chart</h3><p>Reference for Suits, 2-Piece Suits, Suit Separate Jackets, Suit Separate Vests, Tuxedos, 3-Piece Suits, Blazers, Dinner Jackets, and Sport Coats.</p><h4>Jacket Size</h4><table><thead><tr><th>Size</th><th>EU</th><th>Chest (in)</th><th>Chest (cm)</th></tr></thead><tbody><tr><td>34</td><td>44</td><td>34</td><td>86</td></tr><tr><td>36</td><td>46</td><td>36</td><td>91</td></tr><tr><td>38</td><td>48</td><td>38</td><td>97</td></tr><tr><td>40</td><td>50</td><td>40</td><td>102</td></tr><tr><td>42</td><td>52</td><td>42</td><td>107</td></tr><tr><td>44</td><td>54</td><td>44</td><td>112</td></tr><tr><td>46</td><td>56</td><td>46</td><td>117</td></tr><tr><td>48</td><td>58</td><td>48</td><td>122</td></tr><tr><td>50</td><td>60</td><td>50</td><td>127</td></tr><tr><td>52</td><td>62</td><td>52</td><td>132</td></tr><tr><td>54</td><td>64</td><td>54</td><td>137</td></tr><tr><td>56</td><td>66</td><td>56</td><td>142</td></tr><tr><td>58</td><td>68</td><td>58</td><td>147</td></tr><tr><td>60</td><td>70</td><td>60</td><td>152</td></tr></tbody></table><h4>Jacket Length</h4><table><thead><tr><th>Size</th><th>Height</th><th>Height (cm)</th></tr></thead><tbody><tr><td>Short</td><td>5&#39;6&quot;-5&#39;8&quot; tall</td><td>170-178</td></tr><tr><td>Regular</td><td>5&#39;8&quot;-6&#39;1&quot; tall</td><td>178-185</td></tr><tr><td>Long</td><td>6&#39;0&quot;-6&#39;3&quot; tall</td><td>183-193</td></tr><tr><td>X Tall</td><td>6&#39;4&quot;-6&#39;6&quot; tall</td><td>195.5-201</td></tr></tbody></table><h4>Suit Pants</h4><table><thead><tr><th>Size</th><th>Waist (in)</th><th>Waist (cm)</th></tr></thead><tbody><tr><td>30</td><td>30</td><td>76</td></tr><tr><td>31</td><td>31</td><td>79</td></tr><tr><td>32</td><td>32</td><td>81</td></tr><tr><td>33</td><td>33</td><td>84</td></tr><tr><td>34</td><td>34</td><td>86</td></tr><tr><td>35</td><td>35</td><td>89</td></tr><tr><td>36</td><td>36</td><td>91</td></tr><tr><td>38</td><td>38</td><td>97</td></tr><tr><td>40</td><td>40</td><td>102</td></tr><tr><td>42</td><td>42</td><td>107</td></tr><tr><td>44</td><td>44</td><td>112</td></tr><tr><td>46</td><td>46</td><td>117</td></tr><tr><td>48</td><td>48</td><td>122</td></tr><tr><td>50</td><td>50</td><td>127</td></tr><tr><td>52</td><td>52</td><td>132</td></tr><tr><td>54</td><td>54</td><td>137</td></tr></tbody></table><h4>Pant Length</h4><table><thead><tr><th>Inseam (in)</th></tr></thead><tbody><tr><td>29</td></tr><tr><td>30</td></tr><tr><td>32</td></tr><tr><td>34</td></tr></tbody></table><h4>Vest Size — Regular</h4><table><thead><tr><th>Size</th><th>Chest (in)</th></tr></thead><tbody><tr><td>XXS</td><td>34R</td></tr><tr><td>XS</td><td>36R</td></tr><tr><td>S</td><td>38R</td></tr><tr><td>M</td><td>40R</td></tr><tr><td>L</td><td>42R</td></tr><tr><td>XL</td><td>44R</td></tr><tr><td>XXL</td><td>46R</td></tr></tbody></table><h4>Vest Size — Big &amp; Tall</h4><table><thead><tr><th>Size</th><th>Chest (in)</th></tr></thead><tbody><tr><td>LT</td><td>46L</td></tr><tr><td>XLT</td><td>48L</td></tr><tr><td>2XLT</td><td>50L</td></tr><tr><td>3XLT</td><td>52L</td></tr><tr><td>4XLT</td><td>54L</td></tr><tr><td>5XLT</td><td>56L</td></tr><tr><td>6XLT</td><td>58L</td></tr></tbody></table><h4>Vest Size — Big</h4><table><thead><tr><th>Size</th><th>Chest (in)</th></tr></thead><tbody><tr><td>1X</td><td>48R</td></tr><tr><td>2X</td><td>50R</td></tr><tr><td>3X</td><td>52R</td></tr><tr><td>4X</td><td>54R</td></tr><tr><td>5X</td><td>56R</td></tr><tr><td>6X</td><td>58R</td></tr></tbody></table></div>",Tommy Hilfiger,Apparel & Accessories > Clothing,Suits,"PrimeStyleAI Demo, PrimeStyleAI Import, Suits, Tuxedos, male, tuxedo, formal, wool-blend, modern-fit, stretch, sustainable, tommy-hilfiger, 2-piece, satin-lapel",TRUE,Color,Navy Solid,Size,44 Regular,,,mw-tmw-3by1-10-navy-solid-44-regular,0,shopify,100,deny,manual,335.99,479.99,TRUE,TRUE,,,,,FALSE,Mens Tuxedo,"Suave, sustainable, and ready to steal the spotlight. Modern Fit means tailored without the squeeze.",Apparel & Accessories > Clothing,male,adult,,new,TRUE,PrimeStyleAI Demo,,,,,https://res.cloudinary.com/dgvtynla7/image/upload/v1776437494/demo/products/mw_tmw_3by1_10/21-TMW_3BY1_01_TOMMY_HILFIGER_2_PIECE_TUXEDO_NAVY_SOLID_MAIN.jpg,lb,,,active
mw-tmw-3by1-10,Mens Tuxedo,"<p>Suave, sustainable, and ready to steal the spotlight. Modern Fit means tailored without the squeeze.</p>
<p><strong>Material:</strong> 52% Wool, 45% Recycled Polyester, 3% Spandex</p>
<p><strong>Available sizes:</strong> 36, 38, 39, 40, 41, 42, 43, 44, 46, 48, 50, 52, 54, 56, 58, 36 Short, 36 Regular, 38 Short, 38 Regular, 38 Long, 39 Short, 39 Regular, 39 Long, 40 Short, 40 Regular, 40 Long, 41 Short, 41 Regular, 41 Long, 42 Short, 42 Regular, 42 Long, 43 Regular, 43 Long, 44 Short, 44 Regular, 44 Long, 46 Regular, 46 Long, 48 Regular, 48 Long, 50 Regular, 50 Long, 52 Regular, 54 Regular, 56 Regular, 58 Regular</p>
<div class=""primestyle-size-guide""><h3>Size Chart</h3><p>Reference for Suits, 2-Piece Suits, Suit Separate Jackets, Suit Separate Vests, Tuxedos, 3-Piece Suits, Blazers, Dinner Jackets, and Sport Coats.</p><h4>Jacket Size</h4><table><thead><tr><th>Size</th><th>EU</th><th>Chest (in)</th><th>Chest (cm)</th></tr></thead><tbody><tr><td>34</td><td>44</td><td>34</td><td>86</td></tr><tr><td>36</td><td>46</td><td>36</td><td>91</td></tr><tr><td>38</td><td>48</td><td>38</td><td>97</td></tr><tr><td>40</td><td>50</td><td>40</td><td>102</td></tr><tr><td>42</td><td>52</td><td>42</td><td>107</td></tr><tr><td>44</td><td>54</td><td>44</td><td>112</td></tr><tr><td>46</td><td>56</td><td>46</td><td>117</td></tr><tr><td>48</td><td>58</td><td>48</td><td>122</td></tr><tr><td>50</td><td>60</td><td>50</td><td>127</td></tr><tr><td>52</td><td>62</td><td>52</td><td>132</td></tr><tr><td>54</td><td>64</td><td>54</td><td>137</td></tr><tr><td>56</td><td>66</td><td>56</td><td>142</td></tr><tr><td>58</td><td>68</td><td>58</td><td>147</td></tr><tr><td>60</td><td>70</td><td>60</td><td>152</td></tr></tbody></table><h4>Jacket Length</h4><table><thead><tr><th>Size</th><th>Height</th><th>Height (cm)</th></tr></thead><tbody><tr><td>Short</td><td>5&#39;6&quot;-5&#39;8&quot; tall</td><td>170-178</td></tr><tr><td>Regular</td><td>5&#39;8&quot;-6&#39;1&quot; tall</td><td>178-185</td></tr><tr><td>Long</td><td>6&#39;0&quot;-6&#39;3&quot; tall</td><td>183-193</td></tr><tr><td>X Tall</td><td>6&#39;4&quot;-6&#39;6&quot; tall</td><td>195.5-201</td></tr></tbody></table><h4>Suit Pants</h4><table><thead><tr><th>Size</th><th>Waist (in)</th><th>Waist (cm)</th></tr></thead><tbody><tr><td>30</td><td>30</td><td>76</td></tr><tr><td>31</td><td>31</td><td>79</td></tr><tr><td>32</td><td>32</td><td>81</td></tr><tr><td>33</td><td>33</td><td>84</td></tr><tr><td>34</td><td>34</td><td>86</td></tr><tr><td>35</td><td>35</td><td>89</td></tr><tr><td>36</td><td>36</td><td>91</td></tr><tr><td>38</td><td>38</td><td>97</td></tr><tr><td>40</td><td>40</td><td>102</td></tr><tr><td>42</td><td>42</td><td>107</td></tr><tr><td>44</td><td>44</td><td>112</td></tr><tr><td>46</td><td>46</td><td>117</td></tr><tr><td>48</td><td>48</td><td>122</td></tr><tr><td>50</td><td>50</td><td>127</td></tr><tr><td>52</td><td>52</td><td>132</td></tr><tr><td>54</td><td>54</td><td>137</td></tr></tbody></table><h4>Pant Length</h4><table><thead><tr><th>Inseam (in)</th></tr></thead><tbody><tr><td>29</td></tr><tr><td>30</td></tr><tr><td>32</td></tr><tr><td>34</td></tr></tbody></table><h4>Vest Size — Regular</h4><table><thead><tr><th>Size</th><th>Chest (in)</th></tr></thead><tbody><tr><td>XXS</td><td>34R</td></tr><tr><td>XS</td><td>36R</td></tr><tr><td>S</td><td>38R</td></tr><tr><td>M</td><td>40R</td></tr><tr><td>L</td><td>42R</td></tr><tr><td>XL</td><td>44R</td></tr><tr><td>XXL</td><td>46R</td></tr></tbody></table><h4>Vest Size — Big &amp; Tall</h4><table><thead><tr><th>Size</th><th>Chest (in)</th></tr></thead><tbody><tr><td>LT</td><td>46L</td></tr><tr><td>XLT</td><td>48L</td></tr><tr><td>2XLT</td><td>50L</td></tr><tr><td>3XLT</td><td>52L</td></tr><tr><td>4XLT</td><td>54L</td></tr><tr><td>5XLT</td><td>56L</td></tr><tr><td>6XLT</td><td>58L</td></tr></tbody></table><h4>Vest Size — Big</h4><table><thead><tr><th>Size</th><th>Chest (in)</th></tr></thead><tbody><tr><td>1X</td><td>48R</td></tr><tr><td>2X</td><td>50R</td></tr><tr><td>3X</td><td>52R</td></tr><tr><td>4X</td><td>54R</td></tr><tr><td>5X</td><td>56R</td></tr><tr><td>6X</td><td>58R</td></tr></tbody></table></div>",Tommy Hilfiger,Apparel & Accessories > Clothing,Suits,"PrimeStyleAI Demo, PrimeStyleAI Import, Suits, Tuxedos, male, tuxedo, formal, wool-blend, modern-fit, stretch, sustainable, tommy-hilfiger, 2-piece, satin-lapel",TRUE,Color,Navy Solid,Size,44 Long,,,mw-tmw-3by1-10-navy-solid-44-long,0,shopify,100,deny,manual,335.99,479.99,TRUE,TRUE,,,,,FALSE,Mens Tuxedo,"Suave, sustainable, and ready to steal the spotlight. Modern Fit means tailored without the squeeze.",Apparel & Accessories > Clothing,male,adult,,new,TRUE,PrimeStyleAI Demo,,,,,https://res.cloudinary.com/dgvtynla7/image/upload/v1776437494/demo/products/mw_tmw_3by1_10/21-TMW_3BY1_01_TOMMY_HILFIGER_2_PIECE_TUXEDO_NAVY_SOLID_MAIN.jpg,lb,,,active
mw-tmw-3by1-10,Mens Tuxedo,"<p>Suave, sustainable, and ready to steal the spotlight. Modern Fit means tailored without the squeeze.</p>
<p><strong>Material:</strong> 52% Wool, 45% Recycled Polyester, 3% Spandex</p>
<p><strong>Available sizes:</strong> 36, 38, 39, 40, 41, 42, 43, 44, 46, 48, 50, 52, 54, 56, 58, 36 Short, 36 Regular, 38 Short, 38 Regular, 38 Long, 39 Short, 39 Regular, 39 Long, 40 Short, 40 Regular, 40 Long, 41 Short, 41 Regular, 41 Long, 42 Short, 42 Regular, 42 Long, 43 Regular, 43 Long, 44 Short, 44 Regular, 44 Long, 46 Regular, 46 Long, 48 Regular, 48 Long, 50 Regular, 50 Long, 52 Regular, 54 Regular, 56 Regular, 58 Regular</p>
<div class=""primestyle-size-guide""><h3>Size Chart</h3><p>Reference for Suits, 2-Piece Suits, Suit Separate Jackets, Suit Separate Vests, Tuxedos, 3-Piece Suits, Blazers, Dinner Jackets, and Sport Coats.</p><h4>Jacket Size</h4><table><thead><tr><th>Size</th><th>EU</th><th>Chest (in)</th><th>Chest (cm)</th></tr></thead><tbody><tr><td>34</td><td>44</td><td>34</td><td>86</td></tr><tr><td>36</td><td>46</td><td>36</td><td>91</td></tr><tr><td>38</td><td>48</td><td>38</td><td>97</td></tr><tr><td>40</td><td>50</td><td>40</td><td>102</td></tr><tr><td>42</td><td>52</td><td>42</td><td>107</td></tr><tr><td>44</td><td>54</td><td>44</td><td>112</td></tr><tr><td>46</td><td>56</td><td>46</td><td>117</td></tr><tr><td>48</td><td>58</td><td>48</td><td>122</td></tr><tr><td>50</td><td>60</td><td>50</td><td>127</td></tr><tr><td>52</td><td>62</td><td>52</td><td>132</td></tr><tr><td>54</td><td>64</td><td>54</td><td>137</td></tr><tr><td>56</td><td>66</td><td>56</td><td>142</td></tr><tr><td>58</td><td>68</td><td>58</td><td>147</td></tr><tr><td>60</td><td>70</td><td>60</td><td>152</td></tr></tbody></table><h4>Jacket Length</h4><table><thead><tr><th>Size</th><th>Height</th><th>Height (cm)</th></tr></thead><tbody><tr><td>Short</td><td>5&#39;6&quot;-5&#39;8&quot; tall</td><td>170-178</td></tr><tr><td>Regular</td><td>5&#39;8&quot;-6&#39;1&quot; tall</td><td>178-185</td></tr><tr><td>Long</td><td>6&#39;0&quot;-6&#39;3&quot; tall</td><td>183-193</td></tr><tr><td>X Tall</td><td>6&#39;4&quot;-6&#39;6&quot; tall</td><td>195.5-201</td></tr></tbody></table><h4>Suit Pants</h4><table><thead><tr><th>Size</th><th>Waist (in)</th><th>Waist (cm)</th></tr></thead><tbody><tr><td>30</td><td>30</td><td>76</td></tr><tr><td>31</td><td>31</td><td>79</td></tr><tr><td>32</td><td>32</td><td>81</td></tr><tr><td>33</td><td>33</td><td>84</td></tr><tr><td>34</td><td>34</td><td>86</td></tr><tr><td>35</td><td>35</td><td>89</td></tr><tr><td>36</td><td>36</td><td>91</td></tr><tr><td>38</td><td>38</td><td>97</td></tr><tr><td>40</td><td>40</td><td>102</td></tr><tr><td>42</td><td>42</td><td>107</td></tr><tr><td>44</td><td>44</td><td>112</td></tr><tr><td>46</td><td>46</td><td>117</td></tr><tr><td>48</td><td>48</td><td>122</td></tr><tr><td>50</td><td>50</td><td>127</td></tr><tr><td>52</td><td>52</td><td>132</td></tr><tr><td>54</td><td>54</td><td>137</td></tr></tbody></table><h4>Pant Length</h4><table><thead><tr><th>Inseam (in)</th></tr></thead><tbody><tr><td>29</td></tr><tr><td>30</td></tr><tr><td>32</td></tr><tr><td>34</td></tr></tbody></table><h4>Vest Size — Regular</h4><table><thead><tr><th>Size</th><th>Chest (in)</th></tr></thead><tbody><tr><td>XXS</td><td>34R</td></tr><tr><td>XS</td><td>36R</td></tr><tr><td>S</td><td>38R</td></tr><tr><td>M</td><td>40R</td></tr><tr><td>L</td><td>42R</td></tr><tr><td>XL</td><td>44R</td></tr><tr><td>XXL</td><td>46R</td></tr></tbody></table><h4>Vest Size — Big &amp; Tall</h4><table><thead><tr><th>Size</th><th>Chest (in)</th></tr></thead><tbody><tr><td>LT</td><td>46L</td></tr><tr><td>XLT</td><td>48L</td></tr><tr><td>2XLT</td><td>50L</td></tr><tr><td>3XLT</td><td>52L</td></tr><tr><td>4XLT</td><td>54L</td></tr><tr><td>5XLT</td><td>56L</td></tr><tr><td>6XLT</td><td>58L</td></tr></tbody></table><h4>Vest Size — Big</h4><table><thead><tr><th>Size</th><th>Chest (in)</th></tr></thead><tbody><tr><td>1X</td><td>48R</td></tr><tr><td>2X</td><td>50R</td></tr><tr><td>3X</td><td>52R</td></tr><tr><td>4X</td><td>54R</td></tr><tr><td>5X</td><td>56R</td></tr><tr><td>6X</td><td>58R</td></tr></tbody></table></div>",Tommy Hilfiger,Apparel & Accessories > Clothing,Suits,"PrimeStyleAI Demo, PrimeStyleAI Import, Suits, Tuxedos, male, tuxedo, formal, wool-blend, modern-fit, stretch, sustainable, tommy-hilfiger, 2-piece, satin-lapel",TRUE,Color,Navy Solid,Size,46 Regular,,,mw-tmw-3by1-10-navy-solid-46-regular,0,shopify,100,deny,manual,335.99,479.99,TRUE,TRUE,,,,,FALSE,Mens Tuxedo,"Suave, sustainable, and ready to steal the spotlight. Modern Fit means tailored without the squeeze.",Apparel & Accessories > Clothing,male,adult,,new,TRUE,PrimeStyleAI Demo,,,,,https://res.cloudinary.com/dgvtynla7/image/upload/v1776437494/demo/products/mw_tmw_3by1_10/21-TMW_3BY1_01_TOMMY_HILFIGER_2_PIECE_TUXEDO_NAVY_SOLID_MAIN.jpg,lb,,,active
mw-tmw-3by1-10,Mens Tuxedo,"<p>Suave, sustainable, and ready to steal the spotlight. Modern Fit means tailored without the squeeze.</p>
<p><strong>Material:</strong> 52% Wool, 45% Recycled Polyester, 3% Spandex</p>
<p><strong>Available sizes:</strong> 36, 38, 39, 40, 41, 42, 43, 44, 46, 48, 50, 52, 54, 56, 58, 36 Short, 36 Regular, 38 Short, 38 Regular, 38 Long, 39 Short, 39 Regular, 39 Long, 40 Short, 40 Regular, 40 Long, 41 Short, 41 Regular, 41 Long, 42 Short, 42 Regular, 42 Long, 43 Regular, 43 Long, 44 Short, 44 Regular, 44 Long, 46 Regular, 46 Long, 48 Regular, 48 Long, 50 Regular, 50 Long, 52 Regular, 54 Regular, 56 Regular, 58 Regular</p>
<div class=""primestyle-size-guide""><h3>Size Chart</h3><p>Reference for Suits, 2-Piece Suits, Suit Separate Jackets, Suit Separate Vests, Tuxedos, 3-Piece Suits, Blazers, Dinner Jackets, and Sport Coats.</p><h4>Jacket Size</h4><table><thead><tr><th>Size</th><th>EU</th><th>Chest (in)</th><th>Chest (cm)</th></tr></thead><tbody><tr><td>34</td><td>44</td><td>34</td><td>86</td></tr><tr><td>36</td><td>46</td><td>36</td><td>91</td></tr><tr><td>38</td><td>48</td><td>38</td><td>97</td></tr><tr><td>40</td><td>50</td><td>40</td><td>102</td></tr><tr><td>42</td><td>52</td><td>42</td><td>107</td></tr><tr><td>44</td><td>54</td><td>44</td><td>112</td></tr><tr><td>46</td><td>56</td><td>46</td><td>117</td></tr><tr><td>48</td><td>58</td><td>48</td><td>122</td></tr><tr><td>50</td><td>60</td><td>50</td><td>127</td></tr><tr><td>52</td><td>62</td><td>52</td><td>132</td></tr><tr><td>54</td><td>64</td><td>54</td><td>137</td></tr><tr><td>56</td><td>66</td><td>56</td><td>142</td></tr><tr><td>58</td><td>68</td><td>58</td><td>147</td></tr><tr><td>60</td><td>70</td><td>60</td><td>152</td></tr></tbody></table><h4>Jacket Length</h4><table><thead><tr><th>Size</th><th>Height</th><th>Height (cm)</th></tr></thead><tbody><tr><td>Short</td><td>5&#39;6&quot;-5&#39;8&quot; tall</td><td>170-178</td></tr><tr><td>Regular</td><td>5&#39;8&quot;-6&#39;1&quot; tall</td><td>178-185</td></tr><tr><td>Long</td><td>6&#39;0&quot;-6&#39;3&quot; tall</td><td>183-193</td></tr><tr><td>X Tall</td><td>6&#39;4&quot;-6&#39;6&quot; tall</td><td>195.5-201</td></tr></tbody></table><h4>Suit Pants</h4><table><thead><tr><th>Size</th><th>Waist (in)</th><th>Waist (cm)</th></tr></thead><tbody><tr><td>30</td><td>30</td><td>76</td></tr><tr><td>31</td><td>31</td><td>79</td></tr><tr><td>32</td><td>32</td><td>81</td></tr><tr><td>33</td><td>33</td><td>84</td></tr><tr><td>34</td><td>34</td><td>86</td></tr><tr><td>35</td><td>35</td><td>89</td></tr><tr><td>36</td><td>36</td><td>91</td></tr><tr><td>38</td><td>38</td><td>97</td></tr><tr><td>40</td><td>40</td><td>102</td></tr><tr><td>42</td><td>42</td><td>107</td></tr><tr><td>44</td><td>44</td><td>112</td></tr><tr><td>46</td><td>46</td><td>117</td></tr><tr><td>48</td><td>48</td><td>122</td></tr><tr><td>50</td><td>50</td><td>127</td></tr><tr><td>52</td><td>52</td><td>132</td></tr><tr><td>54</td><td>54</td><td>137</td></tr></tbody></table><h4>Pant Length</h4><table><thead><tr><th>Inseam (in)</th></tr></thead><tbody><tr><td>29</td></tr><tr><td>30</td></tr><tr><td>32</td></tr><tr><td>34</td></tr></tbody></table><h4>Vest Size — Regular</h4><table><thead><tr><th>Size</th><th>Chest (in)</th></tr></thead><tbody><tr><td>XXS</td><td>34R</td></tr><tr><td>XS</td><td>36R</td></tr><tr><td>S</td><td>38R</td></tr><tr><td>M</td><td>40R</td></tr><tr><td>L</td><td>42R</td></tr><tr><td>XL</td><td>44R</td></tr><tr><td>XXL</td><td>46R</td></tr></tbody></table><h4>Vest Size — Big &amp; Tall</h4><table><thead><tr><th>Size</th><th>Chest (in)</th></tr></thead><tbody><tr><td>LT</td><td>46L</td></tr><tr><td>XLT</td><td>48L</td></tr><tr><td>2XLT</td><td>50L</td></tr><tr><td>3XLT</td><td>52L</td></tr><tr><td>4XLT</td><td>54L</td></tr><tr><td>5XLT</td><td>56L</td></tr><tr><td>6XLT</td><td>58L</td></tr></tbody></table><h4>Vest Size — Big</h4><table><thead><tr><th>Size</th><th>Chest (in)</th></tr></thead><tbody><tr><td>1X</td><td>48R</td></tr><tr><td>2X</td><td>50R</td></tr><tr><td>3X</td><td>52R</td></tr><tr><td>4X</td><td>54R</td></tr><tr><td>5X</td><td>56R</td></tr><tr><td>6X</td><td>58R</td></tr></tbody></table></div>",Tommy Hilfiger,Apparel & Accessories > Clothing,Suits,"PrimeStyleAI Demo, PrimeStyleAI Import, Suits, Tuxedos, male, tuxedo, formal, wool-blend, modern-fit, stretch, sustainable, tommy-hilfiger, 2-piece, satin-lapel",TRUE,Color,Navy Solid,Size,46 Long,,,mw-tmw-3by1-10-navy-solid-46-long,0,shopify,100,deny,manual,335.99,479.99,TRUE,TRUE,,,,,FALSE,Mens Tuxedo,"Suave, sustainable, and ready to steal the spotlight. Modern Fit means tailored without the squeeze.",Apparel & Accessories > Clothing,male,adult,,new,TRUE,PrimeStyleAI Demo,,,,,https://res.cloudinary.com/dgvtynla7/image/upload/v1776437494/demo/products/mw_tmw_3by1_10/21-TMW_3BY1_01_TOMMY_HILFIGER_2_PIECE_TUXEDO_NAVY_SOLID_MAIN.jpg,lb,,,active
mw-tmw-3by1-10,Mens Tuxedo,"<p>Suave, sustainable, and ready to steal the spotlight. Modern Fit means tailored without the squeeze.</p>
<p><strong>Material:</strong> 52% Wool, 45% Recycled Polyester, 3% Spandex</p>
<p><strong>Available sizes:</strong> 36, 38, 39, 40, 41, 42, 43, 44, 46, 48, 50, 52, 54, 56, 58, 36 Short, 36 Regular, 38 Short, 38 Regular, 38 Long, 39 Short, 39 Regular, 39 Long, 40 Short, 40 Regular, 40 Long, 41 Short, 41 Regular, 41 Long, 42 Short, 42 Regular, 42 Long, 43 Regular, 43 Long, 44 Short, 44 Regular, 44 Long, 46 Regular, 46 Long, 48 Regular, 48 Long, 50 Regular, 50 Long, 52 Regular, 54 Regular, 56 Regular, 58 Regular</p>
<div class=""primestyle-size-guide""><h3>Size Chart</h3><p>Reference for Suits, 2-Piece Suits, Suit Separate Jackets, Suit Separate Vests, Tuxedos, 3-Piece Suits, Blazers, Dinner Jackets, and Sport Coats.</p><h4>Jacket Size</h4><table><thead><tr><th>Size</th><th>EU</th><th>Chest (in)</th><th>Chest (cm)</th></tr></thead><tbody><tr><td>34</td><td>44</td><td>34</td><td>86</td></tr><tr><td>36</td><td>46</td><td>36</td><td>91</td></tr><tr><td>38</td><td>48</td><td>38</td><td>97</td></tr><tr><td>40</td><td>50</td><td>40</td><td>102</td></tr><tr><td>42</td><td>52</td><td>42</td><td>107</td></tr><tr><td>44</td><td>54</td><td>44</td><td>112</td></tr><tr><td>46</td><td>56</td><td>46</td><td>117</td></tr><tr><td>48</td><td>58</td><td>48</td><td>122</td></tr><tr><td>50</td><td>60</td><td>50</td><td>127</td></tr><tr><td>52</td><td>62</td><td>52</td><td>132</td></tr><tr><td>54</td><td>64</td><td>54</td><td>137</td></tr><tr><td>56</td><td>66</td><td>56</td><td>142</td></tr><tr><td>58</td><td>68</td><td>58</td><td>147</td></tr><tr><td>60</td><td>70</td><td>60</td><td>152</td></tr></tbody></table><h4>Jacket Length</h4><table><thead><tr><th>Size</th><th>Height</th><th>Height (cm)</th></tr></thead><tbody><tr><td>Short</td><td>5&#39;6&quot;-5&#39;8&quot; tall</td><td>170-178</td></tr><tr><td>Regular</td><td>5&#39;8&quot;-6&#39;1&quot; tall</td><td>178-185</td></tr><tr><td>Long</td><td>6&#39;0&quot;-6&#39;3&quot; tall</td><td>183-193</td></tr><tr><td>X Tall</td><td>6&#39;4&quot;-6&#39;6&quot; tall</td><td>195.5-201</td></tr></tbody></table><h4>Suit Pants</h4><table><thead><tr><th>Size</th><th>Waist (in)</th><th>Waist (cm)</th></tr></thead><tbody><tr><td>30</td><td>30</td><td>76</td></tr><tr><td>31</td><td>31</td><td>79</td></tr><tr><td>32</td><td>32</td><td>81</td></tr><tr><td>33</td><td>33</td><td>84</td></tr><tr><td>34</td><td>34</td><td>86</td></tr><tr><td>35</td><td>35</td><td>89</td></tr><tr><td>36</td><td>36</td><td>91</td></tr><tr><td>38</td><td>38</td><td>97</td></tr><tr><td>40</td><td>40</td><td>102</td></tr><tr><td>42</td><td>42</td><td>107</td></tr><tr><td>44</td><td>44</td><td>112</td></tr><tr><td>46</td><td>46</td><td>117</td></tr><tr><td>48</td><td>48</td><td>122</td></tr><tr><td>50</td><td>50</td><td>127</td></tr><tr><td>52</td><td>52</td><td>132</td></tr><tr><td>54</td><td>54</td><td>137</td></tr></tbody></table><h4>Pant Length</h4><table><thead><tr><th>Inseam (in)</th></tr></thead><tbody><tr><td>29</td></tr><tr><td>30</td></tr><tr><td>32</td></tr><tr><td>34</td></tr></tbody></table><h4>Vest Size — Regular</h4><table><thead><tr><th>Size</th><th>Chest (in)</th></tr></thead><tbody><tr><td>XXS</td><td>34R</td></tr><tr><td>XS</td><td>36R</td></tr><tr><td>S</td><td>38R</td></tr><tr><td>M</td><td>40R</td></tr><tr><td>L</td><td>42R</td></tr><tr><td>XL</td><td>44R</td></tr><tr><td>XXL</td><td>46R</td></tr></tbody></table><h4>Vest Size — Big &amp; Tall</h4><table><thead><tr><th>Size</th><th>Chest (in)</th></tr></thead><tbody><tr><td>LT</td><td>46L</td></tr><tr><td>XLT</td><td>48L</td></tr><tr><td>2XLT</td><td>50L</td></tr><tr><td>3XLT</td><td>52L</td></tr><tr><td>4XLT</td><td>54L</td></tr><tr><td>5XLT</td><td>56L</td></tr><tr><td>6XLT</td><td>58L</td></tr></tbody></table><h4>Vest Size — Big</h4><table><thead><tr><th>Size</th><th>Chest (in)</th></tr></thead><tbody><tr><td>1X</td><td>48R</td></tr><tr><td>2X</td><td>50R</td></tr><tr><td>3X</td><td>52R</td></tr><tr><td>4X</td><td>54R</td></tr><tr><td>5X</td><td>56R</td></tr><tr><td>6X</td><td>58R</td></tr></tbody></table></div>",Tommy Hilfiger,Apparel & Accessories > Clothing,Suits,"PrimeStyleAI Demo, PrimeStyleAI Import, Suits, Tuxedos, male, tuxedo, formal, wool-blend, modern-fit, stretch, sustainable, tommy-hilfiger, 2-piece, satin-lapel",TRUE,Color,Navy Solid,Size,48 Regular,,,mw-tmw-3by1-10-navy-solid-48-regular,0,shopify,100,deny,manual,335.99,479.99,TRUE,TRUE,,,,,FALSE,Mens Tuxedo,"Suave, sustainable, and ready to steal the spotlight. Modern Fit means tailored without the squeeze.",Apparel & Accessories > Clothing,male,adult,,new,TRUE,PrimeStyleAI Demo,,,,,https://res.cloudinary.com/dgvtynla7/image/upload/v1776437494/demo/products/mw_tmw_3by1_10/21-TMW_3BY1_01_TOMMY_HILFIGER_2_PIECE_TUXEDO_NAVY_SOLID_MAIN.jpg,lb,,,active
mw-tmw-3by1-10,Mens Tuxedo,"<p>Suave, sustainable, and ready to steal the spotlight. Modern Fit means tailored without the squeeze.</p>
<p><strong>Material:</strong> 52% Wool, 45% Recycled Polyester, 3% Spandex</p>
<p><strong>Available sizes:</strong> 36, 38, 39, 40, 41, 42, 43, 44, 46, 48, 50, 52, 54, 56, 58, 36 Short, 36 Regular, 38 Short, 38 Regular, 38 Long, 39 Short, 39 Regular, 39 Long, 40 Short, 40 Regular, 40 Long, 41 Short, 41 Regular, 41 Long, 42 Short, 42 Regular, 42 Long, 43 Regular, 43 Long, 44 Short, 44 Regular, 44 Long, 46 Regular, 46 Long, 48 Regular, 48 Long, 50 Regular, 50 Long, 52 Regular, 54 Regular, 56 Regular, 58 Regular</p>
<div class=""primestyle-size-guide""><h3>Size Chart</h3><p>Reference for Suits, 2-Piece Suits, Suit Separate Jackets, Suit Separate Vests, Tuxedos, 3-Piece Suits, Blazers, Dinner Jackets, and Sport Coats.</p><h4>Jacket Size</h4><table><thead><tr><th>Size</th><th>EU</th><th>Chest (in)</th><th>Chest (cm)</th></tr></thead><tbody><tr><td>34</td><td>44</td><td>34</td><td>86</td></tr><tr><td>36</td><td>46</td><td>36</td><td>91</td></tr><tr><td>38</td><td>48</td><td>38</td><td>97</td></tr><tr><td>40</td><td>50</td><td>40</td><td>102</td></tr><tr><td>42</td><td>52</td><td>42</td><td>107</td></tr><tr><td>44</td><td>54</td><td>44</td><td>112</td></tr><tr><td>46</td><td>56</td><td>46</td><td>117</td></tr><tr><td>48</td><td>58</td><td>48</td><td>122</td></tr><tr><td>50</td><td>60</td><td>50</td><td>127</td></tr><tr><td>52</td><td>62</td><td>52</td><td>132</td></tr><tr><td>54</td><td>64</td><td>54</td><td>137</td></tr><tr><td>56</td><td>66</td><td>56</td><td>142</td></tr><tr><td>58</td><td>68</td><td>58</td><td>147</td></tr><tr><td>60</td><td>70</td><td>60</td><td>152</td></tr></tbody></table><h4>Jacket Length</h4><table><thead><tr><th>Size</th><th>Height</th><th>Height (cm)</th></tr></thead><tbody><tr><td>Short</td><td>5&#39;6&quot;-5&#39;8&quot; tall</td><td>170-178</td></tr><tr><td>Regular</td><td>5&#39;8&quot;-6&#39;1&quot; tall</td><td>178-185</td></tr><tr><td>Long</td><td>6&#39;0&quot;-6&#39;3&quot; tall</td><td>183-193</td></tr><tr><td>X Tall</td><td>6&#39;4&quot;-6&#39;6&quot; tall</td><td>195.5-201</td></tr></tbody></table><h4>Suit Pants</h4><table><thead><tr><th>Size</th><th>Waist (in)</th><th>Waist (cm)</th></tr></thead><tbody><tr><td>30</td><td>30</td><td>76</td></tr><tr><td>31</td><td>31</td><td>79</td></tr><tr><td>32</td><td>32</td><td>81</td></tr><tr><td>33</td><td>33</td><td>84</td></tr><tr><td>34</td><td>34</td><td>86</td></tr><tr><td>35</td><td>35</td><td>89</td></tr><tr><td>36</td><td>36</td><td>91</td></tr><tr><td>38</td><td>38</td><td>97</td></tr><tr><td>40</td><td>40</td><td>102</td></tr><tr><td>42</td><td>42</td><td>107</td></tr><tr><td>44</td><td>44</td><td>112</td></tr><tr><td>46</td><td>46</td><td>117</td></tr><tr><td>48</td><td>48</td><td>122</td></tr><tr><td>50</td><td>50</td><td>127</td></tr><tr><td>52</td><td>52</td><td>132</td></tr><tr><td>54</td><td>54</td><td>137</td></tr></tbody></table><h4>Pant Length</h4><table><thead><tr><th>Inseam (in)</th></tr></thead><tbody><tr><td>29</td></tr><tr><td>30</td></tr><tr><td>32</td></tr><tr><td>34</td></tr></tbody></table><h4>Vest Size — Regular</h4><table><thead><tr><th>Size</th><th>Chest (in)</th></tr></thead><tbody><tr><td>XXS</td><td>34R</td></tr><tr><td>XS</td><td>36R</td></tr><tr><td>S</td><td>38R</td></tr><tr><td>M</td><td>40R</td></tr><tr><td>L</td><td>42R</td></tr><tr><td>XL</td><td>44R</td></tr><tr><td>XXL</td><td>46R</td></tr></tbody></table><h4>Vest Size — Big &amp; Tall</h4><table><thead><tr><th>Size</th><th>Chest (in)</th></tr></thead><tbody><tr><td>LT</td><td>46L</td></tr><tr><td>XLT</td><td>48L</td></tr><tr><td>2XLT</td><td>50L</td></tr><tr><td>3XLT</td><td>52L</td></tr><tr><td>4XLT</td><td>54L</td></tr><tr><td>5XLT</td><td>56L</td></tr><tr><td>6XLT</td><td>58L</td></tr></tbody></table><h4>Vest Size — Big</h4><table><thead><tr><th>Size</th><th>Chest (in)</th></tr></thead><tbody><tr><td>1X</td><td>48R</td></tr><tr><td>2X</td><td>50R</td></tr><tr><td>3X</td><td>52R</td></tr><tr><td>4X</td><td>54R</td></tr><tr><td>5X</td><td>56R</td></tr><tr><td>6X</td><td>58R</td></tr></tbody></table></div>",Tommy Hilfiger,Apparel & Accessories > Clothing,Suits,"PrimeStyleAI Demo, PrimeStyleAI Import, Suits, Tuxedos, male, tuxedo, formal, wool-blend, modern-fit, stretch, sustainable, tommy-hilfiger, 2-piece, satin-lapel",TRUE,Color,Navy Solid,Size,48 Long,,,mw-tmw-3by1-10-navy-solid-48-long,0,shopify,100,deny,manual,335.99,479.99,TRUE,TRUE,,,,,FALSE,Mens Tuxedo,"Suave, sustainable, and ready to steal the spotlight. Modern Fit means tailored without the squeeze.",Apparel & Accessories > Clothing,male,adult,,new,TRUE,PrimeStyleAI Demo,,,,,https://res.cloudinary.com/dgvtynla7/image/upload/v1776437494/demo/products/mw_tmw_3by1_10/21-TMW_3BY1_01_TOMMY_HILFIGER_2_PIECE_TUXEDO_NAVY_SOLID_MAIN.jpg,lb,,,active
mw-tmw-3by1-10,Mens Tuxedo,"<p>Suave, sustainable, and ready to steal the spotlight. Modern Fit means tailored without the squeeze.</p>
<p><strong>Material:</strong> 52% Wool, 45% Recycled Polyester, 3% Spandex</p>
<p><strong>Available sizes:</strong> 36, 38, 39, 40, 41, 42, 43, 44, 46, 48, 50, 52, 54, 56, 58, 36 Short, 36 Regular, 38 Short, 38 Regular, 38 Long, 39 Short, 39 Regular, 39 Long, 40 Short, 40 Regular, 40 Long, 41 Short, 41 Regular, 41 Long, 42 Short, 42 Regular, 42 Long, 43 Regular, 43 Long, 44 Short, 44 Regular, 44 Long, 46 Regular, 46 Long, 48 Regular, 48 Long, 50 Regular, 50 Long, 52 Regular, 54 Regular, 56 Regular, 58 Regular</p>
<div class=""primestyle-size-guide""><h3>Size Chart</h3><p>Reference for Suits, 2-Piece Suits, Suit Separate Jackets, Suit Separate Vests, Tuxedos, 3-Piece Suits, Blazers, Dinner Jackets, and Sport Coats.</p><h4>Jacket Size</h4><table><thead><tr><th>Size</th><th>EU</th><th>Chest (in)</th><th>Chest (cm)</th></tr></thead><tbody><tr><td>34</td><td>44</td><td>34</td><td>86</td></tr><tr><td>36</td><td>46</td><td>36</td><td>91</td></tr><tr><td>38</td><td>48</td><td>38</td><td>97</td></tr><tr><td>40</td><td>50</td><td>40</td><td>102</td></tr><tr><td>42</td><td>52</td><td>42</td><td>107</td></tr><tr><td>44</td><td>54</td><td>44</td><td>112</td></tr><tr><td>46</td><td>56</td><td>46</td><td>117</td></tr><tr><td>48</td><td>58</td><td>48</td><td>122</td></tr><tr><td>50</td><td>60</td><td>50</td><td>127</td></tr><tr><td>52</td><td>62</td><td>52</td><td>132</td></tr><tr><td>54</td><td>64</td><td>54</td><td>137</td></tr><tr><td>56</td><td>66</td><td>56</td><td>142</td></tr><tr><td>58</td><td>68</td><td>58</td><td>147</td></tr><tr><td>60</td><td>70</td><td>60</td><td>152</td></tr></tbody></table><h4>Jacket Length</h4><table><thead><tr><th>Size</th><th>Height</th><th>Height (cm)</th></tr></thead><tbody><tr><td>Short</td><td>5&#39;6&quot;-5&#39;8&quot; tall</td><td>170-178</td></tr><tr><td>Regular</td><td>5&#39;8&quot;-6&#39;1&quot; tall</td><td>178-185</td></tr><tr><td>Long</td><td>6&#39;0&quot;-6&#39;3&quot; tall</td><td>183-193</td></tr><tr><td>X Tall</td><td>6&#39;4&quot;-6&#39;6&quot; tall</td><td>195.5-201</td></tr></tbody></table><h4>Suit Pants</h4><table><thead><tr><th>Size</th><th>Waist (in)</th><th>Waist (cm)</th></tr></thead><tbody><tr><td>30</td><td>30</td><td>76</td></tr><tr><td>31</td><td>31</td><td>79</td></tr><tr><td>32</td><td>32</td><td>81</td></tr><tr><td>33</td><td>33</td><td>84</td></tr><tr><td>34</td><td>34</td><td>86</td></tr><tr><td>35</td><td>35</td><td>89</td></tr><tr><td>36</td><td>36</td><td>91</td></tr><tr><td>38</td><td>38</td><td>97</td></tr><tr><td>40</td><td>40</td><td>102</td></tr><tr><td>42</td><td>42</td><td>107</td></tr><tr><td>44</td><td>44</td><td>112</td></tr><tr><td>46</td><td>46</td><td>117</td></tr><tr><td>48</td><td>48</td><td>122</td></tr><tr><td>50</td><td>50</td><td>127</td></tr><tr><td>52</td><td>52</td><td>132</td></tr><tr><td>54</td><td>54</td><td>137</td></tr></tbody></table><h4>Pant Length</h4><table><thead><tr><th>Inseam (in)</th></tr></thead><tbody><tr><td>29</td></tr><tr><td>30</td></tr><tr><td>32</td></tr><tr><td>34</td></tr></tbody></table><h4>Vest Size — Regular</h4><table><thead><tr><th>Size</th><th>Chest (in)</th></tr></thead><tbody><tr><td>XXS</td><td>34R</td></tr><tr><td>XS</td><td>36R</td></tr><tr><td>S</td><td>38R</td></tr><tr><td>M</td><td>40R</td></tr><tr><td>L</td><td>42R</td></tr><tr><td>XL</td><td>44R</td></tr><tr><td>XXL</td><td>46R</td></tr></tbody></table><h4>Vest Size — Big &amp; Tall</h4><table><thead><tr><th>Size</th><th>Chest (in)</th></tr></thead><tbody><tr><td>LT</td><td>46L</td></tr><tr><td>XLT</td><td>48L</td></tr><tr><td>2XLT</td><td>50L</td></tr><tr><td>3XLT</td><td>52L</td></tr><tr><td>4XLT</td><td>54L</td></tr><tr><td>5XLT</td><td>56L</td></tr><tr><td>6XLT</td><td>58L</td></tr></tbody></table><h4>Vest Size — Big</h4><table><thead><tr><th>Size</th><th>Chest (in)</th></tr></thead><tbody><tr><td>1X</td><td>48R</td></tr><tr><td>2X</td><td>50R</td></tr><tr><td>3X</td><td>52R</td></tr><tr><td>4X</td><td>54R</td></tr><tr><td>5X</td><td>56R</td></tr><tr><td>6X</td><td>58R</td></tr></tbody></table></div>",Tommy Hilfiger,Apparel & Accessories > Clothing,Suits,"PrimeStyleAI Demo, PrimeStyleAI Import, Suits, Tuxedos, male, tuxedo, formal, wool-blend, modern-fit, stretch, sustainable, tommy-hilfiger, 2-piece, satin-lapel",TRUE,Color,Navy Solid,Size,50 Regular,,,mw-tmw-3by1-10-navy-solid-50-regular,0,shopify,100,deny,manual,335.99,479.99,TRUE,TRUE,,,,,FALSE,Mens Tuxedo,"Suave, sustainable, and ready to steal the spotlight. Modern Fit means tailored without the squeeze.",Apparel & Accessories > Clothing,male,adult,,new,TRUE,PrimeStyleAI Demo,,,,,https://res.cloudinary.com/dgvtynla7/image/upload/v1776437494/demo/products/mw_tmw_3by1_10/21-TMW_3BY1_01_TOMMY_HILFIGER_2_PIECE_TUXEDO_NAVY_SOLID_MAIN.jpg,lb,,,active
mw-tmw-3by1-10,Mens Tuxedo,"<p>Suave, sustainable, and ready to steal the spotlight. Modern Fit means tailored without the squeeze.</p>
<p><strong>Material:</strong> 52% Wool, 45% Recycled Polyester, 3% Spandex</p>
<p><strong>Available sizes:</strong> 36, 38, 39, 40, 41, 42, 43, 44, 46, 48, 50, 52, 54, 56, 58, 36 Short, 36 Regular, 38 Short, 38 Regular, 38 Long, 39 Short, 39 Regular, 39 Long, 40 Short, 40 Regular, 40 Long, 41 Short, 41 Regular, 41 Long, 42 Short, 42 Regular, 42 Long, 43 Regular, 43 Long, 44 Short, 44 Regular, 44 Long, 46 Regular, 46 Long, 48 Regular, 48 Long, 50 Regular, 50 Long, 52 Regular, 54 Regular, 56 Regular, 58 Regular</p>
<div class=""primestyle-size-guide""><h3>Size Chart</h3><p>Reference for Suits, 2-Piece Suits, Suit Separate Jackets, Suit Separate Vests, Tuxedos, 3-Piece Suits, Blazers, Dinner Jackets, and Sport Coats.</p><h4>Jacket Size</h4><table><thead><tr><th>Size</th><th>EU</th><th>Chest (in)</th><th>Chest (cm)</th></tr></thead><tbody><tr><td>34</td><td>44</td><td>34</td><td>86</td></tr><tr><td>36</td><td>46</td><td>36</td><td>91</td></tr><tr><td>38</td><td>48</td><td>38</td><td>97</td></tr><tr><td>40</td><td>50</td><td>40</td><td>102</td></tr><tr><td>42</td><td>52</td><td>42</td><td>107</td></tr><tr><td>44</td><td>54</td><td>44</td><td>112</td></tr><tr><td>46</td><td>56</td><td>46</td><td>117</td></tr><tr><td>48</td><td>58</td><td>48</td><td>122</td></tr><tr><td>50</td><td>60</td><td>50</td><td>127</td></tr><tr><td>52</td><td>62</td><td>52</td><td>132</td></tr><tr><td>54</td><td>64</td><td>54</td><td>137</td></tr><tr><td>56</td><td>66</td><td>56</td><td>142</td></tr><tr><td>58</td><td>68</td><td>58</td><td>147</td></tr><tr><td>60</td><td>70</td><td>60</td><td>152</td></tr></tbody></table><h4>Jacket Length</h4><table><thead><tr><th>Size</th><th>Height</th><th>Height (cm)</th></tr></thead><tbody><tr><td>Short</td><td>5&#39;6&quot;-5&#39;8&quot; tall</td><td>170-178</td></tr><tr><td>Regular</td><td>5&#39;8&quot;-6&#39;1&quot; tall</td><td>178-185</td></tr><tr><td>Long</td><td>6&#39;0&quot;-6&#39;3&quot; tall</td><td>183-193</td></tr><tr><td>X Tall</td><td>6&#39;4&quot;-6&#39;6&quot; tall</td><td>195.5-201</td></tr></tbody></table><h4>Suit Pants</h4><table><thead><tr><th>Size</th><th>Waist (in)</th><th>Waist (cm)</th></tr></thead><tbody><tr><td>30</td><td>30</td><td>76</td></tr><tr><td>31</td><td>31</td><td>79</td></tr><tr><td>32</td><td>32</td><td>81</td></tr><tr><td>33</td><td>33</td><td>84</td></tr><tr><td>34</td><td>34</td><td>86</td></tr><tr><td>35</td><td>35</td><td>89</td></tr><tr><td>36</td><td>36</td><td>91</td></tr><tr><td>38</td><td>38</td><td>97</td></tr><tr><td>40</td><td>40</td><td>102</td></tr><tr><td>42</td><td>42</td><td>107</td></tr><tr><td>44</td><td>44</td><td>112</td></tr><tr><td>46</td><td>46</td><td>117</td></tr><tr><td>48</td><td>48</td><td>122</td></tr><tr><td>50</td><td>50</td><td>127</td></tr><tr><td>52</td><td>52</td><td>132</td></tr><tr><td>54</td><td>54</td><td>137</td></tr></tbody></table><h4>Pant Length</h4><table><thead><tr><th>Inseam (in)</th></tr></thead><tbody><tr><td>29</td></tr><tr><td>30</td></tr><tr><td>32</td></tr><tr><td>34</td></tr></tbody></table><h4>Vest Size — Regular</h4><table><thead><tr><th>Size</th><th>Chest (in)</th></tr></thead><tbody><tr><td>XXS</td><td>34R</td></tr><tr><td>XS</td><td>36R</td></tr><tr><td>S</td><td>38R</td></tr><tr><td>M</td><td>40R</td></tr><tr><td>L</td><td>42R</td></tr><tr><td>XL</td><td>44R</td></tr><tr><td>XXL</td><td>46R</td></tr></tbody></table><h4>Vest Size — Big &amp; Tall</h4><table><thead><tr><th>Size</th><th>Chest (in)</th></tr></thead><tbody><tr><td>LT</td><td>46L</td></tr><tr><td>XLT</td><td>48L</td></tr><tr><td>2XLT</td><td>50L</td></tr><tr><td>3XLT</td><td>52L</td></tr><tr><td>4XLT</td><td>54L</td></tr><tr><td>5XLT</td><td>56L</td></tr><tr><td>6XLT</td><td>58L</td></tr></tbody></table><h4>Vest Size — Big</h4><table><thead><tr><th>Size</th><th>Chest (in)</th></tr></thead><tbody><tr><td>1X</td><td>48R</td></tr><tr><td>2X</td><td>50R</td></tr><tr><td>3X</td><td>52R</td></tr><tr><td>4X</td><td>54R</td></tr><tr><td>5X</td><td>56R</td></tr><tr><td>6X</td><td>58R</td></tr></tbody></table></div>",Tommy Hilfiger,Apparel & Accessories > Clothing,Suits,"PrimeStyleAI Demo, PrimeStyleAI Import, Suits, Tuxedos, male, tuxedo, formal, wool-blend, modern-fit, stretch, sustainable, tommy-hilfiger, 2-piece, satin-lapel",TRUE,Color,Navy Solid,Size,52 Regular,,,mw-tmw-3by1-10-navy-solid-52-regular,0,shopify,100,deny,manual,335.99,479.99,TRUE,TRUE,,,,,FALSE,Mens Tuxedo,"Suave, sustainable, and ready to steal the spotlight. Modern Fit means tailored without the squeeze.",Apparel & Accessories > Clothing,male,adult,,new,TRUE,PrimeStyleAI Demo,,,,,https://res.cloudinary.com/dgvtynla7/image/upload/v1776437494/demo/products/mw_tmw_3by1_10/21-TMW_3BY1_01_TOMMY_HILFIGER_2_PIECE_TUXEDO_NAVY_SOLID_MAIN.jpg,lb,,,active
mango-hailey-bieber-frill-denim-shorts,Cotton Frill Detail Denim Shorts,"<p>Mid-blue 100% cotton denim shorts with frill detail, belt loops, and a regular fit.</p>
<p><strong>Material:</strong> 100% cotton</p>
<p><strong>Available sizes:</strong> XS, S, M, L</p>
<div class=""primestyle-size-guide""><h3>Women&#39;s Denim Shorts Fit Matching Guide</h3><table><thead><tr><th>Size</th><th>Waist (in)</th><th>Hips (in)</th><th>Waist (cm)</th><th>Hips (cm)</th></tr></thead><tbody><tr><td></td><td></td><td></td><td></td><td></td></tr><tr><td></td><td></td><td></td><td></td><td></td></tr><tr><td></td><td></td><td></td><td></td><td></td></tr><tr><td></td><td></td><td></td><td></td><td></td></tr></tbody></table></div>",Mango,Apparel & Accessories > Clothing,Shorts,"PrimeStyleAI Demo, PrimeStyleAI Import, Shorts, Denim Shorts, female, denim, shorts, frill, cotton, mid blue, summer, mango, hailey bieber",TRUE,Color,Mid Blue,Size,XS,,,mango-hailey-bieber-frill-denim-shorts-mid-blue-xs,0,shopify,100,deny,manual,35.99,,TRUE,TRUE,,https://images.asos-media.com/products/mango-starring-hailey-bieber-100-cotton-frill-detail-denim-short-in-mid-blue/210993405-1-blue?$n_960w$&wid=952&fit=constrain,1,Cotton Frill Detail Denim Shorts,FALSE,Cotton Frill Detail Denim Shorts,"Mid-blue 100% cotton denim shorts with frill detail, belt loops, and a regular fit.",Apparel & Accessories > Clothing,female,adult,,new,TRUE,PrimeStyleAI Demo,,,,,https://images.asos-media.com/products/mango-starring-hailey-bieber-100-cotton-frill-detail-denim-short-in-mid-blue/210993405-1-blue?$n_960w$&wid=952&fit=constrain,lb,,,active
mango-hailey-bieber-frill-denim-shorts,Cotton Frill Detail Denim Shorts,"<p>Mid-blue 100% cotton denim shorts with frill detail, belt loops, and a regular fit.</p>
<p><strong>Material:</strong> 100% cotton</p>
<p><strong>Available sizes:</strong> XS, S, M, L</p>
<div class=""primestyle-size-guide""><h3>Women&#39;s Denim Shorts Fit Matching Guide</h3><table><thead><tr><th>Size</th><th>Waist (in)</th><th>Hips (in)</th><th>Waist (cm)</th><th>Hips (cm)</th></tr></thead><tbody><tr><td></td><td></td><td></td><td></td><td></td></tr><tr><td></td><td></td><td></td><td></td><td></td></tr><tr><td></td><td></td><td></td><td></td><td></td></tr><tr><td></td><td></td><td></td><td></td><td></td></tr></tbody></table></div>",Mango,Apparel & Accessories > Clothing,Shorts,"PrimeStyleAI Demo, PrimeStyleAI Import, Shorts, Denim Shorts, female, denim, shorts, frill, cotton, mid blue, summer, mango, hailey bieber",TRUE,Color,Mid Blue,Size,S,,,mango-hailey-bieber-frill-denim-shorts-mid-blue-s,0,shopify,100,deny,manual,35.99,,TRUE,TRUE,,https://images.asos-media.com/products/mango-starring-hailey-bieber-100-cotton-frill-detail-denim-short-in-mid-blue/210993405-2?$n_960w$&wid=952&fit=constrain,2,Cotton Frill Detail Denim Shorts,FALSE,Cotton Frill Detail Denim Shorts,"Mid-blue 100% cotton denim shorts with frill detail, belt loops, and a regular fit.",Apparel & Accessories > Clothing,female,adult,,new,TRUE,PrimeStyleAI Demo,,,,,https://images.asos-media.com/products/mango-starring-hailey-bieber-100-cotton-frill-detail-denim-short-in-mid-blue/210993405-1-blue?$n_960w$&wid=952&fit=constrain,lb,,,active
mango-hailey-bieber-frill-denim-shorts,Cotton Frill Detail Denim Shorts,"<p>Mid-blue 100% cotton denim shorts with frill detail, belt loops, and a regular fit.</p>
<p><strong>Material:</strong> 100% cotton</p>
<p><strong>Available sizes:</strong> XS, S, M, L</p>
<div class=""primestyle-size-guide""><h3>Women&#39;s Denim Shorts Fit Matching Guide</h3><table><thead><tr><th>Size</th><th>Waist (in)</th><th>Hips (in)</th><th>Waist (cm)</th><th>Hips (cm)</th></tr></thead><tbody><tr><td></td><td></td><td></td><td></td><td></td></tr><tr><td></td><td></td><td></td><td></td><td></td></tr><tr><td></td><td></td><td></td><td></td><td></td></tr><tr><td></td><td></td><td></td><td></td><td></td></tr></tbody></table></div>",Mango,Apparel & Accessories > Clothing,Shorts,"PrimeStyleAI Demo, PrimeStyleAI Import, Shorts, Denim Shorts, female, denim, shorts, frill, cotton, mid blue, summer, mango, hailey bieber",TRUE,Color,Mid Blue,Size,M,,,mango-hailey-bieber-frill-denim-shorts-mid-blue-m,0,shopify,100,deny,manual,35.99,,TRUE,TRUE,,https://images.asos-media.com/products/mango-starring-hailey-bieber-100-cotton-frill-detail-denim-short-in-mid-blue/210993405-3?$n_960w$&wid=952&fit=constrain,3,Cotton Frill Detail Denim Shorts,FALSE,Cotton Frill Detail Denim Shorts,"Mid-blue 100% cotton denim shorts with frill detail, belt loops, and a regular fit.",Apparel & Accessories > Clothing,female,adult,,new,TRUE,PrimeStyleAI Demo,,,,,https://images.asos-media.com/products/mango-starring-hailey-bieber-100-cotton-frill-detail-denim-short-in-mid-blue/210993405-1-blue?$n_960w$&wid=952&fit=constrain,lb,,,active
mango-hailey-bieber-frill-denim-shorts,Cotton Frill Detail Denim Shorts,"<p>Mid-blue 100% cotton denim shorts with frill detail, belt loops, and a regular fit.</p>
<p><strong>Material:</strong> 100% cotton</p>
<p><strong>Available sizes:</strong> XS, S, M, L</p>
<div class=""primestyle-size-guide""><h3>Women&#39;s Denim Shorts Fit Matching Guide</h3><table><thead><tr><th>Size</th><th>Waist (in)</th><th>Hips (in)</th><th>Waist (cm)</th><th>Hips (cm)</th></tr></thead><tbody><tr><td></td><td></td><td></td><td></td><td></td></tr><tr><td></td><td></td><td></td><td></td><td></td></tr><tr><td></td><td></td><td></td><td></td><td></td></tr><tr><td></td><td></td><td></td><td></td><td></td></tr></tbody></table></div>",Mango,Apparel & Accessories > Clothing,Shorts,"PrimeStyleAI Demo, PrimeStyleAI Import, Shorts, Denim Shorts, female, denim, shorts, frill, cotton, mid blue, summer, mango, hailey bieber",TRUE,Color,Mid Blue,Size,L,,,mango-hailey-bieber-frill-denim-shorts-mid-blue-l,0,shopify,100,deny,manual,35.99,,TRUE,TRUE,,https://images.asos-media.com/products/mango-starring-hailey-bieber-100-cotton-frill-detail-denim-short-in-mid-blue/210993405-4?$n_960w$&wid=952&fit=constrain,4,Cotton Frill Detail Denim Shorts,FALSE,Cotton Frill Detail Denim Shorts,"Mid-blue 100% cotton denim shorts with frill detail, belt loops, and a regular fit.",Apparel & Accessories > Clothing,female,adult,,new,TRUE,PrimeStyleAI Demo,,,,,https://images.asos-media.com/products/mango-starring-hailey-bieber-100-cotton-frill-detail-denim-short-in-mid-blue/210993405-1-blue?$n_960w$&wid=952&fit=constrain,lb,,,active
mango-hailey-bieber-frill-denim-shorts,,,,,,,,,,,,,,,,,,,,,,,,,https://images.asos-media.com/products/mango-starring-hailey-bieber-100-cotton-frill-detail-denim-short-in-mid-blue/210993405-5?$n_960w$&wid=952&fit=constrain,5,Cotton Frill Detail Denim Shorts,,,,,,,,,,,,,,,,,,,
