Handle,Product ID,Title,Brand,Category,Size System,Available Sizes,Size Guide Title,Size Guide JSON,Size Guide HTML
low-rise-pintuck-capri-jeans-black,low-rise-pintuck-capri-jeans-black,Low Rise Pintuck Capri Jeans,PrimeStyleAI,Pants,US Denim,0 | 1 | 3 | 5 | 7 | 9 | 11 | 13 | 15,Jeans and Bottoms Size Guide,"{""title"":""Jeans and Bottoms Size Guide"",""subtitle"":""Numeric jean sizes mapped from the bottoms guide, with garment details for this capri style."",""headers"":[""Size"",""Alpha"",""UK"",""EU"",""AUS"",""Waist (in)"",""Waist (cm)"",""Hips (in)"",""Hips (cm)"",""Rise (in)"",""Inseam (in)"",""Stretch""],""rows"":[{""Size"":""0"",""Alpha"":""XS"",""UK"":""2/4"",""EU"":""32/34"",""AUS"":""4/6"",""Waist (in)"":""24"",""Waist (cm)"":""61.0"",""Hips (in)"":""35"",""Hips (cm)"":""88.9"",""Rise (in)"":""8.5"",""Inseam (in)"":""21"",""Stretch"":""Medium""},{""Size"":""1"",""Alpha"":""XS"",""UK"":""2/4"",""EU"":""32/34"",""AUS"":""4/6"",""Waist (in)"":""25"",""Waist (cm)"":""63.5"",""Hips (in)"":""36"",""Hips (cm)"":""91.4"",""Rise (in)"":""8.5"",""Inseam (in)"":""21"",""Stretch"":""Medium""},{""Size"":""3"",""Alpha"":""S"",""UK"":""6/8"",""EU"":""36/38"",""AUS"":""8"",""Waist (in)"":""26"",""Waist (cm)"":""66.0"",""Hips (in)"":""37"",""Hips (cm)"":""94.0"",""Rise (in)"":""8.5"",""Inseam (in)"":""21"",""Stretch"":""Medium""},{""Size"":""5"",""Alpha"":""S"",""UK"":""6/8"",""EU"":""36/38"",""AUS"":""8"",""Waist (in)"":""27"",""Waist (cm)"":""68.6"",""Hips (in)"":""38"",""Hips (cm)"":""96.5"",""Rise (in)"":""8.5"",""Inseam (in)"":""21"",""Stretch"":""Medium""},{""Size"":""7"",""Alpha"":""M"",""UK"":""10/12"",""EU"":""40"",""AUS"":""10/12"",""Waist (in)"":""28"",""Waist (cm)"":""71.1"",""Hips (in)"":""39"",""Hips (cm)"":""99.1"",""Rise (in)"":""8.5"",""Inseam (in)"":""21"",""Stretch"":""Medium""},{""Size"":""9"",""Alpha"":""M"",""UK"":""10/12"",""EU"":""40"",""AUS"":""10/12"",""Waist (in)"":""29"",""Waist (cm)"":""73.7"",""Hips (in)"":""40"",""Hips (cm)"":""101.6"",""Rise (in)"":""8.5"",""Inseam (in)"":""21"",""Stretch"":""Medium""},{""Size"":""11"",""Alpha"":""L"",""UK"":""14"",""EU"":""42"",""AUS"":""14/16"",""Waist (in)"":""30.5"",""Waist (cm)"":""77.5"",""Hips (in)"":""41.5"",""Hips (cm)"":""105.4"",""Rise (in)"":""8.5"",""Inseam (in)"":""21"",""Stretch"":""Medium""},{""Size"":""13"",""Alpha"":""L"",""UK"":""14"",""EU"":""42"",""AUS"":""14/16"",""Waist (in)"":""32"",""Waist (cm)"":""81.3"",""Hips (in)"":""43"",""Hips (cm)"":""109.2"",""Rise (in)"":""8.5"",""Inseam (in)"":""21"",""Stretch"":""Medium""},{""Size"":""15"",""Alpha"":""XL"",""UK"":""16"",""EU"":""44"",""AUS"":""18"",""Waist (in)"":""33.5"",""Waist (cm)"":""85.1"",""Hips (in)"":""44.5"",""Hips (cm)"":""113.0"",""Rise (in)"":""8.5"",""Inseam (in)"":""21"",""Stretch"":""Medium""}],""requiredFields"":[{""key"":""waist"",""label"":""Waist"",""required"":true,""unit"":""in"",""category"":""body""},{""key"":""hips"",""label"":""Hips"",""required"":true,""unit"":""in"",""category"":""body""}],""unit"":""dual"",""found"":true,""source"":""Women's jeans and bottoms size guide"",""howToMeasure"":[""Waist: measure around the natural waistline."",""Hips: measure around the fullest part of the hips."",""Rise and inseam are garment fit details for this capri style.""],""regions"":[{""code"":""ALL"",""label"":""All regions"",""columns"":[""Alpha"",""UK"",""EU"",""AUS""]},{""code"":""ALPHA"",""label"":""Alpha"",""columns"":[""Alpha""]},{""code"":""UK"",""label"":""UK"",""columns"":[""UK""]},{""code"":""EU"",""label"":""EU"",""columns"":[""EU""]},{""code"":""AUS"",""label"":""AUS"",""columns"":[""AUS""]}],""matcherGuide"":{""title"":""Jeans and Bottoms Fit Matching Guide"",""headers"":[""Size"",""Waist (in)"",""Hips (in)"",""Waist (cm)"",""Hips (cm)"",""Alpha""],""rows"":[[""0"",""24"",""35"",""61.0"",""88.9"",""XS""],[""1"",""25"",""36"",""63.5"",""91.4"",""XS""],[""3"",""26"",""37"",""66.0"",""94.0"",""S""],[""5"",""27"",""38"",""68.6"",""96.5"",""S""],[""7"",""28"",""39"",""71.1"",""99.1"",""M""],[""9"",""29"",""40"",""73.7"",""101.6"",""M""],[""11"",""30.5"",""41.5"",""77.5"",""105.4"",""L""],[""13"",""32"",""43"",""81.3"",""109.2"",""L""],[""15"",""33.5"",""44.5"",""85.1"",""113.0"",""XL""]],""requiredFields"":[{""key"":""waist"",""label"":""Waist"",""required"":true,""unit"":""in"",""category"":""body""},{""key"":""hips"",""label"":""Hips"",""required"":true,""unit"":""in"",""category"":""body""}],""unit"":""dual"",""found"":true,""source"":""Women's jeans and bottoms size guide""}}","<div class=""primestyle-size-guide""><h3>Jeans and Bottoms Fit Matching Guide</h3><table><thead><tr><th>Size</th><th>Waist (in)</th><th>Hips (in)</th><th>Waist (cm)</th><th>Hips (cm)</th><th>Alpha</th></tr></thead><tbody><tr><td></td><td></td><td></td><td></td><td></td><td></td></tr><tr><td></td><td></td><td></td><td></td><td></td><td></td></tr><tr><td></td><td></td><td></td><td></td><td></td><td></td></tr><tr><td></td><td></td><td></td><td></td><td></td><td></td></tr><tr><td></td><td></td><td></td><td></td><td></td><td></td></tr><tr><td></td><td></td><td></td><td></td><td></td><td></td></tr><tr><td></td><td></td><td></td><td></td><td></td><td></td></tr><tr><td></td><td></td><td></td><td></td><td></td><td></td></tr><tr><td></td><td></td><td></td><td></td><td></td><td></td></tr></tbody></table></div>"
mid-rise-floral-zip-ankle-jeans,mid-rise-floral-zip-ankle-jeans,Mid Rise Floral Zip Ankle Jeans,PrimeStyleAI,Pants,Denim Waist,23 | 24 | 25 | 26 | 27 | 28 | 29 | 30 | 31 | 32 | 33 | 34,Women's Floral Denim Size Guide,"{""title"":""Women's Floral Denim Size Guide"",""subtitle"":""Denim waist sizes with body measurements and garment fit details for this ankle-length jean."",""headers"":[""Size"",""US"",""EU"",""UK"",""AU"",""Waist (in)"",""Waist (cm)"",""Hips (in)"",""Hips (cm)"",""Rise (in)"",""Inseam (in)"",""Leg Opening (in)""],""rows"":[{""Size"":""23"",""US"":""0"",""EU"":""30"",""UK"":""4"",""AU"":""4"",""Waist (in)"":""23"",""Waist (cm)"":""58.4"",""Hips (in)"":""33"",""Hips (cm)"":""83.8"",""Rise (in)"":""9.75"",""Inseam (in)"":""27.5"",""Leg Opening (in)"":""17.5""},{""Size"":""24"",""US"":""2"",""EU"":""32"",""UK"":""6"",""AU"":""6"",""Waist (in)"":""24"",""Waist (cm)"":""61.0"",""Hips (in)"":""34"",""Hips (cm)"":""86.4"",""Rise (in)"":""9.75"",""Inseam (in)"":""27.5"",""Leg Opening (in)"":""17.5""},{""Size"":""25"",""US"":""2"",""EU"":""32"",""UK"":""6"",""AU"":""6"",""Waist (in)"":""25"",""Waist (cm)"":""63.5"",""Hips (in)"":""35"",""Hips (cm)"":""88.9"",""Rise (in)"":""9.75"",""Inseam (in)"":""27.5"",""Leg Opening (in)"":""17.5""},{""Size"":""26"",""US"":""4"",""EU"":""34"",""UK"":""8"",""AU"":""8"",""Waist (in)"":""26"",""Waist (cm)"":""66.0"",""Hips (in)"":""36"",""Hips (cm)"":""91.4"",""Rise (in)"":""9.75"",""Inseam (in)"":""27.5"",""Leg Opening (in)"":""17.5""},{""Size"":""27"",""US"":""4-6"",""EU"":""34-36"",""UK"":""8-10"",""AU"":""8-10"",""Waist (in)"":""27"",""Waist (cm)"":""68.6"",""Hips (in)"":""37"",""Hips (cm)"":""94.0"",""Rise (in)"":""9.75"",""Inseam (in)"":""27.5"",""Leg Opening (in)"":""17.5""},{""Size"":""28"",""US"":""6"",""EU"":""36"",""UK"":""10"",""AU"":""10"",""Waist (in)"":""28"",""Waist (cm)"":""71.1"",""Hips (in)"":""38"",""Hips (cm)"":""96.5"",""Rise (in)"":""9.75"",""Inseam (in)"":""27.5"",""Leg Opening (in)"":""17.5""},{""Size"":""29"",""US"":""8"",""EU"":""38"",""UK"":""12"",""AU"":""12"",""Waist (in)"":""29"",""Waist (cm)"":""73.7"",""Hips (in)"":""39"",""Hips (cm)"":""99.1"",""Rise (in)"":""9.75"",""Inseam (in)"":""27.5"",""Leg Opening (in)"":""17.5""},{""Size"":""30"",""US"":""8"",""EU"":""38"",""UK"":""12"",""AU"":""12"",""Waist (in)"":""30"",""Waist (cm)"":""76.2"",""Hips (in)"":""40"",""Hips (cm)"":""101.6"",""Rise (in)"":""9.75"",""Inseam (in)"":""27.5"",""Leg Opening (in)"":""17.5""},{""Size"":""31"",""US"":""10"",""EU"":""40"",""UK"":""14"",""AU"":""14"",""Waist (in)"":""31"",""Waist (cm)"":""78.7"",""Hips (in)"":""41"",""Hips (cm)"":""104.1"",""Rise (in)"":""9.75"",""Inseam (in)"":""27.5"",""Leg Opening (in)"":""17.5""},{""Size"":""32"",""US"":""10-12"",""EU"":""40-42"",""UK"":""14-16"",""AU"":""14-16"",""Waist (in)"":""32"",""Waist (cm)"":""81.3"",""Hips (in)"":""42"",""Hips (cm)"":""106.7"",""Rise (in)"":""9.75"",""Inseam (in)"":""27.5"",""Leg Opening (in)"":""17.5""},{""Size"":""33"",""US"":""12"",""EU"":""42"",""UK"":""16"",""AU"":""16"",""Waist (in)"":""33"",""Waist (cm)"":""83.8"",""Hips (in)"":""43"",""Hips (cm)"":""109.2"",""Rise (in)"":""9.75"",""Inseam (in)"":""27.5"",""Leg Opening (in)"":""17.5""},{""Size"":""34"",""US"":""14"",""EU"":""44"",""UK"":""18"",""AU"":""18"",""Waist (in)"":""34"",""Waist (cm)"":""86.4"",""Hips (in)"":""44"",""Hips (cm)"":""111.8"",""Rise (in)"":""9.75"",""Inseam (in)"":""27.5"",""Leg Opening (in)"":""17.5""}],""requiredFields"":[{""key"":""waist"",""label"":""Waist"",""required"":true,""unit"":""in"",""category"":""body""},{""key"":""hips"",""label"":""Hips"",""required"":true,""unit"":""in"",""category"":""body""}],""unit"":""dual"",""found"":true,""source"":""Women's denim size guide"",""howToMeasure"":[""Waist: measure around the natural waistline."",""Hips: measure around the fullest part of the hips."",""Rise, inseam, and leg opening are garment fit details for this style.""],""regions"":[{""code"":""ALL"",""label"":""All regions"",""columns"":[""US"",""EU"",""UK"",""AU""]},{""code"":""US"",""label"":""US"",""columns"":[""US""]},{""code"":""EU"",""label"":""EU"",""columns"":[""EU""]},{""code"":""UK"",""label"":""UK"",""columns"":[""UK""]},{""code"":""AU"",""label"":""AU"",""columns"":[""AU""]}],""matcherGuide"":{""title"":""Women's Floral Denim Fit Matching Guide"",""headers"":[""Size"",""Waist (in)"",""Hips (in)"",""Waist (cm)"",""Hips (cm)"",""US""],""rows"":[[""23"",""23"",""33"",""58.4"",""83.8"",""0""],[""24"",""24"",""34"",""61.0"",""86.4"",""2""],[""25"",""25"",""35"",""63.5"",""88.9"",""2""],[""26"",""26"",""36"",""66.0"",""91.4"",""4""],[""27"",""27"",""37"",""68.6"",""94.0"",""4-6""],[""28"",""28"",""38"",""71.1"",""96.5"",""6""],[""29"",""29"",""39"",""73.7"",""99.1"",""8""],[""30"",""30"",""40"",""76.2"",""101.6"",""8""],[""31"",""31"",""41"",""78.7"",""104.1"",""10""],[""32"",""32"",""42"",""81.3"",""106.7"",""10-12""],[""33"",""33"",""43"",""83.8"",""109.2"",""12""],[""34"",""34"",""44"",""86.4"",""111.8"",""14""]],""requiredFields"":[{""key"":""waist"",""label"":""Waist"",""required"":true,""unit"":""in"",""category"":""body""},{""key"":""hips"",""label"":""Hips"",""required"":true,""unit"":""in"",""category"":""body""}],""unit"":""dual"",""found"":true,""source"":""Women's denim size guide""}}","<div class=""primestyle-size-guide""><h3>Women&#39;s Floral Denim Fit Matching Guide</h3><table><thead><tr><th>Size</th><th>Waist (in)</th><th>Hips (in)</th><th>Waist (cm)</th><th>Hips (cm)</th><th>US</th></tr></thead><tbody><tr><td></td><td></td><td></td><td></td><td></td><td></td></tr><tr><td></td><td></td><td></td><td></td><td></td><td></td></tr><tr><td></td><td></td><td></td><td></td><td></td><td></td></tr><tr><td></td><td></td><td></td><td></td><td></td><td></td></tr><tr><td></td><td></td><td></td><td></td><td></td><td></td></tr><tr><td></td><td></td><td></td><td></td><td></td><td></td></tr><tr><td></td><td></td><td></td><td></td><td></td><td></td></tr><tr><td></td><td></td><td></td><td></td><td></td><td></td></tr><tr><td></td><td></td><td></td><td></td><td></td><td></td></tr><tr><td></td><td></td><td></td><td></td><td></td><td></td></tr><tr><td></td><td></td><td></td><td></td><td></td><td></td></tr><tr><td></td><td></td><td></td><td></td><td></td><td></td></tr></tbody></table></div>"
womens-stretch-flare-jeans-layover,womens-stretch-flare-jeans-layover,Women's Stretch Flare Jeans,PrimeStyleAI,Pants,Denim Waist,23 | 24 | 25 | 26 | 27 | 28 | 29 | 30 | 31 | 32 | 33 | 34,Women's Stretch Denim Size Guide,"{""title"":""Women's Stretch Denim Size Guide"",""subtitle"":""Official stretch denim guide. Measurements are body measurements; centimeters are converted from inches at 2.54 and rounded to one decimal, matching the source guide."",""headers"":[""Size"",""US"",""Waist (in)"",""Waist (cm)"",""Hip (in)"",""Hip (cm)""],""rows"":[{""Size"":""23"",""US"":""0"",""Waist (in)"":""23"",""Waist (cm)"":""58.4"",""Hip (in)"":""33"",""Hip (cm)"":""83.8""},{""Size"":""24"",""US"":""2"",""Waist (in)"":""24"",""Waist (cm)"":""61.0"",""Hip (in)"":""34"",""Hip (cm)"":""86.4""},{""Size"":""25"",""US"":""2"",""Waist (in)"":""25"",""Waist (cm)"":""63.5"",""Hip (in)"":""35"",""Hip (cm)"":""88.9""},{""Size"":""26"",""US"":""4"",""Waist (in)"":""26"",""Waist (cm)"":""66.0"",""Hip (in)"":""36"",""Hip (cm)"":""91.4""},{""Size"":""27"",""US"":""4-6"",""Waist (in)"":""27"",""Waist (cm)"":""68.6"",""Hip (in)"":""37"",""Hip (cm)"":""94.0""},{""Size"":""28"",""US"":""6"",""Waist (in)"":""28"",""Waist (cm)"":""71.1"",""Hip (in)"":""38"",""Hip (cm)"":""96.5""},{""Size"":""29"",""US"":""8"",""Waist (in)"":""29"",""Waist (cm)"":""73.7"",""Hip (in)"":""39"",""Hip (cm)"":""99.1""},{""Size"":""30"",""US"":""8"",""Waist (in)"":""30"",""Waist (cm)"":""76.2"",""Hip (in)"":""40"",""Hip (cm)"":""101.6""},{""Size"":""31"",""US"":""10"",""Waist (in)"":""31"",""Waist (cm)"":""78.7"",""Hip (in)"":""41"",""Hip (cm)"":""104.1""},{""Size"":""32"",""US"":""10-12"",""Waist (in)"":""32"",""Waist (cm)"":""81.3"",""Hip (in)"":""42"",""Hip (cm)"":""106.7""},{""Size"":""33"",""US"":""12"",""Waist (in)"":""33"",""Waist (cm)"":""83.8"",""Hip (in)"":""43"",""Hip (cm)"":""109.2""},{""Size"":""34"",""US"":""14"",""Waist (in)"":""34"",""Waist (cm)"":""86.4"",""Hip (in)"":""44"",""Hip (cm)"":""111.8""}],""requiredFields"":[{""key"":""waist"",""label"":""Waist"",""required"":true,""unit"":""in"",""category"":""body""},{""key"":""hips"",""label"":""Hip"",""required"":true,""unit"":""in"",""category"":""body""}],""unit"":""dual"",""found"":true,""source"":""Official Women’s Stretch Denim and Tops size guide"",""sourceUrl"":""https://www.motherdenim.com/en-am/pages/size-guide"",""howToMeasure"":[""Waist: measure around the natural waist."",""Hip: measure around the fullest part of the hips.""],""matcherGuide"":{""title"":""Women's Stretch Denim Fit Matching Guide"",""headers"":[""Size"",""Waist (in)"",""Hips (in)"",""Waist (cm)"",""Hips (cm)"",""US""],""rows"":[[""23"",""23"",""33"",""58.4"",""83.8"",""0""],[""24"",""24"",""34"",""61.0"",""86.4"",""2""],[""25"",""25"",""35"",""63.5"",""88.9"",""2""],[""26"",""26"",""36"",""66.0"",""91.4"",""4""],[""27"",""27"",""37"",""68.6"",""94.0"",""4-6""],[""28"",""28"",""38"",""71.1"",""96.5"",""6""],[""29"",""29"",""39"",""73.7"",""99.1"",""8""],[""30"",""30"",""40"",""76.2"",""101.6"",""8""],[""31"",""31"",""41"",""78.7"",""104.1"",""10""],[""32"",""32"",""42"",""81.3"",""106.7"",""10-12""],[""33"",""33"",""43"",""83.8"",""109.2"",""12""],[""34"",""34"",""44"",""86.4"",""111.8"",""14""]],""requiredFields"":[{""key"":""waist"",""label"":""Waist"",""required"":true,""unit"":""in"",""category"":""body""},{""key"":""hips"",""label"":""Hip"",""required"":true,""unit"":""in"",""category"":""body""}],""unit"":""dual"",""found"":true,""source"":""Official Women’s Stretch Denim and Tops size guide""}}","<div class=""primestyle-size-guide""><h3>Women&#39;s Stretch Denim Fit Matching Guide</h3><table><thead><tr><th>Size</th><th>Waist (in)</th><th>Hips (in)</th><th>Waist (cm)</th><th>Hips (cm)</th><th>US</th></tr></thead><tbody><tr><td></td><td></td><td></td><td></td><td></td><td></td></tr><tr><td></td><td></td><td></td><td></td><td></td><td></td></tr><tr><td></td><td></td><td></td><td></td><td></td><td></td></tr><tr><td></td><td></td><td></td><td></td><td></td><td></td></tr><tr><td></td><td></td><td></td><td></td><td></td><td></td></tr><tr><td></td><td></td><td></td><td></td><td></td><td></td></tr><tr><td></td><td></td><td></td><td></td><td></td><td></td></tr><tr><td></td><td></td><td></td><td></td><td></td><td></td></tr><tr><td></td><td></td><td></td><td></td><td></td><td></td></tr><tr><td></td><td></td><td></td><td></td><td></td><td></td></tr><tr><td></td><td></td><td></td><td></td><td></td><td></td></tr><tr><td></td><td></td><td></td><td></td><td></td><td></td></tr></tbody></table></div>"
flat-leather-criss-cross-sandals,flat-leather-criss-cross-sandals,Flat Leather Criss-Cross Sandals,PrimeStyleAI,Shoes,EU,35 | 36 | 37 | 38 | 39 | 40 | 41 | 42,Flat Leather Criss-Cross Sandals Size Guide,"{""title"":""Flat Leather Criss-Cross Sandals Size Guide"",""subtitle"":""EU shoe labels captured from the live product data; foot length is the sizing anchor used by the demo flow."",""headers"":[""Size"",""EU"",""Foot Length (cm)"",""Foot Length (in)""],""rows"":[{""Size"":""35"",""EU"":""35"",""Foot Length (cm)"":""22.8"",""Foot Length (in)"":""9.0""},{""Size"":""36"",""EU"":""36"",""Foot Length (cm)"":""23.5"",""Foot Length (in)"":""9.3""},{""Size"":""37"",""EU"":""37"",""Foot Length (cm)"":""24.1"",""Foot Length (in)"":""9.5""},{""Size"":""38"",""EU"":""38"",""Foot Length (cm)"":""24.8"",""Foot Length (in)"":""9.8""},{""Size"":""39"",""EU"":""39"",""Foot Length (cm)"":""25.4"",""Foot Length (in)"":""10.0""},{""Size"":""40"",""EU"":""40"",""Foot Length (cm)"":""26.0"",""Foot Length (in)"":""10.2""},{""Size"":""41"",""EU"":""41"",""Foot Length (cm)"":""26.7"",""Foot Length (in)"":""10.5""},{""Size"":""42"",""EU"":""42"",""Foot Length (cm)"":""27.3"",""Foot Length (in)"":""10.7""}],""requiredFields"":[{""key"":""footLengthCm"",""label"":""Foot Length"",""required"":true,""unit"":""cm"",""category"":""shoe""}],""unit"":""dual"",""found"":true,""source"":""Live product data"",""guideImages"":[{""label"":""Foot length"",""url"":""/guides/foot-length-guide.png""}],""matcherGuide"":{""title"":""Flat Leather Criss-Cross Sandals Fit Matching Guide"",""headers"":[""size"",""footLengthCm_cm"",""footLengthCm_in""],""rows"":[[""35"",""22.8"",""9.0""],[""36"",""23.5"",""9.3""],[""37"",""24.1"",""9.5""],[""38"",""24.8"",""9.8""],[""39"",""25.4"",""10.0""],[""40"",""26.0"",""10.2""],[""41"",""26.7"",""10.5""],[""42"",""27.3"",""10.7""]],""requiredFields"":[{""key"":""footLengthCm"",""label"":""Foot Length"",""required"":true,""unit"":""cm"",""category"":""shoe""}],""unit"":""dual"",""found"":true,""source"":""Live product data""}}","<div class=""primestyle-size-guide""><h3>Flat Leather Criss-Cross Sandals Fit Matching Guide</h3><table><thead><tr><th>size</th><th>footLengthCm_cm</th><th>footLengthCm_in</th></tr></thead><tbody><tr><td></td><td></td><td></td></tr><tr><td></td><td></td><td></td></tr><tr><td></td><td></td><td></td></tr><tr><td></td><td></td><td></td></tr><tr><td></td><td></td><td></td></tr><tr><td></td><td></td><td></td></tr><tr><td></td><td></td><td></td></tr><tr><td></td><td></td><td></td></tr></tbody></table></div>"
floral-print-linen-blend-trousers,floral-print-linen-blend-trousers,Floral Print Linen Blend Trousers,PrimeStyleAI,Pants,Standard,XS | S | M | L | XL,Floral Print Linen Blend Trousers Product Measurements,"{""title"":""Floral Print Linen Blend Trousers Product Measurements"",""subtitle"":""Product measurements from the product measurements table."",""headers"":[""Size"",""Waist (cm)"",""Waist (in)"",""Hip (cm)"",""Hip (in)"",""Total length (cm)"",""Total length (in)"",""Front rise (cm)"",""Front rise (in)"",""Back rise (cm)"",""Back rise (in)""],""rows"":[{""Size"":""XS"",""Waist (cm)"":""34.5"",""Waist (in)"":""13.6"",""Hip (cm)"":""45.0"",""Hip (in)"":""17.7"",""Total length (cm)"":""108.0"",""Total length (in)"":""42.5"",""Front rise (cm)"":""34.0"",""Front rise (in)"":""13.4"",""Back rise (cm)"":""33.5"",""Back rise (in)"":""13.2""},{""Size"":""S"",""Waist (cm)"":""36.0"",""Waist (in)"":""14.2"",""Hip (cm)"":""47.0"",""Hip (in)"":""18.5"",""Total length (cm)"":""108.5"",""Total length (in)"":""42.7"",""Front rise (cm)"":""34.5"",""Front rise (in)"":""13.6"",""Back rise (cm)"":""35.0"",""Back rise (in)"":""13.8""},{""Size"":""M"",""Waist (cm)"":""37.5"",""Waist (in)"":""14.8"",""Hip (cm)"":""49.0"",""Hip (in)"":""19.3"",""Total length (cm)"":""109.0"",""Total length (in)"":""42.9"",""Front rise (cm)"":""35.0"",""Front rise (in)"":""13.8"",""Back rise (cm)"":""36.5"",""Back rise (in)"":""14.4""},{""Size"":""L"",""Waist (cm)"":""39.0"",""Waist (in)"":""15.4"",""Hip (cm)"":""51.0"",""Hip (in)"":""20.1"",""Total length (cm)"":""109.5"",""Total length (in)"":""43.1"",""Front rise (cm)"":""35.5"",""Front rise (in)"":""14.0"",""Back rise (cm)"":""38.0"",""Back rise (in)"":""15.0""},{""Size"":""XL"",""Waist (cm)"":""40.5"",""Waist (in)"":""15.9"",""Hip (cm)"":""53.0"",""Hip (in)"":""20.9"",""Total length (cm)"":""110.0"",""Total length (in)"":""43.3"",""Front rise (cm)"":""36.0"",""Front rise (in)"":""14.2"",""Back rise (cm)"":""39.5"",""Back rise (in)"":""15.6""}],""requiredFields"":[{""key"":""waist"",""label"":""Waist"",""required"":true,""unit"":""cm"",""category"":""body""},{""key"":""hips"",""label"":""Hip"",""required"":true,""unit"":""cm"",""category"":""body""},{""key"":""length"",""label"":""Total length"",""required"":false,""unit"":""cm"",""category"":""body""}],""unit"":""dual"",""found"":true,""source"":""Product measurements table"",""matcherGuide"":{""title"":""Floral Print Linen Blend Trousers Fit Matching Guide"",""headers"":[""size"",""waist_cm"",""waist_in"",""hips_cm"",""hips_in"",""length_cm"",""length_in""],""rows"":[[""XS"",""69.0"",""27.2"",""90.0"",""35.4"",""108.0"",""42.5""],[""S"",""72.0"",""28.3"",""94.0"",""37.0"",""108.5"",""42.7""],[""M"",""75.0"",""29.5"",""98.0"",""38.6"",""109.0"",""42.9""],[""L"",""78.0"",""30.7"",""102.0"",""40.2"",""109.5"",""43.1""],[""XL"",""81.0"",""31.9"",""106.0"",""41.7"",""110.0"",""43.3""]],""requiredFields"":[{""key"":""waist"",""label"":""Waist"",""required"":true,""unit"":""cm"",""category"":""body""},{""key"":""hips"",""label"":""Hip"",""required"":true,""unit"":""cm"",""category"":""body""},{""key"":""length"",""label"":""Total length"",""required"":false,""unit"":""cm"",""category"":""body""}],""unit"":""dual"",""found"":true,""source"":""Product measurements table converted for fit matching""}}","<div class=""primestyle-size-guide""><h3>Floral Print Linen Blend Trousers Fit Matching Guide</h3><table><thead><tr><th>size</th><th>waist_cm</th><th>waist_in</th><th>hips_cm</th><th>hips_in</th><th>length_cm</th><th>length_in</th></tr></thead><tbody><tr><td></td><td></td><td></td><td></td><td></td><td></td><td></td></tr><tr><td></td><td></td><td></td><td></td><td></td><td></td><td></td></tr><tr><td></td><td></td><td></td><td></td><td></td><td></td><td></td></tr><tr><td></td><td></td><td></td><td></td><td></td><td></td><td></td></tr><tr><td></td><td></td><td></td><td></td><td></td><td></td><td></td></tr></tbody></table></div>"
floral-linen-blend-shirt,floral-linen-blend-shirt,Floral Linen Blend Shirt,PrimeStyleAI,Tops,Standard,XS | S | M | L | XL,Floral Linen Blend Shirt Size Guide,"{""title"":""Floral Linen Blend Shirt Size Guide"",""subtitle"":""Size labels captured from the live product data."",""headers"":[""Standard"",""US"",""EU"",""UK""],""rows"":[{""Standard"":""XS"",""US"":""0-2"",""EU"":""32-34"",""UK"":""4-6""},{""Standard"":""S"",""US"":""4-6"",""EU"":""36-38"",""UK"":""8-10""},{""Standard"":""M"",""US"":""8-10"",""EU"":""40-42"",""UK"":""12-14""},{""Standard"":""L"",""US"":""12-14"",""EU"":""44-46"",""UK"":""16-18""},{""Standard"":""XL"",""US"":""16"",""EU"":""48"",""UK"":""20""}],""requiredFields"":[""Standard""],""regions"":[{""code"":""ALL"",""label"":""All regions"",""columns"":[""US"",""EU"",""UK""]},{""code"":""US"",""label"":""US"",""columns"":[""US""]},{""code"":""EU"",""label"":""EU"",""columns"":[""EU""]},{""code"":""UK"",""label"":""UK"",""columns"":[""UK""]}],""noUnitToggle"":true,""found"":true,""source"":""Live product data""}","<div class=""primestyle-size-guide""><h3>Floral Linen Blend Shirt Size Guide</h3><p>Size labels captured from the live product data.</p><table><thead><tr><th>Standard</th><th>US</th><th>EU</th><th>UK</th></tr></thead><tbody><tr><td>XS</td><td>0-2</td><td>32-34</td><td>4-6</td></tr><tr><td>S</td><td>4-6</td><td>36-38</td><td>8-10</td></tr><tr><td>M</td><td>8-10</td><td>40-42</td><td>12-14</td></tr><tr><td>L</td><td>12-14</td><td>44-46</td><td>16-18</td></tr><tr><td>XL</td><td>16</td><td>48</td><td>20</td></tr></tbody></table></div>"
ferragamo-utility-backpack-hug-buckle-786279,ferragamo_utility_backpack_hug_buckle_786279,Men's Utility Backpack,Ferragamo,Bags,One Size,One Size,Backpack Dimensions,"{""title"":""Backpack Dimensions"",""source_url"":""https://www.reversible.com/shopping/men/item/ferragamo-utility-backpack-669998313"",""unit"":""in/cm"",""headers"":[""Standard"",""Height"",""Length"",""Width""],""rows"":[{""Standard"":""One Size"",""Height"":""17.3 in / 43.9 cm"",""Length"":""12.5 in / 31.8 cm"",""Width"":""5.1 in / 13.0 cm""}],""note"":""Accessory sizing is informational. The backpack is listed as one size with laptop/electronics capacity.""}","<div class=""primestyle-size-guide""><h3>Backpack Dimensions</h3><table><thead><tr><th>Standard</th><th>Height</th><th>Length</th><th>Width</th></tr></thead><tbody><tr><td>One Size</td><td>17.3 in / 43.9 cm</td><td>12.5 in / 31.8 cm</td><td>5.1 in / 13.0 cm</td></tr></tbody></table></div>"
sunglasshut-oakley-meta-vanguard-prizm-black-888392690401,sunglasshut_oakley_meta_vanguard_prizm_black_888392690401,Smart Sport Sunglasses,Oakley,Accessories,One Size,One Size,Oakley Meta Vanguard Fit Guide,"{""title"":""Oakley Meta Vanguard Fit Guide"",""source_url"":""https://www.sunglasshut.com/us/oakley-meta/ow8001-888392690401"",""detail_source_url"":""https://www.oakley.com/en-us/product/W0OW8001?variant=888392690401"",""unit"":""mm"",""headers"":[""Size"",""Model Code"",""Lens Width"",""Frame Width"",""Fit"",""Bridge / Nosepad""],""rows"":[{""Size"":""XL / One Size"",""Model Code"":""OW8001-070"",""Lens Width"":""52 mm"",""Frame Width"":""152 mm"",""Fit"":""Wide"",""Bridge / Nosepad"":""Universal Fit""}],""requiredFields"":[{""key"":""lensWidth"",""label"":""Lens Width"",""unit"":""mm"",""required"":true},{""key"":""frameWidth"",""label"":""Frame Width"",""unit"":""mm"",""required"":true}],""note"":""Produced in one size only. Original listing shows Size XL (0-152); 152 mm is the frame/front width for this shield-style frame, not a nose bridge measurement. Wide fit with Universal Fit bridge and nosepads.""}","<div class=""primestyle-size-guide""><h3>Oakley Meta Vanguard Fit Guide</h3><table><thead><tr><th>Size</th><th>Model Code</th><th>Lens Width</th><th>Frame Width</th><th>Fit</th><th>Bridge / Nosepad</th></tr></thead><tbody><tr><td>XL / One Size</td><td>OW8001-070</td><td>52 mm</td><td>152 mm</td><td>Wide</td><td>Universal Fit</td></tr></tbody></table></div>"
nike-pegasus-42-womens-road-running-shoes-ib1881-602,nike_pegasus_42_womens_road_running_shoes_ib1881_602,Women's Running Shoes,Nike,Shoes,US Women / Men,W 5 / M 3.5 | W 5.5 / M 4 | W 6 / M 4.5 | W 6.5 / M 5 | W 7 / M 5.5 | W 7.5 / M 6 | W 8 / M 6.5 | W 8.5 / M 7 | W 9 / M 7.5 | W 9.5 / M 8 | W 10 / M 8.5 | W 10.5 / M 9 | W 11 / M 9.5 | W 11.5 / M 10 | W 12 / M 10.5,Nike Unisex Shoes Women's Based Size Guide,"{""title"":""Nike Unisex Shoes Women's Based Size Guide"",""source_url"":""https://www.nike.com/size-fit/unisex-footwear-womens-based"",""unit"":""US / UK / EU / CM"",""headers"":[""Standard"",""US Women"",""US Men"",""UK"",""CM / JP"",""EU""],""rows"":[{""Standard"":""W 5 / M 3.5"",""US Women"":""5"",""US Men"":""3.5"",""UK"":""2.5"",""CM / JP"":""22"",""EU"":""35.5""},{""Standard"":""W 5.5 / M 4"",""US Women"":""5.5"",""US Men"":""4"",""UK"":""3"",""CM / JP"":""22.5"",""EU"":""36""},{""Standard"":""W 6 / M 4.5"",""US Women"":""6"",""US Men"":""4.5"",""UK"":""3.5"",""CM / JP"":""23"",""EU"":""36.5""},{""Standard"":""W 6.5 / M 5"",""US Women"":""6.5"",""US Men"":""5"",""UK"":""4"",""CM / JP"":""23.5"",""EU"":""37.5""},{""Standard"":""W 7 / M 5.5"",""US Women"":""7"",""US Men"":""5.5"",""UK"":""4.5"",""CM / JP"":""24"",""EU"":""38""},{""Standard"":""W 7.5 / M 6"",""US Women"":""7.5"",""US Men"":""6"",""UK"":""5"",""CM / JP"":""24.5"",""EU"":""38.5""},{""Standard"":""W 8 / M 6.5"",""US Women"":""8"",""US Men"":""6.5"",""UK"":""5.5"",""CM / JP"":""25"",""EU"":""39""},{""Standard"":""W 8.5 / M 7"",""US Women"":""8.5"",""US Men"":""7"",""UK"":""6"",""CM / JP"":""25.5"",""EU"":""40""},{""Standard"":""W 9 / M 7.5"",""US Women"":""9"",""US Men"":""7.5"",""UK"":""6.5"",""CM / JP"":""26"",""EU"":""40.5""},{""Standard"":""W 9.5 / M 8"",""US Women"":""9.5"",""US Men"":""8"",""UK"":""7"",""CM / JP"":""26.5"",""EU"":""41""},{""Standard"":""W 10 / M 8.5"",""US Women"":""10"",""US Men"":""8.5"",""UK"":""7.5"",""CM / JP"":""27"",""EU"":""42""},{""Standard"":""W 10.5 / M 9"",""US Women"":""10.5"",""US Men"":""9"",""UK"":""8"",""CM / JP"":""27.5"",""EU"":""42.5""},{""Standard"":""W 11 / M 9.5"",""US Women"":""11"",""US Men"":""9.5"",""UK"":""8.5"",""CM / JP"":""28"",""EU"":""43""},{""Standard"":""W 11.5 / M 10"",""US Women"":""11.5"",""US Men"":""10"",""UK"":""9"",""CM / JP"":""28.5"",""EU"":""44""},{""Standard"":""W 12 / M 10.5"",""US Women"":""12"",""US Men"":""10.5"",""UK"":""9.5"",""CM / JP"":""29"",""EU"":""44.5""}],""note"":""Nike notes the CM size displayed on shoe boxes and labels is different from measured foot length. If between sizes, Nike recommends sizing up."",""how_to_measure"":[""Tape paper to a hard flat surface."",""Stand on the paper with weight evenly balanced."",""Mark the longest toe and outermost heel, then measure between the marks."",""Measure both feet and use the longer measurement.""]}","<div class=""primestyle-size-guide""><h3>Nike Unisex Shoes Women&#39;s Based Size Guide</h3><table><thead><tr><th>Standard</th><th>US Women</th><th>US Men</th><th>UK</th><th>CM / JP</th><th>EU</th></tr></thead><tbody><tr><td>W 5 / M 3.5</td><td>5</td><td>3.5</td><td>2.5</td><td>22</td><td>35.5</td></tr><tr><td>W 5.5 / M 4</td><td>5.5</td><td>4</td><td>3</td><td>22.5</td><td>36</td></tr><tr><td>W 6 / M 4.5</td><td>6</td><td>4.5</td><td>3.5</td><td>23</td><td>36.5</td></tr><tr><td>W 6.5 / M 5</td><td>6.5</td><td>5</td><td>4</td><td>23.5</td><td>37.5</td></tr><tr><td>W 7 / M 5.5</td><td>7</td><td>5.5</td><td>4.5</td><td>24</td><td>38</td></tr><tr><td>W 7.5 / M 6</td><td>7.5</td><td>6</td><td>5</td><td>24.5</td><td>38.5</td></tr><tr><td>W 8 / M 6.5</td><td>8</td><td>6.5</td><td>5.5</td><td>25</td><td>39</td></tr><tr><td>W 8.5 / M 7</td><td>8.5</td><td>7</td><td>6</td><td>25.5</td><td>40</td></tr><tr><td>W 9 / M 7.5</td><td>9</td><td>7.5</td><td>6.5</td><td>26</td><td>40.5</td></tr><tr><td>W 9.5 / M 8</td><td>9.5</td><td>8</td><td>7</td><td>26.5</td><td>41</td></tr><tr><td>W 10 / M 8.5</td><td>10</td><td>8.5</td><td>7.5</td><td>27</td><td>42</td></tr><tr><td>W 10.5 / M 9</td><td>10.5</td><td>9</td><td>8</td><td>27.5</td><td>42.5</td></tr><tr><td>W 11 / M 9.5</td><td>11</td><td>9.5</td><td>8.5</td><td>28</td><td>43</td></tr><tr><td>W 11.5 / M 10</td><td>11.5</td><td>10</td><td>9</td><td>28.5</td><td>44</td></tr><tr><td>W 12 / M 10.5</td><td>12</td><td>10.5</td><td>9.5</td><td>29</td><td>44.5</td></tr></tbody></table></div>"
ferragamo-double-gancini-fixed-belt-780417,ferragamo_double_gancini_fixed_belt_780417,Women's Leather Belt,Ferragamo,Accessories,CM,70 | 75 | 80 | 85 | 90 | 95 | 100,Ferragamo Double Gancini belt size guide,"{""title"":""Ferragamo Double Gancini belt size guide"",""unit"":""cm"",""headers"":[""Standard"",""Belt length"",""Width""],""rows"":[{""Standard"":""70"",""Belt length"":""70 cm"",""Width"":""2.5 cm""},{""Standard"":""75"",""Belt length"":""75 cm"",""Width"":""2.5 cm""},{""Standard"":""80"",""Belt length"":""80 cm"",""Width"":""2.5 cm""},{""Standard"":""85"",""Belt length"":""85 cm"",""Width"":""2.5 cm""},{""Standard"":""90"",""Belt length"":""90 cm"",""Width"":""2.5 cm""},{""Standard"":""95"",""Belt length"":""95 cm"",""Width"":""2.5 cm""},{""Standard"":""100"",""Belt length"":""100 cm"",""Width"":""2.5 cm""}],""note"":""Choose belt size based on waist/hip styling preference. Width is listed from product data.""}","<div class=""primestyle-size-guide""><h3>Ferragamo Double Gancini belt size guide</h3><table><thead><tr><th>Standard</th><th>Belt length</th><th>Width</th></tr></thead><tbody><tr><td>70</td><td>70 cm</td><td>2.5 cm</td></tr><tr><td>75</td><td>75 cm</td><td>2.5 cm</td></tr><tr><td>80</td><td>80 cm</td><td>2.5 cm</td></tr><tr><td>85</td><td>85 cm</td><td>2.5 cm</td></tr><tr><td>90</td><td>90 cm</td><td>2.5 cm</td></tr><tr><td>95</td><td>95 cm</td><td>2.5 cm</td></tr><tr><td>100</td><td>100 cm</td><td>2.5 cm</td></tr></tbody></table></div>"
ferragamo-hug-east-west-shoulder-bag-795208,ferragamo_hug_east_west_shoulder_bag_795208,Women's Shoulder Bag,Ferragamo,Bags,One Size,One Size,Ferragamo Hug East-West shoulder bag dimensions,"{""title"":""Ferragamo Hug East-West shoulder bag dimensions"",""unit"":""in/cm"",""headers"":[""Standard"",""Height"",""Length"",""Width"",""Handle drop""],""rows"":[{""Standard"":""One Size"",""Height"":""5.7 in / 14.5 cm"",""Length"":""12.5 in / 31.8 cm"",""Width"":""3.7 in / 9.4 cm"",""Handle drop"":""9.1 in / 23 cm""}],""note"":""Accessory dimensions are informational; sizing recommendation is not required for this product.""}","<div class=""primestyle-size-guide""><h3>Ferragamo Hug East-West shoulder bag dimensions</h3><table><thead><tr><th>Standard</th><th>Height</th><th>Length</th><th>Width</th><th>Handle drop</th></tr></thead><tbody><tr><td>One Size</td><td>5.7 in / 14.5 cm</td><td>12.5 in / 31.8 cm</td><td>3.7 in / 9.4 cm</td><td>9.1 in / 23 cm</td></tr></tbody></table></div>"
tjr-darkai-14mm-prong-pave-bracelet-moissanite,tjr_darkai_14mm_prong_pave_bracelet_moissanite,Pave Diamond Bracelet,DARKAI,Jewelry,STANDARD,XS: 16.5cm | S: 18cm | M: 19.5cm | L: 21cm,Bracelet Size Guide,"{""title"":""Bracelet Size Guide"",""subtitle"":""Available sizes from the product variants, with bracelet length in centimeters."",""headers"":[""Standard"",""Length"",""Stone carat""],""rows"":[{""Standard"":""XS"",""Length"":""16.5 cm"",""Stone carat"":""9.23 ct""},{""Standard"":""S"",""Length"":""18 cm"",""Stone carat"":""9.94 ct""},{""Standard"":""M"",""Length"":""19.5 cm"",""Stone carat"":""10.65 ct""},{""Standard"":""L"",""Length"":""21 cm"",""Stone carat"":""11.36 ct""}],""requiredFields"":[""Standard"",""Length""],""unit"":""cm"",""found"":true,""source"":""The Jewellery Room product page""}","<div class=""primestyle-size-guide""><h3>Bracelet Size Guide</h3><p>Available sizes from the product variants, with bracelet length in centimeters.</p><table><thead><tr><th>Standard</th><th>Length</th><th>Stone carat</th></tr></thead><tbody><tr><td>XS</td><td>16.5 cm</td><td>9.23 ct</td></tr><tr><td>S</td><td>18 cm</td><td>9.94 ct</td></tr><tr><td>M</td><td>19.5 cm</td><td>10.65 ct</td></tr><tr><td>L</td><td>21 cm</td><td>11.36 ct</td></tr></tbody></table></div>"
tjr-engelbert-legacy-knot-big-whitegold-black-diamonds-ring,tjr_engelbert_legacy_knot_big_whitegold_black_diamonds_ring,Diamond Knot Ring,Engelbert,Jewelry,EU,50 | 51 | 52 | 53 | 54 | 55 | 56 | 57 | 58 | 59,Ring Size Guide,"{""title"":""Ring Size Guide"",""subtitle"":""Available ring sizes are EU 50-59. Product fit note: choose 2 sizes smaller than your normal size."",""headers"":[""Standard"",""EU ring size"",""Fit note""],""rows"":[{""Standard"":""50"",""EU ring size"":""50"",""Fit note"":""Choose 2 sizes smaller than normal""},{""Standard"":""51"",""EU ring size"":""51"",""Fit note"":""Choose 2 sizes smaller than normal""},{""Standard"":""52"",""EU ring size"":""52"",""Fit note"":""Choose 2 sizes smaller than normal""},{""Standard"":""53"",""EU ring size"":""53"",""Fit note"":""Choose 2 sizes smaller than normal""},{""Standard"":""54"",""EU ring size"":""54"",""Fit note"":""Choose 2 sizes smaller than normal""},{""Standard"":""55"",""EU ring size"":""55"",""Fit note"":""Choose 2 sizes smaller than normal""},{""Standard"":""56"",""EU ring size"":""56"",""Fit note"":""Choose 2 sizes smaller than normal""},{""Standard"":""57"",""EU ring size"":""57"",""Fit note"":""Choose 2 sizes smaller than normal""},{""Standard"":""58"",""EU ring size"":""58"",""Fit note"":""Choose 2 sizes smaller than normal""},{""Standard"":""59"",""EU ring size"":""59"",""Fit note"":""Choose 2 sizes smaller than normal""}],""requiredFields"":[""Standard"",""EU ring size""],""unit"":""EU"",""found"":true,""source"":""The Jewellery Room product page"",""howToMeasure"":[""Use your normal ring size as a starting point."",""For this Engelbert Legacy Knot Big ring, the product fit note says to choose 2 sizes smaller than your normal size.""]}","<div class=""primestyle-size-guide""><h3>Ring Size Guide</h3><p>Available ring sizes are EU 50-59. Product fit note: choose 2 sizes smaller than your normal size.</p><table><thead><tr><th>Standard</th><th>EU ring size</th><th>Fit note</th></tr></thead><tbody><tr><td>50</td><td>50</td><td>Choose 2 sizes smaller than normal</td></tr><tr><td>51</td><td>51</td><td>Choose 2 sizes smaller than normal</td></tr><tr><td>52</td><td>52</td><td>Choose 2 sizes smaller than normal</td></tr><tr><td>53</td><td>53</td><td>Choose 2 sizes smaller than normal</td></tr><tr><td>54</td><td>54</td><td>Choose 2 sizes smaller than normal</td></tr><tr><td>55</td><td>55</td><td>Choose 2 sizes smaller than normal</td></tr><tr><td>56</td><td>56</td><td>Choose 2 sizes smaller than normal</td></tr><tr><td>57</td><td>57</td><td>Choose 2 sizes smaller than normal</td></tr><tr><td>58</td><td>58</td><td>Choose 2 sizes smaller than normal</td></tr><tr><td>59</td><td>59</td><td>Choose 2 sizes smaller than normal</td></tr></tbody></table></div>"
tjr-georg-jensen-daisy-11mm-gold-plated-earrings,tjr_georg_jensen_daisy_11mm_gold_plated_earrings,Gold Plated Earrings,Georg Jensen,Jewelry,STANDARD,One Size,Earring Size Guide,"{""title"":""Earring Size Guide"",""subtitle"":""The product detail lists the daisy earring diameter as 11 mm."",""headers"":[""Standard"",""Diameter"",""Sold as""],""rows"":[{""Standard"":""One Size"",""Diameter"":""11 mm"",""Sold as"":""Pair""}],""requiredFields"":[""Standard""],""unit"":""mm"",""found"":true,""source"":""The Jewellery Room product page""}","<div class=""primestyle-size-guide""><h3>Earring Size Guide</h3><p>The product detail lists the daisy earring diameter as 11 mm.</p><table><thead><tr><th>Standard</th><th>Diameter</th><th>Sold as</th></tr></thead><tbody><tr><td>One Size</td><td>11 mm</td><td>Pair</td></tr></tbody></table></div>"
tjr-carre-10k-gold-heart-pendant-aquamarine-diamond,tjr_carre_10k_gold_heart_pendant_aquamarine_diamond,Gold Pendant Necklace,Carré Jewellery,Jewelry,STANDARD,One Size,Pendant Size Guide,"{""title"":""Pendant Size Guide"",""subtitle"":""This pendant is sold without a chain. The product detail lists the pendant length as 8 mm."",""headers"":[""Standard"",""Pendant length"",""Chain included""],""rows"":[{""Standard"":""One Size"",""Pendant length"":""8 mm"",""Chain included"":""No""}],""requiredFields"":[""Standard""],""unit"":""mm"",""found"":true,""source"":""The Jewellery Room product page""}","<div class=""primestyle-size-guide""><h3>Pendant Size Guide</h3><p>This pendant is sold without a chain. The product detail lists the pendant length as 8 mm.</p><table><thead><tr><th>Standard</th><th>Pendant length</th><th>Chain included</th></tr></thead><tbody><tr><td>One Size</td><td>8 mm</td><td>No</td></tr></tbody></table></div>"
lockhatters-august-scallop-edge-panama-hat,lockhatters_august_scallop_edge_panama_hat,Women's Panama Hat,Lock & Co. Hatters,Hats,STANDARD,Small | Medium | Large,Lock & Co. Hat Size Guide,"{""title"":""Lock & Co. Hat Size Guide"",""subtitle"":""Hat sizing from Lock & Co. for the August Scallop Edge Panama Hat. Measure around the head at mid-forehead and just above the ears, then compare with the chart."",""headers"":[""Standard"",""EU / Head circumference (cm)"",""US"",""UK"",""Inches""],""rows"":[{""Standard"":""Small"",""EU / Head circumference (cm)"":""55-56"",""US"":""6⅞-7"",""UK"":""6¾-6⅞"",""Inches"":""21½-22""},{""Standard"":""Medium"",""EU / Head circumference (cm)"":""57-58"",""US"":""7⅛-7¼"",""UK"":""7-7⅛"",""Inches"":""22½-22⅞""},{""Standard"":""Large"",""EU / Head circumference (cm)"":""59-60"",""US"":""7⅜-7½"",""UK"":""7¼-7⅜"",""Inches"":""23¼-23⅝""}],""requiredFields"":[""Standard"",""EU / Head circumference (cm)""],""regions"":[{""code"":""ALL"",""label"":""All regions"",""columns"":[""EU / Head circumference (cm)"",""US"",""UK"",""Inches""]},{""code"":""EU"",""label"":""EU / cm"",""columns"":[""EU / Head circumference (cm)""]},{""code"":""US"",""label"":""US"",""columns"":[""US""]},{""code"":""UK"",""label"":""UK"",""columns"":[""UK""]}],""unit"":""cm"",""found"":true,""source"":""Lock & Co. Hat Sizing page and August Scallop Edge Panama Hat product page"",""howToMeasure"":[""Place a flexible tape measure around your head, positioned mid-forehead and just above the ears."",""Take note of the measurement in centimeters or inches."",""Use the chart to choose the closest hat size. If you are between sizes, choose the larger size or contact support for advice.""],""fitTerms"":[{""name"":""Small"",""description"":""Usually maps around 55-56 cm head circumference for this product range.""},{""name"":""Medium"",""description"":""Usually maps around 57-58 cm head circumference. Lock & Co. notes 57 cm as an average women's hat size.""},{""name"":""Large"",""description"":""Usually maps around 59-60 cm head circumference. Lock & Co. notes 59 cm as an average men's hat size.""}]}","<div class=""primestyle-size-guide""><h3>Lock &amp; Co. Hat Size Guide</h3><p>Hat sizing from Lock &amp; Co. for the August Scallop Edge Panama Hat. Measure around the head at mid-forehead and just above the ears, then compare with the chart.</p><table><thead><tr><th>Standard</th><th>EU / Head circumference (cm)</th><th>US</th><th>UK</th><th>Inches</th></tr></thead><tbody><tr><td>Small</td><td>55-56</td><td>6⅞-7</td><td>6¾-6⅞</td><td>21½-22</td></tr><tr><td>Medium</td><td>57-58</td><td>7⅛-7¼</td><td>7-7⅛</td><td>22½-22⅞</td></tr><tr><td>Large</td><td>59-60</td><td>7⅜-7½</td><td>7¼-7⅜</td><td>23¼-23⅝</td></tr></tbody></table></div>"
ff-versace-32661137,ff_versace_32661137,Mens Shirt,Versace,Shirts,STANDARD,XS | S | M | L | XL | XXL | 3XL | 4XL | 5XL | 6XL,Versace — Buttoned Shirt Size Chart,"{""title"":""Versace — Buttoned Shirt Size Chart"",""subtitle"":""Brand chart: Italy / Standard / Collar (cm) primary axes; body measurements in cm and inches."",""headers"":[""Size (IT)"",""Standard"",""Collar (cm)"",""Collar (in)"",""Chest (in)"",""Chest (cm)"",""Waist (in)"",""Waist (cm)"",""Sleeve (in)"",""Sleeve (cm)""],""rows"":[{""Size (IT)"":""44"",""Standard"":""XS"",""Collar (cm)"":""37"",""Collar (in)"":""14.6"",""Chest (in)"":""34.6"",""Chest (cm)"":""88"",""Waist (in)"":""29.9"",""Waist (cm)"":""76"",""Sleeve (in)"":""32.3"",""Sleeve (cm)"":""82""},{""Size (IT)"":""46"",""Standard"":""S"",""Collar (cm)"":""38"",""Collar (in)"":""15"",""Chest (in)"":""36.2"",""Chest (cm)"":""92"",""Waist (in)"":""31.5"",""Waist (cm)"":""80"",""Sleeve (in)"":""32.7"",""Sleeve (cm)"":""83""},{""Size (IT)"":""48"",""Standard"":""M"",""Collar (cm)"":""39.5"",""Collar (in)"":""15.6"",""Chest (in)"":""37.8"",""Chest (cm)"":""96"",""Waist (in)"":""33.1"",""Waist (cm)"":""84"",""Sleeve (in)"":""33.5"",""Sleeve (cm)"":""85""},{""Size (IT)"":""50"",""Standard"":""L"",""Collar (cm)"":""41"",""Collar (in)"":""16.1"",""Chest (in)"":""39.4"",""Chest (cm)"":""100"",""Waist (in)"":""34.6"",""Waist (cm)"":""88"",""Sleeve (in)"":""33.9"",""Sleeve (cm)"":""86""},{""Size (IT)"":""52"",""Standard"":""XL"",""Collar (cm)"":""42"",""Collar (in)"":""16.5"",""Chest (in)"":""40.9"",""Chest (cm)"":""104"",""Waist (in)"":""36.2"",""Waist (cm)"":""92"",""Sleeve (in)"":""34.6"",""Sleeve (cm)"":""88""},{""Size (IT)"":""54"",""Standard"":""XXL"",""Collar (cm)"":""43.5"",""Collar (in)"":""17.1"",""Chest (in)"":""42.5"",""Chest (cm)"":""108"",""Waist (in)"":""37.8"",""Waist (cm)"":""96"",""Sleeve (in)"":""35"",""Sleeve (cm)"":""89""},{""Size (IT)"":""56"",""Standard"":""3XL"",""Collar (cm)"":""44.5"",""Collar (in)"":""17.5"",""Chest (in)"":""44.1"",""Chest (cm)"":""112"",""Waist (in)"":""39.4"",""Waist (cm)"":""100"",""Sleeve (in)"":""35.4"",""Sleeve (cm)"":""90""},{""Size (IT)"":""58"",""Standard"":""4XL"",""Collar (cm)"":""46"",""Collar (in)"":""18.1"",""Chest (in)"":""45.7"",""Chest (cm)"":""116"",""Waist (in)"":""40.9"",""Waist (cm)"":""104"",""Sleeve (in)"":""35.8"",""Sleeve (cm)"":""91""},{""Size (IT)"":""60"",""Standard"":""5XL"",""Collar (cm)"":""47"",""Collar (in)"":""18.5"",""Chest (in)"":""47.2"",""Chest (cm)"":""120"",""Waist (in)"":""42.5"",""Waist (cm)"":""108"",""Sleeve (in)"":""36.2"",""Sleeve (cm)"":""92""},{""Size (IT)"":""62"",""Standard"":""6XL"",""Collar (cm)"":""48.5"",""Collar (in)"":""19.1"",""Chest (in)"":""48.8"",""Chest (cm)"":""124"",""Waist (in)"":""44.1"",""Waist (cm)"":""112"",""Sleeve (in)"":""36.6"",""Sleeve (cm)"":""93""}],""regions"":[{""code"":""IT"",""label"":""Italy"",""columns"":[""Size (IT)"",""Collar (cm)"",""Collar (in)"",""Chest (in)"",""Chest (cm)"",""Waist (in)"",""Waist (cm)"",""Sleeve (in)"",""Sleeve (cm)""]},{""code"":""STD"",""label"":""Standard"",""columns"":[""Standard"",""Collar (cm)"",""Collar (in)"",""Chest (in)"",""Chest (cm)"",""Waist (in)"",""Waist (cm)"",""Sleeve (in)"",""Sleeve (cm)""]}],""source"":""Farfetch CSV (versace_buttoned_shirt_32661137.csv) for size-label mapping; brand spec for body measurements.""}","<div class=""primestyle-size-guide""><h3>Versace — Buttoned Shirt Size Chart</h3><p>Brand chart: Italy / Standard / Collar (cm) primary axes; body measurements in cm and inches.</p><table><thead><tr><th>Size (IT)</th><th>Standard</th><th>Collar (cm)</th><th>Collar (in)</th><th>Chest (in)</th><th>Chest (cm)</th><th>Waist (in)</th><th>Waist (cm)</th><th>Sleeve (in)</th><th>Sleeve (cm)</th></tr></thead><tbody><tr><td>44</td><td>XS</td><td>37</td><td>14.6</td><td>34.6</td><td>88</td><td>29.9</td><td>76</td><td>32.3</td><td>82</td></tr><tr><td>46</td><td>S</td><td>38</td><td>15</td><td>36.2</td><td>92</td><td>31.5</td><td>80</td><td>32.7</td><td>83</td></tr><tr><td>48</td><td>M</td><td>39.5</td><td>15.6</td><td>37.8</td><td>96</td><td>33.1</td><td>84</td><td>33.5</td><td>85</td></tr><tr><td>50</td><td>L</td><td>41</td><td>16.1</td><td>39.4</td><td>100</td><td>34.6</td><td>88</td><td>33.9</td><td>86</td></tr><tr><td>52</td><td>XL</td><td>42</td><td>16.5</td><td>40.9</td><td>104</td><td>36.2</td><td>92</td><td>34.6</td><td>88</td></tr><tr><td>54</td><td>XXL</td><td>43.5</td><td>17.1</td><td>42.5</td><td>108</td><td>37.8</td><td>96</td><td>35</td><td>89</td></tr><tr><td>56</td><td>3XL</td><td>44.5</td><td>17.5</td><td>44.1</td><td>112</td><td>39.4</td><td>100</td><td>35.4</td><td>90</td></tr><tr><td>58</td><td>4XL</td><td>46</td><td>18.1</td><td>45.7</td><td>116</td><td>40.9</td><td>104</td><td>35.8</td><td>91</td></tr><tr><td>60</td><td>5XL</td><td>47</td><td>18.5</td><td>47.2</td><td>120</td><td>42.5</td><td>108</td><td>36.2</td><td>92</td></tr><tr><td>62</td><td>6XL</td><td>48.5</td><td>19.1</td><td>48.8</td><td>124</td><td>44.1</td><td>112</td><td>36.6</td><td>93</td></tr></tbody></table></div>"
db-studio-wg4138,db_studio_wg4138,Wedding Dress,DB Studio,Wedding Dresses,STANDARD,0 | 2 | 4 | 6 | 8 | 10 | 12 | 14 | 16W | 18W | 20W | 22W | 24W | 26W | 28W | 30W,DB Studio — Beaded Lace Mermaid Gown,"{""title"":""DB Studio — Beaded Lace Mermaid Gown"",""subtitle"":""Missy and Plus fits · standard or extra-length skirt. Pick a Fit and Length above the chart to filter sizes."",""headers"":[""Fit"",""Customization"",""Size"",""Bust (in)"",""Bust (cm)"",""Waist (in)"",""Waist (cm)"",""Hip (in)"",""Hip (cm)"",""Length (in)"",""Length (cm)""],""rows"":[{""Fit"":""MISSY"",""Customization"":""Standard (No Customization)"",""Size"":""0"",""Bust (in)"":""32"",""Bust (cm)"":""81.3"",""Waist (in)"":""25.5"",""Waist (cm)"":""64.8"",""Hip (in)"":""35.5"",""Hip (cm)"":""90.2"",""Length (in)"":""61"",""Length (cm)"":""154.9""},{""Fit"":""MISSY"",""Customization"":""Standard (No Customization)"",""Size"":""2"",""Bust (in)"":""33"",""Bust (cm)"":""83.8"",""Waist (in)"":""26.5"",""Waist (cm)"":""67.3"",""Hip (in)"":""36.5"",""Hip (cm)"":""92.7"",""Length (in)"":""61"",""Length (cm)"":""154.9""},{""Fit"":""MISSY"",""Customization"":""Standard (No Customization)"",""Size"":""4"",""Bust (in)"":""34"",""Bust (cm)"":""86.4"",""Waist (in)"":""27.5"",""Waist (cm)"":""69.9"",""Hip (in)"":""37.5"",""Hip (cm)"":""95.3"",""Length (in)"":""61"",""Length (cm)"":""154.9""},{""Fit"":""MISSY"",""Customization"":""Standard (No Customization)"",""Size"":""6"",""Bust (in)"":""35"",""Bust (cm)"":""88.9"",""Waist (in)"":""28.5"",""Waist (cm)"":""72.4"",""Hip (in)"":""38.5"",""Hip (cm)"":""97.8"",""Length (in)"":""61"",""Length (cm)"":""154.9""},{""Fit"":""MISSY"",""Customization"":""Standard (No Customization)"",""Size"":""8"",""Bust (in)"":""36"",""Bust (cm)"":""91.4"",""Waist (in)"":""29.5"",""Waist (cm)"":""74.9"",""Hip (in)"":""39.5"",""Hip (cm)"":""100.3"",""Length (in)"":""61"",""Length (cm)"":""154.9""},{""Fit"":""MISSY"",""Customization"":""Standard (No Customization)"",""Size"":""10"",""Bust (in)"":""37.5"",""Bust (cm)"":""95.3"",""Waist (in)"":""31"",""Waist (cm)"":""78.7"",""Hip (in)"":""41"",""Hip (cm)"":""104.1"",""Length (in)"":""61"",""Length (cm)"":""154.9""},{""Fit"":""MISSY"",""Customization"":""Standard (No Customization)"",""Size"":""12"",""Bust (in)"":""39"",""Bust (cm)"":""99.1"",""Waist (in)"":""32.5"",""Waist (cm)"":""82.6"",""Hip (in)"":""42.5"",""Hip (cm)"":""108"",""Length (in)"":""61"",""Length (cm)"":""154.9""},{""Fit"":""MISSY"",""Customization"":""Standard (No Customization)"",""Size"":""14"",""Bust (in)"":""41"",""Bust (cm)"":""104.1"",""Waist (in)"":""34.75"",""Waist (cm)"":""88.3"",""Hip (in)"":""44.5"",""Hip (cm)"":""113"",""Length (in)"":""61"",""Length (cm)"":""154.9""},{""Fit"":""MISSY"",""Customization"":""Extra Length"",""Size"":""0"",""Bust (in)"":""32"",""Bust (cm)"":""81.3"",""Waist (in)"":""25.5"",""Waist (cm)"":""64.8"",""Hip (in)"":""35.5"",""Hip (cm)"":""90.2"",""Length (in)"":""65"",""Length (cm)"":""165.1""},{""Fit"":""MISSY"",""Customization"":""Extra Length"",""Size"":""2"",""Bust (in)"":""33"",""Bust (cm)"":""83.8"",""Waist (in)"":""26.5"",""Waist (cm)"":""67.3"",""Hip (in)"":""36.5"",""Hip (cm)"":""92.7"",""Length (in)"":""65"",""Length (cm)"":""165.1""},{""Fit"":""MISSY"",""Customization"":""Extra Length"",""Size"":""4"",""Bust (in)"":""34"",""Bust (cm)"":""86.4"",""Waist (in)"":""27.5"",""Waist (cm)"":""69.9"",""Hip (in)"":""37.5"",""Hip (cm)"":""95.3"",""Length (in)"":""65"",""Length (cm)"":""165.1""},{""Fit"":""MISSY"",""Customization"":""Extra Length"",""Size"":""6"",""Bust (in)"":""35"",""Bust (cm)"":""88.9"",""Waist (in)"":""28.5"",""Waist (cm)"":""72.4"",""Hip (in)"":""38.5"",""Hip (cm)"":""97.8"",""Length (in)"":""65"",""Length (cm)"":""165.1""},{""Fit"":""MISSY"",""Customization"":""Extra Length"",""Size"":""8"",""Bust (in)"":""36"",""Bust (cm)"":""91.4"",""Waist (in)"":""29.5"",""Waist (cm)"":""74.9"",""Hip (in)"":""39.5"",""Hip (cm)"":""100.3"",""Length (in)"":""65"",""Length (cm)"":""165.1""},{""Fit"":""MISSY"",""Customization"":""Extra Length"",""Size"":""10"",""Bust (in)"":""37.5"",""Bust (cm)"":""95.3"",""Waist (in)"":""31"",""Waist (cm)"":""78.7"",""Hip (in)"":""41"",""Hip (cm)"":""104.1"",""Length (in)"":""65"",""Length (cm)"":""165.1""},{""Fit"":""MISSY"",""Customization"":""Extra Length"",""Size"":""12"",""Bust (in)"":""39"",""Bust (cm)"":""99.1"",""Waist (in)"":""32.5"",""Waist (cm)"":""82.6"",""Hip (in)"":""42.5"",""Hip (cm)"":""108"",""Length (in)"":""65"",""Length (cm)"":""165.1""},{""Fit"":""MISSY"",""Customization"":""Extra Length"",""Size"":""14"",""Bust (in)"":""41"",""Bust (cm)"":""104.1"",""Waist (in)"":""34.75"",""Waist (cm)"":""88.3"",""Hip (in)"":""44.5"",""Hip (cm)"":""113"",""Length (in)"":""65"",""Length (cm)"":""165.1""},{""Fit"":""PLUS"",""Customization"":""Standard (No Customization)"",""Size"":""16W"",""Bust (in)"":""43.25"",""Bust (cm)"":""109.9"",""Waist (in)"":""37.25"",""Waist (cm)"":""94.6"",""Hip (in)"":""46.75"",""Hip (cm)"":""118.7"",""Length (in)"":""61"",""Length (cm)"":""154.9""},{""Fit"":""PLUS"",""Customization"":""Standard (No Customization)"",""Size"":""18W"",""Bust (in)"":""45.5"",""Bust (cm)"":""115.6"",""Waist (in)"":""39.75"",""Waist (cm)"":""101"",""Hip (in)"":""49"",""Hip (cm)"":""124.5"",""Length (in)"":""61"",""Length (cm)"":""154.9""},{""Fit"":""PLUS"",""Customization"":""Standard (No Customization)"",""Size"":""20W"",""Bust (in)"":""47.75"",""Bust (cm)"":""121.3"",""Waist (in)"":""42.25"",""Waist (cm)"":""107.3"",""Hip (in)"":""51.25"",""Hip (cm)"":""130.2"",""Length (in)"":""61"",""Length (cm)"":""154.9""},{""Fit"":""PLUS"",""Customization"":""Standard (No Customization)"",""Size"":""22W"",""Bust (in)"":""50"",""Bust (cm)"":""127"",""Waist (in)"":""44.75"",""Waist (cm)"":""113.7"",""Hip (in)"":""53.5"",""Hip (cm)"":""135.9"",""Length (in)"":""61"",""Length (cm)"":""154.9""},{""Fit"":""PLUS"",""Customization"":""Standard (No Customization)"",""Size"":""24W"",""Bust (in)"":""53"",""Bust (cm)"":""134.6"",""Waist (in)"":""48"",""Waist (cm)"":""121.9"",""Hip (in)"":""56.5"",""Hip (cm)"":""143.5"",""Length (in)"":""61"",""Length (cm)"":""154.9""},{""Fit"":""PLUS"",""Customization"":""Standard (No Customization)"",""Size"":""26W"",""Bust (in)"":""56"",""Bust (cm)"":""142.2"",""Waist (in)"":""51.25"",""Waist (cm)"":""130.2"",""Hip (in)"":""59.5"",""Hip (cm)"":""151.1"",""Length (in)"":""61"",""Length (cm)"":""154.9""},{""Fit"":""PLUS"",""Customization"":""Standard (No Customization)"",""Size"":""28W"",""Bust (in)"":""59.25"",""Bust (cm)"":""150.5"",""Waist (in)"":""54.5"",""Waist (cm)"":""138.4"",""Hip (in)"":""62.5"",""Hip (cm)"":""158.8"",""Length (in)"":""61"",""Length (cm)"":""154.9""},{""Fit"":""PLUS"",""Customization"":""Standard (No Customization)"",""Size"":""30W"",""Bust (in)"":""63"",""Bust (cm)"":""160"",""Waist (in)"":""58.75"",""Waist (cm)"":""149.2"",""Hip (in)"":""66.75"",""Hip (cm)"":""169.5"",""Length (in)"":""61"",""Length (cm)"":""154.9""},{""Fit"":""PLUS"",""Customization"":""Extra Length"",""Size"":""16W"",""Bust (in)"":""43.25"",""Bust (cm)"":""109.9"",""Waist (in)"":""37.25"",""Waist (cm)"":""94.6"",""Hip (in)"":""46.75"",""Hip (cm)"":""118.7"",""Length (in)"":""65"",""Length (cm)"":""165.1""},{""Fit"":""PLUS"",""Customization"":""Extra Length"",""Size"":""18W"",""Bust (in)"":""45.5"",""Bust (cm)"":""115.6"",""Waist (in)"":""39.75"",""Waist (cm)"":""101"",""Hip (in)"":""49"",""Hip (cm)"":""124.5"",""Length (in)"":""65"",""Length (cm)"":""165.1""},{""Fit"":""PLUS"",""Customization"":""Extra Length"",""Size"":""20W"",""Bust (in)"":""47.75"",""Bust (cm)"":""121.3"",""Waist (in)"":""42.25"",""Waist (cm)"":""107.3"",""Hip (in)"":""51.25"",""Hip (cm)"":""130.2"",""Length (in)"":""65"",""Length (cm)"":""165.1""},{""Fit"":""PLUS"",""Customization"":""Extra Length"",""Size"":""22W"",""Bust (in)"":""50"",""Bust (cm)"":""127"",""Waist (in)"":""44.75"",""Waist (cm)"":""113.7"",""Hip (in)"":""53.5"",""Hip (cm)"":""135.9"",""Length (in)"":""65"",""Length (cm)"":""165.1""},{""Fit"":""PLUS"",""Customization"":""Extra Length"",""Size"":""24W"",""Bust (in)"":""53"",""Bust (cm)"":""134.6"",""Waist (in)"":""48"",""Waist (cm)"":""121.9"",""Hip (in)"":""56.5"",""Hip (cm)"":""143.5"",""Length (in)"":""65"",""Length (cm)"":""165.1""},{""Fit"":""PLUS"",""Customization"":""Extra Length"",""Size"":""26W"",""Bust (in)"":""56"",""Bust (cm)"":""142.2"",""Waist (in)"":""51.25"",""Waist (cm)"":""130.2"",""Hip (in)"":""59.5"",""Hip (cm)"":""151.1"",""Length (in)"":""65"",""Length (cm)"":""165.1""},{""Fit"":""PLUS"",""Customization"":""Extra Length"",""Size"":""28W"",""Bust (in)"":""59.25"",""Bust (cm)"":""150.5"",""Waist (in)"":""54.5"",""Waist (cm)"":""138.4"",""Hip (in)"":""62.5"",""Hip (cm)"":""158.8"",""Length (in)"":""65"",""Length (cm)"":""165.1""},{""Fit"":""PLUS"",""Customization"":""Extra Length"",""Size"":""30W"",""Bust (in)"":""63"",""Bust (cm)"":""160"",""Waist (in)"":""58.75"",""Waist (cm)"":""149.2"",""Hip (in)"":""66.75"",""Hip (cm)"":""169.5"",""Length (in)"":""65"",""Length (cm)"":""165.1""}],""requiredFields"":[""Size""],""filters"":[{""key"":""Fit"",""label"":""Fit"",""options"":[{""value"":""MISSY"",""label"":""Missy (sizes 0–14)""},{""value"":""PLUS"",""label"":""Plus (sizes 16W–30W)""}],""default"":""MISSY""},{""key"":""Customization"",""label"":""Length"",""options"":[{""value"":""Standard (No Customization)"",""label"":""Standard length (61\"")""},{""value"":""Extra Length"",""label"":""Extra length (65\"")""}],""default"":""Standard (No Customization)""}],""regions"":[{""code"":""ALL"",""label"":""All regions"",""columns"":[""Bust (in)"",""Bust (cm)"",""Waist (in)"",""Waist (cm)"",""Hip (in)"",""Hip (cm)"",""Length (in)"",""Length (cm)""]}],""unit"":""in"",""found"":true,""source"":""David's Bridal product page (Style #WG4138, full Missy + Plus matrix)""}","<div class=""primestyle-size-guide""><h3>DB Studio — Beaded Lace Mermaid Gown</h3><p>Missy and Plus fits · standard or extra-length skirt. Pick a Fit and Length above the chart to filter sizes.</p><table><thead><tr><th>Fit</th><th>Customization</th><th>Size</th><th>Bust (in)</th><th>Bust (cm)</th><th>Waist (in)</th><th>Waist (cm)</th><th>Hip (in)</th><th>Hip (cm)</th><th>Length (in)</th><th>Length (cm)</th></tr></thead><tbody><tr><td>MISSY</td><td>Standard (No Customization)</td><td>0</td><td>32</td><td>81.3</td><td>25.5</td><td>64.8</td><td>35.5</td><td>90.2</td><td>61</td><td>154.9</td></tr><tr><td>MISSY</td><td>Standard (No Customization)</td><td>2</td><td>33</td><td>83.8</td><td>26.5</td><td>67.3</td><td>36.5</td><td>92.7</td><td>61</td><td>154.9</td></tr><tr><td>MISSY</td><td>Standard (No Customization)</td><td>4</td><td>34</td><td>86.4</td><td>27.5</td><td>69.9</td><td>37.5</td><td>95.3</td><td>61</td><td>154.9</td></tr><tr><td>MISSY</td><td>Standard (No Customization)</td><td>6</td><td>35</td><td>88.9</td><td>28.5</td><td>72.4</td><td>38.5</td><td>97.8</td><td>61</td><td>154.9</td></tr><tr><td>MISSY</td><td>Standard (No Customization)</td><td>8</td><td>36</td><td>91.4</td><td>29.5</td><td>74.9</td><td>39.5</td><td>100.3</td><td>61</td><td>154.9</td></tr><tr><td>MISSY</td><td>Standard (No Customization)</td><td>10</td><td>37.5</td><td>95.3</td><td>31</td><td>78.7</td><td>41</td><td>104.1</td><td>61</td><td>154.9</td></tr><tr><td>MISSY</td><td>Standard (No Customization)</td><td>12</td><td>39</td><td>99.1</td><td>32.5</td><td>82.6</td><td>42.5</td><td>108</td><td>61</td><td>154.9</td></tr><tr><td>MISSY</td><td>Standard (No Customization)</td><td>14</td><td>41</td><td>104.1</td><td>34.75</td><td>88.3</td><td>44.5</td><td>113</td><td>61</td><td>154.9</td></tr><tr><td>MISSY</td><td>Extra Length</td><td>0</td><td>32</td><td>81.3</td><td>25.5</td><td>64.8</td><td>35.5</td><td>90.2</td><td>65</td><td>165.1</td></tr><tr><td>MISSY</td><td>Extra Length</td><td>2</td><td>33</td><td>83.8</td><td>26.5</td><td>67.3</td><td>36.5</td><td>92.7</td><td>65</td><td>165.1</td></tr><tr><td>MISSY</td><td>Extra Length</td><td>4</td><td>34</td><td>86.4</td><td>27.5</td><td>69.9</td><td>37.5</td><td>95.3</td><td>65</td><td>165.1</td></tr><tr><td>MISSY</td><td>Extra Length</td><td>6</td><td>35</td><td>88.9</td><td>28.5</td><td>72.4</td><td>38.5</td><td>97.8</td><td>65</td><td>165.1</td></tr><tr><td>MISSY</td><td>Extra Length</td><td>8</td><td>36</td><td>91.4</td><td>29.5</td><td>74.9</td><td>39.5</td><td>100.3</td><td>65</td><td>165.1</td></tr><tr><td>MISSY</td><td>Extra Length</td><td>10</td><td>37.5</td><td>95.3</td><td>31</td><td>78.7</td><td>41</td><td>104.1</td><td>65</td><td>165.1</td></tr><tr><td>MISSY</td><td>Extra Length</td><td>12</td><td>39</td><td>99.1</td><td>32.5</td><td>82.6</td><td>42.5</td><td>108</td><td>65</td><td>165.1</td></tr><tr><td>MISSY</td><td>Extra Length</td><td>14</td><td>41</td><td>104.1</td><td>34.75</td><td>88.3</td><td>44.5</td><td>113</td><td>65</td><td>165.1</td></tr><tr><td>PLUS</td><td>Standard (No Customization)</td><td>16W</td><td>43.25</td><td>109.9</td><td>37.25</td><td>94.6</td><td>46.75</td><td>118.7</td><td>61</td><td>154.9</td></tr><tr><td>PLUS</td><td>Standard (No Customization)</td><td>18W</td><td>45.5</td><td>115.6</td><td>39.75</td><td>101</td><td>49</td><td>124.5</td><td>61</td><td>154.9</td></tr><tr><td>PLUS</td><td>Standard (No Customization)</td><td>20W</td><td>47.75</td><td>121.3</td><td>42.25</td><td>107.3</td><td>51.25</td><td>130.2</td><td>61</td><td>154.9</td></tr><tr><td>PLUS</td><td>Standard (No Customization)</td><td>22W</td><td>50</td><td>127</td><td>44.75</td><td>113.7</td><td>53.5</td><td>135.9</td><td>61</td><td>154.9</td></tr><tr><td>PLUS</td><td>Standard (No Customization)</td><td>24W</td><td>53</td><td>134.6</td><td>48</td><td>121.9</td><td>56.5</td><td>143.5</td><td>61</td><td>154.9</td></tr><tr><td>PLUS</td><td>Standard (No Customization)</td><td>26W</td><td>56</td><td>142.2</td><td>51.25</td><td>130.2</td><td>59.5</td><td>151.1</td><td>61</td><td>154.9</td></tr><tr><td>PLUS</td><td>Standard (No Customization)</td><td>28W</td><td>59.25</td><td>150.5</td><td>54.5</td><td>138.4</td><td>62.5</td><td>158.8</td><td>61</td><td>154.9</td></tr><tr><td>PLUS</td><td>Standard (No Customization)</td><td>30W</td><td>63</td><td>160</td><td>58.75</td><td>149.2</td><td>66.75</td><td>169.5</td><td>61</td><td>154.9</td></tr><tr><td>PLUS</td><td>Extra Length</td><td>16W</td><td>43.25</td><td>109.9</td><td>37.25</td><td>94.6</td><td>46.75</td><td>118.7</td><td>65</td><td>165.1</td></tr><tr><td>PLUS</td><td>Extra Length</td><td>18W</td><td>45.5</td><td>115.6</td><td>39.75</td><td>101</td><td>49</td><td>124.5</td><td>65</td><td>165.1</td></tr><tr><td>PLUS</td><td>Extra Length</td><td>20W</td><td>47.75</td><td>121.3</td><td>42.25</td><td>107.3</td><td>51.25</td><td>130.2</td><td>65</td><td>165.1</td></tr><tr><td>PLUS</td><td>Extra Length</td><td>22W</td><td>50</td><td>127</td><td>44.75</td><td>113.7</td><td>53.5</td><td>135.9</td><td>65</td><td>165.1</td></tr><tr><td>PLUS</td><td>Extra Length</td><td>24W</td><td>53</td><td>134.6</td><td>48</td><td>121.9</td><td>56.5</td><td>143.5</td><td>65</td><td>165.1</td></tr><tr><td>PLUS</td><td>Extra Length</td><td>26W</td><td>56</td><td>142.2</td><td>51.25</td><td>130.2</td><td>59.5</td><td>151.1</td><td>65</td><td>165.1</td></tr><tr><td>PLUS</td><td>Extra Length</td><td>28W</td><td>59.25</td><td>150.5</td><td>54.5</td><td>138.4</td><td>62.5</td><td>158.8</td><td>65</td><td>165.1</td></tr><tr><td>PLUS</td><td>Extra Length</td><td>30W</td><td>63</td><td>160</td><td>58.75</td><td>149.2</td><td>66.75</td><td>169.5</td><td>65</td><td>165.1</td></tr></tbody></table></div>"
ff-versace-33943720,ff_versace_33943720,Mens Shirt,Versace,Shirts,STANDARD,XS | S | M | L | XL | XXL | 3XL | 4XL | 5XL | 6XL,Versace — Buttoned Shirt Size Chart,"{""title"":""Versace — Buttoned Shirt Size Chart"",""subtitle"":""Brand chart: Italy / Standard / Collar (cm) primary axes; body measurements in cm and inches."",""headers"":[""Size (IT)"",""Standard"",""Collar (cm)"",""Collar (in)"",""Chest (in)"",""Chest (cm)"",""Waist (in)"",""Waist (cm)"",""Sleeve (in)"",""Sleeve (cm)""],""rows"":[{""Size (IT)"":""44"",""Standard"":""XS"",""Collar (cm)"":""37"",""Collar (in)"":""14.6"",""Chest (in)"":""34.6"",""Chest (cm)"":""88"",""Waist (in)"":""29.9"",""Waist (cm)"":""76"",""Sleeve (in)"":""32.3"",""Sleeve (cm)"":""82""},{""Size (IT)"":""46"",""Standard"":""S"",""Collar (cm)"":""38"",""Collar (in)"":""15"",""Chest (in)"":""36.2"",""Chest (cm)"":""92"",""Waist (in)"":""31.5"",""Waist (cm)"":""80"",""Sleeve (in)"":""32.7"",""Sleeve (cm)"":""83""},{""Size (IT)"":""48"",""Standard"":""M"",""Collar (cm)"":""39.5"",""Collar (in)"":""15.6"",""Chest (in)"":""37.8"",""Chest (cm)"":""96"",""Waist (in)"":""33.1"",""Waist (cm)"":""84"",""Sleeve (in)"":""33.5"",""Sleeve (cm)"":""85""},{""Size (IT)"":""50"",""Standard"":""L"",""Collar (cm)"":""41"",""Collar (in)"":""16.1"",""Chest (in)"":""39.4"",""Chest (cm)"":""100"",""Waist (in)"":""34.6"",""Waist (cm)"":""88"",""Sleeve (in)"":""33.9"",""Sleeve (cm)"":""86""},{""Size (IT)"":""52"",""Standard"":""XL"",""Collar (cm)"":""42"",""Collar (in)"":""16.5"",""Chest (in)"":""40.9"",""Chest (cm)"":""104"",""Waist (in)"":""36.2"",""Waist (cm)"":""92"",""Sleeve (in)"":""34.6"",""Sleeve (cm)"":""88""},{""Size (IT)"":""54"",""Standard"":""XXL"",""Collar (cm)"":""43.5"",""Collar (in)"":""17.1"",""Chest (in)"":""42.5"",""Chest (cm)"":""108"",""Waist (in)"":""37.8"",""Waist (cm)"":""96"",""Sleeve (in)"":""35"",""Sleeve (cm)"":""89""},{""Size (IT)"":""56"",""Standard"":""3XL"",""Collar (cm)"":""44.5"",""Collar (in)"":""17.5"",""Chest (in)"":""44.1"",""Chest (cm)"":""112"",""Waist (in)"":""39.4"",""Waist (cm)"":""100"",""Sleeve (in)"":""35.4"",""Sleeve (cm)"":""90""},{""Size (IT)"":""58"",""Standard"":""4XL"",""Collar (cm)"":""46"",""Collar (in)"":""18.1"",""Chest (in)"":""45.7"",""Chest (cm)"":""116"",""Waist (in)"":""40.9"",""Waist (cm)"":""104"",""Sleeve (in)"":""35.8"",""Sleeve (cm)"":""91""},{""Size (IT)"":""60"",""Standard"":""5XL"",""Collar (cm)"":""47"",""Collar (in)"":""18.5"",""Chest (in)"":""47.2"",""Chest (cm)"":""120"",""Waist (in)"":""42.5"",""Waist (cm)"":""108"",""Sleeve (in)"":""36.2"",""Sleeve (cm)"":""92""},{""Size (IT)"":""62"",""Standard"":""6XL"",""Collar (cm)"":""48.5"",""Collar (in)"":""19.1"",""Chest (in)"":""48.8"",""Chest (cm)"":""124"",""Waist (in)"":""44.1"",""Waist (cm)"":""112"",""Sleeve (in)"":""36.6"",""Sleeve (cm)"":""93""}],""regions"":[{""code"":""IT"",""label"":""Italy"",""columns"":[""Size (IT)"",""Collar (cm)"",""Collar (in)"",""Chest (in)"",""Chest (cm)"",""Waist (in)"",""Waist (cm)"",""Sleeve (in)"",""Sleeve (cm)""]},{""code"":""STD"",""label"":""Standard"",""columns"":[""Standard"",""Collar (cm)"",""Collar (in)"",""Chest (in)"",""Chest (cm)"",""Waist (in)"",""Waist (cm)"",""Sleeve (in)"",""Sleeve (cm)""]}],""source"":""Farfetch CSV (versace_buttoned_shirt_32661137.csv) for size-label mapping; brand spec for body measurements.""}","<div class=""primestyle-size-guide""><h3>Versace — Buttoned Shirt Size Chart</h3><p>Brand chart: Italy / Standard / Collar (cm) primary axes; body measurements in cm and inches.</p><table><thead><tr><th>Size (IT)</th><th>Standard</th><th>Collar (cm)</th><th>Collar (in)</th><th>Chest (in)</th><th>Chest (cm)</th><th>Waist (in)</th><th>Waist (cm)</th><th>Sleeve (in)</th><th>Sleeve (cm)</th></tr></thead><tbody><tr><td>44</td><td>XS</td><td>37</td><td>14.6</td><td>34.6</td><td>88</td><td>29.9</td><td>76</td><td>32.3</td><td>82</td></tr><tr><td>46</td><td>S</td><td>38</td><td>15</td><td>36.2</td><td>92</td><td>31.5</td><td>80</td><td>32.7</td><td>83</td></tr><tr><td>48</td><td>M</td><td>39.5</td><td>15.6</td><td>37.8</td><td>96</td><td>33.1</td><td>84</td><td>33.5</td><td>85</td></tr><tr><td>50</td><td>L</td><td>41</td><td>16.1</td><td>39.4</td><td>100</td><td>34.6</td><td>88</td><td>33.9</td><td>86</td></tr><tr><td>52</td><td>XL</td><td>42</td><td>16.5</td><td>40.9</td><td>104</td><td>36.2</td><td>92</td><td>34.6</td><td>88</td></tr><tr><td>54</td><td>XXL</td><td>43.5</td><td>17.1</td><td>42.5</td><td>108</td><td>37.8</td><td>96</td><td>35</td><td>89</td></tr><tr><td>56</td><td>3XL</td><td>44.5</td><td>17.5</td><td>44.1</td><td>112</td><td>39.4</td><td>100</td><td>35.4</td><td>90</td></tr><tr><td>58</td><td>4XL</td><td>46</td><td>18.1</td><td>45.7</td><td>116</td><td>40.9</td><td>104</td><td>35.8</td><td>91</td></tr><tr><td>60</td><td>5XL</td><td>47</td><td>18.5</td><td>47.2</td><td>120</td><td>42.5</td><td>108</td><td>36.2</td><td>92</td></tr><tr><td>62</td><td>6XL</td><td>48.5</td><td>19.1</td><td>48.8</td><td>124</td><td>44.1</td><td>112</td><td>36.6</td><td>93</td></tr></tbody></table></div>"
ff-cala-de-la-cruz-33495422,ff_cala_de_la_cruz_33495422,Womens Dress,Cala de la Cruz,Day Dresses,STANDARD,XXS | XS | S | M | L | XL | XXL,Cala de la Cruz — Paloma Midi Dress Size Chart,"{""title"":""Cala de la Cruz — Paloma Midi Dress Size Chart"",""subtitle"":""Linen midi with fitted waist. Body measurements per label."",""headers"":[""Size"",""Bust (in)"",""Bust (cm)"",""Waist (in)"",""Waist (cm)"",""Hips (in)"",""Hips (cm)""],""rows"":[{""Size"":""XXS"",""Bust (in)"":""29-30.5"",""Bust (cm)"":""73.7-77.5"",""Waist (in)"":""22-23"",""Waist (cm)"":""55.9-58.4"",""Hips (in)"":""31.5-32.5"",""Hips (cm)"":""80-82.6""},{""Size"":""XS"",""Bust (in)"":""31-32.5"",""Bust (cm)"":""78.7-82.6"",""Waist (in)"":""24-25"",""Waist (cm)"":""61-63.5"",""Hips (in)"":""33.5-34.5"",""Hips (cm)"":""85.1-87.6""},{""Size"":""S"",""Bust (in)"":""33-34.5"",""Bust (cm)"":""83.8-87.6"",""Waist (in)"":""26-27"",""Waist (cm)"":""66-68.6"",""Hips (in)"":""35.5-36.5"",""Hips (cm)"":""90.2-92.7""},{""Size"":""M"",""Bust (in)"":""35-36.5"",""Bust (cm)"":""88.9-92.7"",""Waist (in)"":""28-29"",""Waist (cm)"":""71.1-73.7"",""Hips (in)"":""37.5-38.5"",""Hips (cm)"":""95.3-97.8""},{""Size"":""L"",""Bust (in)"":""37-38.5"",""Bust (cm)"":""94-97.8"",""Waist (in)"":""30-31"",""Waist (cm)"":""76.2-78.7"",""Hips (in)"":""39.5-40.5"",""Hips (cm)"":""100.3-102.9""},{""Size"":""XL"",""Bust (in)"":""39-40.5"",""Bust (cm)"":""99.1-102.9"",""Waist (in)"":""32-33"",""Waist (cm)"":""81.3-83.8"",""Hips (in)"":""41.5-42.5"",""Hips (cm)"":""105.4-108""},{""Size"":""XXL"",""Bust (in)"":""41-42.5"",""Bust (cm)"":""104.1-108"",""Waist (in)"":""34-35"",""Waist (cm)"":""86.4-88.9"",""Hips (in)"":""43.5-44.5"",""Hips (cm)"":""110.5-113""}],""requiredFields"":[""Size""],""regions"":[{""code"":""ALL"",""label"":""All regions"",""columns"":[""Bust (in)"",""Bust (cm)"",""Waist (in)"",""Waist (cm)"",""Hips (in)"",""Hips (cm)""]}],""unit"":""in"",""found"":true,""source"":""Cala de la Cruz / Farfetch product page (item 33495422)""}","<div class=""primestyle-size-guide""><h3>Cala de la Cruz — Paloma Midi Dress Size Chart</h3><p>Linen midi with fitted waist. Body measurements per label.</p><table><thead><tr><th>Size</th><th>Bust (in)</th><th>Bust (cm)</th><th>Waist (in)</th><th>Waist (cm)</th><th>Hips (in)</th><th>Hips (cm)</th></tr></thead><tbody><tr><td>XXS</td><td>29-30.5</td><td>73.7-77.5</td><td>22-23</td><td>55.9-58.4</td><td>31.5-32.5</td><td>80-82.6</td></tr><tr><td>XS</td><td>31-32.5</td><td>78.7-82.6</td><td>24-25</td><td>61-63.5</td><td>33.5-34.5</td><td>85.1-87.6</td></tr><tr><td>S</td><td>33-34.5</td><td>83.8-87.6</td><td>26-27</td><td>66-68.6</td><td>35.5-36.5</td><td>90.2-92.7</td></tr><tr><td>M</td><td>35-36.5</td><td>88.9-92.7</td><td>28-29</td><td>71.1-73.7</td><td>37.5-38.5</td><td>95.3-97.8</td></tr><tr><td>L</td><td>37-38.5</td><td>94-97.8</td><td>30-31</td><td>76.2-78.7</td><td>39.5-40.5</td><td>100.3-102.9</td></tr><tr><td>XL</td><td>39-40.5</td><td>99.1-102.9</td><td>32-33</td><td>81.3-83.8</td><td>41.5-42.5</td><td>105.4-108</td></tr><tr><td>XXL</td><td>41-42.5</td><td>104.1-108</td><td>34-35</td><td>86.4-88.9</td><td>43.5-44.5</td><td>110.5-113</td></tr></tbody></table></div>"
ff-maniere-de-voir-30919320,ff_maniere_de_voir_30919320,Mens Trousers,Manière De Voir,Regular-Fit & Straight Leg Pants,WAIST,28 | 29 | 30 | 31 | 32 | 33 | 34 | 36 | XXS | XS | S | M | L | XL | XXL,Size Guide,"{""title"":""Size Guide"",""headers"":[""Size"",""Waist (in)"",""Waist (cm)"",""Hip (in)"",""Hip (cm)"",""Inseam (in)"",""Inseam (cm)""],""rows"":[{""Size"":""28"",""Waist (in)"":""28"",""Waist (cm)"":""71.1"",""Hip (in)"":""35.8"",""Hip (cm)"":""90.9"",""Inseam (in)"":""30"",""Inseam (cm)"":""76.2""},{""Size"":""29"",""Waist (in)"":""29.1"",""Waist (cm)"":""73.9"",""Hip (in)"":""37"",""Hip (cm)"":""94"",""Inseam (in)"":""30"",""Inseam (cm)"":""76.2""},{""Size"":""30"",""Waist (in)"":""29.9"",""Waist (cm)"":""75.9"",""Hip (in)"":""38.2"",""Hip (cm)"":""97"",""Inseam (in)"":""30"",""Inseam (cm)"":""76.2""},{""Size"":""31"",""Waist (in)"":""31.1"",""Waist (cm)"":""79"",""Hip (in)"":""39"",""Hip (cm)"":""99.1"",""Inseam (in)"":""32"",""Inseam (cm)"":""81.3""},{""Size"":""32"",""Waist (in)"":""31.9"",""Waist (cm)"":""81"",""Hip (in)"":""40.2"",""Hip (cm)"":""102.1"",""Inseam (in)"":""32"",""Inseam (cm)"":""81.3""},{""Size"":""33"",""Waist (in)"":""33.1"",""Waist (cm)"":""84.1"",""Hip (in)"":""40.9"",""Hip (cm)"":""103.9"",""Inseam (in)"":""32"",""Inseam (cm)"":""81.3""},{""Size"":""34"",""Waist (in)"":""33.9"",""Waist (cm)"":""86.1"",""Hip (in)"":""42.1"",""Hip (cm)"":""106.9"",""Inseam (in)"":""32"",""Inseam (cm)"":""81.3""},{""Size"":""36"",""Waist (in)"":""35.8"",""Waist (cm)"":""90.9"",""Hip (in)"":""44.1"",""Hip (cm)"":""112"",""Inseam (in)"":""32"",""Inseam (cm)"":""81.3""}],""unit"":""in"",""howToMeasure"":[""Waist: Measure around your natural waistline"",""Hip: Measure around the fullest part of your hips"",""Inseam: Measure from the crotch seam down to the bottom of the leg""]}","<div class=""primestyle-size-guide""><h3>Size Guide</h3><table><thead><tr><th>Size</th><th>Waist (in)</th><th>Waist (cm)</th><th>Hip (in)</th><th>Hip (cm)</th><th>Inseam (in)</th><th>Inseam (cm)</th></tr></thead><tbody><tr><td>28</td><td>28</td><td>71.1</td><td>35.8</td><td>90.9</td><td>30</td><td>76.2</td></tr><tr><td>29</td><td>29.1</td><td>73.9</td><td>37</td><td>94</td><td>30</td><td>76.2</td></tr><tr><td>30</td><td>29.9</td><td>75.9</td><td>38.2</td><td>97</td><td>30</td><td>76.2</td></tr><tr><td>31</td><td>31.1</td><td>79</td><td>39</td><td>99.1</td><td>32</td><td>81.3</td></tr><tr><td>32</td><td>31.9</td><td>81</td><td>40.2</td><td>102.1</td><td>32</td><td>81.3</td></tr><tr><td>33</td><td>33.1</td><td>84.1</td><td>40.9</td><td>103.9</td><td>32</td><td>81.3</td></tr><tr><td>34</td><td>33.9</td><td>86.1</td><td>42.1</td><td>106.9</td><td>32</td><td>81.3</td></tr><tr><td>36</td><td>35.8</td><td>90.9</td><td>44.1</td><td>112</td><td>32</td><td>81.3</td></tr></tbody></table></div>"
ff-solace-london-30455459,ff_solace_london_30455459,Off-shoulder Dress,Solace London,Evening Dresses,STANDARD,XXS | XS | S | M | L | XL,Solace London — Off-Shoulder Dress Size Chart,"{""title"":""Solace London — Off-Shoulder Dress Size Chart"",""subtitle"":""Designed for a close fit throughout. Midweight stretch fabric with a vented hem."",""headers"":[""Standard"",""UK"",""Europe"",""US"",""Australia"",""Korea""],""rows"":[{""Standard"":""XXS"",""UK"":""4"",""Europe"":""32"",""US"":""0"",""Australia"":""4"",""Korea"":""33""},{""Standard"":""XS"",""UK"":""6"",""Europe"":""34"",""US"":""2"",""Australia"":""6"",""Korea"":""44""},{""Standard"":""S"",""UK"":""8"",""Europe"":""36"",""US"":""4"",""Australia"":""8"",""Korea"":""55""},{""Standard"":""M"",""UK"":""10"",""Europe"":""38"",""US"":""6"",""Australia"":""10"",""Korea"":""66""},{""Standard"":""L"",""UK"":""12"",""Europe"":""40"",""US"":""8"",""Australia"":""12"",""Korea"":""77""},{""Standard"":""XL"",""UK"":""14"",""Europe"":""42"",""US"":""10"",""Australia"":""14"",""Korea"":""88""},{""Standard"":""-"",""UK"":""16"",""Europe"":""44"",""US"":""12"",""Australia"":""16"",""Korea"":""99""}],""requiredFields"":[""Standard""],""regions"":[{""code"":""ALL"",""label"":""All regions"",""columns"":[""UK"",""Europe"",""US"",""Australia"",""Korea""]},{""code"":""UK"",""label"":""United Kingdom"",""columns"":[""UK""]},{""code"":""EU"",""label"":""Europe"",""columns"":[""Europe""]},{""code"":""US"",""label"":""United States"",""columns"":[""US""]},{""code"":""AU"",""label"":""Australia"",""columns"":[""Australia""]},{""code"":""KR"",""label"":""Korea"",""columns"":[""Korea""]}],""unit"":""in"",""found"":true,""source"":""Solace London product page (FARFETCH 30455459)""}","<div class=""primestyle-size-guide""><h3>Solace London — Off-Shoulder Dress Size Chart</h3><p>Designed for a close fit throughout. Midweight stretch fabric with a vented hem.</p><table><thead><tr><th>Standard</th><th>UK</th><th>Europe</th><th>US</th><th>Australia</th><th>Korea</th></tr></thead><tbody><tr><td>XXS</td><td>4</td><td>32</td><td>0</td><td>4</td><td>33</td></tr><tr><td>XS</td><td>6</td><td>34</td><td>2</td><td>6</td><td>44</td></tr><tr><td>S</td><td>8</td><td>36</td><td>4</td><td>8</td><td>55</td></tr><tr><td>M</td><td>10</td><td>38</td><td>6</td><td>10</td><td>66</td></tr><tr><td>L</td><td>12</td><td>40</td><td>8</td><td>12</td><td>77</td></tr><tr><td>XL</td><td>14</td><td>42</td><td>10</td><td>14</td><td>88</td></tr><tr><td>-</td><td>16</td><td>44</td><td>12</td><td>16</td><td>99</td></tr></tbody></table></div>"
ff-dolce-gabbana-32466778,ff_dolce_gabbana_32466778,Mens Swim Shorts,Dolce & Gabbana,Swim Shorts,STANDARD,XS | S | M | L | XL | XXL | 3XL | 46 | 48 | 50 | 52 | 54,Dolce & Gabbana — Swim Shorts Size Chart,"{""title"":""Dolce & Gabbana — Swim Shorts Size Chart"",""subtitle"":""Original chart maps Italy sizes 44–56 (1–7) to body measurements."",""headers"":[""Standard"",""Italy (D&G)"",""Italy Numeric"",""Waist (in)"",""Hips (in)""],""rows"":[{""Standard"":""XS"",""Italy (D&G)"":""44"",""Italy Numeric"":""1"",""Waist (in)"":""28.7-29.9"",""Hips (in)"":""35.8-37.0""},{""Standard"":""S"",""Italy (D&G)"":""46"",""Italy Numeric"":""2"",""Waist (in)"":""30.3-31.5"",""Hips (in)"":""37.4-38.2""},{""Standard"":""M"",""Italy (D&G)"":""48"",""Italy Numeric"":""3"",""Waist (in)"":""31.9-33.1"",""Hips (in)"":""38.6-39.8""},{""Standard"":""L"",""Italy (D&G)"":""50"",""Italy Numeric"":""4"",""Waist (in)"":""33.5-34.6"",""Hips (in)"":""40.2-41.3""},{""Standard"":""XL"",""Italy (D&G)"":""52"",""Italy Numeric"":""5"",""Waist (in)"":""35.0-36.2"",""Hips (in)"":""41.7-42.9""},{""Standard"":""XXL"",""Italy (D&G)"":""54"",""Italy Numeric"":""6"",""Waist (in)"":""36.6-37.8"",""Hips (in)"":""43.3-44.5""},{""Standard"":""XXXL"",""Italy (D&G)"":""56"",""Italy Numeric"":""7"",""Waist (in)"":""38.2-39.4"",""Hips (in)"":""44.9-46.1""}],""requiredFields"":[""Standard""],""regions"":[{""code"":""ALL"",""label"":""All regions"",""columns"":[""Italy (D&G)"",""Italy Numeric""]},{""code"":""IT"",""label"":""Italy (D&G)"",""columns"":[""Italy (D&G)""]},{""code"":""ITN"",""label"":""Italy Numeric"",""columns"":[""Italy Numeric""]}],""unit"":""in"",""found"":true,""source"":""Dolce & Gabbana / Farfetch product page (item 32466778)""}","<div class=""primestyle-size-guide""><h3>Dolce &amp; Gabbana — Swim Shorts Size Chart</h3><p>Original chart maps Italy sizes 44–56 (1–7) to body measurements.</p><table><thead><tr><th>Standard</th><th>Italy (D&amp;G)</th><th>Italy Numeric</th><th>Waist (in)</th><th>Hips (in)</th></tr></thead><tbody><tr><td>XS</td><td>44</td><td>1</td><td>28.7-29.9</td><td>35.8-37.0</td></tr><tr><td>S</td><td>46</td><td>2</td><td>30.3-31.5</td><td>37.4-38.2</td></tr><tr><td>M</td><td>48</td><td>3</td><td>31.9-33.1</td><td>38.6-39.8</td></tr><tr><td>L</td><td>50</td><td>4</td><td>33.5-34.6</td><td>40.2-41.3</td></tr><tr><td>XL</td><td>52</td><td>5</td><td>35.0-36.2</td><td>41.7-42.9</td></tr><tr><td>XXL</td><td>54</td><td>6</td><td>36.6-37.8</td><td>43.3-44.5</td></tr><tr><td>XXXL</td><td>56</td><td>7</td><td>38.2-39.4</td><td>44.9-46.1</td></tr></tbody></table></div>"
ff-lygia-nanny-30276765,ff_lygia_nanny_30276765,Womens Swimsuit,Lygia & Nanny,Swimsuits,BR,S | M,International Size Conversion,"{""title"":""International Size Conversion"",""subtitle"":""Lygia & Nanny — Women's Swimwear"",""unit"":""cm"",""headers"":[""Standard"",""Brazil P-M-G"",""Italy"",""France"",""UK"",""US"",""Germany"",""Brazil"",""Japan"",""Standard Numeric"",""Roman Numeric"",""Russia"",""Korea"",""China"",""Australian"",""Bust (cm)"",""Bust (in)"",""Waist (cm)"",""Waist (in)"",""Hips (cm)"",""Hips (in)""],""rows"":[{""Standard"":""XXXS"",""Brazil P-M-G"":""XPP"",""Italy"":""36"",""France"":""32"",""UK"":""4"",""US"":""0"",""Germany"":""30"",""Brazil"":""34"",""Japan"":""3"",""Standard Numeric"":""000"",""Roman Numeric"":""000"",""Russia"":""38"",""Korea"":""22"",""China"":""145/73A"",""Australian"":""4"",""Bust (cm)"":""76"",""Bust (in)"":""29.9"",""Waist (cm)"":""56"",""Waist (in)"":""22.0"",""Hips (cm)"":""81"",""Hips (in)"":""31.9""},{""Standard"":""XXS"",""Brazil P-M-G"":""PP"",""Italy"":""38"",""France"":""34"",""UK"":""6"",""US"":""2"",""Germany"":""32"",""Brazil"":""36"",""Japan"":""5"",""Standard Numeric"":""00"",""Roman Numeric"":""00"",""Russia"":""40"",""Korea"":""33"",""China"":""150/76A"",""Australian"":""6"",""Bust (cm)"":""78"",""Bust (in)"":""30.7"",""Waist (cm)"":""58"",""Waist (in)"":""22.8"",""Hips (cm)"":""83"",""Hips (in)"":""32.7""},{""Standard"":""XS"",""Brazil P-M-G"":""P"",""Italy"":""40"",""France"":""36"",""UK"":""8"",""US"":""4"",""Germany"":""34"",""Brazil"":""38"",""Japan"":""7"",""Standard Numeric"":""0"",""Roman Numeric"":""0"",""Russia"":""42"",""Korea"":""44"",""China"":""155/80A"",""Australian"":""8"",""Bust (cm)"":""81"",""Bust (in)"":""31.9"",""Waist (cm)"":""61"",""Waist (in)"":""24.0"",""Hips (cm)"":""86"",""Hips (in)"":""33.9""},{""Standard"":""S"",""Brazil P-M-G"":""M"",""Italy"":""42"",""France"":""38"",""UK"":""10"",""US"":""6"",""Germany"":""36"",""Brazil"":""40"",""Japan"":""9"",""Standard Numeric"":""1"",""Roman Numeric"":""I"",""Russia"":""44"",""Korea"":""55"",""China"":""160/84A"",""Australian"":""10"",""Bust (cm)"":""85"",""Bust (in)"":""33.5"",""Waist (cm)"":""65"",""Waist (in)"":""25.6"",""Hips (cm)"":""90"",""Hips (in)"":""35.4""},{""Standard"":""M"",""Brazil P-M-G"":""M"",""Italy"":""44"",""France"":""40"",""UK"":""12"",""US"":""8"",""Germany"":""38"",""Brazil"":""42"",""Japan"":""11"",""Standard Numeric"":""2"",""Roman Numeric"":""II"",""Russia"":""46"",""Korea"":""66"",""China"":""165/88A"",""Australian"":""12"",""Bust (cm)"":""90"",""Bust (in)"":""35.4"",""Waist (cm)"":""70"",""Waist (in)"":""27.6"",""Hips (cm)"":""95"",""Hips (in)"":""37.4""},{""Standard"":""L"",""Brazil P-M-G"":""G"",""Italy"":""46"",""France"":""42"",""UK"":""14"",""US"":""10"",""Germany"":""40"",""Brazil"":""44"",""Japan"":""13"",""Standard Numeric"":""3"",""Roman Numeric"":""III"",""Russia"":""48"",""Korea"":""77"",""China"":""170/92A"",""Australian"":""14"",""Bust (cm)"":""95"",""Bust (in)"":""37.4"",""Waist (cm)"":""75"",""Waist (in)"":""29.5"",""Hips (cm)"":""100"",""Hips (in)"":""39.4""},{""Standard"":""XL"",""Brazil P-M-G"":""G"",""Italy"":""48"",""France"":""44"",""UK"":""16"",""US"":""12"",""Germany"":""42"",""Brazil"":""46"",""Japan"":""15"",""Standard Numeric"":""4"",""Roman Numeric"":""IV"",""Russia"":""50"",""Korea"":""88"",""China"":""175/96A"",""Australian"":""16"",""Bust (cm)"":""100"",""Bust (in)"":""39.4"",""Waist (cm)"":""80"",""Waist (in)"":""31.5"",""Hips (cm)"":""105"",""Hips (in)"":""41.3""},{""Standard"":""XXL"",""Brazil P-M-G"":""GG"",""Italy"":""50"",""France"":""46"",""UK"":""18"",""US"":""14"",""Germany"":""44"",""Brazil"":""48"",""Japan"":""17"",""Standard Numeric"":""5"",""Roman Numeric"":""V"",""Russia"":""52"",""Korea"":""99"",""China"":""180/100A"",""Australian"":""18"",""Bust (cm)"":""106"",""Bust (in)"":""41.7"",""Waist (cm)"":""86"",""Waist (in)"":""33.9"",""Hips (cm)"":""111"",""Hips (in)"":""43.7""},{""Standard"":""XXXL"",""Brazil P-M-G"":""GG"",""Italy"":""52"",""France"":""48"",""UK"":""20"",""US"":""16"",""Germany"":""46"",""Brazil"":""50"",""Japan"":""19"",""Standard Numeric"":""6"",""Roman Numeric"":""VI"",""Russia"":""54"",""Korea"":""110"",""China"":""185/104A"",""Australian"":""20"",""Bust (cm)"":""112"",""Bust (in)"":""44.1"",""Waist (cm)"":""92"",""Waist (in)"":""36.2"",""Hips (cm)"":""117"",""Hips (in)"":""46.1""},{""Standard"":""4XL"",""Brazil P-M-G"":""XGG"",""Italy"":""54"",""France"":""50"",""UK"":""22"",""US"":""18"",""Germany"":""48"",""Brazil"":""52"",""Japan"":""21"",""Standard Numeric"":""7"",""Roman Numeric"":""VII"",""Russia"":""56"",""Korea"":""121"",""China"":""—"",""Australian"":""22"",""Bust (cm)"":""118"",""Bust (in)"":""46.5"",""Waist (cm)"":""98"",""Waist (in)"":""38.6"",""Hips (cm)"":""123"",""Hips (in)"":""48.4""},{""Standard"":""5XL"",""Brazil P-M-G"":""XGG"",""Italy"":""56"",""France"":""52"",""UK"":""24"",""US"":""20"",""Germany"":""50"",""Brazil"":""54"",""Japan"":""23"",""Standard Numeric"":""8"",""Roman Numeric"":""VIII"",""Russia"":""58"",""Korea"":""132"",""China"":""—"",""Australian"":""24"",""Bust (cm)"":""124"",""Bust (in)"":""48.8"",""Waist (cm)"":""104"",""Waist (in)"":""40.9"",""Hips (cm)"":""129"",""Hips (in)"":""50.8""},{""Standard"":""6XL"",""Brazil P-M-G"":""XGG"",""Italy"":""58"",""France"":""54"",""UK"":""26"",""US"":""22"",""Germany"":""52"",""Brazil"":""56"",""Japan"":""25"",""Standard Numeric"":""9"",""Roman Numeric"":""IX"",""Russia"":""60"",""Korea"":""143"",""China"":""—"",""Australian"":""26"",""Bust (cm)"":""130"",""Bust (in)"":""51.2"",""Waist (cm)"":""110"",""Waist (in)"":""43.3"",""Hips (cm)"":""135"",""Hips (in)"":""53.1""},{""Standard"":""7XL"",""Brazil P-M-G"":""XGG"",""Italy"":""60"",""France"":""56"",""UK"":""28"",""US"":""24"",""Germany"":""54"",""Brazil"":""58"",""Japan"":""27"",""Standard Numeric"":""10"",""Roman Numeric"":""X"",""Russia"":""62"",""Korea"":""154"",""China"":""—"",""Australian"":""28"",""Bust (cm)"":""136"",""Bust (in)"":""53.5"",""Waist (cm)"":""116"",""Waist (in)"":""45.7"",""Hips (cm)"":""141"",""Hips (in)"":""55.5""}],""regions"":[{""code"":""EU"",""label"":""Europe (EU)"",""columns"":[""Italy"",""France"",""Germany""]},{""code"":""UK"",""label"":""United Kingdom"",""columns"":[""UK""]},{""code"":""US"",""label"":""United States"",""columns"":[""US""]},{""code"":""IT"",""label"":""Italy"",""columns"":[""Italy""]},{""code"":""FR"",""label"":""France"",""columns"":[""France""]},{""code"":""DE"",""label"":""Germany"",""columns"":[""Germany""]},{""code"":""BR"",""label"":""Brazil"",""columns"":[""Brazil P-M-G"",""Brazil""]},{""code"":""JP"",""label"":""Japan"",""columns"":[""Japan""]},{""code"":""RU"",""label"":""Russia"",""columns"":[""Russia""]},{""code"":""KR"",""label"":""Korea"",""columns"":[""Korea""]},{""code"":""CN"",""label"":""China"",""columns"":[""China""]},{""code"":""AU"",""label"":""Australia"",""columns"":[""Australian""]},{""code"":""NUM"",""label"":""Numeric"",""columns"":[""Standard Numeric"",""Roman Numeric""]}]}","<div class=""primestyle-size-guide""><h3>International Size Conversion</h3><p>Lygia &amp; Nanny — Women&#39;s Swimwear</p><table><thead><tr><th>Standard</th><th>Brazil P-M-G</th><th>Italy</th><th>France</th><th>UK</th><th>US</th><th>Germany</th><th>Brazil</th><th>Japan</th><th>Standard Numeric</th><th>Roman Numeric</th><th>Russia</th><th>Korea</th><th>China</th><th>Australian</th><th>Bust (cm)</th><th>Bust (in)</th><th>Waist (cm)</th><th>Waist (in)</th><th>Hips (cm)</th><th>Hips (in)</th></tr></thead><tbody><tr><td>XXXS</td><td>XPP</td><td>36</td><td>32</td><td>4</td><td>0</td><td>30</td><td>34</td><td>3</td><td>000</td><td>000</td><td>38</td><td>22</td><td>145/73A</td><td>4</td><td>76</td><td>29.9</td><td>56</td><td>22.0</td><td>81</td><td>31.9</td></tr><tr><td>XXS</td><td>PP</td><td>38</td><td>34</td><td>6</td><td>2</td><td>32</td><td>36</td><td>5</td><td>00</td><td>00</td><td>40</td><td>33</td><td>150/76A</td><td>6</td><td>78</td><td>30.7</td><td>58</td><td>22.8</td><td>83</td><td>32.7</td></tr><tr><td>XS</td><td>P</td><td>40</td><td>36</td><td>8</td><td>4</td><td>34</td><td>38</td><td>7</td><td>0</td><td>0</td><td>42</td><td>44</td><td>155/80A</td><td>8</td><td>81</td><td>31.9</td><td>61</td><td>24.0</td><td>86</td><td>33.9</td></tr><tr><td>S</td><td>M</td><td>42</td><td>38</td><td>10</td><td>6</td><td>36</td><td>40</td><td>9</td><td>1</td><td>I</td><td>44</td><td>55</td><td>160/84A</td><td>10</td><td>85</td><td>33.5</td><td>65</td><td>25.6</td><td>90</td><td>35.4</td></tr><tr><td>M</td><td>M</td><td>44</td><td>40</td><td>12</td><td>8</td><td>38</td><td>42</td><td>11</td><td>2</td><td>II</td><td>46</td><td>66</td><td>165/88A</td><td>12</td><td>90</td><td>35.4</td><td>70</td><td>27.6</td><td>95</td><td>37.4</td></tr><tr><td>L</td><td>G</td><td>46</td><td>42</td><td>14</td><td>10</td><td>40</td><td>44</td><td>13</td><td>3</td><td>III</td><td>48</td><td>77</td><td>170/92A</td><td>14</td><td>95</td><td>37.4</td><td>75</td><td>29.5</td><td>100</td><td>39.4</td></tr><tr><td>XL</td><td>G</td><td>48</td><td>44</td><td>16</td><td>12</td><td>42</td><td>46</td><td>15</td><td>4</td><td>IV</td><td>50</td><td>88</td><td>175/96A</td><td>16</td><td>100</td><td>39.4</td><td>80</td><td>31.5</td><td>105</td><td>41.3</td></tr><tr><td>XXL</td><td>GG</td><td>50</td><td>46</td><td>18</td><td>14</td><td>44</td><td>48</td><td>17</td><td>5</td><td>V</td><td>52</td><td>99</td><td>180/100A</td><td>18</td><td>106</td><td>41.7</td><td>86</td><td>33.9</td><td>111</td><td>43.7</td></tr><tr><td>XXXL</td><td>GG</td><td>52</td><td>48</td><td>20</td><td>16</td><td>46</td><td>50</td><td>19</td><td>6</td><td>VI</td><td>54</td><td>110</td><td>185/104A</td><td>20</td><td>112</td><td>44.1</td><td>92</td><td>36.2</td><td>117</td><td>46.1</td></tr><tr><td>4XL</td><td>XGG</td><td>54</td><td>50</td><td>22</td><td>18</td><td>48</td><td>52</td><td>21</td><td>7</td><td>VII</td><td>56</td><td>121</td><td>—</td><td>22</td><td>118</td><td>46.5</td><td>98</td><td>38.6</td><td>123</td><td>48.4</td></tr><tr><td>5XL</td><td>XGG</td><td>56</td><td>52</td><td>24</td><td>20</td><td>50</td><td>54</td><td>23</td><td>8</td><td>VIII</td><td>58</td><td>132</td><td>—</td><td>24</td><td>124</td><td>48.8</td><td>104</td><td>40.9</td><td>129</td><td>50.8</td></tr><tr><td>6XL</td><td>XGG</td><td>58</td><td>54</td><td>26</td><td>22</td><td>52</td><td>56</td><td>25</td><td>9</td><td>IX</td><td>60</td><td>143</td><td>—</td><td>26</td><td>130</td><td>51.2</td><td>110</td><td>43.3</td><td>135</td><td>53.1</td></tr><tr><td>7XL</td><td>XGG</td><td>60</td><td>56</td><td>28</td><td>24</td><td>54</td><td>58</td><td>27</td><td>10</td><td>X</td><td>62</td><td>154</td><td>—</td><td>28</td><td>136</td><td>53.5</td><td>116</td><td>45.7</td><td>141</td><td>55.5</td></tr></tbody></table></div>"
ff-giorgio-armani-28457510,ff_giorgio_armani_28457510,Mens T-Shirt,Giorgio Armani,T-Shirts,IT,46 | 48 | 50 | 52 | 56,Size Guide — Giorgio Armani Men's Tops,"{""title"":""Size Guide — Giorgio Armani Men's Tops"",""subtitle"":""Pick your country, then use the cm/inch toggle for body measurements."",""unit"":""cm"",""headers"":[""Standard"",""Italy"",""France"",""Europe"",""UK"",""US"",""China"",""Japan"",""Korea"",""Russia"",""Chest (cm)"",""Chest (in)"",""Length (cm)"",""Length (in)""],""rows"":[{""Standard"":""XXS"",""Italy"":""42"",""France"":""38"",""Europe"":""42"",""UK"":""32"",""US"":""32"",""China"":""160/76A"",""Japan"":""XXS"",""Korea"":""90"",""Russia"":""44"",""Chest (cm)"":""88"",""Chest (in)"":""34.6"",""Length (cm)"":""64"",""Length (in)"":""25.2""},{""Standard"":""XS"",""Italy"":""44"",""France"":""40"",""Europe"":""44"",""UK"":""34"",""US"":""34"",""China"":""165/80A"",""Japan"":""XS"",""Korea"":""90"",""Russia"":""46"",""Chest (cm)"":""92"",""Chest (in)"":""36.2"",""Length (cm)"":""66"",""Length (in)"":""26.0""},{""Standard"":""S"",""Italy"":""46"",""France"":""42"",""Europe"":""46"",""UK"":""36"",""US"":""36"",""China"":""170/84A"",""Japan"":""S"",""Korea"":""95"",""Russia"":""48"",""Chest (cm)"":""96"",""Chest (in)"":""37.8"",""Length (cm)"":""68"",""Length (in)"":""26.8""},{""Standard"":""M"",""Italy"":""48"",""France"":""44"",""Europe"":""48"",""UK"":""38"",""US"":""38"",""China"":""175/88A"",""Japan"":""M"",""Korea"":""100"",""Russia"":""50"",""Chest (cm)"":""100"",""Chest (in)"":""39.4"",""Length (cm)"":""70"",""Length (in)"":""27.6""},{""Standard"":""L"",""Italy"":""50"",""France"":""46"",""Europe"":""50"",""UK"":""40"",""US"":""40"",""China"":""175/92A"",""Japan"":""L"",""Korea"":""100"",""Russia"":""52"",""Chest (cm)"":""104"",""Chest (in)"":""40.9"",""Length (cm)"":""72"",""Length (in)"":""28.3""},{""Standard"":""XL"",""Italy"":""52"",""France"":""48"",""Europe"":""52"",""UK"":""42"",""US"":""42"",""China"":""180/96A"",""Japan"":""XL"",""Korea"":""105"",""Russia"":""54"",""Chest (cm)"":""108"",""Chest (in)"":""42.5"",""Length (cm)"":""74"",""Length (in)"":""29.1""},{""Standard"":""XXL"",""Italy"":""54"",""France"":""50"",""Europe"":""54"",""UK"":""44"",""US"":""44"",""China"":""185/96A"",""Japan"":""XXL"",""Korea"":""110"",""Russia"":""56"",""Chest (cm)"":""112"",""Chest (in)"":""44.1"",""Length (cm)"":""76"",""Length (in)"":""29.9""},{""Standard"":""3XL"",""Italy"":""56"",""France"":""52"",""Europe"":""56"",""UK"":""46"",""US"":""46"",""China"":""185/100A"",""Japan"":""3XL"",""Korea"":""115"",""Russia"":""58"",""Chest (cm)"":""116"",""Chest (in)"":""45.7"",""Length (cm)"":""78"",""Length (in)"":""30.7""},{""Standard"":""4XL"",""Italy"":""58"",""France"":""54"",""Europe"":""58"",""UK"":""48"",""US"":""48"",""China"":""185/108B"",""Japan"":""4XL"",""Korea"":""120"",""Russia"":""60"",""Chest (cm)"":""120"",""Chest (in)"":""47.2"",""Length (cm)"":""80"",""Length (in)"":""31.5""},{""Standard"":""5XL"",""Italy"":""60"",""France"":""56"",""Europe"":""60"",""UK"":""50"",""US"":""50"",""China"":""185/112B"",""Japan"":""5XL"",""Korea"":""125"",""Russia"":""62"",""Chest (cm)"":""124"",""Chest (in)"":""48.8"",""Length (cm)"":""82"",""Length (in)"":""32.3""},{""Standard"":""6XL"",""Italy"":""62"",""France"":""58"",""Europe"":""62"",""UK"":""52"",""US"":""52"",""China"":""185/114B"",""Japan"":""6XL"",""Korea"":""130"",""Russia"":""64"",""Chest (cm)"":""128"",""Chest (in)"":""50.4"",""Length (cm)"":""84"",""Length (in)"":""33.1""}],""regions"":[{""code"":""EU"",""label"":""Europe (EU)"",""columns"":[""Europe""]},{""code"":""UK"",""label"":""United Kingdom"",""columns"":[""UK""]},{""code"":""US"",""label"":""United States"",""columns"":[""US""]},{""code"":""IT"",""label"":""Italy"",""columns"":[""Italy""]},{""code"":""FR"",""label"":""France"",""columns"":[""France""]},{""code"":""CN"",""label"":""China"",""columns"":[""China""]},{""code"":""JP"",""label"":""Japan"",""columns"":[""Japan""]},{""code"":""KR"",""label"":""Korea"",""columns"":[""Korea""]},{""code"":""RU"",""label"":""Russia"",""columns"":[""Russia""]}],""fitTerms"":[{""name"":""Slim Fit"",""description"":""Tailored close to the body for a contemporary silhouette.""},{""name"":""Regular Fit"",""description"":""Classic relaxed fit through the chest and waist.""}],""howToMeasure"":[""Chest: Wrap the tape measure around the fullest part of your chest, under your arms."",""Shoulder: Measure from the edge of one shoulder to the other across the back."",""Length: Measure from the highest point of the shoulder down to the desired hem length.""]}","<div class=""primestyle-size-guide""><h3>Size Guide — Giorgio Armani Men&#39;s Tops</h3><p>Pick your country, then use the cm/inch toggle for body measurements.</p><table><thead><tr><th>Standard</th><th>Italy</th><th>France</th><th>Europe</th><th>UK</th><th>US</th><th>China</th><th>Japan</th><th>Korea</th><th>Russia</th><th>Chest (cm)</th><th>Chest (in)</th><th>Length (cm)</th><th>Length (in)</th></tr></thead><tbody><tr><td>XXS</td><td>42</td><td>38</td><td>42</td><td>32</td><td>32</td><td>160/76A</td><td>XXS</td><td>90</td><td>44</td><td>88</td><td>34.6</td><td>64</td><td>25.2</td></tr><tr><td>XS</td><td>44</td><td>40</td><td>44</td><td>34</td><td>34</td><td>165/80A</td><td>XS</td><td>90</td><td>46</td><td>92</td><td>36.2</td><td>66</td><td>26.0</td></tr><tr><td>S</td><td>46</td><td>42</td><td>46</td><td>36</td><td>36</td><td>170/84A</td><td>S</td><td>95</td><td>48</td><td>96</td><td>37.8</td><td>68</td><td>26.8</td></tr><tr><td>M</td><td>48</td><td>44</td><td>48</td><td>38</td><td>38</td><td>175/88A</td><td>M</td><td>100</td><td>50</td><td>100</td><td>39.4</td><td>70</td><td>27.6</td></tr><tr><td>L</td><td>50</td><td>46</td><td>50</td><td>40</td><td>40</td><td>175/92A</td><td>L</td><td>100</td><td>52</td><td>104</td><td>40.9</td><td>72</td><td>28.3</td></tr><tr><td>XL</td><td>52</td><td>48</td><td>52</td><td>42</td><td>42</td><td>180/96A</td><td>XL</td><td>105</td><td>54</td><td>108</td><td>42.5</td><td>74</td><td>29.1</td></tr><tr><td>XXL</td><td>54</td><td>50</td><td>54</td><td>44</td><td>44</td><td>185/96A</td><td>XXL</td><td>110</td><td>56</td><td>112</td><td>44.1</td><td>76</td><td>29.9</td></tr><tr><td>3XL</td><td>56</td><td>52</td><td>56</td><td>46</td><td>46</td><td>185/100A</td><td>3XL</td><td>115</td><td>58</td><td>116</td><td>45.7</td><td>78</td><td>30.7</td></tr><tr><td>4XL</td><td>58</td><td>54</td><td>58</td><td>48</td><td>48</td><td>185/108B</td><td>4XL</td><td>120</td><td>60</td><td>120</td><td>47.2</td><td>80</td><td>31.5</td></tr><tr><td>5XL</td><td>60</td><td>56</td><td>60</td><td>50</td><td>50</td><td>185/112B</td><td>5XL</td><td>125</td><td>62</td><td>124</td><td>48.8</td><td>82</td><td>32.3</td></tr><tr><td>6XL</td><td>62</td><td>58</td><td>62</td><td>52</td><td>52</td><td>185/114B</td><td>6XL</td><td>130</td><td>64</td><td>128</td><td>50.4</td><td>84</td><td>33.1</td></tr></tbody></table></div>"
mw-tmw-3by1-10,mw_tmw_3by1_10,Mens Tuxedo,Tommy Hilfiger,Suits,US,36 | 38 | 39 | 40 | 41 | 42 | 43 | 44 | 46 | 48 | 50 | 52 | 54 | 56 | 58 | 36 Short | 36 Regular | 38 Short | 38 Regular | 38 Long | 39 Short | 39 Regular | 39 Long | 40 Short | 40 Regular | 40 Long | 41 Short | 41 Regular | 41 Long | 42 Short | 42 Regular | 42 Long | 43 Regular | 43 Long | 44 Short | 44 Regular | 44 Long | 46 Regular | 46 Long | 48 Regular | 48 Long | 50 Regular | 50 Long | 52 Regular | 54 Regular | 56 Regular | 58 Regular,Size Chart,"{""title"":""Size Chart"",""subtitle"":""Reference for Suits, 2-Piece Suits, Suit Separate Jackets, Suit Separate Vests, Tuxedos, 3-Piece Suits, Blazers, Dinner Jackets, and Sport Coats."",""sections"":[{""name"":""Jacket Size"",""headers"":[""Size"",""EU"",""Chest (in)"",""Chest (cm)""],""rows"":[{""Size"":""34"",""EU"":""44"",""Chest (in)"":""34"",""Chest (cm)"":""86""},{""Size"":""36"",""EU"":""46"",""Chest (in)"":""36"",""Chest (cm)"":""91""},{""Size"":""38"",""EU"":""48"",""Chest (in)"":""38"",""Chest (cm)"":""97""},{""Size"":""40"",""EU"":""50"",""Chest (in)"":""40"",""Chest (cm)"":""102""},{""Size"":""42"",""EU"":""52"",""Chest (in)"":""42"",""Chest (cm)"":""107""},{""Size"":""44"",""EU"":""54"",""Chest (in)"":""44"",""Chest (cm)"":""112""},{""Size"":""46"",""EU"":""56"",""Chest (in)"":""46"",""Chest (cm)"":""117""},{""Size"":""48"",""EU"":""58"",""Chest (in)"":""48"",""Chest (cm)"":""122""},{""Size"":""50"",""EU"":""60"",""Chest (in)"":""50"",""Chest (cm)"":""127""},{""Size"":""52"",""EU"":""62"",""Chest (in)"":""52"",""Chest (cm)"":""132""},{""Size"":""54"",""EU"":""64"",""Chest (in)"":""54"",""Chest (cm)"":""137""},{""Size"":""56"",""EU"":""66"",""Chest (in)"":""56"",""Chest (cm)"":""142""},{""Size"":""58"",""EU"":""68"",""Chest (in)"":""58"",""Chest (cm)"":""147""},{""Size"":""60"",""EU"":""70"",""Chest (in)"":""60"",""Chest (cm)"":""152""}]},{""name"":""Jacket Length"",""headers"":[""Size"",""Height"",""Height (cm)""],""rows"":[{""Size"":""Short"",""Height"":""5'6\""-5'8\"" tall"",""Height (cm)"":""170-178""},{""Size"":""Regular"",""Height"":""5'8\""-6'1\"" tall"",""Height (cm)"":""178-185""},{""Size"":""Long"",""Height"":""6'0\""-6'3\"" tall"",""Height (cm)"":""183-193""},{""Size"":""X Tall"",""Height"":""6'4\""-6'6\"" tall"",""Height (cm)"":""195.5-201""}]},{""name"":""Suit Pants"",""headers"":[""Size"",""Waist (in)"",""Waist (cm)""],""rows"":[{""Size"":""30"",""Waist (in)"":""30"",""Waist (cm)"":""76""},{""Size"":""31"",""Waist (in)"":""31"",""Waist (cm)"":""79""},{""Size"":""32"",""Waist (in)"":""32"",""Waist (cm)"":""81""},{""Size"":""33"",""Waist (in)"":""33"",""Waist (cm)"":""84""},{""Size"":""34"",""Waist (in)"":""34"",""Waist (cm)"":""86""},{""Size"":""35"",""Waist (in)"":""35"",""Waist (cm)"":""89""},{""Size"":""36"",""Waist (in)"":""36"",""Waist (cm)"":""91""},{""Size"":""38"",""Waist (in)"":""38"",""Waist (cm)"":""97""},{""Size"":""40"",""Waist (in)"":""40"",""Waist (cm)"":""102""},{""Size"":""42"",""Waist (in)"":""42"",""Waist (cm)"":""107""},{""Size"":""44"",""Waist (in)"":""44"",""Waist (cm)"":""112""},{""Size"":""46"",""Waist (in)"":""46"",""Waist (cm)"":""117""},{""Size"":""48"",""Waist (in)"":""48"",""Waist (cm)"":""122""},{""Size"":""50"",""Waist (in)"":""50"",""Waist (cm)"":""127""},{""Size"":""52"",""Waist (in)"":""52"",""Waist (cm)"":""132""},{""Size"":""54"",""Waist (in)"":""54"",""Waist (cm)"":""137""}]},{""name"":""Pant Length"",""headers"":[""Inseam (in)""],""rows"":[{""Inseam (in)"":""29""},{""Inseam (in)"":""30""},{""Inseam (in)"":""32""},{""Inseam (in)"":""34""}]},{""name"":""Vest Size — Regular"",""headers"":[""Size"",""Chest (in)""],""rows"":[{""Size"":""XXS"",""Chest (in)"":""34R""},{""Size"":""XS"",""Chest (in)"":""36R""},{""Size"":""S"",""Chest (in)"":""38R""},{""Size"":""M"",""Chest (in)"":""40R""},{""Size"":""L"",""Chest (in)"":""42R""},{""Size"":""XL"",""Chest (in)"":""44R""},{""Size"":""XXL"",""Chest (in)"":""46R""}]},{""name"":""Vest Size — Big & Tall"",""headers"":[""Size"",""Chest (in)""],""rows"":[{""Size"":""LT"",""Chest (in)"":""46L""},{""Size"":""XLT"",""Chest (in)"":""48L""},{""Size"":""2XLT"",""Chest (in)"":""50L""},{""Size"":""3XLT"",""Chest (in)"":""52L""},{""Size"":""4XLT"",""Chest (in)"":""54L""},{""Size"":""5XLT"",""Chest (in)"":""56L""},{""Size"":""6XLT"",""Chest (in)"":""58L""}]},{""name"":""Vest Size — Big"",""headers"":[""Size"",""Chest (in)""],""rows"":[{""Size"":""1X"",""Chest (in)"":""48R""},{""Size"":""2X"",""Chest (in)"":""50R""},{""Size"":""3X"",""Chest (in)"":""52R""},{""Size"":""4X"",""Chest (in)"":""54R""},{""Size"":""5X"",""Chest (in)"":""56R""},{""Size"":""6X"",""Chest (in)"":""58R""}]}],""howToMeasure"":[""Chest: Wrap the tape measure around your torso. Go underneath your arms, across your shoulder blades, and over the largest part of your chest. The chest measurement is usually the size of the coat. For a more relaxed fit, add 1 inch to the total measurement."",""Over Arm: If your over arm measurement is more than 7 inches larger than your chest measurement, the over arm measurement trumps the chest measurement. In this case, your suit size needs to match your over arm measurement."",""Waist: Measure around your natural waistline, keeping the tape snug but not tight. This is typically just above the navel."",""Hips: Measure around the fullest part of your hips, keeping the tape parallel to the floor."",""Inseam: Measure from the inside of your thigh (crotch seam) down to the bottom of your ankle bone.""],""fitTerms"":[{""name"":""Skinny"",""description"":""Fashion-forward look: Most trim chest, shoulders, and waist; high armholes; very fitted sleeves""},{""name"":""Slim"",""description"":""Trendy look: More trim chest, shoulders and waist; higher armholes; fitted sleeves""},{""name"":""Modern"",""description"":""Updated traditional look: Slightly trim through shoulder; closer fit to chest and body; slightly higher armholes""},{""name"":""Classic"",""description"":""Traditional look: More room in chest and body; traditional armholes and sleeves""},{""name"":""Executive"",""description"":""More room through chest and midsection""}],""sectionImages"":{""Jacket"":""https://res.cloudinary.com/dgvtynla7/image/upload/v1775420847/primestyle/section-icons/jacket-blue.png"",""Jacket Size"":""https://res.cloudinary.com/dgvtynla7/image/upload/v1775420847/primestyle/section-icons/jacket-blue.png"",""Pants"":""https://res.cloudinary.com/dgvtynla7/image/upload/v1775420862/primestyle/section-icons/pants-blue.png"",""Suit Pants"":""https://res.cloudinary.com/dgvtynla7/image/upload/v1775420862/primestyle/section-icons/pants-blue.png"",""Vest"":""https://res.cloudinary.com/dgvtynla7/image/upload/v1775420877/primestyle/section-icons/vest-blue.png"",""Vest Size — Regular"":""https://res.cloudinary.com/dgvtynla7/image/upload/v1775420877/primestyle/section-icons/vest-blue.png"",""Vest Size — Big & Tall"":""https://res.cloudinary.com/dgvtynla7/image/upload/v1775420877/primestyle/section-icons/vest-blue.png"",""Vest Size — Big"":""https://res.cloudinary.com/dgvtynla7/image/upload/v1775420877/primestyle/section-icons/vest-blue.png""}}","<div class=""primestyle-size-guide""><h3>Size Chart</h3><p>Reference for Suits, 2-Piece Suits, Suit Separate Jackets, Suit Separate Vests, Tuxedos, 3-Piece Suits, Blazers, Dinner Jackets, and Sport Coats.</p><h4>Jacket Size</h4><table><thead><tr><th>Size</th><th>EU</th><th>Chest (in)</th><th>Chest (cm)</th></tr></thead><tbody><tr><td>34</td><td>44</td><td>34</td><td>86</td></tr><tr><td>36</td><td>46</td><td>36</td><td>91</td></tr><tr><td>38</td><td>48</td><td>38</td><td>97</td></tr><tr><td>40</td><td>50</td><td>40</td><td>102</td></tr><tr><td>42</td><td>52</td><td>42</td><td>107</td></tr><tr><td>44</td><td>54</td><td>44</td><td>112</td></tr><tr><td>46</td><td>56</td><td>46</td><td>117</td></tr><tr><td>48</td><td>58</td><td>48</td><td>122</td></tr><tr><td>50</td><td>60</td><td>50</td><td>127</td></tr><tr><td>52</td><td>62</td><td>52</td><td>132</td></tr><tr><td>54</td><td>64</td><td>54</td><td>137</td></tr><tr><td>56</td><td>66</td><td>56</td><td>142</td></tr><tr><td>58</td><td>68</td><td>58</td><td>147</td></tr><tr><td>60</td><td>70</td><td>60</td><td>152</td></tr></tbody></table><h4>Jacket Length</h4><table><thead><tr><th>Size</th><th>Height</th><th>Height (cm)</th></tr></thead><tbody><tr><td>Short</td><td>5&#39;6&quot;-5&#39;8&quot; tall</td><td>170-178</td></tr><tr><td>Regular</td><td>5&#39;8&quot;-6&#39;1&quot; tall</td><td>178-185</td></tr><tr><td>Long</td><td>6&#39;0&quot;-6&#39;3&quot; tall</td><td>183-193</td></tr><tr><td>X Tall</td><td>6&#39;4&quot;-6&#39;6&quot; tall</td><td>195.5-201</td></tr></tbody></table><h4>Suit Pants</h4><table><thead><tr><th>Size</th><th>Waist (in)</th><th>Waist (cm)</th></tr></thead><tbody><tr><td>30</td><td>30</td><td>76</td></tr><tr><td>31</td><td>31</td><td>79</td></tr><tr><td>32</td><td>32</td><td>81</td></tr><tr><td>33</td><td>33</td><td>84</td></tr><tr><td>34</td><td>34</td><td>86</td></tr><tr><td>35</td><td>35</td><td>89</td></tr><tr><td>36</td><td>36</td><td>91</td></tr><tr><td>38</td><td>38</td><td>97</td></tr><tr><td>40</td><td>40</td><td>102</td></tr><tr><td>42</td><td>42</td><td>107</td></tr><tr><td>44</td><td>44</td><td>112</td></tr><tr><td>46</td><td>46</td><td>117</td></tr><tr><td>48</td><td>48</td><td>122</td></tr><tr><td>50</td><td>50</td><td>127</td></tr><tr><td>52</td><td>52</td><td>132</td></tr><tr><td>54</td><td>54</td><td>137</td></tr></tbody></table><h4>Pant Length</h4><table><thead><tr><th>Inseam (in)</th></tr></thead><tbody><tr><td>29</td></tr><tr><td>30</td></tr><tr><td>32</td></tr><tr><td>34</td></tr></tbody></table><h4>Vest Size — Regular</h4><table><thead><tr><th>Size</th><th>Chest (in)</th></tr></thead><tbody><tr><td>XXS</td><td>34R</td></tr><tr><td>XS</td><td>36R</td></tr><tr><td>S</td><td>38R</td></tr><tr><td>M</td><td>40R</td></tr><tr><td>L</td><td>42R</td></tr><tr><td>XL</td><td>44R</td></tr><tr><td>XXL</td><td>46R</td></tr></tbody></table><h4>Vest Size — Big &amp; Tall</h4><table><thead><tr><th>Size</th><th>Chest (in)</th></tr></thead><tbody><tr><td>LT</td><td>46L</td></tr><tr><td>XLT</td><td>48L</td></tr><tr><td>2XLT</td><td>50L</td></tr><tr><td>3XLT</td><td>52L</td></tr><tr><td>4XLT</td><td>54L</td></tr><tr><td>5XLT</td><td>56L</td></tr><tr><td>6XLT</td><td>58L</td></tr></tbody></table><h4>Vest Size — Big</h4><table><thead><tr><th>Size</th><th>Chest (in)</th></tr></thead><tbody><tr><td>1X</td><td>48R</td></tr><tr><td>2X</td><td>50R</td></tr><tr><td>3X</td><td>52R</td></tr><tr><td>4X</td><td>54R</td></tr><tr><td>5X</td><td>56R</td></tr><tr><td>6X</td><td>58R</td></tr></tbody></table></div>"
mango-hailey-bieber-frill-denim-shorts,mango-hailey-bieber-frill-denim-shorts,Cotton Frill Detail Denim Shorts,Mango,Shorts,Alpha,XS | S | M | L,Women's Denim Shorts Size Guide,"{""title"":""Women's Denim Shorts Size Guide"",""subtitle"":""ASOS listed sizes for this Mango style, mapped to standard UK womenswear body measurements."",""headers"":[""Size"",""Waist (in)"",""Waist (cm)"",""Hips (in)"",""Hips (cm)""],""rows"":[{""Size"":""XS"",""Waist (in)"":""25"",""Waist (cm)"":""63.5"",""Hips (in)"":""35.5"",""Hips (cm)"":""90.2""},{""Size"":""S"",""Waist (in)"":""26"",""Waist (cm)"":""66.0"",""Hips (in)"":""36.5"",""Hips (cm)"":""92.7""},{""Size"":""M"",""Waist (in)"":""28"",""Waist (cm)"":""71.1"",""Hips (in)"":""38.5"",""Hips (cm)"":""97.8""},{""Size"":""L"",""Waist (in)"":""30"",""Waist (cm)"":""76.2"",""Hips (in)"":""40.5"",""Hips (cm)"":""102.9""}],""requiredFields"":[{""key"":""waist"",""label"":""Waist"",""required"":true,""unit"":""in"",""category"":""body""},{""key"":""hips"",""label"":""Hips"",""required"":true,""unit"":""in"",""category"":""body""}],""unit"":""dual"",""found"":true,""source"":""Standard womenswear measurement mapping"",""howToMeasure"":[""Waist: measure around the natural waistline."",""Hips: measure around the fullest part of the hips.""],""matcherGuide"":{""title"":""Women's Denim Shorts Fit Matching Guide"",""headers"":[""Size"",""Waist (in)"",""Hips (in)"",""Waist (cm)"",""Hips (cm)""],""rows"":[[""XS"",""25"",""35.5"",""63.5"",""90.2""],[""S"",""26"",""36.5"",""66.0"",""92.7""],[""M"",""28"",""38.5"",""71.1"",""97.8""],[""L"",""30"",""40.5"",""76.2"",""102.9""]],""requiredFields"":[{""key"":""waist"",""label"":""Waist"",""required"":true,""unit"":""in"",""category"":""body""},{""key"":""hips"",""label"":""Hips"",""required"":true,""unit"":""in"",""category"":""body""}],""unit"":""dual"",""found"":true,""source"":""Standard womenswear measurement mapping""}}","<div class=""primestyle-size-guide""><h3>Women&#39;s Denim Shorts Fit Matching Guide</h3><table><thead><tr><th>Size</th><th>Waist (in)</th><th>Hips (in)</th><th>Waist (cm)</th><th>Hips (cm)</th></tr></thead><tbody><tr><td></td><td></td><td></td><td></td><td></td></tr><tr><td></td><td></td><td></td><td></td><td></td></tr><tr><td></td><td></td><td></td><td></td><td></td></tr><tr><td></td><td></td><td></td><td></td><td></td></tr></tbody></table></div>"
