Handle,Title,Body (HTML),Vendor,Product Category,Type,Tags,Published,Option1 Name,Option1 Value,Option2 Name,Option2 Value,Option3 Name,Option3 Value,Variant SKU,Variant Grams,Variant Inventory Tracker,Variant Inventory Qty,Variant Inventory Policy,Variant Fulfillment Service,Variant Price,Variant Compare At Price,Variant Requires Shipping,Variant Taxable,Variant Barcode,Image Src,Image Position,Image Alt Text,Gift Card,SEO Title,SEO Description,Google Shopping / Google Product Category,Google Shopping / Gender,Google Shopping / Age Group,Google Shopping / MPN,Google Shopping / Condition,Google Shopping / Custom Product,Google Shopping / Custom Label 0,Google Shopping / Custom Label 1,Google Shopping / Custom Label 2,Google Shopping / Custom Label 3,Google Shopping / Custom Label 4,Variant Image,Variant Weight Unit,Variant Tax Code,Cost per item,Status
low-rise-pintuck-capri-jeans,Low Rise Pintuck Capri Jeans,"<p>&lt;p&gt;Low-rise black wash capri jeans with pintuck detailing, a double-button front, five-pocket styling, and medium-stretch denim.&lt;/p&gt;&lt;ul&gt;&lt;li&gt;Rise: 8.5 in&lt;/li&gt;&lt;li&gt;Inseam: 21 in&lt;/li&gt;&lt;li&gt;Stretch: medium&lt;/li&gt;&lt;li&gt;Special wash process makes each garment unique&lt;/li&gt;&lt;/ul&gt;</p>
<p><strong>Material:</strong> 55% cotton, 24% polyester, 20% viscose, 1% spandex</p>
<p><strong>Available sizes:</strong> 0, 1, 3, 5, 7, 9, 11, 13, 15, 25, 37, 68.6, 99.1, M</p>
<div class=""primestyle-size-guide""><h3>Jeans and Bottoms Size Guide</h3><p>Numeric jean sizes mapped from the bottoms guide, with garment details for this capri style.</p><table><thead><tr><th>Size</th><th>Alpha</th><th>UK</th><th>EU</th><th>AUS</th><th>Waist (in)</th><th>Waist (cm)</th><th>Hips (in)</th><th>Hips (cm)</th><th>Rise (in)</th><th>Inseam (in)</th><th>Stretch</th></tr></thead><tbody><tr><td>0</td><td>XS</td><td>2/4</td><td>32/34</td><td>4/6</td><td>24</td><td>61.0</td><td>35</td><td>88.9</td><td>8.5</td><td>21</td><td>Medium</td></tr><tr><td>1</td><td>XS</td><td>2/4</td><td>32/34</td><td>4/6</td><td>25</td><td>63.5</td><td>36</td><td>91.4</td><td>8.5</td><td>21</td><td>Medium</td></tr><tr><td>3</td><td>S</td><td>6/8</td><td>36/38</td><td>8</td><td>26</td><td>66.0</td><td>37</td><td>94.0</td><td>8.5</td><td>21</td><td>Medium</td></tr><tr><td>5</td><td>S</td><td>6/8</td><td>36/38</td><td>8</td><td>27</td><td>68.6</td><td>38</td><td>96.5</td><td>8.5</td><td>21</td><td>Medium</td></tr><tr><td>7</td><td>M</td><td>10/12</td><td>40</td><td>10/12</td><td>28</td><td>71.1</td><td>39</td><td>99.1</td><td>8.5</td><td>21</td><td>Medium</td></tr><tr><td>9</td><td>M</td><td>10/12</td><td>40</td><td>10/12</td><td>29</td><td>73.7</td><td>40</td><td>101.6</td><td>8.5</td><td>21</td><td>Medium</td></tr><tr><td>11</td><td>L</td><td>14</td><td>42</td><td>14/16</td><td>30.5</td><td>77.5</td><td>41.5</td><td>105.4</td><td>8.5</td><td>21</td><td>Medium</td></tr><tr><td>13</td><td>L</td><td>14</td><td>42</td><td>14/16</td><td>32</td><td>81.3</td><td>43</td><td>109.2</td><td>8.5</td><td>21</td><td>Medium</td></tr><tr><td>15</td><td>XL</td><td>16</td><td>44</td><td>18</td><td>33.5</td><td>85.1</td><td>44.5</td><td>113.0</td><td>8.5</td><td>21</td><td>Medium</td></tr></tbody></table></div><div class=""primestyle-size-guide""><h3>Jeans and Bottoms Fit Matching Guide</h3><table><thead><tr><th>Size</th><th>Waist (in)</th><th>Hips (in)</th><th>Waist (cm)</th><th>Hips (cm)</th><th>Alpha</th></tr></thead><tbody><tr><td>0</td><td>24</td><td>35</td><td>61.0</td><td>88.9</td><td>XS</td></tr><tr><td>1</td><td>25</td><td>36</td><td>63.5</td><td>91.4</td><td>XS</td></tr><tr><td>3</td><td>26</td><td>37</td><td>66.0</td><td>94.0</td><td>S</td></tr><tr><td>5</td><td>27</td><td>38</td><td>68.6</td><td>96.5</td><td>S</td></tr><tr><td>7</td><td>28</td><td>39</td><td>71.1</td><td>99.1</td><td>M</td></tr><tr><td>9</td><td>29</td><td>40</td><td>73.7</td><td>101.6</td><td>M</td></tr><tr><td>11</td><td>30.5</td><td>41.5</td><td>77.5</td><td>105.4</td><td>L</td></tr><tr><td>13</td><td>32</td><td>43</td><td>81.3</td><td>109.2</td><td>L</td></tr><tr><td>15</td><td>33.5</td><td>44.5</td><td>85.1</td><td>113.0</td><td>XL</td></tr></tbody></table></div><div class=""primestyle-measure-guide""><h3>How to measure</h3><ul><li>Waist: measure around the natural waistline.</li><li>Hips: measure around the fullest part of the hips.</li><li>Rise and inseam are garment fit details for this capri style.</li></ul></div>",PrimeStyleAI,Apparel & Accessories > Clothing,Jeans,"PrimeStyleAI Demo, PrimeStyleAI Import, Pants, Jeans, female, demo, jeans, denim, pants, capri, black wash, low rise, pintuck, medium stretch, women, Sale, Demo",TRUE,Color,Black Wash,Size,0,,,PSAI-PINTUCK-CAPRI-0-BLACK-WASH-0,454,shopify,100,deny,manual,13.98,34.99,TRUE,TRUE,,https://res.cloudinary.com/dgvtynla7/image/upload/v1779970627/demo/products/low-rise-pintuck-capri-jeans-black/image-01.webp,1,Low Rise Pintuck Capri Jeans,FALSE,Low Rise Pintuck Capri Jeans,Low-rise black wash capri jeans with pintuck details and medium stretch.,Apparel & Accessories > Clothing,female,adult,,new,TRUE,PrimeStyleAI Demo,,,,,https://res.cloudinary.com/dgvtynla7/image/upload/v1779970627/demo/products/low-rise-pintuck-capri-jeans-black/image-01.webp,lb,,,active
low-rise-pintuck-capri-jeans,,,,,,,,Color,Black Wash,Size,1,,,PSAI-PINTUCK-CAPRI-1-BLACK-WASH-1,454,shopify,100,deny,manual,13.98,34.99,TRUE,TRUE,,,,,,,,,,,,,,,,,,,https://res.cloudinary.com/dgvtynla7/image/upload/v1779970627/demo/products/low-rise-pintuck-capri-jeans-black/image-01.webp,lb,,,active
low-rise-pintuck-capri-jeans,,,,,,,,Color,Black Wash,Size,3,,,PSAI-PINTUCK-CAPRI-3-BLACK-WASH-3,454,shopify,100,deny,manual,13.98,34.99,TRUE,TRUE,,,,,,,,,,,,,,,,,,,https://res.cloudinary.com/dgvtynla7/image/upload/v1779970627/demo/products/low-rise-pintuck-capri-jeans-black/image-01.webp,lb,,,active
low-rise-pintuck-capri-jeans,,,,,,,,Color,Black Wash,Size,5,,,PSAI-PINTUCK-CAPRI-5-BLACK-WASH-5,454,shopify,100,deny,manual,13.98,34.99,TRUE,TRUE,,,,,,,,,,,,,,,,,,,https://res.cloudinary.com/dgvtynla7/image/upload/v1779970627/demo/products/low-rise-pintuck-capri-jeans-black/image-01.webp,lb,,,active
low-rise-pintuck-capri-jeans,,,,,,,,Color,Black Wash,Size,7,,,PSAI-PINTUCK-CAPRI-7-BLACK-WASH-7,454,shopify,100,deny,manual,13.98,34.99,TRUE,TRUE,,,,,,,,,,,,,,,,,,,https://res.cloudinary.com/dgvtynla7/image/upload/v1779970627/demo/products/low-rise-pintuck-capri-jeans-black/image-01.webp,lb,,,active
low-rise-pintuck-capri-jeans,,,,,,,,Color,Black Wash,Size,9,,,PSAI-PINTUCK-CAPRI-9-BLACK-WASH-9,454,shopify,100,deny,manual,13.98,34.99,TRUE,TRUE,,,,,,,,,,,,,,,,,,,https://res.cloudinary.com/dgvtynla7/image/upload/v1779970627/demo/products/low-rise-pintuck-capri-jeans-black/image-01.webp,lb,,,active
low-rise-pintuck-capri-jeans,,,,,,,,Color,Black Wash,Size,11,,,PSAI-PINTUCK-CAPRI-11-BLACK-WASH-11,454,shopify,100,deny,manual,13.98,34.99,TRUE,TRUE,,,,,,,,,,,,,,,,,,,https://res.cloudinary.com/dgvtynla7/image/upload/v1779970627/demo/products/low-rise-pintuck-capri-jeans-black/image-01.webp,lb,,,active
low-rise-pintuck-capri-jeans,,,,,,,,Color,Black Wash,Size,13,,,PSAI-PINTUCK-CAPRI-13-BLACK-WASH-13,454,shopify,100,deny,manual,13.98,34.99,TRUE,TRUE,,,,,,,,,,,,,,,,,,,https://res.cloudinary.com/dgvtynla7/image/upload/v1779970627/demo/products/low-rise-pintuck-capri-jeans-black/image-01.webp,lb,,,active
low-rise-pintuck-capri-jeans,,,,,,,,Color,Black Wash,Size,15,,,PSAI-PINTUCK-CAPRI-15-BLACK-WASH-15,454,shopify,100,deny,manual,13.98,34.99,TRUE,TRUE,,,,,,,,,,,,,,,,,,,https://res.cloudinary.com/dgvtynla7/image/upload/v1779970627/demo/products/low-rise-pintuck-capri-jeans-black/image-01.webp,lb,,,active
low-rise-pintuck-capri-jeans,,,,,,,,,,,,,,,,,,,,,,,,,https://res.cloudinary.com/dgvtynla7/image/upload/v1779970630/demo/products/low-rise-pintuck-capri-jeans-black/image-02.webp,2,Low Rise Pintuck Capri Jeans,,,,,,,,,,,,,,,,,,,
low-rise-pintuck-capri-jeans,,,,,,,,,,,,,,,,,,,,,,,,,https://res.cloudinary.com/dgvtynla7/image/upload/v1779970633/demo/products/low-rise-pintuck-capri-jeans-black/image-03.webp,3,Low Rise Pintuck Capri Jeans,,,,,,,,,,,,,,,,,,,
mid-rise-floral-zip-ankle-jeans,Mid Rise Floral Zip Ankle Jeans,"<p>&lt;p&gt;Mid-rise ankle jeans with a wide straight leg, zip fly, clean hem, and an off-white and gold floral print. Cut from rigid 100% cotton denim that softens with wear.&lt;/p&gt;&lt;ul&gt;&lt;li&gt;Rise: 9.75 in&lt;/li&gt;&lt;li&gt;Inseam: 27.5 in&lt;/li&gt;&lt;li&gt;Leg opening: 17.5 in&lt;/li&gt;&lt;li&gt;Model reference: 5 ft 10 in wearing size 26&lt;/li&gt;&lt;/ul&gt;</p>
<p><strong>Material:</strong> 100% cotton rigid denim</p>
<p><strong>Available sizes:</strong> 23, 24, 25, 26, 27, 28, 29, 30, 31, 32, 33, 34, 35, 66.0, 94.0, 6</p>
<div class=""primestyle-size-guide""><h3>Women&#39;s Floral Denim Size Guide</h3><p>Denim waist sizes with body measurements and garment fit details for this ankle-length jean.</p><table><thead><tr><th>Size</th><th>US</th><th>EU</th><th>UK</th><th>AU</th><th>Waist (in)</th><th>Waist (cm)</th><th>Hips (in)</th><th>Hips (cm)</th><th>Rise (in)</th><th>Inseam (in)</th><th>Leg Opening (in)</th></tr></thead><tbody><tr><td>23</td><td>0</td><td>30</td><td>4</td><td>4</td><td>23</td><td>58.4</td><td>33</td><td>83.8</td><td>9.75</td><td>27.5</td><td>17.5</td></tr><tr><td>24</td><td>2</td><td>32</td><td>6</td><td>6</td><td>24</td><td>61.0</td><td>34</td><td>86.4</td><td>9.75</td><td>27.5</td><td>17.5</td></tr><tr><td>25</td><td>2</td><td>32</td><td>6</td><td>6</td><td>25</td><td>63.5</td><td>35</td><td>88.9</td><td>9.75</td><td>27.5</td><td>17.5</td></tr><tr><td>26</td><td>4</td><td>34</td><td>8</td><td>8</td><td>26</td><td>66.0</td><td>36</td><td>91.4</td><td>9.75</td><td>27.5</td><td>17.5</td></tr><tr><td>27</td><td>4-6</td><td>34-36</td><td>8-10</td><td>8-10</td><td>27</td><td>68.6</td><td>37</td><td>94.0</td><td>9.75</td><td>27.5</td><td>17.5</td></tr><tr><td>28</td><td>6</td><td>36</td><td>10</td><td>10</td><td>28</td><td>71.1</td><td>38</td><td>96.5</td><td>9.75</td><td>27.5</td><td>17.5</td></tr><tr><td>29</td><td>8</td><td>38</td><td>12</td><td>12</td><td>29</td><td>73.7</td><td>39</td><td>99.1</td><td>9.75</td><td>27.5</td><td>17.5</td></tr><tr><td>30</td><td>8</td><td>38</td><td>12</td><td>12</td><td>30</td><td>76.2</td><td>40</td><td>101.6</td><td>9.75</td><td>27.5</td><td>17.5</td></tr><tr><td>31</td><td>10</td><td>40</td><td>14</td><td>14</td><td>31</td><td>78.7</td><td>41</td><td>104.1</td><td>9.75</td><td>27.5</td><td>17.5</td></tr><tr><td>32</td><td>10-12</td><td>40-42</td><td>14-16</td><td>14-16</td><td>32</td><td>81.3</td><td>42</td><td>106.7</td><td>9.75</td><td>27.5</td><td>17.5</td></tr><tr><td>33</td><td>12</td><td>42</td><td>16</td><td>16</td><td>33</td><td>83.8</td><td>43</td><td>109.2</td><td>9.75</td><td>27.5</td><td>17.5</td></tr><tr><td>34</td><td>14</td><td>44</td><td>18</td><td>18</td><td>34</td><td>86.4</td><td>44</td><td>111.8</td><td>9.75</td><td>27.5</td><td>17.5</td></tr></tbody></table></div><div class=""primestyle-size-guide""><h3>Women&#39;s Floral Denim Fit Matching Guide</h3><table><thead><tr><th>Size</th><th>Waist (in)</th><th>Hips (in)</th><th>Waist (cm)</th><th>Hips (cm)</th><th>US</th></tr></thead><tbody><tr><td>23</td><td>23</td><td>33</td><td>58.4</td><td>83.8</td><td>0</td></tr><tr><td>24</td><td>24</td><td>34</td><td>61.0</td><td>86.4</td><td>2</td></tr><tr><td>25</td><td>25</td><td>35</td><td>63.5</td><td>88.9</td><td>2</td></tr><tr><td>26</td><td>26</td><td>36</td><td>66.0</td><td>91.4</td><td>4</td></tr><tr><td>27</td><td>27</td><td>37</td><td>68.6</td><td>94.0</td><td>4-6</td></tr><tr><td>28</td><td>28</td><td>38</td><td>71.1</td><td>96.5</td><td>6</td></tr><tr><td>29</td><td>29</td><td>39</td><td>73.7</td><td>99.1</td><td>8</td></tr><tr><td>30</td><td>30</td><td>40</td><td>76.2</td><td>101.6</td><td>8</td></tr><tr><td>31</td><td>31</td><td>41</td><td>78.7</td><td>104.1</td><td>10</td></tr><tr><td>32</td><td>32</td><td>42</td><td>81.3</td><td>106.7</td><td>10-12</td></tr><tr><td>33</td><td>33</td><td>43</td><td>83.8</td><td>109.2</td><td>12</td></tr><tr><td>34</td><td>34</td><td>44</td><td>86.4</td><td>111.8</td><td>14</td></tr></tbody></table></div><div class=""primestyle-measure-guide""><h3>How to measure</h3><ul><li>Waist: measure around the natural waistline.</li><li>Hips: measure around the fullest part of the hips.</li><li>Rise, inseam, and leg opening are garment fit details for this style.</li></ul></div>",PrimeStyleAI,Apparel & Accessories > Clothing,Jeans,"PrimeStyleAI Demo, PrimeStyleAI Import, Pants, Jeans, female, demo, jeans, denim, pants, floral print, mid rise, straight leg, ankle length, rigid cotton, women, New, Demo",TRUE,Color,Ivory Floral,Size,23,,,PSAI-FLORAL-ZIP-ANKLE-23-IVORY-FLORAL-23,454,shopify,100,deny,manual,228.00,,TRUE,TRUE,,https://res.cloudinary.com/dgvtynla7/image/upload/v1779970612/demo/products/mid-rise-floral-zip-ankle-jeans/image-01.webp,1,Mid Rise Floral Zip Ankle Jeans,FALSE,Mid Rise Floral Zip Ankle Jeans,Mid-rise floral ankle jeans with a wide straight leg and clean hem.,Apparel & Accessories > Clothing,female,adult,,new,TRUE,PrimeStyleAI Demo,,,,,https://res.cloudinary.com/dgvtynla7/image/upload/v1779970612/demo/products/mid-rise-floral-zip-ankle-jeans/image-01.webp,lb,,,active
mid-rise-floral-zip-ankle-jeans,,,,,,,,Color,Ivory Floral,Size,24,,,PSAI-FLORAL-ZIP-ANKLE-24-IVORY-FLORAL-24,454,shopify,100,deny,manual,228.00,,TRUE,TRUE,,,,,,,,,,,,,,,,,,,https://res.cloudinary.com/dgvtynla7/image/upload/v1779970612/demo/products/mid-rise-floral-zip-ankle-jeans/image-01.webp,lb,,,active
mid-rise-floral-zip-ankle-jeans,,,,,,,,Color,Ivory Floral,Size,25,,,PSAI-FLORAL-ZIP-ANKLE-25-IVORY-FLORAL-25,454,shopify,100,deny,manual,228.00,,TRUE,TRUE,,,,,,,,,,,,,,,,,,,https://res.cloudinary.com/dgvtynla7/image/upload/v1779970612/demo/products/mid-rise-floral-zip-ankle-jeans/image-01.webp,lb,,,active
mid-rise-floral-zip-ankle-jeans,,,,,,,,Color,Ivory Floral,Size,26,,,PSAI-FLORAL-ZIP-ANKLE-26-IVORY-FLORAL-26,454,shopify,100,deny,manual,228.00,,TRUE,TRUE,,,,,,,,,,,,,,,,,,,https://res.cloudinary.com/dgvtynla7/image/upload/v1779970612/demo/products/mid-rise-floral-zip-ankle-jeans/image-01.webp,lb,,,active
mid-rise-floral-zip-ankle-jeans,,,,,,,,Color,Ivory Floral,Size,27,,,PSAI-FLORAL-ZIP-ANKLE-27-IVORY-FLORAL-27,454,shopify,100,deny,manual,228.00,,TRUE,TRUE,,,,,,,,,,,,,,,,,,,https://res.cloudinary.com/dgvtynla7/image/upload/v1779970612/demo/products/mid-rise-floral-zip-ankle-jeans/image-01.webp,lb,,,active
mid-rise-floral-zip-ankle-jeans,,,,,,,,Color,Ivory Floral,Size,28,,,PSAI-FLORAL-ZIP-ANKLE-28-IVORY-FLORAL-28,454,shopify,100,deny,manual,228.00,,TRUE,TRUE,,,,,,,,,,,,,,,,,,,https://res.cloudinary.com/dgvtynla7/image/upload/v1779970612/demo/products/mid-rise-floral-zip-ankle-jeans/image-01.webp,lb,,,active
mid-rise-floral-zip-ankle-jeans,,,,,,,,Color,Ivory Floral,Size,29,,,PSAI-FLORAL-ZIP-ANKLE-29-IVORY-FLORAL-29,454,shopify,100,deny,manual,228.00,,TRUE,TRUE,,,,,,,,,,,,,,,,,,,https://res.cloudinary.com/dgvtynla7/image/upload/v1779970612/demo/products/mid-rise-floral-zip-ankle-jeans/image-01.webp,lb,,,active
mid-rise-floral-zip-ankle-jeans,,,,,,,,Color,Ivory Floral,Size,30,,,PSAI-FLORAL-ZIP-ANKLE-30-IVORY-FLORAL-30,454,shopify,100,deny,manual,228.00,,TRUE,TRUE,,,,,,,,,,,,,,,,,,,https://res.cloudinary.com/dgvtynla7/image/upload/v1779970612/demo/products/mid-rise-floral-zip-ankle-jeans/image-01.webp,lb,,,active
mid-rise-floral-zip-ankle-jeans,,,,,,,,Color,Ivory Floral,Size,31,,,PSAI-FLORAL-ZIP-ANKLE-31-IVORY-FLORAL-31,454,shopify,100,deny,manual,228.00,,TRUE,TRUE,,,,,,,,,,,,,,,,,,,https://res.cloudinary.com/dgvtynla7/image/upload/v1779970612/demo/products/mid-rise-floral-zip-ankle-jeans/image-01.webp,lb,,,active
mid-rise-floral-zip-ankle-jeans,,,,,,,,Color,Ivory Floral,Size,32,,,PSAI-FLORAL-ZIP-ANKLE-32-IVORY-FLORAL-32,454,shopify,100,deny,manual,228.00,,TRUE,TRUE,,,,,,,,,,,,,,,,,,,https://res.cloudinary.com/dgvtynla7/image/upload/v1779970612/demo/products/mid-rise-floral-zip-ankle-jeans/image-01.webp,lb,,,active
mid-rise-floral-zip-ankle-jeans,,,,,,,,Color,Ivory Floral,Size,33,,,PSAI-FLORAL-ZIP-ANKLE-33-IVORY-FLORAL-33,454,shopify,100,deny,manual,228.00,,TRUE,TRUE,,,,,,,,,,,,,,,,,,,https://res.cloudinary.com/dgvtynla7/image/upload/v1779970612/demo/products/mid-rise-floral-zip-ankle-jeans/image-01.webp,lb,,,active
mid-rise-floral-zip-ankle-jeans,,,,,,,,Color,Ivory Floral,Size,34,,,PSAI-FLORAL-ZIP-ANKLE-34-IVORY-FLORAL-34,454,shopify,100,deny,manual,228.00,,TRUE,TRUE,,,,,,,,,,,,,,,,,,,https://res.cloudinary.com/dgvtynla7/image/upload/v1779970612/demo/products/mid-rise-floral-zip-ankle-jeans/image-01.webp,lb,,,active
mid-rise-floral-zip-ankle-jeans,,,,,,,,,,,,,,,,,,,,,,,,,https://res.cloudinary.com/dgvtynla7/image/upload/v1779970614/demo/products/mid-rise-floral-zip-ankle-jeans/image-02.webp,2,Mid Rise Floral Zip Ankle Jeans,,,,,,,,,,,,,,,,,,,
mid-rise-floral-zip-ankle-jeans,,,,,,,,,,,,,,,,,,,,,,,,,https://res.cloudinary.com/dgvtynla7/image/upload/v1779970615/demo/products/mid-rise-floral-zip-ankle-jeans/image-03.webp,3,Mid Rise Floral Zip Ankle Jeans,,,,,,,,,,,,,,,,,,,
mid-rise-floral-zip-ankle-jeans,,,,,,,,,,,,,,,,,,,,,,,,,https://res.cloudinary.com/dgvtynla7/image/upload/v1779970617/demo/products/mid-rise-floral-zip-ankle-jeans/image-04.webp,4,Mid Rise Floral Zip Ankle Jeans,,,,,,,,,,,,,,,,,,,
mid-rise-floral-zip-ankle-jeans,,,,,,,,,,,,,,,,,,,,,,,,,https://res.cloudinary.com/dgvtynla7/image/upload/v1779970622/demo/products/mid-rise-floral-zip-ankle-jeans/image-05.jpg,5,Mid Rise Floral Zip Ankle Jeans,,,,,,,,,,,,,,,,,,,
mid-rise-floral-zip-ankle-jeans,,,,,,,,,,,,,,,,,,,,,,,,,https://res.cloudinary.com/dgvtynla7/image/upload/v1779970626/demo/products/mid-rise-floral-zip-ankle-jeans/image-06.jpg,6,Mid Rise Floral Zip Ankle Jeans,,,,,,,,,,,,,,,,,,,
womens-stretch-flare-jeans-layover,Women's Stretch Flare Jeans,"<p>This cult-favorite flare jean has a mid rise with a 31-inch inseam and a clean hem. Made from stretch denim, Layover is a mid-blue wash with whiskering and fading throughout. Pairs well with a spotty Wifi connection and airport snacks. Made in Los Angeles utilizing fine imported materials. Style No. 1585-1008-LYR</p>
<p><strong>Material:</strong> 78% Cotton, 16% Modal, 4% Polyester, 2% Elastane</p>
<p><strong>Available sizes:</strong> 23, 24, 25, 26, 27, 28, 29, 30, 31, 32, 33, 34, 35, 66.0, 94.0, 6</p>
<div class=""primestyle-size-guide""><h3>Women&#39;s Stretch Denim Size Guide</h3><p>Official stretch denim guide. Measurements are body measurements; centimeters are converted from inches at 2.54 and rounded to one decimal, matching the source guide.</p><table><thead><tr><th>Size</th><th>US</th><th>Waist (in)</th><th>Waist (cm)</th><th>Hip (in)</th><th>Hip (cm)</th></tr></thead><tbody><tr><td>23</td><td>0</td><td>23</td><td>58.4</td><td>33</td><td>83.8</td></tr><tr><td>24</td><td>2</td><td>24</td><td>61.0</td><td>34</td><td>86.4</td></tr><tr><td>25</td><td>2</td><td>25</td><td>63.5</td><td>35</td><td>88.9</td></tr><tr><td>26</td><td>4</td><td>26</td><td>66.0</td><td>36</td><td>91.4</td></tr><tr><td>27</td><td>4-6</td><td>27</td><td>68.6</td><td>37</td><td>94.0</td></tr><tr><td>28</td><td>6</td><td>28</td><td>71.1</td><td>38</td><td>96.5</td></tr><tr><td>29</td><td>8</td><td>29</td><td>73.7</td><td>39</td><td>99.1</td></tr><tr><td>30</td><td>8</td><td>30</td><td>76.2</td><td>40</td><td>101.6</td></tr><tr><td>31</td><td>10</td><td>31</td><td>78.7</td><td>41</td><td>104.1</td></tr><tr><td>32</td><td>10-12</td><td>32</td><td>81.3</td><td>42</td><td>106.7</td></tr><tr><td>33</td><td>12</td><td>33</td><td>83.8</td><td>43</td><td>109.2</td></tr><tr><td>34</td><td>14</td><td>34</td><td>86.4</td><td>44</td><td>111.8</td></tr></tbody></table></div><div class=""primestyle-size-guide""><h3>Women&#39;s Stretch Denim Fit Matching Guide</h3><table><thead><tr><th>Size</th><th>Waist (in)</th><th>Hips (in)</th><th>Waist (cm)</th><th>Hips (cm)</th><th>US</th></tr></thead><tbody><tr><td>23</td><td>23</td><td>33</td><td>58.4</td><td>83.8</td><td>0</td></tr><tr><td>24</td><td>24</td><td>34</td><td>61.0</td><td>86.4</td><td>2</td></tr><tr><td>25</td><td>25</td><td>35</td><td>63.5</td><td>88.9</td><td>2</td></tr><tr><td>26</td><td>26</td><td>36</td><td>66.0</td><td>91.4</td><td>4</td></tr><tr><td>27</td><td>27</td><td>37</td><td>68.6</td><td>94.0</td><td>4-6</td></tr><tr><td>28</td><td>28</td><td>38</td><td>71.1</td><td>96.5</td><td>6</td></tr><tr><td>29</td><td>29</td><td>39</td><td>73.7</td><td>99.1</td><td>8</td></tr><tr><td>30</td><td>30</td><td>40</td><td>76.2</td><td>101.6</td><td>8</td></tr><tr><td>31</td><td>31</td><td>41</td><td>78.7</td><td>104.1</td><td>10</td></tr><tr><td>32</td><td>32</td><td>42</td><td>81.3</td><td>106.7</td><td>10-12</td></tr><tr><td>33</td><td>33</td><td>43</td><td>83.8</td><td>109.2</td><td>12</td></tr><tr><td>34</td><td>34</td><td>44</td><td>86.4</td><td>111.8</td><td>14</td></tr></tbody></table></div><div class=""primestyle-measure-guide""><h3>How to measure</h3><ul><li>Waist: measure around the natural waist.</li><li>Hip: measure around the fullest part of the hips.</li></ul></div>",PrimeStyleAI,Apparel & Accessories > Clothing,Jeans,"PrimeStyleAI Demo, PrimeStyleAI Import, Pants, Jeans, female, women, jeans, denim, flare, mid rise, stretch denim, medium blue, clean hem, 31 inch inseam, zip fly, very stretchy, bottoms, pants, Best Seller, Very Stretchy, Mid Rise",TRUE,Color,Medium Blue,Size,23,,,1585-1008-LYR-23-MEDIUM-BLUE-23,454,shopify,100,deny,manual,112800.00,,TRUE,TRUE,192411620301,https://cdn.shopify.com/s/files/1/2094/5935/files/1585-1008-LYR_VW-B-FullBodySide_42286.jpg?v=1766080638,1,Women's Stretch Flare Jeans,FALSE,Women's Stretch Flare Jeans,Mid-rise stretch flare jeans in a medium blue wash with a clean hem.,Apparel & Accessories > Clothing,female,adult,,new,TRUE,PrimeStyleAI Demo,,,,,https://cdn.shopify.com/s/files/1/2094/5935/files/1585-1008-LYR_VW-B-FullBodySide_42286.jpg?v=1766080638,lb,,,active
womens-stretch-flare-jeans-layover,,,,,,,,Color,Medium Blue,Size,24,,,1585-1008-LYR-24-MEDIUM-BLUE-24,454,shopify,100,deny,manual,112800.00,,TRUE,TRUE,192411620318,,,,,,,,,,,,,,,,,,https://cdn.shopify.com/s/files/1/2094/5935/files/1585-1008-LYR_VW-B-FullBodySide_42286.jpg?v=1766080638,lb,,,active
womens-stretch-flare-jeans-layover,,,,,,,,Color,Medium Blue,Size,25,,,1585-1008-LYR-25-MEDIUM-BLUE-25,454,shopify,100,deny,manual,112800.00,,TRUE,TRUE,192411620325,,,,,,,,,,,,,,,,,,https://cdn.shopify.com/s/files/1/2094/5935/files/1585-1008-LYR_VW-B-FullBodySide_42286.jpg?v=1766080638,lb,,,active
womens-stretch-flare-jeans-layover,,,,,,,,Color,Medium Blue,Size,26,,,1585-1008-LYR-26-MEDIUM-BLUE-26,454,shopify,100,deny,manual,112800.00,,TRUE,TRUE,192411620332,,,,,,,,,,,,,,,,,,https://cdn.shopify.com/s/files/1/2094/5935/files/1585-1008-LYR_VW-B-FullBodySide_42286.jpg?v=1766080638,lb,,,active
womens-stretch-flare-jeans-layover,,,,,,,,Color,Medium Blue,Size,27,,,1585-1008-LYR-27-MEDIUM-BLUE-27,454,shopify,100,deny,manual,112800.00,,TRUE,TRUE,192411620349,,,,,,,,,,,,,,,,,,https://cdn.shopify.com/s/files/1/2094/5935/files/1585-1008-LYR_VW-B-FullBodySide_42286.jpg?v=1766080638,lb,,,active
womens-stretch-flare-jeans-layover,,,,,,,,Color,Medium Blue,Size,28,,,1585-1008-LYR-28-MEDIUM-BLUE-28,454,shopify,100,deny,manual,112800.00,,TRUE,TRUE,192411620356,,,,,,,,,,,,,,,,,,https://cdn.shopify.com/s/files/1/2094/5935/files/1585-1008-LYR_VW-B-FullBodySide_42286.jpg?v=1766080638,lb,,,active
womens-stretch-flare-jeans-layover,,,,,,,,Color,Medium Blue,Size,29,,,1585-1008-LYR-29-MEDIUM-BLUE-29,454,shopify,100,deny,manual,112800.00,,TRUE,TRUE,192411620363,,,,,,,,,,,,,,,,,,https://cdn.shopify.com/s/files/1/2094/5935/files/1585-1008-LYR_VW-B-FullBodySide_42286.jpg?v=1766080638,lb,,,active
womens-stretch-flare-jeans-layover,,,,,,,,Color,Medium Blue,Size,30,,,1585-1008-LYR-30-MEDIUM-BLUE-30,454,shopify,100,deny,manual,112800.00,,TRUE,TRUE,192411620370,,,,,,,,,,,,,,,,,,https://cdn.shopify.com/s/files/1/2094/5935/files/1585-1008-LYR_VW-B-FullBodySide_42286.jpg?v=1766080638,lb,,,active
womens-stretch-flare-jeans-layover,,,,,,,,Color,Medium Blue,Size,31,,,1585-1008-LYR-31-MEDIUM-BLUE-31,454,shopify,100,deny,manual,112800.00,,TRUE,TRUE,192411620387,,,,,,,,,,,,,,,,,,https://cdn.shopify.com/s/files/1/2094/5935/files/1585-1008-LYR_VW-B-FullBodySide_42286.jpg?v=1766080638,lb,,,active
womens-stretch-flare-jeans-layover,,,,,,,,Color,Medium Blue,Size,32,,,1585-1008-LYR-32-MEDIUM-BLUE-32,454,shopify,100,deny,manual,112800.00,,TRUE,TRUE,192411620394,,,,,,,,,,,,,,,,,,https://cdn.shopify.com/s/files/1/2094/5935/files/1585-1008-LYR_VW-B-FullBodySide_42286.jpg?v=1766080638,lb,,,active
womens-stretch-flare-jeans-layover,,,,,,,,Color,Medium Blue,Size,33,,,1585-1008-LYR-33-MEDIUM-BLUE-33,454,shopify,100,deny,manual,112800.00,,TRUE,TRUE,192411620400,,,,,,,,,,,,,,,,,,https://cdn.shopify.com/s/files/1/2094/5935/files/1585-1008-LYR_VW-B-FullBodySide_42286.jpg?v=1766080638,lb,,,active
womens-stretch-flare-jeans-layover,,,,,,,,Color,Medium Blue,Size,34,,,1585-1008-LYR-34-MEDIUM-BLUE-34,454,shopify,100,deny,manual,112800.00,,TRUE,TRUE,192411620417,,,,,,,,,,,,,,,,,,https://cdn.shopify.com/s/files/1/2094/5935/files/1585-1008-LYR_VW-B-FullBodySide_42286.jpg?v=1766080638,lb,,,active
womens-stretch-flare-jeans-layover,,,,,,,,,,,,,,,,,,,,,,,,,https://cdn.shopify.com/s/files/1/2094/5935/files/1585-1008-LYR_VW-B-FullBodySide_42286_26d96df7-5e11-448c-9ffe-8eb677bda155.jpg?v=1766080874,2,Women's Stretch Flare Jeans,,,,,,,,,,,,,,,,,,,
womens-stretch-flare-jeans-layover,,,,,,,,,,,,,,,,,,,,,,,,,https://cdn.shopify.com/s/files/1/2094/5935/files/1585-1008-LYR_VW-A-FullBodyFront_42336.jpg?v=1766080874,3,Women's Stretch Flare Jeans,,,,,,,,,,,,,,,,,,,
womens-stretch-flare-jeans-layover,,,,,,,,,,,,,,,,,,,,,,,,,https://cdn.shopify.com/s/files/1/2094/5935/files/1585-1008-LYR_VW-B-FullBodySide_42332.jpg?v=1766080874,4,Women's Stretch Flare Jeans,,,,,,,,,,,,,,,,,,,
womens-stretch-flare-jeans-layover,,,,,,,,,,,,,,,,,,,,,,,,,https://cdn.shopify.com/s/files/1/2094/5935/files/1585-1008-LYR_VW-C-FullBodyBack_42204.jpg?v=1766080874,5,Women's Stretch Flare Jeans,,,,,,,,,,,,,,,,,,,
womens-stretch-flare-jeans-layover,,,,,,,,,,,,,,,,,,,,,,,,,https://cdn.shopify.com/s/files/1/2094/5935/files/1585-1008-LYR_VW-E-Swatch_42265.jpg?v=1766080874,6,Women's Stretch Flare Jeans,,,,,,,,,,,,,,,,,,,
womens-stretch-flare-jeans-layover,,,,,,,,,,,,,,,,,,,,,,,,,https://cdn.shopify.com/s/files/1/2094/5935/files/1585-1008-LYR_VW-F-Detail_42192.jpg?v=1766080874,7,Women's Stretch Flare Jeans,,,,,,,,,,,,,,,,,,,
flat-leather-criss-cross-sandals,Flat Leather Criss-Cross Sandals,"<p>Reference: 2647/710</p>
<p><strong>Available sizes:</strong> 35, 36, 37, 38, 39, 40, 41, 42, 23.5, 9.5</p>
<div class=""primestyle-size-guide""><h3>Flat Leather Criss-Cross Sandals Size Guide</h3><p>EU shoe labels captured from the live product data; foot length is the sizing anchor used by the demo flow.</p><table><thead><tr><th>Size</th><th>EU</th><th>Foot Length (cm)</th><th>Foot Length (in)</th></tr></thead><tbody><tr><td>35</td><td>35</td><td>22.8</td><td>9.0</td></tr><tr><td>36</td><td>36</td><td>23.5</td><td>9.3</td></tr><tr><td>37</td><td>37</td><td>24.1</td><td>9.5</td></tr><tr><td>38</td><td>38</td><td>24.8</td><td>9.8</td></tr><tr><td>39</td><td>39</td><td>25.4</td><td>10.0</td></tr><tr><td>40</td><td>40</td><td>26.0</td><td>10.2</td></tr><tr><td>41</td><td>41</td><td>26.7</td><td>10.5</td></tr><tr><td>42</td><td>42</td><td>27.3</td><td>10.7</td></tr></tbody></table></div><div class=""primestyle-size-guide""><h3>Flat Leather Criss-Cross Sandals Fit Matching Guide</h3><table><thead><tr><th>size</th><th>footLengthCm_cm</th><th>footLengthCm_in</th></tr></thead><tbody><tr><td>35</td><td>22.8</td><td>9.0</td></tr><tr><td>36</td><td>23.5</td><td>9.3</td></tr><tr><td>37</td><td>24.1</td><td>9.5</td></tr><tr><td>38</td><td>24.8</td><td>9.8</td></tr><tr><td>39</td><td>25.4</td><td>10.0</td></tr><tr><td>40</td><td>26.0</td><td>10.2</td></tr><tr><td>41</td><td>26.7</td><td>10.5</td></tr><tr><td>42</td><td>27.3</td><td>10.7</td></tr></tbody></table></div>",PrimeStyleAI,Apparel & Accessories > Shoes,Sandals,"PrimeStyleAI Demo, PrimeStyleAI Import, Shoes, Sandals, female, complete look, Mustard",TRUE,Color,Mustard,Size,35,,,504614062-MUSTARD-35,0,shopify,100,deny,manual,0.00,,TRUE,TRUE,,https://res.cloudinary.com/dgvtynla7/image/upload/v1779971228/demo/products/flat-leather-criss-cross-sandals/00-12614711305-e2.jpg,1,Flat Leather Criss-Cross Sandals,FALSE,Flat Leather Criss-Cross Sandals,Reference: 2647/710,Apparel & Accessories > Shoes,female,adult,,new,TRUE,PrimeStyleAI Demo,,,,,https://res.cloudinary.com/dgvtynla7/image/upload/v1779971228/demo/products/flat-leather-criss-cross-sandals/00-12614711305-e2.jpg,lb,,,active
flat-leather-criss-cross-sandals,,,,,,,,Color,Mustard,Size,36,,,504614063-MUSTARD-36,0,shopify,100,deny,manual,0.00,,TRUE,TRUE,,,,,,,,,,,,,,,,,,,https://res.cloudinary.com/dgvtynla7/image/upload/v1779971228/demo/products/flat-leather-criss-cross-sandals/00-12614711305-e2.jpg,lb,,,active
flat-leather-criss-cross-sandals,,,,,,,,Color,Mustard,Size,37,,,504614068-MUSTARD-37,0,shopify,100,deny,manual,0.00,,TRUE,TRUE,,,,,,,,,,,,,,,,,,,https://res.cloudinary.com/dgvtynla7/image/upload/v1779971228/demo/products/flat-leather-criss-cross-sandals/00-12614711305-e2.jpg,lb,,,active
flat-leather-criss-cross-sandals,,,,,,,,Color,Mustard,Size,38,,,504614069-MUSTARD-38,0,shopify,100,deny,manual,0.00,,TRUE,TRUE,,,,,,,,,,,,,,,,,,,https://res.cloudinary.com/dgvtynla7/image/upload/v1779971228/demo/products/flat-leather-criss-cross-sandals/00-12614711305-e2.jpg,lb,,,active
flat-leather-criss-cross-sandals,,,,,,,,Color,Mustard,Size,39,,,504614066-MUSTARD-39,0,shopify,100,deny,manual,0.00,,TRUE,TRUE,,,,,,,,,,,,,,,,,,,https://res.cloudinary.com/dgvtynla7/image/upload/v1779971228/demo/products/flat-leather-criss-cross-sandals/00-12614711305-e2.jpg,lb,,,active
flat-leather-criss-cross-sandals,,,,,,,,Color,Mustard,Size,40,,,504614067-MUSTARD-40,0,shopify,100,deny,manual,0.00,,TRUE,TRUE,,,,,,,,,,,,,,,,,,,https://res.cloudinary.com/dgvtynla7/image/upload/v1779971228/demo/products/flat-leather-criss-cross-sandals/00-12614711305-e2.jpg,lb,,,active
flat-leather-criss-cross-sandals,,,,,,,,Color,Mustard,Size,41,,,504614064-MUSTARD-41,0,shopify,100,deny,manual,0.00,,TRUE,TRUE,,,,,,,,,,,,,,,,,,,https://res.cloudinary.com/dgvtynla7/image/upload/v1779971228/demo/products/flat-leather-criss-cross-sandals/00-12614711305-e2.jpg,lb,,,active
flat-leather-criss-cross-sandals,,,,,,,,Color,Mustard,Size,42,,,504614074-MUSTARD-42,0,shopify,100,deny,manual,0.00,,TRUE,TRUE,,,,,,,,,,,,,,,,,,,https://res.cloudinary.com/dgvtynla7/image/upload/v1779971228/demo/products/flat-leather-criss-cross-sandals/00-12614711305-e2.jpg,lb,,,active
flat-leather-criss-cross-sandals,,,,,,,,,,,,,,,,,,,,,,,,,https://res.cloudinary.com/dgvtynla7/image/upload/v1779971229/demo/products/flat-leather-criss-cross-sandals/01-12614711305-e3.jpg,2,Flat Leather Criss-Cross Sandals,,,,,,,,,,,,,,,,,,,
flat-leather-criss-cross-sandals,,,,,,,,,,,,,,,,,,,,,,,,,https://res.cloudinary.com/dgvtynla7/image/upload/v1779971230/demo/products/flat-leather-criss-cross-sandals/02-12614711305-e4.jpg,3,Flat Leather Criss-Cross Sandals,,,,,,,,,,,,,,,,,,,
flat-leather-criss-cross-sandals,,,,,,,,,,,,,,,,,,,,,,,,,https://res.cloudinary.com/dgvtynla7/image/upload/v1779971231/demo/products/flat-leather-criss-cross-sandals/03-12614711305-f1.jpg,4,Flat Leather Criss-Cross Sandals,,,,,,,,,,,,,,,,,,,
flat-leather-criss-cross-sandals,,,,,,,,,,,,,,,,,,,,,,,,,https://res.cloudinary.com/dgvtynla7/image/upload/v1779971232/demo/products/flat-leather-criss-cross-sandals/04-12614711305-p.jpg,5,Flat Leather Criss-Cross Sandals,,,,,,,,,,,,,,,,,,,
flat-leather-criss-cross-sandals,,,,,,,,,,,,,,,,,,,,,,,,,https://res.cloudinary.com/dgvtynla7/image/upload/v1779971233/demo/products/flat-leather-criss-cross-sandals/05-12614711305-a1.jpg,6,Flat Leather Criss-Cross Sandals,,,,,,,,,,,,,,,,,,,
flat-leather-criss-cross-sandals,,,,,,,,,,,,,,,,,,,,,,,,,https://res.cloudinary.com/dgvtynla7/image/upload/v1779971233/demo/products/flat-leather-criss-cross-sandals/06-12614711305-e1.jpg,7,Flat Leather Criss-Cross Sandals,,,,,,,,,,,,,,,,,,,
floral-print-linen-blend-trousers,Floral Print Linen Blend Trousers,"<p>Reference: 2587/058</p>
<p><strong>Available sizes:</strong> XS, S, M, L, XL, 72.0, 29.5, 102.0, 41.7</p>
<div class=""primestyle-size-guide""><h3>Floral Print Linen Blend Trousers Product Measurements</h3><p>Product measurements from the product measurements table.</p><table><thead><tr><th>Size</th><th>Waist (cm)</th><th>Waist (in)</th><th>Hip (cm)</th><th>Hip (in)</th><th>Total length (cm)</th><th>Total length (in)</th><th>Front rise (cm)</th><th>Front rise (in)</th><th>Back rise (cm)</th><th>Back rise (in)</th></tr></thead><tbody><tr><td>XS</td><td>34.5</td><td>13.6</td><td>45.0</td><td>17.7</td><td>108.0</td><td>42.5</td><td>34.0</td><td>13.4</td><td>33.5</td><td>13.2</td></tr><tr><td>S</td><td>36.0</td><td>14.2</td><td>47.0</td><td>18.5</td><td>108.5</td><td>42.7</td><td>34.5</td><td>13.6</td><td>35.0</td><td>13.8</td></tr><tr><td>M</td><td>37.5</td><td>14.8</td><td>49.0</td><td>19.3</td><td>109.0</td><td>42.9</td><td>35.0</td><td>13.8</td><td>36.5</td><td>14.4</td></tr><tr><td>L</td><td>39.0</td><td>15.4</td><td>51.0</td><td>20.1</td><td>109.5</td><td>43.1</td><td>35.5</td><td>14.0</td><td>38.0</td><td>15.0</td></tr><tr><td>XL</td><td>40.5</td><td>15.9</td><td>53.0</td><td>20.9</td><td>110.0</td><td>43.3</td><td>36.0</td><td>14.2</td><td>39.5</td><td>15.6</td></tr></tbody></table></div><div class=""primestyle-size-guide""><h3>Floral Print Linen Blend Trousers Fit Matching Guide</h3><table><thead><tr><th>size</th><th>waist_cm</th><th>waist_in</th><th>hips_cm</th><th>hips_in</th><th>length_cm</th><th>length_in</th></tr></thead><tbody><tr><td>XS</td><td>69.0</td><td>27.2</td><td>90.0</td><td>35.4</td><td>108.0</td><td>42.5</td></tr><tr><td>S</td><td>72.0</td><td>28.3</td><td>94.0</td><td>37.0</td><td>108.5</td><td>42.7</td></tr><tr><td>M</td><td>75.0</td><td>29.5</td><td>98.0</td><td>38.6</td><td>109.0</td><td>42.9</td></tr><tr><td>L</td><td>78.0</td><td>30.7</td><td>102.0</td><td>40.2</td><td>109.5</td><td>43.1</td></tr><tr><td>XL</td><td>81.0</td><td>31.9</td><td>106.0</td><td>41.7</td><td>110.0</td><td>43.3</td></tr></tbody></table></div>",PrimeStyleAI,Apparel & Accessories > Clothing,Trousers,"PrimeStyleAI Demo, PrimeStyleAI Import, Pants, Trousers, female, complete look, Multicoloured",TRUE,Color,Multicoloured,Size,XS,,,539579244-MULTICOLOURED-XS,0,shopify,100,deny,manual,0.00,,TRUE,TRUE,,https://res.cloudinary.com/dgvtynla7/image/upload/v1779971243/demo/products/floral-print-linen-blend-trousers/00-02587058330-e1.jpg,1,Floral Print Linen Blend Trousers,FALSE,Floral Print Linen Blend Trousers,Reference: 2587/058,Apparel & Accessories > Clothing,female,adult,,new,TRUE,PrimeStyleAI Demo,,,,,https://res.cloudinary.com/dgvtynla7/image/upload/v1779971243/demo/products/floral-print-linen-blend-trousers/00-02587058330-e1.jpg,lb,,,active
floral-print-linen-blend-trousers,,,,,,,,Color,Multicoloured,Size,S,,,539579245-MULTICOLOURED-S,0,shopify,100,deny,manual,0.00,,TRUE,TRUE,,,,,,,,,,,,,,,,,,,https://res.cloudinary.com/dgvtynla7/image/upload/v1779971243/demo/products/floral-print-linen-blend-trousers/00-02587058330-e1.jpg,lb,,,active
floral-print-linen-blend-trousers,,,,,,,,Color,Multicoloured,Size,M,,,539579246-MULTICOLOURED-M,0,shopify,100,deny,manual,0.00,,TRUE,TRUE,,,,,,,,,,,,,,,,,,,https://res.cloudinary.com/dgvtynla7/image/upload/v1779971243/demo/products/floral-print-linen-blend-trousers/00-02587058330-e1.jpg,lb,,,active
floral-print-linen-blend-trousers,,,,,,,,Color,Multicoloured,Size,L,,,539579242-MULTICOLOURED-L,0,shopify,100,deny,manual,0.00,,TRUE,TRUE,,,,,,,,,,,,,,,,,,,https://res.cloudinary.com/dgvtynla7/image/upload/v1779971243/demo/products/floral-print-linen-blend-trousers/00-02587058330-e1.jpg,lb,,,active
floral-print-linen-blend-trousers,,,,,,,,Color,Multicoloured,Size,XL,,,539579243-MULTICOLOURED-XL,0,shopify,100,deny,manual,0.00,,TRUE,TRUE,,,,,,,,,,,,,,,,,,,https://res.cloudinary.com/dgvtynla7/image/upload/v1779971243/demo/products/floral-print-linen-blend-trousers/00-02587058330-e1.jpg,lb,,,active
floral-print-linen-blend-trousers,,,,,,,,,,,,,,,,,,,,,,,,,https://res.cloudinary.com/dgvtynla7/image/upload/v1779971243/demo/products/floral-print-linen-blend-trousers/01-02587058330-e2.jpg,2,Floral Print Linen Blend Trousers,,,,,,,,,,,,,,,,,,,
floral-print-linen-blend-trousers,,,,,,,,,,,,,,,,,,,,,,,,,https://res.cloudinary.com/dgvtynla7/image/upload/v1779971244/demo/products/floral-print-linen-blend-trousers/02-02587058330-e3.jpg,3,Floral Print Linen Blend Trousers,,,,,,,,,,,,,,,,,,,
floral-print-linen-blend-trousers,,,,,,,,,,,,,,,,,,,,,,,,,https://res.cloudinary.com/dgvtynla7/image/upload/v1779971245/demo/products/floral-print-linen-blend-trousers/03-02587058330-f1.jpg,4,Floral Print Linen Blend Trousers,,,,,,,,,,,,,,,,,,,
floral-print-linen-blend-trousers,,,,,,,,,,,,,,,,,,,,,,,,,https://res.cloudinary.com/dgvtynla7/image/upload/v1779971247/demo/products/floral-print-linen-blend-trousers/04-02587058330-p.jpg,5,Floral Print Linen Blend Trousers,,,,,,,,,,,,,,,,,,,
floral-print-linen-blend-trousers,,,,,,,,,,,,,,,,,,,,,,,,,https://res.cloudinary.com/dgvtynla7/image/upload/v1779971248/demo/products/floral-print-linen-blend-trousers/05-02587058330-a1.jpg,6,Floral Print Linen Blend Trousers,,,,,,,,,,,,,,,,,,,
floral-print-linen-blend-trousers,,,,,,,,,,,,,,,,,,,,,,,,,https://res.cloudinary.com/dgvtynla7/image/upload/v1779971249/demo/products/floral-print-linen-blend-trousers/06-02587058330-a2.jpg,7,Floral Print Linen Blend Trousers,,,,,,,,,,,,,,,,,,,
floral-print-linen-blend-trousers,,,,,,,,,,,,,,,,,,,,,,,,,https://res.cloudinary.com/dgvtynla7/image/upload/v1779971249/demo/products/floral-print-linen-blend-trousers/07-02587058330-a3.jpg,8,Floral Print Linen Blend Trousers,,,,,,,,,,,,,,,,,,,
floral-linen-blend-shirt,Floral Linen Blend Shirt,"<p>Linen blend shirt with a regular collar, v-neck and short turn-up sleeves. Featuring a button-up front.&lt;br /&gt;Reference: 2587/057&lt;br /&gt;Composition: 70% viscose · 30% linen</p>
<p><strong>Material:</strong> 70% viscose · 30% linen</p>
<p><strong>Available sizes:</strong> XS, S, M, L, XL</p>
<div class=""primestyle-size-guide""><h3>Floral Linen Blend Shirt Size Guide</h3><p>Size labels captured from the live product data.</p><table><thead><tr><th>Standard</th><th>US</th><th>EU</th><th>UK</th></tr></thead><tbody><tr><td>XS</td><td>0-2</td><td>32-34</td><td>4-6</td></tr><tr><td>S</td><td>4-6</td><td>36-38</td><td>8-10</td></tr><tr><td>M</td><td>8-10</td><td>40-42</td><td>12-14</td></tr><tr><td>L</td><td>12-14</td><td>44-46</td><td>16-18</td></tr><tr><td>XL</td><td>16</td><td>48</td><td>20</td></tr></tbody></table></div>",PrimeStyleAI,Apparel & Accessories > Clothing,Shirts,"PrimeStyleAI Demo, PrimeStyleAI Import, Tops, Shirts, female, complete look, Multicoloured",TRUE,Color,Multicoloured,Size,XS,,,541444692-MULTICOLOURED-XS,0,shopify,100,deny,manual,0.00,,TRUE,TRUE,,https://res.cloudinary.com/dgvtynla7/image/upload/v1779971236/demo/products/floral-linen-blend-shirt/00-02587057330-e1.jpg,1,Floral Linen Blend Shirt,FALSE,Floral Linen Blend Shirt,"Linen blend shirt with a regular collar, v-neck and short turn-up sleeves. Featuring a button-up front.",Apparel & Accessories > Clothing,female,adult,,new,TRUE,PrimeStyleAI Demo,,,,,https://res.cloudinary.com/dgvtynla7/image/upload/v1779971236/demo/products/floral-linen-blend-shirt/00-02587057330-e1.jpg,lb,,,active
floral-linen-blend-shirt,,,,,,,,Color,Multicoloured,Size,S,,,541444693-MULTICOLOURED-S,0,shopify,100,deny,manual,0.00,,TRUE,TRUE,,,,,,,,,,,,,,,,,,,https://res.cloudinary.com/dgvtynla7/image/upload/v1779971236/demo/products/floral-linen-blend-shirt/00-02587057330-e1.jpg,lb,,,active
floral-linen-blend-shirt,,,,,,,,Color,Multicoloured,Size,M,,,541444694-MULTICOLOURED-M,0,shopify,100,deny,manual,0.00,,TRUE,TRUE,,,,,,,,,,,,,,,,,,,https://res.cloudinary.com/dgvtynla7/image/upload/v1779971236/demo/products/floral-linen-blend-shirt/00-02587057330-e1.jpg,lb,,,active
floral-linen-blend-shirt,,,,,,,,Color,Multicoloured,Size,L,,,541444690-MULTICOLOURED-L,0,shopify,100,deny,manual,0.00,,TRUE,TRUE,,,,,,,,,,,,,,,,,,,https://res.cloudinary.com/dgvtynla7/image/upload/v1779971236/demo/products/floral-linen-blend-shirt/00-02587057330-e1.jpg,lb,,,active
floral-linen-blend-shirt,,,,,,,,Color,Multicoloured,Size,XL,,,541444691-MULTICOLOURED-XL,0,shopify,100,deny,manual,0.00,,TRUE,TRUE,,,,,,,,,,,,,,,,,,,https://res.cloudinary.com/dgvtynla7/image/upload/v1779971236/demo/products/floral-linen-blend-shirt/00-02587057330-e1.jpg,lb,,,active
floral-linen-blend-shirt,,,,,,,,,,,,,,,,,,,,,,,,,https://res.cloudinary.com/dgvtynla7/image/upload/v1779971236/demo/products/floral-linen-blend-shirt/01-02587057330-e2.jpg,2,Floral Linen Blend Shirt,,,,,,,,,,,,,,,,,,,
floral-linen-blend-shirt,,,,,,,,,,,,,,,,,,,,,,,,,https://res.cloudinary.com/dgvtynla7/image/upload/v1779971237/demo/products/floral-linen-blend-shirt/02-02587057330-e3.jpg,3,Floral Linen Blend Shirt,,,,,,,,,,,,,,,,,,,
floral-linen-blend-shirt,,,,,,,,,,,,,,,,,,,,,,,,,https://res.cloudinary.com/dgvtynla7/image/upload/v1779971238/demo/products/floral-linen-blend-shirt/03-02587057330-p.jpg,4,Floral Linen Blend Shirt,,,,,,,,,,,,,,,,,,,
floral-linen-blend-shirt,,,,,,,,,,,,,,,,,,,,,,,,,https://res.cloudinary.com/dgvtynla7/image/upload/v1779971239/demo/products/floral-linen-blend-shirt/04-02587057330-a1.jpg,5,Floral Linen Blend Shirt,,,,,,,,,,,,,,,,,,,
floral-linen-blend-shirt,,,,,,,,,,,,,,,,,,,,,,,,,https://res.cloudinary.com/dgvtynla7/image/upload/v1779971239/demo/products/floral-linen-blend-shirt/05-02587057330-a2.jpg,6,Floral Linen Blend Shirt,,,,,,,,,,,,,,,,,,,
floral-linen-blend-shirt,,,,,,,,,,,,,,,,,,,,,,,,,https://res.cloudinary.com/dgvtynla7/image/upload/v1779971240/demo/products/floral-linen-blend-shirt/06-02587057330-a3.jpg,7,Floral Linen Blend Shirt,,,,,,,,,,,,,,,,,,,
mens-utility-backpack,Men's Utility Backpack,"<p>A trekking-inspired utility backpack designed for daily carry, work, and travel. The style combines technical fabric with hammered calfskin, a central drawstring compartment, lined interior, zipped pocket, two flat pockets, and padded adjustable shoulder straps with enough space for laptops and electronics.</p>
<p><strong>Material:</strong> Technical fabric and hammered calfskin</p>
<p><strong>Available sizes:</strong> One Size</p>
<div class=""primestyle-size-guide""><h3>Backpack Dimensions</h3><table><thead><tr><th>Standard</th><th>Height</th><th>Length</th><th>Width</th></tr></thead><tbody><tr><td>One Size</td><td>17.3 in / 43.9 cm</td><td>12.5 in / 31.8 cm</td><td>5.1 in / 13.0 cm</td></tr></tbody></table></div>",Ferragamo,"Apparel & Accessories > Handbags, Wallets & Cases",Backpacks,"PrimeStyleAI Demo, PrimeStyleAI Import, Bags, Backpacks, male, backpack, travel bag, mens bag, nylon backpack, leather trim, utility backpack, black bag, One Size, Made in Italy, Travel Ready, Laptop Friendly",TRUE,Color,Black,Size,One Size,,,FERRAGAMO-UTILITY-BACKPACK-HUG-BUCKLE-786279-ONE-SIZE-BLACK-ONE-SIZE,0,shopify,100,deny,manual,2400.00,,TRUE,TRUE,,https://res.cloudinary.com/dgvtynla7/image/upload/v1779018406/demo/products/ferragamo_utility_backpack_hug_buckle_786279/image_01.jpg,1,Men's Utility Backpack,FALSE,Men's Utility Backpack,"A practical black backpack with a technical fabric body, hammered leather details, drawstring main compartment, and adjustable padded shoulder straps.","Apparel & Accessories > Handbags, Wallets & Cases",male,adult,,new,TRUE,PrimeStyleAI Demo,,,,,https://res.cloudinary.com/dgvtynla7/image/upload/v1779018406/demo/products/ferragamo_utility_backpack_hug_buckle_786279/image_01.jpg,lb,,,active
mens-utility-backpack,,,,,,,,,,,,,,,,,,,,,,,,,https://res.cloudinary.com/dgvtynla7/image/upload/v1779018408/demo/products/ferragamo_utility_backpack_hug_buckle_786279/image_02.jpg,2,Men's Utility Backpack,,,,,,,,,,,,,,,,,,,
mens-utility-backpack,,,,,,,,,,,,,,,,,,,,,,,,,https://res.cloudinary.com/dgvtynla7/image/upload/v1779018408/demo/products/ferragamo_utility_backpack_hug_buckle_786279/image_03.jpg,3,Men's Utility Backpack,,,,,,,,,,,,,,,,,,,
mens-utility-backpack,,,,,,,,,,,,,,,,,,,,,,,,,https://res.cloudinary.com/dgvtynla7/image/upload/v1779018409/demo/products/ferragamo_utility_backpack_hug_buckle_786279/image_04.jpg,4,Men's Utility Backpack,,,,,,,,,,,,,,,,,,,
mens-utility-backpack,,,,,,,,,,,,,,,,,,,,,,,,,https://res.cloudinary.com/dgvtynla7/image/upload/v1779018411/demo/products/ferragamo_utility_backpack_hug_buckle_786279/image_05.jpg,5,Men's Utility Backpack,,,,,,,,,,,,,,,,,,,
mens-utility-backpack,,,,,,,,,,,,,,,,,,,,,,,,,https://res.cloudinary.com/dgvtynla7/image/upload/v1779018412/demo/products/ferragamo_utility_backpack_hug_buckle_786279/image_06.jpg,6,Men's Utility Backpack,,,,,,,,,,,,,,,,,,,
smart-sport-sunglasses,Smart Sport Sunglasses,"<p>Sport-ready smart sunglasses designed for training and outdoor movement, with a durable black frame, Prizm Black lens, centered camera, open-ear speakers, Meta AI app support, and a wide universal fit.</p>
<p><strong>Material:</strong> O Matter frame, Prizm lens</p>
<p><strong>Available sizes:</strong> One Size, XL / One Size</p>
<div class=""primestyle-size-guide""><h3>Oakley Meta Vanguard Fit Guide</h3><table><thead><tr><th>Size</th><th>Model Code</th><th>Lens Width</th><th>Frame Width</th><th>Fit</th><th>Bridge / Nosepad</th></tr></thead><tbody><tr><td>XL / One Size</td><td>OW8001-070</td><td>52 mm</td><td>152 mm</td><td>Wide</td><td>Universal Fit</td></tr></tbody></table></div>",Oakley,Apparel & Accessories > Clothing Accessories > Sunglasses,Sunglasses,"PrimeStyleAI Demo, PrimeStyleAI Import, Accessories, Sunglasses, unisex, sunglasses, smart glasses, sport sunglasses, ai glasses, performance eyewear, prizm lens, black frame, AI Glasses, Prizm Lens, Sport Fit, One Size",TRUE,Color,Black / Prizm Road,Size,One Size,,,SUNGLASSHUT-OAKLEY-META-VANGUARD-PRIZM-BLACK-888392690401-888392690418-BLACK-PRIZM-ROAD-ONE-SIZE,0,shopify,100,deny,manual,499.00,579.00,TRUE,TRUE,,https://res.cloudinary.com/dgvtynla7/image/upload/v1779017085/demo/products/sunglasshut_oakley_meta_vanguard_prizm_black_888392690401/image_01.png,1,Smart Sport Sunglasses,FALSE,Smart Sport Sunglasses,"Performance sunglasses with a wraparound shield lens, hands-free capture, open-ear audio, and sport-focused AI features.",Apparel & Accessories > Clothing Accessories > Sunglasses,unisex,adult,,new,TRUE,PrimeStyleAI Demo,,,,,https://res.cloudinary.com/dgvtynla7/image/upload/v1779018091/demo/products/sunglasshut_oakley_meta_vanguard_prizm_black_888392690401/black_prizm_road/image_01.png,lb,,,active
smart-sport-sunglasses,,,,,,,,Color,Black / Prizm 24K,Size,One Size,,,SUNGLASSHUT-OAKLEY-META-VANGUARD-PRIZM-BLACK-888392690401-888392690371-BLACK-PRIZM-24K-ONE-SIZE,0,shopify,100,deny,manual,499.00,579.00,TRUE,TRUE,,,,,,,,,,,,,,,,,,,https://res.cloudinary.com/dgvtynla7/image/upload/v1779018096/demo/products/sunglasshut_oakley_meta_vanguard_prizm_black_888392690401/black_prizm_24k/image_01.png,lb,,,active
smart-sport-sunglasses,,,,,,,,Color,White / Prizm Black,Size,One Size,,,SUNGLASSHUT-OAKLEY-META-VANGUARD-PRIZM-BLACK-888392690401-888392690388-WHITE-PRIZM-BLACK-ONE-SIZE,0,shopify,100,deny,manual,499.00,579.00,TRUE,TRUE,,,,,,,,,,,,,,,,,,,https://res.cloudinary.com/dgvtynla7/image/upload/v1779018102/demo/products/sunglasshut_oakley_meta_vanguard_prizm_black_888392690401/white_prizm_black/image_01.png,lb,,,active
smart-sport-sunglasses,,,,,,,,Color,White / Prizm Sapphire,Size,One Size,,,SUNGLASSHUT-OAKLEY-META-VANGUARD-PRIZM-BLACK-888392690401-888392690395-WHITE-PRIZM-SAPPHIRE-ONE-SIZE,0,shopify,100,deny,manual,499.00,579.00,TRUE,TRUE,,,,,,,,,,,,,,,,,,,https://res.cloudinary.com/dgvtynla7/image/upload/v1779018108/demo/products/sunglasshut_oakley_meta_vanguard_prizm_black_888392690401/white_prizm_sapphire/image_01.png,lb,,,active
smart-sport-sunglasses,,,,,,,,Color,Black / Prizm Black,Size,One Size,,,SUNGLASSHUT-OAKLEY-META-VANGUARD-PRIZM-BLACK-888392690401-888392690401-BLACK-PRIZM-BLACK-ONE-SIZE,0,shopify,100,deny,manual,499.00,579.00,TRUE,TRUE,,,,,,,,,,,,,,,,,,,https://res.cloudinary.com/dgvtynla7/image/upload/v1779017085/demo/products/sunglasshut_oakley_meta_vanguard_prizm_black_888392690401/image_01.png,lb,,,active
smart-sport-sunglasses,,,,,,,,Color,White / Prizm Rose Gold,Size,One Size,,,SUNGLASSHUT-OAKLEY-META-VANGUARD-PRIZM-BLACK-888392690401-888392697677-WHITE-PRIZM-ROSE-GOLD-ONE-SIZE,0,shopify,100,deny,manual,499.00,579.00,TRUE,TRUE,,,,,,,,,,,,,,,,,,,https://res.cloudinary.com/dgvtynla7/image/upload/v1779018113/demo/products/sunglasshut_oakley_meta_vanguard_prizm_black_888392690401/white_prizm_rose_gold/image_01.jpg,lb,,,active
smart-sport-sunglasses,,,,,,,,Color,Black / Prizm Transitions Ember,Size,One Size,,,SUNGLASSHUT-OAKLEY-META-VANGUARD-PRIZM-BLACK-888392690401-888392697653-BLACK-PRIZM-TRANSITIONS-EMBER-ONE-SIZE,0,shopify,100,deny,manual,579.00,,TRUE,TRUE,,,,,,,,,,,,,,,,,,,https://res.cloudinary.com/dgvtynla7/image/upload/v1779018122/demo/products/sunglasshut_oakley_meta_vanguard_prizm_black_888392690401/black_prizm_transitions_ember/image_01.jpg,lb,,,active
smart-sport-sunglasses,,,,,,,,,,,,,,,,,,,,,,,,,https://res.cloudinary.com/dgvtynla7/image/upload/v1779017086/demo/products/sunglasshut_oakley_meta_vanguard_prizm_black_888392690401/image_02.png,2,Smart Sport Sunglasses,,,,,,,,,,,,,,,,,,,
smart-sport-sunglasses,,,,,,,,,,,,,,,,,,,,,,,,,https://res.cloudinary.com/dgvtynla7/image/upload/v1779017088/demo/products/sunglasshut_oakley_meta_vanguard_prizm_black_888392690401/image_03.jpg,3,Smart Sport Sunglasses,,,,,,,,,,,,,,,,,,,
smart-sport-sunglasses,,,,,,,,,,,,,,,,,,,,,,,,,https://res.cloudinary.com/dgvtynla7/image/upload/v1779017089/demo/products/sunglasshut_oakley_meta_vanguard_prizm_black_888392690401/image_04.png,4,Smart Sport Sunglasses,,,,,,,,,,,,,,,,,,,
smart-sport-sunglasses,,,,,,,,,,,,,,,,,,,,,,,,,https://res.cloudinary.com/dgvtynla7/image/upload/v1779017089/demo/products/sunglasshut_oakley_meta_vanguard_prizm_black_888392690401/image_05.png,5,Smart Sport Sunglasses,,,,,,,,,,,,,,,,,,,
smart-sport-sunglasses,,,,,,,,,,,,,,,,,,,,,,,,,https://res.cloudinary.com/dgvtynla7/image/upload/v1779017090/demo/products/sunglasshut_oakley_meta_vanguard_prizm_black_888392690401/image_06.png,6,Smart Sport Sunglasses,,,,,,,,,,,,,,,,,,,
smart-sport-sunglasses,,,,,,,,,,,,,,,,,,,,,,,,,https://res.cloudinary.com/dgvtynla7/image/upload/v1779017091/demo/products/sunglasshut_oakley_meta_vanguard_prizm_black_888392690401/image_07.png,7,Smart Sport Sunglasses,,,,,,,,,,,,,,,,,,,
smart-sport-sunglasses,,,,,,,,,,,,,,,,,,,,,,,,,https://res.cloudinary.com/dgvtynla7/image/upload/v1779017092/demo/products/sunglasshut_oakley_meta_vanguard_prizm_black_888392690401/image_08.png,8,Smart Sport Sunglasses,,,,,,,,,,,,,,,,,,,
smart-sport-sunglasses,,,,,,,,,,,,,,,,,,,,,,,,,https://res.cloudinary.com/dgvtynla7/image/upload/v1779018091/demo/products/sunglasshut_oakley_meta_vanguard_prizm_black_888392690401/black_prizm_road/image_01.png,9,Smart Sport Sunglasses,,,,,,,,,,,,,,,,,,,
smart-sport-sunglasses,,,,,,,,,,,,,,,,,,,,,,,,,https://res.cloudinary.com/dgvtynla7/image/upload/v1779018092/demo/products/sunglasshut_oakley_meta_vanguard_prizm_black_888392690401/black_prizm_road/image_02.png,10,Smart Sport Sunglasses,,,,,,,,,,,,,,,,,,,
smart-sport-sunglasses,,,,,,,,,,,,,,,,,,,,,,,,,https://res.cloudinary.com/dgvtynla7/image/upload/v1779018093/demo/products/sunglasshut_oakley_meta_vanguard_prizm_black_888392690401/black_prizm_road/image_03.png,11,Smart Sport Sunglasses,,,,,,,,,,,,,,,,,,,
smart-sport-sunglasses,,,,,,,,,,,,,,,,,,,,,,,,,https://res.cloudinary.com/dgvtynla7/image/upload/v1779018093/demo/products/sunglasshut_oakley_meta_vanguard_prizm_black_888392690401/black_prizm_road/image_04.png,12,Smart Sport Sunglasses,,,,,,,,,,,,,,,,,,,
smart-sport-sunglasses,,,,,,,,,,,,,,,,,,,,,,,,,https://res.cloudinary.com/dgvtynla7/image/upload/v1779018095/demo/products/sunglasshut_oakley_meta_vanguard_prizm_black_888392690401/black_prizm_road/image_05.png,13,Smart Sport Sunglasses,,,,,,,,,,,,,,,,,,,
smart-sport-sunglasses,,,,,,,,,,,,,,,,,,,,,,,,,https://res.cloudinary.com/dgvtynla7/image/upload/v1779018096/demo/products/sunglasshut_oakley_meta_vanguard_prizm_black_888392690401/black_prizm_road/image_06.png,14,Smart Sport Sunglasses,,,,,,,,,,,,,,,,,,,
smart-sport-sunglasses,,,,,,,,,,,,,,,,,,,,,,,,,https://res.cloudinary.com/dgvtynla7/image/upload/v1779018096/demo/products/sunglasshut_oakley_meta_vanguard_prizm_black_888392690401/black_prizm_24k/image_01.png,15,Smart Sport Sunglasses,,,,,,,,,,,,,,,,,,,
smart-sport-sunglasses,,,,,,,,,,,,,,,,,,,,,,,,,https://res.cloudinary.com/dgvtynla7/image/upload/v1779018097/demo/products/sunglasshut_oakley_meta_vanguard_prizm_black_888392690401/black_prizm_24k/image_02.png,16,Smart Sport Sunglasses,,,,,,,,,,,,,,,,,,,
smart-sport-sunglasses,,,,,,,,,,,,,,,,,,,,,,,,,https://res.cloudinary.com/dgvtynla7/image/upload/v1779018099/demo/products/sunglasshut_oakley_meta_vanguard_prizm_black_888392690401/black_prizm_24k/image_03.png,17,Smart Sport Sunglasses,,,,,,,,,,,,,,,,,,,
smart-sport-sunglasses,,,,,,,,,,,,,,,,,,,,,,,,,https://res.cloudinary.com/dgvtynla7/image/upload/v1779018099/demo/products/sunglasshut_oakley_meta_vanguard_prizm_black_888392690401/black_prizm_24k/image_04.png,18,Smart Sport Sunglasses,,,,,,,,,,,,,,,,,,,
smart-sport-sunglasses,,,,,,,,,,,,,,,,,,,,,,,,,https://res.cloudinary.com/dgvtynla7/image/upload/v1779018100/demo/products/sunglasshut_oakley_meta_vanguard_prizm_black_888392690401/black_prizm_24k/image_05.png,19,Smart Sport Sunglasses,,,,,,,,,,,,,,,,,,,
smart-sport-sunglasses,,,,,,,,,,,,,,,,,,,,,,,,,https://res.cloudinary.com/dgvtynla7/image/upload/v1779018101/demo/products/sunglasshut_oakley_meta_vanguard_prizm_black_888392690401/black_prizm_24k/image_06.png,20,Smart Sport Sunglasses,,,,,,,,,,,,,,,,,,,
smart-sport-sunglasses,,,,,,,,,,,,,,,,,,,,,,,,,https://res.cloudinary.com/dgvtynla7/image/upload/v1779018102/demo/products/sunglasshut_oakley_meta_vanguard_prizm_black_888392690401/white_prizm_black/image_01.png,21,Smart Sport Sunglasses,,,,,,,,,,,,,,,,,,,
smart-sport-sunglasses,,,,,,,,,,,,,,,,,,,,,,,,,https://res.cloudinary.com/dgvtynla7/image/upload/v1779018103/demo/products/sunglasshut_oakley_meta_vanguard_prizm_black_888392690401/white_prizm_black/image_02.png,22,Smart Sport Sunglasses,,,,,,,,,,,,,,,,,,,
smart-sport-sunglasses,,,,,,,,,,,,,,,,,,,,,,,,,https://res.cloudinary.com/dgvtynla7/image/upload/v1779018104/demo/products/sunglasshut_oakley_meta_vanguard_prizm_black_888392690401/white_prizm_black/image_03.png,23,Smart Sport Sunglasses,,,,,,,,,,,,,,,,,,,
smart-sport-sunglasses,,,,,,,,,,,,,,,,,,,,,,,,,https://res.cloudinary.com/dgvtynla7/image/upload/v1779018105/demo/products/sunglasshut_oakley_meta_vanguard_prizm_black_888392690401/white_prizm_black/image_04.png,24,Smart Sport Sunglasses,,,,,,,,,,,,,,,,,,,
smart-sport-sunglasses,,,,,,,,,,,,,,,,,,,,,,,,,https://res.cloudinary.com/dgvtynla7/image/upload/v1779018106/demo/products/sunglasshut_oakley_meta_vanguard_prizm_black_888392690401/white_prizm_black/image_05.png,25,Smart Sport Sunglasses,,,,,,,,,,,,,,,,,,,
smart-sport-sunglasses,,,,,,,,,,,,,,,,,,,,,,,,,https://res.cloudinary.com/dgvtynla7/image/upload/v1779018107/demo/products/sunglasshut_oakley_meta_vanguard_prizm_black_888392690401/white_prizm_black/image_06.png,26,Smart Sport Sunglasses,,,,,,,,,,,,,,,,,,,
smart-sport-sunglasses,,,,,,,,,,,,,,,,,,,,,,,,,https://res.cloudinary.com/dgvtynla7/image/upload/v1779018108/demo/products/sunglasshut_oakley_meta_vanguard_prizm_black_888392690401/white_prizm_sapphire/image_01.png,27,Smart Sport Sunglasses,,,,,,,,,,,,,,,,,,,
smart-sport-sunglasses,,,,,,,,,,,,,,,,,,,,,,,,,https://res.cloudinary.com/dgvtynla7/image/upload/v1779018108/demo/products/sunglasshut_oakley_meta_vanguard_prizm_black_888392690401/white_prizm_sapphire/image_02.png,28,Smart Sport Sunglasses,,,,,,,,,,,,,,,,,,,
smart-sport-sunglasses,,,,,,,,,,,,,,,,,,,,,,,,,https://res.cloudinary.com/dgvtynla7/image/upload/v1779018109/demo/products/sunglasshut_oakley_meta_vanguard_prizm_black_888392690401/white_prizm_sapphire/image_03.png,29,Smart Sport Sunglasses,,,,,,,,,,,,,,,,,,,
smart-sport-sunglasses,,,,,,,,,,,,,,,,,,,,,,,,,https://res.cloudinary.com/dgvtynla7/image/upload/v1779018110/demo/products/sunglasshut_oakley_meta_vanguard_prizm_black_888392690401/white_prizm_sapphire/image_04.png,30,Smart Sport Sunglasses,,,,,,,,,,,,,,,,,,,
smart-sport-sunglasses,,,,,,,,,,,,,,,,,,,,,,,,,https://res.cloudinary.com/dgvtynla7/image/upload/v1779018111/demo/products/sunglasshut_oakley_meta_vanguard_prizm_black_888392690401/white_prizm_sapphire/image_05.png,31,Smart Sport Sunglasses,,,,,,,,,,,,,,,,,,,
smart-sport-sunglasses,,,,,,,,,,,,,,,,,,,,,,,,,https://res.cloudinary.com/dgvtynla7/image/upload/v1779018111/demo/products/sunglasshut_oakley_meta_vanguard_prizm_black_888392690401/white_prizm_sapphire/image_06.png,32,Smart Sport Sunglasses,,,,,,,,,,,,,,,,,,,
smart-sport-sunglasses,,,,,,,,,,,,,,,,,,,,,,,,,https://res.cloudinary.com/dgvtynla7/image/upload/v1779018113/demo/products/sunglasshut_oakley_meta_vanguard_prizm_black_888392690401/white_prizm_rose_gold/image_01.jpg,33,Smart Sport Sunglasses,,,,,,,,,,,,,,,,,,,
smart-sport-sunglasses,,,,,,,,,,,,,,,,,,,,,,,,,https://res.cloudinary.com/dgvtynla7/image/upload/v1779018114/demo/products/sunglasshut_oakley_meta_vanguard_prizm_black_888392690401/white_prizm_rose_gold/image_02.jpg,34,Smart Sport Sunglasses,,,,,,,,,,,,,,,,,,,
smart-sport-sunglasses,,,,,,,,,,,,,,,,,,,,,,,,,https://res.cloudinary.com/dgvtynla7/image/upload/v1779018116/demo/products/sunglasshut_oakley_meta_vanguard_prizm_black_888392690401/white_prizm_rose_gold/image_03.png,35,Smart Sport Sunglasses,,,,,,,,,,,,,,,,,,,
smart-sport-sunglasses,,,,,,,,,,,,,,,,,,,,,,,,,https://res.cloudinary.com/dgvtynla7/image/upload/v1779018117/demo/products/sunglasshut_oakley_meta_vanguard_prizm_black_888392690401/white_prizm_rose_gold/image_04.png,36,Smart Sport Sunglasses,,,,,,,,,,,,,,,,,,,
smart-sport-sunglasses,,,,,,,,,,,,,,,,,,,,,,,,,https://res.cloudinary.com/dgvtynla7/image/upload/v1779018119/demo/products/sunglasshut_oakley_meta_vanguard_prizm_black_888392690401/white_prizm_rose_gold/image_05.png,37,Smart Sport Sunglasses,,,,,,,,,,,,,,,,,,,
smart-sport-sunglasses,,,,,,,,,,,,,,,,,,,,,,,,,https://res.cloudinary.com/dgvtynla7/image/upload/v1779018121/demo/products/sunglasshut_oakley_meta_vanguard_prizm_black_888392690401/white_prizm_rose_gold/image_06.png,38,Smart Sport Sunglasses,,,,,,,,,,,,,,,,,,,
smart-sport-sunglasses,,,,,,,,,,,,,,,,,,,,,,,,,https://res.cloudinary.com/dgvtynla7/image/upload/v1779018122/demo/products/sunglasshut_oakley_meta_vanguard_prizm_black_888392690401/black_prizm_transitions_ember/image_01.jpg,39,Smart Sport Sunglasses,,,,,,,,,,,,,,,,,,,
smart-sport-sunglasses,,,,,,,,,,,,,,,,,,,,,,,,,https://res.cloudinary.com/dgvtynla7/image/upload/v1779018124/demo/products/sunglasshut_oakley_meta_vanguard_prizm_black_888392690401/black_prizm_transitions_ember/image_02.jpg,40,Smart Sport Sunglasses,,,,,,,,,,,,,,,,,,,
smart-sport-sunglasses,,,,,,,,,,,,,,,,,,,,,,,,,https://res.cloudinary.com/dgvtynla7/image/upload/v1779018125/demo/products/sunglasshut_oakley_meta_vanguard_prizm_black_888392690401/black_prizm_transitions_ember/image_03.jpg,41,Smart Sport Sunglasses,,,,,,,,,,,,,,,,,,,
smart-sport-sunglasses,,,,,,,,,,,,,,,,,,,,,,,,,https://res.cloudinary.com/dgvtynla7/image/upload/v1779018127/demo/products/sunglasshut_oakley_meta_vanguard_prizm_black_888392690401/black_prizm_transitions_ember/image_04.png,42,Smart Sport Sunglasses,,,,,,,,,,,,,,,,,,,
smart-sport-sunglasses,,,,,,,,,,,,,,,,,,,,,,,,,https://res.cloudinary.com/dgvtynla7/image/upload/v1779018128/demo/products/sunglasshut_oakley_meta_vanguard_prizm_black_888392690401/black_prizm_transitions_ember/image_05.png,43,Smart Sport Sunglasses,,,,,,,,,,,,,,,,,,,
smart-sport-sunglasses,,,,,,,,,,,,,,,,,,,,,,,,,https://res.cloudinary.com/dgvtynla7/image/upload/v1779018130/demo/products/sunglasshut_oakley_meta_vanguard_prizm_black_888392690401/black_prizm_transitions_ember/image_06.png,44,Smart Sport Sunglasses,,,,,,,,,,,,,,,,,,,
nike-pegasus-42-womens-road-running-shoes-ib1881-602,Women's Running Shoes,"<p>Responsive cushioning in the Nike Pegasus 42 is built for everyday road runs. The shoe combines a curved full-length Air Zoom unit, ReactX foam midsole, softer breathable mesh, and an updated fit with extra room through the forefoot and toe box.</p>
<p><strong>Material:</strong> Lightweight mesh upper, ReactX foam midsole, high-abrasion rubber outsole</p>
<p><strong>Available sizes:</strong> W 5 / M 3.5, W 5.5 / M 4, W 6 / M 4.5, W 6.5 / M 5, W 7 / M 5.5, W 7.5 / M 6, W 8 / M 6.5, W 8.5 / M 7, W 9 / M 7.5, W 9.5 / M 8, W 10 / M 8.5, W 10.5 / M 9, W 11 / M 9.5, W 11.5 / M 10, W 12 / M 10.5</p>
<div class=""primestyle-size-guide""><h3>Nike Unisex Shoes Women&#39;s Based Size Guide</h3><table><thead><tr><th>Standard</th><th>US Women</th><th>US Men</th><th>UK</th><th>CM / JP</th><th>EU</th></tr></thead><tbody><tr><td>W 5 / M 3.5</td><td>5</td><td>3.5</td><td>2.5</td><td>22</td><td>35.5</td></tr><tr><td>W 5.5 / M 4</td><td>5.5</td><td>4</td><td>3</td><td>22.5</td><td>36</td></tr><tr><td>W 6 / M 4.5</td><td>6</td><td>4.5</td><td>3.5</td><td>23</td><td>36.5</td></tr><tr><td>W 6.5 / M 5</td><td>6.5</td><td>5</td><td>4</td><td>23.5</td><td>37.5</td></tr><tr><td>W 7 / M 5.5</td><td>7</td><td>5.5</td><td>4.5</td><td>24</td><td>38</td></tr><tr><td>W 7.5 / M 6</td><td>7.5</td><td>6</td><td>5</td><td>24.5</td><td>38.5</td></tr><tr><td>W 8 / M 6.5</td><td>8</td><td>6.5</td><td>5.5</td><td>25</td><td>39</td></tr><tr><td>W 8.5 / M 7</td><td>8.5</td><td>7</td><td>6</td><td>25.5</td><td>40</td></tr><tr><td>W 9 / M 7.5</td><td>9</td><td>7.5</td><td>6.5</td><td>26</td><td>40.5</td></tr><tr><td>W 9.5 / M 8</td><td>9.5</td><td>8</td><td>7</td><td>26.5</td><td>41</td></tr><tr><td>W 10 / M 8.5</td><td>10</td><td>8.5</td><td>7.5</td><td>27</td><td>42</td></tr><tr><td>W 10.5 / M 9</td><td>10.5</td><td>9</td><td>8</td><td>27.5</td><td>42.5</td></tr><tr><td>W 11 / M 9.5</td><td>11</td><td>9.5</td><td>8.5</td><td>28</td><td>43</td></tr><tr><td>W 11.5 / M 10</td><td>11.5</td><td>10</td><td>9</td><td>28.5</td><td>44</td></tr><tr><td>W 12 / M 10.5</td><td>12</td><td>10.5</td><td>9.5</td><td>29</td><td>44.5</td></tr></tbody></table></div>",Nike,Apparel & Accessories > Shoes,Road Running Shoes,"PrimeStyleAI Demo, PrimeStyleAI Import, Shoes, Road Running Shoes, female, nike, pegasus, pegasus 42, running shoes, road running, reactx, air zoom, women, footwear, demo, Highly Rated, Recycled Materials, Road Running, Cloudinary mirrored",TRUE,Color,Lava Glow/Flash Crimson/Light Magenta/Black,Size,W 5 / M 3.5,,,NIKE-PEGASUS-42-WOMENS-ROAD-RUNNING-SHOES-IB1881-602-5-LAVA-GLOW-FLASH-CRIMSON-LIGHT-MAGENTA-BLACK-W-5-M-3-5,0,shopify,100,deny,manual,145.00,,TRUE,TRUE,,https://res.cloudinary.com/dgvtynla7/image/upload/v1779029439/demo/products/nike_pegasus_42_womens_road_running_shoes_ib1881_602/variants-highres/IB1881-602/01.webp,1,Women's Running Shoes,FALSE,Women's Running Shoes,"Responsive road running shoes with full-length Air Zoom cushioning, ReactX foam, breathable mesh, and a roomier forefoot fit.",Apparel & Accessories > Shoes,female,adult,,new,TRUE,PrimeStyleAI Demo,,,,,https://res.cloudinary.com/dgvtynla7/image/upload/v1779029439/demo/products/nike_pegasus_42_womens_road_running_shoes_ib1881_602/variants-highres/IB1881-602/01.webp,lb,,,active
nike-pegasus-42-womens-road-running-shoes-ib1881-602,,,,,,,,Color,Lava Glow/Flash Crimson/Light Magenta/Black,Size,W 5.5 / M 4,,,NIKE-PEGASUS-42-WOMENS-ROAD-RUNNING-SHOES-IB1881-602-5-5-LAVA-GLOW-FLASH-CRIMSON-LIGHT-MAGENTA-BLACK-W-5-5-M-4,0,shopify,100,deny,manual,145.00,,TRUE,TRUE,,,,,,,,,,,,,,,,,,,https://res.cloudinary.com/dgvtynla7/image/upload/v1779029439/demo/products/nike_pegasus_42_womens_road_running_shoes_ib1881_602/variants-highres/IB1881-602/01.webp,lb,,,active
nike-pegasus-42-womens-road-running-shoes-ib1881-602,,,,,,,,Color,Lava Glow/Flash Crimson/Light Magenta/Black,Size,W 6 / M 4.5,,,NIKE-PEGASUS-42-WOMENS-ROAD-RUNNING-SHOES-IB1881-602-6-LAVA-GLOW-FLASH-CRIMSON-LIGHT-MAGENTA-BLACK-W-6-M-4-5,0,shopify,100,deny,manual,145.00,,TRUE,TRUE,,,,,,,,,,,,,,,,,,,https://res.cloudinary.com/dgvtynla7/image/upload/v1779029439/demo/products/nike_pegasus_42_womens_road_running_shoes_ib1881_602/variants-highres/IB1881-602/01.webp,lb,,,active
nike-pegasus-42-womens-road-running-shoes-ib1881-602,,,,,,,,Color,Lava Glow/Flash Crimson/Light Magenta/Black,Size,W 6.5 / M 5,,,NIKE-PEGASUS-42-WOMENS-ROAD-RUNNING-SHOES-IB1881-602-6-5-LAVA-GLOW-FLASH-CRIMSON-LIGHT-MAGENTA-BLACK-W-6-5-M-5,0,shopify,100,deny,manual,145.00,,TRUE,TRUE,,,,,,,,,,,,,,,,,,,https://res.cloudinary.com/dgvtynla7/image/upload/v1779029439/demo/products/nike_pegasus_42_womens_road_running_shoes_ib1881_602/variants-highres/IB1881-602/01.webp,lb,,,active
nike-pegasus-42-womens-road-running-shoes-ib1881-602,,,,,,,,Color,Lava Glow/Flash Crimson/Light Magenta/Black,Size,W 7 / M 5.5,,,NIKE-PEGASUS-42-WOMENS-ROAD-RUNNING-SHOES-IB1881-602-7-LAVA-GLOW-FLASH-CRIMSON-LIGHT-MAGENTA-BLACK-W-7-M-5-5,0,shopify,100,deny,manual,145.00,,TRUE,TRUE,,,,,,,,,,,,,,,,,,,https://res.cloudinary.com/dgvtynla7/image/upload/v1779029439/demo/products/nike_pegasus_42_womens_road_running_shoes_ib1881_602/variants-highres/IB1881-602/01.webp,lb,,,active
nike-pegasus-42-womens-road-running-shoes-ib1881-602,,,,,,,,Color,Lava Glow/Flash Crimson/Light Magenta/Black,Size,W 7.5 / M 6,,,NIKE-PEGASUS-42-WOMENS-ROAD-RUNNING-SHOES-IB1881-602-7-5-LAVA-GLOW-FLASH-CRIMSON-LIGHT-MAGENTA-BLACK-W-7-5-M-6,0,shopify,100,deny,manual,145.00,,TRUE,TRUE,,,,,,,,,,,,,,,,,,,https://res.cloudinary.com/dgvtynla7/image/upload/v1779029439/demo/products/nike_pegasus_42_womens_road_running_shoes_ib1881_602/variants-highres/IB1881-602/01.webp,lb,,,active
nike-pegasus-42-womens-road-running-shoes-ib1881-602,,,,,,,,Color,Lava Glow/Flash Crimson/Light Magenta/Black,Size,W 8 / M 6.5,,,NIKE-PEGASUS-42-WOMENS-ROAD-RUNNING-SHOES-IB1881-602-8-LAVA-GLOW-FLASH-CRIMSON-LIGHT-MAGENTA-BLACK-W-8-M-6-5,0,shopify,100,deny,manual,145.00,,TRUE,TRUE,,,,,,,,,,,,,,,,,,,https://res.cloudinary.com/dgvtynla7/image/upload/v1779029439/demo/products/nike_pegasus_42_womens_road_running_shoes_ib1881_602/variants-highres/IB1881-602/01.webp,lb,,,active
nike-pegasus-42-womens-road-running-shoes-ib1881-602,,,,,,,,Color,Lava Glow/Flash Crimson/Light Magenta/Black,Size,W 8.5 / M 7,,,NIKE-PEGASUS-42-WOMENS-ROAD-RUNNING-SHOES-IB1881-602-8-5-LAVA-GLOW-FLASH-CRIMSON-LIGHT-MAGENTA-BLACK-W-8-5-M-7,0,shopify,100,deny,manual,145.00,,TRUE,TRUE,,,,,,,,,,,,,,,,,,,https://res.cloudinary.com/dgvtynla7/image/upload/v1779029439/demo/products/nike_pegasus_42_womens_road_running_shoes_ib1881_602/variants-highres/IB1881-602/01.webp,lb,,,active
nike-pegasus-42-womens-road-running-shoes-ib1881-602,,,,,,,,Color,Lava Glow/Flash Crimson/Light Magenta/Black,Size,W 9 / M 7.5,,,NIKE-PEGASUS-42-WOMENS-ROAD-RUNNING-SHOES-IB1881-602-9-LAVA-GLOW-FLASH-CRIMSON-LIGHT-MAGENTA-BLACK-W-9-M-7-5,0,shopify,100,deny,manual,145.00,,TRUE,TRUE,,,,,,,,,,,,,,,,,,,https://res.cloudinary.com/dgvtynla7/image/upload/v1779029439/demo/products/nike_pegasus_42_womens_road_running_shoes_ib1881_602/variants-highres/IB1881-602/01.webp,lb,,,active
nike-pegasus-42-womens-road-running-shoes-ib1881-602,,,,,,,,Color,Lava Glow/Flash Crimson/Light Magenta/Black,Size,W 9.5 / M 8,,,NIKE-PEGASUS-42-WOMENS-ROAD-RUNNING-SHOES-IB1881-602-9-5-LAVA-GLOW-FLASH-CRIMSON-LIGHT-MAGENTA-BLACK-W-9-5-M-8,0,shopify,100,deny,manual,145.00,,TRUE,TRUE,,,,,,,,,,,,,,,,,,,https://res.cloudinary.com/dgvtynla7/image/upload/v1779029439/demo/products/nike_pegasus_42_womens_road_running_shoes_ib1881_602/variants-highres/IB1881-602/01.webp,lb,,,active
nike-pegasus-42-womens-road-running-shoes-ib1881-602,,,,,,,,Color,Lava Glow/Flash Crimson/Light Magenta/Black,Size,W 10 / M 8.5,,,NIKE-PEGASUS-42-WOMENS-ROAD-RUNNING-SHOES-IB1881-602-10-LAVA-GLOW-FLASH-CRIMSON-LIGHT-MAGENTA-BLACK-W-10-M-8-5,0,shopify,100,deny,manual,145.00,,TRUE,TRUE,,,,,,,,,,,,,,,,,,,https://res.cloudinary.com/dgvtynla7/image/upload/v1779029439/demo/products/nike_pegasus_42_womens_road_running_shoes_ib1881_602/variants-highres/IB1881-602/01.webp,lb,,,active
nike-pegasus-42-womens-road-running-shoes-ib1881-602,,,,,,,,Color,Lava Glow/Flash Crimson/Light Magenta/Black,Size,W 10.5 / M 9,,,NIKE-PEGASUS-42-WOMENS-ROAD-RUNNING-SHOES-IB1881-602-10-5-LAVA-GLOW-FLASH-CRIMSON-LIGHT-MAGENTA-BLACK-W-10-5-M-9,0,shopify,100,deny,manual,145.00,,TRUE,TRUE,,,,,,,,,,,,,,,,,,,https://res.cloudinary.com/dgvtynla7/image/upload/v1779029439/demo/products/nike_pegasus_42_womens_road_running_shoes_ib1881_602/variants-highres/IB1881-602/01.webp,lb,,,active
nike-pegasus-42-womens-road-running-shoes-ib1881-602,,,,,,,,Color,Lava Glow/Flash Crimson/Light Magenta/Black,Size,W 11 / M 9.5,,,NIKE-PEGASUS-42-WOMENS-ROAD-RUNNING-SHOES-IB1881-602-11-LAVA-GLOW-FLASH-CRIMSON-LIGHT-MAGENTA-BLACK-W-11-M-9-5,0,shopify,100,deny,manual,145.00,,TRUE,TRUE,,,,,,,,,,,,,,,,,,,https://res.cloudinary.com/dgvtynla7/image/upload/v1779029439/demo/products/nike_pegasus_42_womens_road_running_shoes_ib1881_602/variants-highres/IB1881-602/01.webp,lb,,,active
nike-pegasus-42-womens-road-running-shoes-ib1881-602,,,,,,,,Color,Lava Glow/Flash Crimson/Light Magenta/Black,Size,W 11.5 / M 10,,,NIKE-PEGASUS-42-WOMENS-ROAD-RUNNING-SHOES-IB1881-602-11-5-LAVA-GLOW-FLASH-CRIMSON-LIGHT-MAGENTA-BLACK-W-11-5-M-10,0,shopify,100,deny,manual,145.00,,TRUE,TRUE,,,,,,,,,,,,,,,,,,,https://res.cloudinary.com/dgvtynla7/image/upload/v1779029439/demo/products/nike_pegasus_42_womens_road_running_shoes_ib1881_602/variants-highres/IB1881-602/01.webp,lb,,,active
nike-pegasus-42-womens-road-running-shoes-ib1881-602,,,,,,,,Color,Lava Glow/Flash Crimson/Light Magenta/Black,Size,W 12 / M 10.5,,,NIKE-PEGASUS-42-WOMENS-ROAD-RUNNING-SHOES-IB1881-602-12-LAVA-GLOW-FLASH-CRIMSON-LIGHT-MAGENTA-BLACK-W-12-M-10-5,0,shopify,100,deny,manual,145.00,,TRUE,TRUE,,,,,,,,,,,,,,,,,,,https://res.cloudinary.com/dgvtynla7/image/upload/v1779029439/demo/products/nike_pegasus_42_womens_road_running_shoes_ib1881_602/variants-highres/IB1881-602/01.webp,lb,,,active
nike-pegasus-42-womens-road-running-shoes-ib1881-602,,,,,,,,Color,White/Wolf Grey/Cool Grey/Metallic Silver,Size,W 5 / M 3.5,,,NIKE-PEGASUS-42-WOMENS-ROAD-RUNNING-SHOES-IB1881-602-5-WHITE-WOLF-GREY-COOL-GREY-METALLIC-SILVER-W-5-M-3-5,0,shopify,100,deny,manual,145.00,,TRUE,TRUE,,,,,,,,,,,,,,,,,,,https://res.cloudinary.com/dgvtynla7/image/upload/v1779029491/demo/products/nike_pegasus_42_womens_road_running_shoes_ib1881_602/variants-highres/IB1881-102/01.webp,lb,,,active
nike-pegasus-42-womens-road-running-shoes-ib1881-602,,,,,,,,Color,White/Wolf Grey/Cool Grey/Metallic Silver,Size,W 5.5 / M 4,,,NIKE-PEGASUS-42-WOMENS-ROAD-RUNNING-SHOES-IB1881-602-5-5-WHITE-WOLF-GREY-COOL-GREY-METALLIC-SILVER-W-5-5-M-4,0,shopify,100,deny,manual,145.00,,TRUE,TRUE,,,,,,,,,,,,,,,,,,,https://res.cloudinary.com/dgvtynla7/image/upload/v1779029491/demo/products/nike_pegasus_42_womens_road_running_shoes_ib1881_602/variants-highres/IB1881-102/01.webp,lb,,,active
nike-pegasus-42-womens-road-running-shoes-ib1881-602,,,,,,,,Color,White/Wolf Grey/Cool Grey/Metallic Silver,Size,W 6 / M 4.5,,,NIKE-PEGASUS-42-WOMENS-ROAD-RUNNING-SHOES-IB1881-602-6-WHITE-WOLF-GREY-COOL-GREY-METALLIC-SILVER-W-6-M-4-5,0,shopify,100,deny,manual,145.00,,TRUE,TRUE,,,,,,,,,,,,,,,,,,,https://res.cloudinary.com/dgvtynla7/image/upload/v1779029491/demo/products/nike_pegasus_42_womens_road_running_shoes_ib1881_602/variants-highres/IB1881-102/01.webp,lb,,,active
nike-pegasus-42-womens-road-running-shoes-ib1881-602,,,,,,,,Color,White/Wolf Grey/Cool Grey/Metallic Silver,Size,W 6.5 / M 5,,,NIKE-PEGASUS-42-WOMENS-ROAD-RUNNING-SHOES-IB1881-602-6-5-WHITE-WOLF-GREY-COOL-GREY-METALLIC-SILVER-W-6-5-M-5,0,shopify,100,deny,manual,145.00,,TRUE,TRUE,,,,,,,,,,,,,,,,,,,https://res.cloudinary.com/dgvtynla7/image/upload/v1779029491/demo/products/nike_pegasus_42_womens_road_running_shoes_ib1881_602/variants-highres/IB1881-102/01.webp,lb,,,active
nike-pegasus-42-womens-road-running-shoes-ib1881-602,,,,,,,,Color,White/Wolf Grey/Cool Grey/Metallic Silver,Size,W 7 / M 5.5,,,NIKE-PEGASUS-42-WOMENS-ROAD-RUNNING-SHOES-IB1881-602-7-WHITE-WOLF-GREY-COOL-GREY-METALLIC-SILVER-W-7-M-5-5,0,shopify,100,deny,manual,145.00,,TRUE,TRUE,,,,,,,,,,,,,,,,,,,https://res.cloudinary.com/dgvtynla7/image/upload/v1779029491/demo/products/nike_pegasus_42_womens_road_running_shoes_ib1881_602/variants-highres/IB1881-102/01.webp,lb,,,active
nike-pegasus-42-womens-road-running-shoes-ib1881-602,,,,,,,,Color,White/Wolf Grey/Cool Grey/Metallic Silver,Size,W 7.5 / M 6,,,NIKE-PEGASUS-42-WOMENS-ROAD-RUNNING-SHOES-IB1881-602-7-5-WHITE-WOLF-GREY-COOL-GREY-METALLIC-SILVER-W-7-5-M-6,0,shopify,100,deny,manual,145.00,,TRUE,TRUE,,,,,,,,,,,,,,,,,,,https://res.cloudinary.com/dgvtynla7/image/upload/v1779029491/demo/products/nike_pegasus_42_womens_road_running_shoes_ib1881_602/variants-highres/IB1881-102/01.webp,lb,,,active
nike-pegasus-42-womens-road-running-shoes-ib1881-602,,,,,,,,Color,White/Wolf Grey/Cool Grey/Metallic Silver,Size,W 8 / M 6.5,,,NIKE-PEGASUS-42-WOMENS-ROAD-RUNNING-SHOES-IB1881-602-8-WHITE-WOLF-GREY-COOL-GREY-METALLIC-SILVER-W-8-M-6-5,0,shopify,100,deny,manual,145.00,,TRUE,TRUE,,,,,,,,,,,,,,,,,,,https://res.cloudinary.com/dgvtynla7/image/upload/v1779029491/demo/products/nike_pegasus_42_womens_road_running_shoes_ib1881_602/variants-highres/IB1881-102/01.webp,lb,,,active
nike-pegasus-42-womens-road-running-shoes-ib1881-602,,,,,,,,Color,White/Wolf Grey/Cool Grey/Metallic Silver,Size,W 8.5 / M 7,,,NIKE-PEGASUS-42-WOMENS-ROAD-RUNNING-SHOES-IB1881-602-8-5-WHITE-WOLF-GREY-COOL-GREY-METALLIC-SILVER-W-8-5-M-7,0,shopify,100,deny,manual,145.00,,TRUE,TRUE,,,,,,,,,,,,,,,,,,,https://res.cloudinary.com/dgvtynla7/image/upload/v1779029491/demo/products/nike_pegasus_42_womens_road_running_shoes_ib1881_602/variants-highres/IB1881-102/01.webp,lb,,,active
nike-pegasus-42-womens-road-running-shoes-ib1881-602,,,,,,,,Color,White/Wolf Grey/Cool Grey/Metallic Silver,Size,W 9 / M 7.5,,,NIKE-PEGASUS-42-WOMENS-ROAD-RUNNING-SHOES-IB1881-602-9-WHITE-WOLF-GREY-COOL-GREY-METALLIC-SILVER-W-9-M-7-5,0,shopify,100,deny,manual,145.00,,TRUE,TRUE,,,,,,,,,,,,,,,,,,,https://res.cloudinary.com/dgvtynla7/image/upload/v1779029491/demo/products/nike_pegasus_42_womens_road_running_shoes_ib1881_602/variants-highres/IB1881-102/01.webp,lb,,,active
nike-pegasus-42-womens-road-running-shoes-ib1881-602,,,,,,,,Color,White/Wolf Grey/Cool Grey/Metallic Silver,Size,W 9.5 / M 8,,,NIKE-PEGASUS-42-WOMENS-ROAD-RUNNING-SHOES-IB1881-602-9-5-WHITE-WOLF-GREY-COOL-GREY-METALLIC-SILVER-W-9-5-M-8,0,shopify,100,deny,manual,145.00,,TRUE,TRUE,,,,,,,,,,,,,,,,,,,https://res.cloudinary.com/dgvtynla7/image/upload/v1779029491/demo/products/nike_pegasus_42_womens_road_running_shoes_ib1881_602/variants-highres/IB1881-102/01.webp,lb,,,active
nike-pegasus-42-womens-road-running-shoes-ib1881-602,,,,,,,,Color,White/Wolf Grey/Cool Grey/Metallic Silver,Size,W 10 / M 8.5,,,NIKE-PEGASUS-42-WOMENS-ROAD-RUNNING-SHOES-IB1881-602-10-WHITE-WOLF-GREY-COOL-GREY-METALLIC-SILVER-W-10-M-8-5,0,shopify,100,deny,manual,145.00,,TRUE,TRUE,,,,,,,,,,,,,,,,,,,https://res.cloudinary.com/dgvtynla7/image/upload/v1779029491/demo/products/nike_pegasus_42_womens_road_running_shoes_ib1881_602/variants-highres/IB1881-102/01.webp,lb,,,active
nike-pegasus-42-womens-road-running-shoes-ib1881-602,,,,,,,,Color,White/Wolf Grey/Cool Grey/Metallic Silver,Size,W 10.5 / M 9,,,NIKE-PEGASUS-42-WOMENS-ROAD-RUNNING-SHOES-IB1881-602-10-5-WHITE-WOLF-GREY-COOL-GREY-METALLIC-SILVER-W-10-5-M-9,0,shopify,100,deny,manual,145.00,,TRUE,TRUE,,,,,,,,,,,,,,,,,,,https://res.cloudinary.com/dgvtynla7/image/upload/v1779029491/demo/products/nike_pegasus_42_womens_road_running_shoes_ib1881_602/variants-highres/IB1881-102/01.webp,lb,,,active
nike-pegasus-42-womens-road-running-shoes-ib1881-602,,,,,,,,Color,White/Wolf Grey/Cool Grey/Metallic Silver,Size,W 11 / M 9.5,,,NIKE-PEGASUS-42-WOMENS-ROAD-RUNNING-SHOES-IB1881-602-11-WHITE-WOLF-GREY-COOL-GREY-METALLIC-SILVER-W-11-M-9-5,0,shopify,100,deny,manual,145.00,,TRUE,TRUE,,,,,,,,,,,,,,,,,,,https://res.cloudinary.com/dgvtynla7/image/upload/v1779029491/demo/products/nike_pegasus_42_womens_road_running_shoes_ib1881_602/variants-highres/IB1881-102/01.webp,lb,,,active
nike-pegasus-42-womens-road-running-shoes-ib1881-602,,,,,,,,Color,White/Wolf Grey/Cool Grey/Metallic Silver,Size,W 11.5 / M 10,,,NIKE-PEGASUS-42-WOMENS-ROAD-RUNNING-SHOES-IB1881-602-11-5-WHITE-WOLF-GREY-COOL-GREY-METALLIC-SILVER-W-11-5-M-10,0,shopify,100,deny,manual,145.00,,TRUE,TRUE,,,,,,,,,,,,,,,,,,,https://res.cloudinary.com/dgvtynla7/image/upload/v1779029491/demo/products/nike_pegasus_42_womens_road_running_shoes_ib1881_602/variants-highres/IB1881-102/01.webp,lb,,,active
nike-pegasus-42-womens-road-running-shoes-ib1881-602,,,,,,,,Color,White/Wolf Grey/Cool Grey/Metallic Silver,Size,W 12 / M 10.5,,,NIKE-PEGASUS-42-WOMENS-ROAD-RUNNING-SHOES-IB1881-602-12-WHITE-WOLF-GREY-COOL-GREY-METALLIC-SILVER-W-12-M-10-5,0,shopify,100,deny,manual,145.00,,TRUE,TRUE,,,,,,,,,,,,,,,,,,,https://res.cloudinary.com/dgvtynla7/image/upload/v1779029491/demo/products/nike_pegasus_42_womens_road_running_shoes_ib1881_602/variants-highres/IB1881-102/01.webp,lb,,,active
nike-pegasus-42-womens-road-running-shoes-ib1881-602,,,,,,,,Color,Chalk/Orange Pulse/Bright Violet/Tattoo,Size,W 5 / M 3.5,,,NIKE-PEGASUS-42-WOMENS-ROAD-RUNNING-SHOES-IB1881-602-5-CHALK-ORANGE-PULSE-BRIGHT-VIOLET-TATTOO-W-5-M-3-5,0,shopify,100,deny,manual,145.00,,TRUE,TRUE,,,,,,,,,,,,,,,,,,,https://res.cloudinary.com/dgvtynla7/image/upload/v1779029534/demo/products/nike_pegasus_42_womens_road_running_shoes_ib1881_602/variants-highres/IB1881-113/01.webp,lb,,,active
nike-pegasus-42-womens-road-running-shoes-ib1881-602,,,,,,,,Color,Chalk/Orange Pulse/Bright Violet/Tattoo,Size,W 5.5 / M 4,,,NIKE-PEGASUS-42-WOMENS-ROAD-RUNNING-SHOES-IB1881-602-5-5-CHALK-ORANGE-PULSE-BRIGHT-VIOLET-TATTOO-W-5-5-M-4,0,shopify,100,deny,manual,145.00,,TRUE,TRUE,,,,,,,,,,,,,,,,,,,https://res.cloudinary.com/dgvtynla7/image/upload/v1779029534/demo/products/nike_pegasus_42_womens_road_running_shoes_ib1881_602/variants-highres/IB1881-113/01.webp,lb,,,active
nike-pegasus-42-womens-road-running-shoes-ib1881-602,,,,,,,,Color,Chalk/Orange Pulse/Bright Violet/Tattoo,Size,W 6 / M 4.5,,,NIKE-PEGASUS-42-WOMENS-ROAD-RUNNING-SHOES-IB1881-602-6-CHALK-ORANGE-PULSE-BRIGHT-VIOLET-TATTOO-W-6-M-4-5,0,shopify,100,deny,manual,145.00,,TRUE,TRUE,,,,,,,,,,,,,,,,,,,https://res.cloudinary.com/dgvtynla7/image/upload/v1779029534/demo/products/nike_pegasus_42_womens_road_running_shoes_ib1881_602/variants-highres/IB1881-113/01.webp,lb,,,active
nike-pegasus-42-womens-road-running-shoes-ib1881-602,,,,,,,,Color,Chalk/Orange Pulse/Bright Violet/Tattoo,Size,W 6.5 / M 5,,,NIKE-PEGASUS-42-WOMENS-ROAD-RUNNING-SHOES-IB1881-602-6-5-CHALK-ORANGE-PULSE-BRIGHT-VIOLET-TATTOO-W-6-5-M-5,0,shopify,100,deny,manual,145.00,,TRUE,TRUE,,,,,,,,,,,,,,,,,,,https://res.cloudinary.com/dgvtynla7/image/upload/v1779029534/demo/products/nike_pegasus_42_womens_road_running_shoes_ib1881_602/variants-highres/IB1881-113/01.webp,lb,,,active
nike-pegasus-42-womens-road-running-shoes-ib1881-602,,,,,,,,Color,Chalk/Orange Pulse/Bright Violet/Tattoo,Size,W 7 / M 5.5,,,NIKE-PEGASUS-42-WOMENS-ROAD-RUNNING-SHOES-IB1881-602-7-CHALK-ORANGE-PULSE-BRIGHT-VIOLET-TATTOO-W-7-M-5-5,0,shopify,100,deny,manual,145.00,,TRUE,TRUE,,,,,,,,,,,,,,,,,,,https://res.cloudinary.com/dgvtynla7/image/upload/v1779029534/demo/products/nike_pegasus_42_womens_road_running_shoes_ib1881_602/variants-highres/IB1881-113/01.webp,lb,,,active
nike-pegasus-42-womens-road-running-shoes-ib1881-602,,,,,,,,Color,Chalk/Orange Pulse/Bright Violet/Tattoo,Size,W 7.5 / M 6,,,NIKE-PEGASUS-42-WOMENS-ROAD-RUNNING-SHOES-IB1881-602-7-5-CHALK-ORANGE-PULSE-BRIGHT-VIOLET-TATTOO-W-7-5-M-6,0,shopify,100,deny,manual,145.00,,TRUE,TRUE,,,,,,,,,,,,,,,,,,,https://res.cloudinary.com/dgvtynla7/image/upload/v1779029534/demo/products/nike_pegasus_42_womens_road_running_shoes_ib1881_602/variants-highres/IB1881-113/01.webp,lb,,,active
nike-pegasus-42-womens-road-running-shoes-ib1881-602,,,,,,,,Color,Chalk/Orange Pulse/Bright Violet/Tattoo,Size,W 8 / M 6.5,,,NIKE-PEGASUS-42-WOMENS-ROAD-RUNNING-SHOES-IB1881-602-8-CHALK-ORANGE-PULSE-BRIGHT-VIOLET-TATTOO-W-8-M-6-5,0,shopify,100,deny,manual,145.00,,TRUE,TRUE,,,,,,,,,,,,,,,,,,,https://res.cloudinary.com/dgvtynla7/image/upload/v1779029534/demo/products/nike_pegasus_42_womens_road_running_shoes_ib1881_602/variants-highres/IB1881-113/01.webp,lb,,,active
nike-pegasus-42-womens-road-running-shoes-ib1881-602,,,,,,,,Color,Chalk/Orange Pulse/Bright Violet/Tattoo,Size,W 8.5 / M 7,,,NIKE-PEGASUS-42-WOMENS-ROAD-RUNNING-SHOES-IB1881-602-8-5-CHALK-ORANGE-PULSE-BRIGHT-VIOLET-TATTOO-W-8-5-M-7,0,shopify,100,deny,manual,145.00,,TRUE,TRUE,,,,,,,,,,,,,,,,,,,https://res.cloudinary.com/dgvtynla7/image/upload/v1779029534/demo/products/nike_pegasus_42_womens_road_running_shoes_ib1881_602/variants-highres/IB1881-113/01.webp,lb,,,active
nike-pegasus-42-womens-road-running-shoes-ib1881-602,,,,,,,,Color,Chalk/Orange Pulse/Bright Violet/Tattoo,Size,W 9 / M 7.5,,,NIKE-PEGASUS-42-WOMENS-ROAD-RUNNING-SHOES-IB1881-602-9-CHALK-ORANGE-PULSE-BRIGHT-VIOLET-TATTOO-W-9-M-7-5,0,shopify,100,deny,manual,145.00,,TRUE,TRUE,,,,,,,,,,,,,,,,,,,https://res.cloudinary.com/dgvtynla7/image/upload/v1779029534/demo/products/nike_pegasus_42_womens_road_running_shoes_ib1881_602/variants-highres/IB1881-113/01.webp,lb,,,active
nike-pegasus-42-womens-road-running-shoes-ib1881-602,,,,,,,,Color,Chalk/Orange Pulse/Bright Violet/Tattoo,Size,W 9.5 / M 8,,,NIKE-PEGASUS-42-WOMENS-ROAD-RUNNING-SHOES-IB1881-602-9-5-CHALK-ORANGE-PULSE-BRIGHT-VIOLET-TATTOO-W-9-5-M-8,0,shopify,100,deny,manual,145.00,,TRUE,TRUE,,,,,,,,,,,,,,,,,,,https://res.cloudinary.com/dgvtynla7/image/upload/v1779029534/demo/products/nike_pegasus_42_womens_road_running_shoes_ib1881_602/variants-highres/IB1881-113/01.webp,lb,,,active
nike-pegasus-42-womens-road-running-shoes-ib1881-602,,,,,,,,Color,Chalk/Orange Pulse/Bright Violet/Tattoo,Size,W 10 / M 8.5,,,NIKE-PEGASUS-42-WOMENS-ROAD-RUNNING-SHOES-IB1881-602-10-CHALK-ORANGE-PULSE-BRIGHT-VIOLET-TATTOO-W-10-M-8-5,0,shopify,100,deny,manual,145.00,,TRUE,TRUE,,,,,,,,,,,,,,,,,,,https://res.cloudinary.com/dgvtynla7/image/upload/v1779029534/demo/products/nike_pegasus_42_womens_road_running_shoes_ib1881_602/variants-highres/IB1881-113/01.webp,lb,,,active
nike-pegasus-42-womens-road-running-shoes-ib1881-602,,,,,,,,Color,Chalk/Orange Pulse/Bright Violet/Tattoo,Size,W 10.5 / M 9,,,NIKE-PEGASUS-42-WOMENS-ROAD-RUNNING-SHOES-IB1881-602-10-5-CHALK-ORANGE-PULSE-BRIGHT-VIOLET-TATTOO-W-10-5-M-9,0,shopify,100,deny,manual,145.00,,TRUE,TRUE,,,,,,,,,,,,,,,,,,,https://res.cloudinary.com/dgvtynla7/image/upload/v1779029534/demo/products/nike_pegasus_42_womens_road_running_shoes_ib1881_602/variants-highres/IB1881-113/01.webp,lb,,,active
nike-pegasus-42-womens-road-running-shoes-ib1881-602,,,,,,,,Color,Chalk/Orange Pulse/Bright Violet/Tattoo,Size,W 11 / M 9.5,,,NIKE-PEGASUS-42-WOMENS-ROAD-RUNNING-SHOES-IB1881-602-11-CHALK-ORANGE-PULSE-BRIGHT-VIOLET-TATTOO-W-11-M-9-5,0,shopify,100,deny,manual,145.00,,TRUE,TRUE,,,,,,,,,,,,,,,,,,,https://res.cloudinary.com/dgvtynla7/image/upload/v1779029534/demo/products/nike_pegasus_42_womens_road_running_shoes_ib1881_602/variants-highres/IB1881-113/01.webp,lb,,,active
nike-pegasus-42-womens-road-running-shoes-ib1881-602,,,,,,,,Color,Chalk/Orange Pulse/Bright Violet/Tattoo,Size,W 11.5 / M 10,,,NIKE-PEGASUS-42-WOMENS-ROAD-RUNNING-SHOES-IB1881-602-11-5-CHALK-ORANGE-PULSE-BRIGHT-VIOLET-TATTOO-W-11-5-M-10,0,shopify,100,deny,manual,145.00,,TRUE,TRUE,,,,,,,,,,,,,,,,,,,https://res.cloudinary.com/dgvtynla7/image/upload/v1779029534/demo/products/nike_pegasus_42_womens_road_running_shoes_ib1881_602/variants-highres/IB1881-113/01.webp,lb,,,active
nike-pegasus-42-womens-road-running-shoes-ib1881-602,,,,,,,,Color,Chalk/Orange Pulse/Bright Violet/Tattoo,Size,W 12 / M 10.5,,,NIKE-PEGASUS-42-WOMENS-ROAD-RUNNING-SHOES-IB1881-602-12-CHALK-ORANGE-PULSE-BRIGHT-VIOLET-TATTOO-W-12-M-10-5,0,shopify,100,deny,manual,145.00,,TRUE,TRUE,,,,,,,,,,,,,,,,,,,https://res.cloudinary.com/dgvtynla7/image/upload/v1779029534/demo/products/nike_pegasus_42_womens_road_running_shoes_ib1881_602/variants-highres/IB1881-113/01.webp,lb,,,active
nike-pegasus-42-womens-road-running-shoes-ib1881-602,,,,,,,,Color,Light Bone/Arctic Orange/Chalk/Metallic Silver,Size,W 5 / M 3.5,,,NIKE-PEGASUS-42-WOMENS-ROAD-RUNNING-SHOES-IB1881-602-5-LIGHT-BONE-ARCTIC-ORANGE-CHALK-METALLIC-SILVER-W-5-M-3-5,0,shopify,100,deny,manual,145.00,,TRUE,TRUE,,,,,,,,,,,,,,,,,,,https://res.cloudinary.com/dgvtynla7/image/upload/v1779029577/demo/products/nike_pegasus_42_womens_road_running_shoes_ib1881_602/variants-highres/IB1881-002/01.webp,lb,,,active
nike-pegasus-42-womens-road-running-shoes-ib1881-602,,,,,,,,Color,Light Bone/Arctic Orange/Chalk/Metallic Silver,Size,W 5.5 / M 4,,,NIKE-PEGASUS-42-WOMENS-ROAD-RUNNING-SHOES-IB1881-602-5-5-LIGHT-BONE-ARCTIC-ORANGE-CHALK-METALLIC-SILVER-W-5-5-M-4,0,shopify,100,deny,manual,145.00,,TRUE,TRUE,,,,,,,,,,,,,,,,,,,https://res.cloudinary.com/dgvtynla7/image/upload/v1779029577/demo/products/nike_pegasus_42_womens_road_running_shoes_ib1881_602/variants-highres/IB1881-002/01.webp,lb,,,active
nike-pegasus-42-womens-road-running-shoes-ib1881-602,,,,,,,,Color,Light Bone/Arctic Orange/Chalk/Metallic Silver,Size,W 6 / M 4.5,,,NIKE-PEGASUS-42-WOMENS-ROAD-RUNNING-SHOES-IB1881-602-6-LIGHT-BONE-ARCTIC-ORANGE-CHALK-METALLIC-SILVER-W-6-M-4-5,0,shopify,100,deny,manual,145.00,,TRUE,TRUE,,,,,,,,,,,,,,,,,,,https://res.cloudinary.com/dgvtynla7/image/upload/v1779029577/demo/products/nike_pegasus_42_womens_road_running_shoes_ib1881_602/variants-highres/IB1881-002/01.webp,lb,,,active
nike-pegasus-42-womens-road-running-shoes-ib1881-602,,,,,,,,Color,Light Bone/Arctic Orange/Chalk/Metallic Silver,Size,W 6.5 / M 5,,,NIKE-PEGASUS-42-WOMENS-ROAD-RUNNING-SHOES-IB1881-602-6-5-LIGHT-BONE-ARCTIC-ORANGE-CHALK-METALLIC-SILVER-W-6-5-M-5,0,shopify,100,deny,manual,145.00,,TRUE,TRUE,,,,,,,,,,,,,,,,,,,https://res.cloudinary.com/dgvtynla7/image/upload/v1779029577/demo/products/nike_pegasus_42_womens_road_running_shoes_ib1881_602/variants-highres/IB1881-002/01.webp,lb,,,active
nike-pegasus-42-womens-road-running-shoes-ib1881-602,,,,,,,,Color,Light Bone/Arctic Orange/Chalk/Metallic Silver,Size,W 7 / M 5.5,,,NIKE-PEGASUS-42-WOMENS-ROAD-RUNNING-SHOES-IB1881-602-7-LIGHT-BONE-ARCTIC-ORANGE-CHALK-METALLIC-SILVER-W-7-M-5-5,0,shopify,100,deny,manual,145.00,,TRUE,TRUE,,,,,,,,,,,,,,,,,,,https://res.cloudinary.com/dgvtynla7/image/upload/v1779029577/demo/products/nike_pegasus_42_womens_road_running_shoes_ib1881_602/variants-highres/IB1881-002/01.webp,lb,,,active
nike-pegasus-42-womens-road-running-shoes-ib1881-602,,,,,,,,Color,Light Bone/Arctic Orange/Chalk/Metallic Silver,Size,W 7.5 / M 6,,,NIKE-PEGASUS-42-WOMENS-ROAD-RUNNING-SHOES-IB1881-602-7-5-LIGHT-BONE-ARCTIC-ORANGE-CHALK-METALLIC-SILVER-W-7-5-M-6,0,shopify,100,deny,manual,145.00,,TRUE,TRUE,,,,,,,,,,,,,,,,,,,https://res.cloudinary.com/dgvtynla7/image/upload/v1779029577/demo/products/nike_pegasus_42_womens_road_running_shoes_ib1881_602/variants-highres/IB1881-002/01.webp,lb,,,active
nike-pegasus-42-womens-road-running-shoes-ib1881-602,,,,,,,,Color,Light Bone/Arctic Orange/Chalk/Metallic Silver,Size,W 8 / M 6.5,,,NIKE-PEGASUS-42-WOMENS-ROAD-RUNNING-SHOES-IB1881-602-8-LIGHT-BONE-ARCTIC-ORANGE-CHALK-METALLIC-SILVER-W-8-M-6-5,0,shopify,100,deny,manual,145.00,,TRUE,TRUE,,,,,,,,,,,,,,,,,,,https://res.cloudinary.com/dgvtynla7/image/upload/v1779029577/demo/products/nike_pegasus_42_womens_road_running_shoes_ib1881_602/variants-highres/IB1881-002/01.webp,lb,,,active
nike-pegasus-42-womens-road-running-shoes-ib1881-602,,,,,,,,Color,Light Bone/Arctic Orange/Chalk/Metallic Silver,Size,W 8.5 / M 7,,,NIKE-PEGASUS-42-WOMENS-ROAD-RUNNING-SHOES-IB1881-602-8-5-LIGHT-BONE-ARCTIC-ORANGE-CHALK-METALLIC-SILVER-W-8-5-M-7,0,shopify,100,deny,manual,145.00,,TRUE,TRUE,,,,,,,,,,,,,,,,,,,https://res.cloudinary.com/dgvtynla7/image/upload/v1779029577/demo/products/nike_pegasus_42_womens_road_running_shoes_ib1881_602/variants-highres/IB1881-002/01.webp,lb,,,active
nike-pegasus-42-womens-road-running-shoes-ib1881-602,,,,,,,,Color,Light Bone/Arctic Orange/Chalk/Metallic Silver,Size,W 9 / M 7.5,,,NIKE-PEGASUS-42-WOMENS-ROAD-RUNNING-SHOES-IB1881-602-9-LIGHT-BONE-ARCTIC-ORANGE-CHALK-METALLIC-SILVER-W-9-M-7-5,0,shopify,100,deny,manual,145.00,,TRUE,TRUE,,,,,,,,,,,,,,,,,,,https://res.cloudinary.com/dgvtynla7/image/upload/v1779029577/demo/products/nike_pegasus_42_womens_road_running_shoes_ib1881_602/variants-highres/IB1881-002/01.webp,lb,,,active
nike-pegasus-42-womens-road-running-shoes-ib1881-602,,,,,,,,Color,Light Bone/Arctic Orange/Chalk/Metallic Silver,Size,W 9.5 / M 8,,,NIKE-PEGASUS-42-WOMENS-ROAD-RUNNING-SHOES-IB1881-602-9-5-LIGHT-BONE-ARCTIC-ORANGE-CHALK-METALLIC-SILVER-W-9-5-M-8,0,shopify,100,deny,manual,145.00,,TRUE,TRUE,,,,,,,,,,,,,,,,,,,https://res.cloudinary.com/dgvtynla7/image/upload/v1779029577/demo/products/nike_pegasus_42_womens_road_running_shoes_ib1881_602/variants-highres/IB1881-002/01.webp,lb,,,active
nike-pegasus-42-womens-road-running-shoes-ib1881-602,,,,,,,,Color,Light Bone/Arctic Orange/Chalk/Metallic Silver,Size,W 10 / M 8.5,,,NIKE-PEGASUS-42-WOMENS-ROAD-RUNNING-SHOES-IB1881-602-10-LIGHT-BONE-ARCTIC-ORANGE-CHALK-METALLIC-SILVER-W-10-M-8-5,0,shopify,100,deny,manual,145.00,,TRUE,TRUE,,,,,,,,,,,,,,,,,,,https://res.cloudinary.com/dgvtynla7/image/upload/v1779029577/demo/products/nike_pegasus_42_womens_road_running_shoes_ib1881_602/variants-highres/IB1881-002/01.webp,lb,,,active
nike-pegasus-42-womens-road-running-shoes-ib1881-602,,,,,,,,Color,Light Bone/Arctic Orange/Chalk/Metallic Silver,Size,W 10.5 / M 9,,,NIKE-PEGASUS-42-WOMENS-ROAD-RUNNING-SHOES-IB1881-602-10-5-LIGHT-BONE-ARCTIC-ORANGE-CHALK-METALLIC-SILVER-W-10-5-M-9,0,shopify,100,deny,manual,145.00,,TRUE,TRUE,,,,,,,,,,,,,,,,,,,https://res.cloudinary.com/dgvtynla7/image/upload/v1779029577/demo/products/nike_pegasus_42_womens_road_running_shoes_ib1881_602/variants-highres/IB1881-002/01.webp,lb,,,active
nike-pegasus-42-womens-road-running-shoes-ib1881-602,,,,,,,,Color,Light Bone/Arctic Orange/Chalk/Metallic Silver,Size,W 11 / M 9.5,,,NIKE-PEGASUS-42-WOMENS-ROAD-RUNNING-SHOES-IB1881-602-11-LIGHT-BONE-ARCTIC-ORANGE-CHALK-METALLIC-SILVER-W-11-M-9-5,0,shopify,100,deny,manual,145.00,,TRUE,TRUE,,,,,,,,,,,,,,,,,,,https://res.cloudinary.com/dgvtynla7/image/upload/v1779029577/demo/products/nike_pegasus_42_womens_road_running_shoes_ib1881_602/variants-highres/IB1881-002/01.webp,lb,,,active
nike-pegasus-42-womens-road-running-shoes-ib1881-602,,,,,,,,Color,Light Bone/Arctic Orange/Chalk/Metallic Silver,Size,W 11.5 / M 10,,,NIKE-PEGASUS-42-WOMENS-ROAD-RUNNING-SHOES-IB1881-602-11-5-LIGHT-BONE-ARCTIC-ORANGE-CHALK-METALLIC-SILVER-W-11-5-M-10,0,shopify,100,deny,manual,145.00,,TRUE,TRUE,,,,,,,,,,,,,,,,,,,https://res.cloudinary.com/dgvtynla7/image/upload/v1779029577/demo/products/nike_pegasus_42_womens_road_running_shoes_ib1881_602/variants-highres/IB1881-002/01.webp,lb,,,active
nike-pegasus-42-womens-road-running-shoes-ib1881-602,,,,,,,,Color,Light Bone/Arctic Orange/Chalk/Metallic Silver,Size,W 12 / M 10.5,,,NIKE-PEGASUS-42-WOMENS-ROAD-RUNNING-SHOES-IB1881-602-12-LIGHT-BONE-ARCTIC-ORANGE-CHALK-METALLIC-SILVER-W-12-M-10-5,0,shopify,100,deny,manual,145.00,,TRUE,TRUE,,,,,,,,,,,,,,,,,,,https://res.cloudinary.com/dgvtynla7/image/upload/v1779029577/demo/products/nike_pegasus_42_womens_road_running_shoes_ib1881_602/variants-highres/IB1881-002/01.webp,lb,,,active
nike-pegasus-42-womens-road-running-shoes-ib1881-602,,,,,,,,Color,White/Malachite/Barely Green/Metallic Silver,Size,W 5 / M 3.5,,,NIKE-PEGASUS-42-WOMENS-ROAD-RUNNING-SHOES-IB1881-602-5-WHITE-MALACHITE-BARELY-GREEN-METALLIC-SILVER-W-5-M-3-5,0,shopify,100,deny,manual,145.00,,TRUE,TRUE,,,,,,,,,,,,,,,,,,,https://res.cloudinary.com/dgvtynla7/image/upload/v1779029620/demo/products/nike_pegasus_42_womens_road_running_shoes_ib1881_602/variants-highres/IB1881-100/01.webp,lb,,,active
nike-pegasus-42-womens-road-running-shoes-ib1881-602,,,,,,,,Color,White/Malachite/Barely Green/Metallic Silver,Size,W 5.5 / M 4,,,NIKE-PEGASUS-42-WOMENS-ROAD-RUNNING-SHOES-IB1881-602-5-5-WHITE-MALACHITE-BARELY-GREEN-METALLIC-SILVER-W-5-5-M-4,0,shopify,100,deny,manual,145.00,,TRUE,TRUE,,,,,,,,,,,,,,,,,,,https://res.cloudinary.com/dgvtynla7/image/upload/v1779029620/demo/products/nike_pegasus_42_womens_road_running_shoes_ib1881_602/variants-highres/IB1881-100/01.webp,lb,,,active
nike-pegasus-42-womens-road-running-shoes-ib1881-602,,,,,,,,Color,White/Malachite/Barely Green/Metallic Silver,Size,W 6 / M 4.5,,,NIKE-PEGASUS-42-WOMENS-ROAD-RUNNING-SHOES-IB1881-602-6-WHITE-MALACHITE-BARELY-GREEN-METALLIC-SILVER-W-6-M-4-5,0,shopify,100,deny,manual,145.00,,TRUE,TRUE,,,,,,,,,,,,,,,,,,,https://res.cloudinary.com/dgvtynla7/image/upload/v1779029620/demo/products/nike_pegasus_42_womens_road_running_shoes_ib1881_602/variants-highres/IB1881-100/01.webp,lb,,,active
nike-pegasus-42-womens-road-running-shoes-ib1881-602,,,,,,,,Color,White/Malachite/Barely Green/Metallic Silver,Size,W 6.5 / M 5,,,NIKE-PEGASUS-42-WOMENS-ROAD-RUNNING-SHOES-IB1881-602-6-5-WHITE-MALACHITE-BARELY-GREEN-METALLIC-SILVER-W-6-5-M-5,0,shopify,100,deny,manual,145.00,,TRUE,TRUE,,,,,,,,,,,,,,,,,,,https://res.cloudinary.com/dgvtynla7/image/upload/v1779029620/demo/products/nike_pegasus_42_womens_road_running_shoes_ib1881_602/variants-highres/IB1881-100/01.webp,lb,,,active
nike-pegasus-42-womens-road-running-shoes-ib1881-602,,,,,,,,Color,White/Malachite/Barely Green/Metallic Silver,Size,W 7 / M 5.5,,,NIKE-PEGASUS-42-WOMENS-ROAD-RUNNING-SHOES-IB1881-602-7-WHITE-MALACHITE-BARELY-GREEN-METALLIC-SILVER-W-7-M-5-5,0,shopify,100,deny,manual,145.00,,TRUE,TRUE,,,,,,,,,,,,,,,,,,,https://res.cloudinary.com/dgvtynla7/image/upload/v1779029620/demo/products/nike_pegasus_42_womens_road_running_shoes_ib1881_602/variants-highres/IB1881-100/01.webp,lb,,,active
nike-pegasus-42-womens-road-running-shoes-ib1881-602,,,,,,,,Color,White/Malachite/Barely Green/Metallic Silver,Size,W 7.5 / M 6,,,NIKE-PEGASUS-42-WOMENS-ROAD-RUNNING-SHOES-IB1881-602-7-5-WHITE-MALACHITE-BARELY-GREEN-METALLIC-SILVER-W-7-5-M-6,0,shopify,100,deny,manual,145.00,,TRUE,TRUE,,,,,,,,,,,,,,,,,,,https://res.cloudinary.com/dgvtynla7/image/upload/v1779029620/demo/products/nike_pegasus_42_womens_road_running_shoes_ib1881_602/variants-highres/IB1881-100/01.webp,lb,,,active
nike-pegasus-42-womens-road-running-shoes-ib1881-602,,,,,,,,Color,White/Malachite/Barely Green/Metallic Silver,Size,W 8 / M 6.5,,,NIKE-PEGASUS-42-WOMENS-ROAD-RUNNING-SHOES-IB1881-602-8-WHITE-MALACHITE-BARELY-GREEN-METALLIC-SILVER-W-8-M-6-5,0,shopify,100,deny,manual,145.00,,TRUE,TRUE,,,,,,,,,,,,,,,,,,,https://res.cloudinary.com/dgvtynla7/image/upload/v1779029620/demo/products/nike_pegasus_42_womens_road_running_shoes_ib1881_602/variants-highres/IB1881-100/01.webp,lb,,,active
nike-pegasus-42-womens-road-running-shoes-ib1881-602,,,,,,,,Color,White/Malachite/Barely Green/Metallic Silver,Size,W 8.5 / M 7,,,NIKE-PEGASUS-42-WOMENS-ROAD-RUNNING-SHOES-IB1881-602-8-5-WHITE-MALACHITE-BARELY-GREEN-METALLIC-SILVER-W-8-5-M-7,0,shopify,100,deny,manual,145.00,,TRUE,TRUE,,,,,,,,,,,,,,,,,,,https://res.cloudinary.com/dgvtynla7/image/upload/v1779029620/demo/products/nike_pegasus_42_womens_road_running_shoes_ib1881_602/variants-highres/IB1881-100/01.webp,lb,,,active
nike-pegasus-42-womens-road-running-shoes-ib1881-602,,,,,,,,Color,White/Malachite/Barely Green/Metallic Silver,Size,W 9 / M 7.5,,,NIKE-PEGASUS-42-WOMENS-ROAD-RUNNING-SHOES-IB1881-602-9-WHITE-MALACHITE-BARELY-GREEN-METALLIC-SILVER-W-9-M-7-5,0,shopify,100,deny,manual,145.00,,TRUE,TRUE,,,,,,,,,,,,,,,,,,,https://res.cloudinary.com/dgvtynla7/image/upload/v1779029620/demo/products/nike_pegasus_42_womens_road_running_shoes_ib1881_602/variants-highres/IB1881-100/01.webp,lb,,,active
nike-pegasus-42-womens-road-running-shoes-ib1881-602,,,,,,,,Color,White/Malachite/Barely Green/Metallic Silver,Size,W 9.5 / M 8,,,NIKE-PEGASUS-42-WOMENS-ROAD-RUNNING-SHOES-IB1881-602-9-5-WHITE-MALACHITE-BARELY-GREEN-METALLIC-SILVER-W-9-5-M-8,0,shopify,100,deny,manual,145.00,,TRUE,TRUE,,,,,,,,,,,,,,,,,,,https://res.cloudinary.com/dgvtynla7/image/upload/v1779029620/demo/products/nike_pegasus_42_womens_road_running_shoes_ib1881_602/variants-highres/IB1881-100/01.webp,lb,,,active
nike-pegasus-42-womens-road-running-shoes-ib1881-602,,,,,,,,Color,White/Malachite/Barely Green/Metallic Silver,Size,W 10 / M 8.5,,,NIKE-PEGASUS-42-WOMENS-ROAD-RUNNING-SHOES-IB1881-602-10-WHITE-MALACHITE-BARELY-GREEN-METALLIC-SILVER-W-10-M-8-5,0,shopify,100,deny,manual,145.00,,TRUE,TRUE,,,,,,,,,,,,,,,,,,,https://res.cloudinary.com/dgvtynla7/image/upload/v1779029620/demo/products/nike_pegasus_42_womens_road_running_shoes_ib1881_602/variants-highres/IB1881-100/01.webp,lb,,,active
nike-pegasus-42-womens-road-running-shoes-ib1881-602,,,,,,,,Color,White/Malachite/Barely Green/Metallic Silver,Size,W 10.5 / M 9,,,NIKE-PEGASUS-42-WOMENS-ROAD-RUNNING-SHOES-IB1881-602-10-5-WHITE-MALACHITE-BARELY-GREEN-METALLIC-SILVER-W-10-5-M-9,0,shopify,100,deny,manual,145.00,,TRUE,TRUE,,,,,,,,,,,,,,,,,,,https://res.cloudinary.com/dgvtynla7/image/upload/v1779029620/demo/products/nike_pegasus_42_womens_road_running_shoes_ib1881_602/variants-highres/IB1881-100/01.webp,lb,,,active
nike-pegasus-42-womens-road-running-shoes-ib1881-602,,,,,,,,Color,White/Malachite/Barely Green/Metallic Silver,Size,W 11 / M 9.5,,,NIKE-PEGASUS-42-WOMENS-ROAD-RUNNING-SHOES-IB1881-602-11-WHITE-MALACHITE-BARELY-GREEN-METALLIC-SILVER-W-11-M-9-5,0,shopify,100,deny,manual,145.00,,TRUE,TRUE,,,,,,,,,,,,,,,,,,,https://res.cloudinary.com/dgvtynla7/image/upload/v1779029620/demo/products/nike_pegasus_42_womens_road_running_shoes_ib1881_602/variants-highres/IB1881-100/01.webp,lb,,,active
nike-pegasus-42-womens-road-running-shoes-ib1881-602,,,,,,,,Color,White/Malachite/Barely Green/Metallic Silver,Size,W 11.5 / M 10,,,NIKE-PEGASUS-42-WOMENS-ROAD-RUNNING-SHOES-IB1881-602-11-5-WHITE-MALACHITE-BARELY-GREEN-METALLIC-SILVER-W-11-5-M-10,0,shopify,100,deny,manual,145.00,,TRUE,TRUE,,,,,,,,,,,,,,,,,,,https://res.cloudinary.com/dgvtynla7/image/upload/v1779029620/demo/products/nike_pegasus_42_womens_road_running_shoes_ib1881_602/variants-highres/IB1881-100/01.webp,lb,,,active
nike-pegasus-42-womens-road-running-shoes-ib1881-602,,,,,,,,Color,White/Malachite/Barely Green/Metallic Silver,Size,W 12 / M 10.5,,,NIKE-PEGASUS-42-WOMENS-ROAD-RUNNING-SHOES-IB1881-602-12-WHITE-MALACHITE-BARELY-GREEN-METALLIC-SILVER-W-12-M-10-5,0,shopify,100,deny,manual,145.00,,TRUE,TRUE,,,,,,,,,,,,,,,,,,,https://res.cloudinary.com/dgvtynla7/image/upload/v1779029620/demo/products/nike_pegasus_42_womens_road_running_shoes_ib1881_602/variants-highres/IB1881-100/01.webp,lb,,,active
nike-pegasus-42-womens-road-running-shoes-ib1881-602,,,,,,,,Color,Bleached Lilac/Work Blue/Barely Green/Blue Void,Size,W 5 / M 3.5,,,NIKE-PEGASUS-42-WOMENS-ROAD-RUNNING-SHOES-IB1881-602-5-BLEACHED-LILAC-WORK-BLUE-BARELY-GREEN-BLUE-VOID-W-5-M-3-5,0,shopify,100,deny,manual,145.00,,TRUE,TRUE,,,,,,,,,,,,,,,,,,,https://res.cloudinary.com/dgvtynla7/image/upload/v1779029666/demo/products/nike_pegasus_42_womens_road_running_shoes_ib1881_602/variants-highres/IB1881-500/01.webp,lb,,,active
nike-pegasus-42-womens-road-running-shoes-ib1881-602,,,,,,,,Color,Bleached Lilac/Work Blue/Barely Green/Blue Void,Size,W 5.5 / M 4,,,NIKE-PEGASUS-42-WOMENS-ROAD-RUNNING-SHOES-IB1881-602-5-5-BLEACHED-LILAC-WORK-BLUE-BARELY-GREEN-BLUE-VOID-W-5-5-M-4,0,shopify,100,deny,manual,145.00,,TRUE,TRUE,,,,,,,,,,,,,,,,,,,https://res.cloudinary.com/dgvtynla7/image/upload/v1779029666/demo/products/nike_pegasus_42_womens_road_running_shoes_ib1881_602/variants-highres/IB1881-500/01.webp,lb,,,active
nike-pegasus-42-womens-road-running-shoes-ib1881-602,,,,,,,,Color,Bleached Lilac/Work Blue/Barely Green/Blue Void,Size,W 6 / M 4.5,,,NIKE-PEGASUS-42-WOMENS-ROAD-RUNNING-SHOES-IB1881-602-6-BLEACHED-LILAC-WORK-BLUE-BARELY-GREEN-BLUE-VOID-W-6-M-4-5,0,shopify,100,deny,manual,145.00,,TRUE,TRUE,,,,,,,,,,,,,,,,,,,https://res.cloudinary.com/dgvtynla7/image/upload/v1779029666/demo/products/nike_pegasus_42_womens_road_running_shoes_ib1881_602/variants-highres/IB1881-500/01.webp,lb,,,active
nike-pegasus-42-womens-road-running-shoes-ib1881-602,,,,,,,,Color,Bleached Lilac/Work Blue/Barely Green/Blue Void,Size,W 6.5 / M 5,,,NIKE-PEGASUS-42-WOMENS-ROAD-RUNNING-SHOES-IB1881-602-6-5-BLEACHED-LILAC-WORK-BLUE-BARELY-GREEN-BLUE-VOID-W-6-5-M-5,0,shopify,100,deny,manual,145.00,,TRUE,TRUE,,,,,,,,,,,,,,,,,,,https://res.cloudinary.com/dgvtynla7/image/upload/v1779029666/demo/products/nike_pegasus_42_womens_road_running_shoes_ib1881_602/variants-highres/IB1881-500/01.webp,lb,,,active
nike-pegasus-42-womens-road-running-shoes-ib1881-602,,,,,,,,Color,Bleached Lilac/Work Blue/Barely Green/Blue Void,Size,W 7 / M 5.5,,,NIKE-PEGASUS-42-WOMENS-ROAD-RUNNING-SHOES-IB1881-602-7-BLEACHED-LILAC-WORK-BLUE-BARELY-GREEN-BLUE-VOID-W-7-M-5-5,0,shopify,100,deny,manual,145.00,,TRUE,TRUE,,,,,,,,,,,,,,,,,,,https://res.cloudinary.com/dgvtynla7/image/upload/v1779029666/demo/products/nike_pegasus_42_womens_road_running_shoes_ib1881_602/variants-highres/IB1881-500/01.webp,lb,,,active
nike-pegasus-42-womens-road-running-shoes-ib1881-602,,,,,,,,Color,Bleached Lilac/Work Blue/Barely Green/Blue Void,Size,W 7.5 / M 6,,,NIKE-PEGASUS-42-WOMENS-ROAD-RUNNING-SHOES-IB1881-602-7-5-BLEACHED-LILAC-WORK-BLUE-BARELY-GREEN-BLUE-VOID-W-7-5-M-6,0,shopify,100,deny,manual,145.00,,TRUE,TRUE,,,,,,,,,,,,,,,,,,,https://res.cloudinary.com/dgvtynla7/image/upload/v1779029666/demo/products/nike_pegasus_42_womens_road_running_shoes_ib1881_602/variants-highres/IB1881-500/01.webp,lb,,,active
nike-pegasus-42-womens-road-running-shoes-ib1881-602,,,,,,,,Color,Bleached Lilac/Work Blue/Barely Green/Blue Void,Size,W 8 / M 6.5,,,NIKE-PEGASUS-42-WOMENS-ROAD-RUNNING-SHOES-IB1881-602-8-BLEACHED-LILAC-WORK-BLUE-BARELY-GREEN-BLUE-VOID-W-8-M-6-5,0,shopify,100,deny,manual,145.00,,TRUE,TRUE,,,,,,,,,,,,,,,,,,,https://res.cloudinary.com/dgvtynla7/image/upload/v1779029666/demo/products/nike_pegasus_42_womens_road_running_shoes_ib1881_602/variants-highres/IB1881-500/01.webp,lb,,,active
nike-pegasus-42-womens-road-running-shoes-ib1881-602,,,,,,,,Color,Bleached Lilac/Work Blue/Barely Green/Blue Void,Size,W 8.5 / M 7,,,NIKE-PEGASUS-42-WOMENS-ROAD-RUNNING-SHOES-IB1881-602-8-5-BLEACHED-LILAC-WORK-BLUE-BARELY-GREEN-BLUE-VOID-W-8-5-M-7,0,shopify,100,deny,manual,145.00,,TRUE,TRUE,,,,,,,,,,,,,,,,,,,https://res.cloudinary.com/dgvtynla7/image/upload/v1779029666/demo/products/nike_pegasus_42_womens_road_running_shoes_ib1881_602/variants-highres/IB1881-500/01.webp,lb,,,active
nike-pegasus-42-womens-road-running-shoes-ib1881-602,,,,,,,,Color,Bleached Lilac/Work Blue/Barely Green/Blue Void,Size,W 9 / M 7.5,,,NIKE-PEGASUS-42-WOMENS-ROAD-RUNNING-SHOES-IB1881-602-9-BLEACHED-LILAC-WORK-BLUE-BARELY-GREEN-BLUE-VOID-W-9-M-7-5,0,shopify,100,deny,manual,145.00,,TRUE,TRUE,,,,,,,,,,,,,,,,,,,https://res.cloudinary.com/dgvtynla7/image/upload/v1779029666/demo/products/nike_pegasus_42_womens_road_running_shoes_ib1881_602/variants-highres/IB1881-500/01.webp,lb,,,active
nike-pegasus-42-womens-road-running-shoes-ib1881-602,,,,,,,,Color,Bleached Lilac/Work Blue/Barely Green/Blue Void,Size,W 9.5 / M 8,,,NIKE-PEGASUS-42-WOMENS-ROAD-RUNNING-SHOES-IB1881-602-9-5-BLEACHED-LILAC-WORK-BLUE-BARELY-GREEN-BLUE-VOID-W-9-5-M-8,0,shopify,100,deny,manual,145.00,,TRUE,TRUE,,,,,,,,,,,,,,,,,,,https://res.cloudinary.com/dgvtynla7/image/upload/v1779029666/demo/products/nike_pegasus_42_womens_road_running_shoes_ib1881_602/variants-highres/IB1881-500/01.webp,lb,,,active
nike-pegasus-42-womens-road-running-shoes-ib1881-602,,,,,,,,Color,Bleached Lilac/Work Blue/Barely Green/Blue Void,Size,W 10 / M 8.5,,,NIKE-PEGASUS-42-WOMENS-ROAD-RUNNING-SHOES-IB1881-602-10-BLEACHED-LILAC-WORK-BLUE-BARELY-GREEN-BLUE-VOID-W-10-M-8-5,0,shopify,100,deny,manual,145.00,,TRUE,TRUE,,,,,,,,,,,,,,,,,,,https://res.cloudinary.com/dgvtynla7/image/upload/v1779029666/demo/products/nike_pegasus_42_womens_road_running_shoes_ib1881_602/variants-highres/IB1881-500/01.webp,lb,,,active
nike-pegasus-42-womens-road-running-shoes-ib1881-602,,,,,,,,Color,Bleached Lilac/Work Blue/Barely Green/Blue Void,Size,W 10.5 / M 9,,,NIKE-PEGASUS-42-WOMENS-ROAD-RUNNING-SHOES-IB1881-602-10-5-BLEACHED-LILAC-WORK-BLUE-BARELY-GREEN-BLUE-VOID-W-10-5-M-9,0,shopify,100,deny,manual,145.00,,TRUE,TRUE,,,,,,,,,,,,,,,,,,,https://res.cloudinary.com/dgvtynla7/image/upload/v1779029666/demo/products/nike_pegasus_42_womens_road_running_shoes_ib1881_602/variants-highres/IB1881-500/01.webp,lb,,,active
nike-pegasus-42-womens-road-running-shoes-ib1881-602,,,,,,,,Color,Bleached Lilac/Work Blue/Barely Green/Blue Void,Size,W 11 / M 9.5,,,NIKE-PEGASUS-42-WOMENS-ROAD-RUNNING-SHOES-IB1881-602-11-BLEACHED-LILAC-WORK-BLUE-BARELY-GREEN-BLUE-VOID-W-11-M-9-5,0,shopify,100,deny,manual,145.00,,TRUE,TRUE,,,,,,,,,,,,,,,,,,,https://res.cloudinary.com/dgvtynla7/image/upload/v1779029666/demo/products/nike_pegasus_42_womens_road_running_shoes_ib1881_602/variants-highres/IB1881-500/01.webp,lb,,,active
nike-pegasus-42-womens-road-running-shoes-ib1881-602,,,,,,,,Color,Bleached Lilac/Work Blue/Barely Green/Blue Void,Size,W 11.5 / M 10,,,NIKE-PEGASUS-42-WOMENS-ROAD-RUNNING-SHOES-IB1881-602-11-5-BLEACHED-LILAC-WORK-BLUE-BARELY-GREEN-BLUE-VOID-W-11-5-M-10,0,shopify,100,deny,manual,145.00,,TRUE,TRUE,,,,,,,,,,,,,,,,,,,https://res.cloudinary.com/dgvtynla7/image/upload/v1779029666/demo/products/nike_pegasus_42_womens_road_running_shoes_ib1881_602/variants-highres/IB1881-500/01.webp,lb,,,active
nike-pegasus-42-womens-road-running-shoes-ib1881-602,,,,,,,,Color,Bleached Lilac/Work Blue/Barely Green/Blue Void,Size,W 12 / M 10.5,,,NIKE-PEGASUS-42-WOMENS-ROAD-RUNNING-SHOES-IB1881-602-12-BLEACHED-LILAC-WORK-BLUE-BARELY-GREEN-BLUE-VOID-W-12-M-10-5,0,shopify,100,deny,manual,145.00,,TRUE,TRUE,,,,,,,,,,,,,,,,,,,https://res.cloudinary.com/dgvtynla7/image/upload/v1779029666/demo/products/nike_pegasus_42_womens_road_running_shoes_ib1881_602/variants-highres/IB1881-500/01.webp,lb,,,active
nike-pegasus-42-womens-road-running-shoes-ib1881-602,,,,,,,,Color,Black/Iron Grey/White,Size,W 5 / M 3.5,,,NIKE-PEGASUS-42-WOMENS-ROAD-RUNNING-SHOES-IB1881-602-5-BLACK-IRON-GREY-WHITE-W-5-M-3-5,0,shopify,100,deny,manual,145.00,,TRUE,TRUE,,,,,,,,,,,,,,,,,,,https://res.cloudinary.com/dgvtynla7/image/upload/v1779029710/demo/products/nike_pegasus_42_womens_road_running_shoes_ib1881_602/variants-highres/IB1881-001/01.webp,lb,,,active
nike-pegasus-42-womens-road-running-shoes-ib1881-602,,,,,,,,Color,Black/Iron Grey/White,Size,W 5.5 / M 4,,,NIKE-PEGASUS-42-WOMENS-ROAD-RUNNING-SHOES-IB1881-602-5-5-BLACK-IRON-GREY-WHITE-W-5-5-M-4,0,shopify,100,deny,manual,145.00,,TRUE,TRUE,,,,,,,,,,,,,,,,,,,https://res.cloudinary.com/dgvtynla7/image/upload/v1779029710/demo/products/nike_pegasus_42_womens_road_running_shoes_ib1881_602/variants-highres/IB1881-001/01.webp,lb,,,active
nike-pegasus-42-womens-road-running-shoes-ib1881-602,,,,,,,,Color,Black/Iron Grey/White,Size,W 6 / M 4.5,,,NIKE-PEGASUS-42-WOMENS-ROAD-RUNNING-SHOES-IB1881-602-6-BLACK-IRON-GREY-WHITE-W-6-M-4-5,0,shopify,100,deny,manual,145.00,,TRUE,TRUE,,,,,,,,,,,,,,,,,,,https://res.cloudinary.com/dgvtynla7/image/upload/v1779029710/demo/products/nike_pegasus_42_womens_road_running_shoes_ib1881_602/variants-highres/IB1881-001/01.webp,lb,,,active
nike-pegasus-42-womens-road-running-shoes-ib1881-602,,,,,,,,Color,Black/Iron Grey/White,Size,W 6.5 / M 5,,,NIKE-PEGASUS-42-WOMENS-ROAD-RUNNING-SHOES-IB1881-602-6-5-BLACK-IRON-GREY-WHITE-W-6-5-M-5,0,shopify,100,deny,manual,145.00,,TRUE,TRUE,,,,,,,,,,,,,,,,,,,https://res.cloudinary.com/dgvtynla7/image/upload/v1779029710/demo/products/nike_pegasus_42_womens_road_running_shoes_ib1881_602/variants-highres/IB1881-001/01.webp,lb,,,active
nike-pegasus-42-womens-road-running-shoes-ib1881-602,,,,,,,,Color,Black/Iron Grey/White,Size,W 7 / M 5.5,,,NIKE-PEGASUS-42-WOMENS-ROAD-RUNNING-SHOES-IB1881-602-7-BLACK-IRON-GREY-WHITE-W-7-M-5-5,0,shopify,100,deny,manual,145.00,,TRUE,TRUE,,,,,,,,,,,,,,,,,,,https://res.cloudinary.com/dgvtynla7/image/upload/v1779029710/demo/products/nike_pegasus_42_womens_road_running_shoes_ib1881_602/variants-highres/IB1881-001/01.webp,lb,,,active
nike-pegasus-42-womens-road-running-shoes-ib1881-602,,,,,,,,Color,Black/Iron Grey/White,Size,W 7.5 / M 6,,,NIKE-PEGASUS-42-WOMENS-ROAD-RUNNING-SHOES-IB1881-602-7-5-BLACK-IRON-GREY-WHITE-W-7-5-M-6,0,shopify,100,deny,manual,145.00,,TRUE,TRUE,,,,,,,,,,,,,,,,,,,https://res.cloudinary.com/dgvtynla7/image/upload/v1779029710/demo/products/nike_pegasus_42_womens_road_running_shoes_ib1881_602/variants-highres/IB1881-001/01.webp,lb,,,active
nike-pegasus-42-womens-road-running-shoes-ib1881-602,,,,,,,,Color,Black/Iron Grey/White,Size,W 8 / M 6.5,,,NIKE-PEGASUS-42-WOMENS-ROAD-RUNNING-SHOES-IB1881-602-8-BLACK-IRON-GREY-WHITE-W-8-M-6-5,0,shopify,100,deny,manual,145.00,,TRUE,TRUE,,,,,,,,,,,,,,,,,,,https://res.cloudinary.com/dgvtynla7/image/upload/v1779029710/demo/products/nike_pegasus_42_womens_road_running_shoes_ib1881_602/variants-highres/IB1881-001/01.webp,lb,,,active
nike-pegasus-42-womens-road-running-shoes-ib1881-602,,,,,,,,Color,Black/Iron Grey/White,Size,W 8.5 / M 7,,,NIKE-PEGASUS-42-WOMENS-ROAD-RUNNING-SHOES-IB1881-602-8-5-BLACK-IRON-GREY-WHITE-W-8-5-M-7,0,shopify,100,deny,manual,145.00,,TRUE,TRUE,,,,,,,,,,,,,,,,,,,https://res.cloudinary.com/dgvtynla7/image/upload/v1779029710/demo/products/nike_pegasus_42_womens_road_running_shoes_ib1881_602/variants-highres/IB1881-001/01.webp,lb,,,active
nike-pegasus-42-womens-road-running-shoes-ib1881-602,,,,,,,,Color,Black/Iron Grey/White,Size,W 9 / M 7.5,,,NIKE-PEGASUS-42-WOMENS-ROAD-RUNNING-SHOES-IB1881-602-9-BLACK-IRON-GREY-WHITE-W-9-M-7-5,0,shopify,100,deny,manual,145.00,,TRUE,TRUE,,,,,,,,,,,,,,,,,,,https://res.cloudinary.com/dgvtynla7/image/upload/v1779029710/demo/products/nike_pegasus_42_womens_road_running_shoes_ib1881_602/variants-highres/IB1881-001/01.webp,lb,,,active
nike-pegasus-42-womens-road-running-shoes-ib1881-602,,,,,,,,Color,Black/Iron Grey/White,Size,W 9.5 / M 8,,,NIKE-PEGASUS-42-WOMENS-ROAD-RUNNING-SHOES-IB1881-602-9-5-BLACK-IRON-GREY-WHITE-W-9-5-M-8,0,shopify,100,deny,manual,145.00,,TRUE,TRUE,,,,,,,,,,,,,,,,,,,https://res.cloudinary.com/dgvtynla7/image/upload/v1779029710/demo/products/nike_pegasus_42_womens_road_running_shoes_ib1881_602/variants-highres/IB1881-001/01.webp,lb,,,active
nike-pegasus-42-womens-road-running-shoes-ib1881-602,,,,,,,,Color,Black/Iron Grey/White,Size,W 10 / M 8.5,,,NIKE-PEGASUS-42-WOMENS-ROAD-RUNNING-SHOES-IB1881-602-10-BLACK-IRON-GREY-WHITE-W-10-M-8-5,0,shopify,100,deny,manual,145.00,,TRUE,TRUE,,,,,,,,,,,,,,,,,,,https://res.cloudinary.com/dgvtynla7/image/upload/v1779029710/demo/products/nike_pegasus_42_womens_road_running_shoes_ib1881_602/variants-highres/IB1881-001/01.webp,lb,,,active
nike-pegasus-42-womens-road-running-shoes-ib1881-602,,,,,,,,Color,Black/Iron Grey/White,Size,W 10.5 / M 9,,,NIKE-PEGASUS-42-WOMENS-ROAD-RUNNING-SHOES-IB1881-602-10-5-BLACK-IRON-GREY-WHITE-W-10-5-M-9,0,shopify,100,deny,manual,145.00,,TRUE,TRUE,,,,,,,,,,,,,,,,,,,https://res.cloudinary.com/dgvtynla7/image/upload/v1779029710/demo/products/nike_pegasus_42_womens_road_running_shoes_ib1881_602/variants-highres/IB1881-001/01.webp,lb,,,active
nike-pegasus-42-womens-road-running-shoes-ib1881-602,,,,,,,,Color,Black/Iron Grey/White,Size,W 11 / M 9.5,,,NIKE-PEGASUS-42-WOMENS-ROAD-RUNNING-SHOES-IB1881-602-11-BLACK-IRON-GREY-WHITE-W-11-M-9-5,0,shopify,100,deny,manual,145.00,,TRUE,TRUE,,,,,,,,,,,,,,,,,,,https://res.cloudinary.com/dgvtynla7/image/upload/v1779029710/demo/products/nike_pegasus_42_womens_road_running_shoes_ib1881_602/variants-highres/IB1881-001/01.webp,lb,,,active
nike-pegasus-42-womens-road-running-shoes-ib1881-602,,,,,,,,Color,Black/Iron Grey/White,Size,W 11.5 / M 10,,,NIKE-PEGASUS-42-WOMENS-ROAD-RUNNING-SHOES-IB1881-602-11-5-BLACK-IRON-GREY-WHITE-W-11-5-M-10,0,shopify,100,deny,manual,145.00,,TRUE,TRUE,,,,,,,,,,,,,,,,,,,https://res.cloudinary.com/dgvtynla7/image/upload/v1779029710/demo/products/nike_pegasus_42_womens_road_running_shoes_ib1881_602/variants-highres/IB1881-001/01.webp,lb,,,active
nike-pegasus-42-womens-road-running-shoes-ib1881-602,,,,,,,,Color,Black/Iron Grey/White,Size,W 12 / M 10.5,,,NIKE-PEGASUS-42-WOMENS-ROAD-RUNNING-SHOES-IB1881-602-12-BLACK-IRON-GREY-WHITE-W-12-M-10-5,0,shopify,100,deny,manual,145.00,,TRUE,TRUE,,,,,,,,,,,,,,,,,,,https://res.cloudinary.com/dgvtynla7/image/upload/v1779029710/demo/products/nike_pegasus_42_womens_road_running_shoes_ib1881_602/variants-highres/IB1881-001/01.webp,lb,,,active
nike-pegasus-42-womens-road-running-shoes-ib1881-602,,,,,,,,Color,Pearl Pink/Peony/Team Crimson/Black,Size,W 5 / M 3.5,,,NIKE-PEGASUS-42-WOMENS-ROAD-RUNNING-SHOES-IB1881-602-5-PEARL-PINK-PEONY-TEAM-CRIMSON-BLACK-W-5-M-3-5,0,shopify,100,deny,manual,145.00,,TRUE,TRUE,,,,,,,,,,,,,,,,,,,https://res.cloudinary.com/dgvtynla7/image/upload/v1779029753/demo/products/nike_pegasus_42_womens_road_running_shoes_ib1881_602/variants-highres/IB1881-600/01.webp,lb,,,active
nike-pegasus-42-womens-road-running-shoes-ib1881-602,,,,,,,,Color,Pearl Pink/Peony/Team Crimson/Black,Size,W 5.5 / M 4,,,NIKE-PEGASUS-42-WOMENS-ROAD-RUNNING-SHOES-IB1881-602-5-5-PEARL-PINK-PEONY-TEAM-CRIMSON-BLACK-W-5-5-M-4,0,shopify,100,deny,manual,145.00,,TRUE,TRUE,,,,,,,,,,,,,,,,,,,https://res.cloudinary.com/dgvtynla7/image/upload/v1779029753/demo/products/nike_pegasus_42_womens_road_running_shoes_ib1881_602/variants-highres/IB1881-600/01.webp,lb,,,active
nike-pegasus-42-womens-road-running-shoes-ib1881-602,,,,,,,,Color,Pearl Pink/Peony/Team Crimson/Black,Size,W 6 / M 4.5,,,NIKE-PEGASUS-42-WOMENS-ROAD-RUNNING-SHOES-IB1881-602-6-PEARL-PINK-PEONY-TEAM-CRIMSON-BLACK-W-6-M-4-5,0,shopify,100,deny,manual,145.00,,TRUE,TRUE,,,,,,,,,,,,,,,,,,,https://res.cloudinary.com/dgvtynla7/image/upload/v1779029753/demo/products/nike_pegasus_42_womens_road_running_shoes_ib1881_602/variants-highres/IB1881-600/01.webp,lb,,,active
nike-pegasus-42-womens-road-running-shoes-ib1881-602,,,,,,,,Color,Pearl Pink/Peony/Team Crimson/Black,Size,W 6.5 / M 5,,,NIKE-PEGASUS-42-WOMENS-ROAD-RUNNING-SHOES-IB1881-602-6-5-PEARL-PINK-PEONY-TEAM-CRIMSON-BLACK-W-6-5-M-5,0,shopify,100,deny,manual,145.00,,TRUE,TRUE,,,,,,,,,,,,,,,,,,,https://res.cloudinary.com/dgvtynla7/image/upload/v1779029753/demo/products/nike_pegasus_42_womens_road_running_shoes_ib1881_602/variants-highres/IB1881-600/01.webp,lb,,,active
nike-pegasus-42-womens-road-running-shoes-ib1881-602,,,,,,,,Color,Pearl Pink/Peony/Team Crimson/Black,Size,W 7 / M 5.5,,,NIKE-PEGASUS-42-WOMENS-ROAD-RUNNING-SHOES-IB1881-602-7-PEARL-PINK-PEONY-TEAM-CRIMSON-BLACK-W-7-M-5-5,0,shopify,100,deny,manual,145.00,,TRUE,TRUE,,,,,,,,,,,,,,,,,,,https://res.cloudinary.com/dgvtynla7/image/upload/v1779029753/demo/products/nike_pegasus_42_womens_road_running_shoes_ib1881_602/variants-highres/IB1881-600/01.webp,lb,,,active
nike-pegasus-42-womens-road-running-shoes-ib1881-602,,,,,,,,Color,Pearl Pink/Peony/Team Crimson/Black,Size,W 7.5 / M 6,,,NIKE-PEGASUS-42-WOMENS-ROAD-RUNNING-SHOES-IB1881-602-7-5-PEARL-PINK-PEONY-TEAM-CRIMSON-BLACK-W-7-5-M-6,0,shopify,100,deny,manual,145.00,,TRUE,TRUE,,,,,,,,,,,,,,,,,,,https://res.cloudinary.com/dgvtynla7/image/upload/v1779029753/demo/products/nike_pegasus_42_womens_road_running_shoes_ib1881_602/variants-highres/IB1881-600/01.webp,lb,,,active
nike-pegasus-42-womens-road-running-shoes-ib1881-602,,,,,,,,Color,Pearl Pink/Peony/Team Crimson/Black,Size,W 8 / M 6.5,,,NIKE-PEGASUS-42-WOMENS-ROAD-RUNNING-SHOES-IB1881-602-8-PEARL-PINK-PEONY-TEAM-CRIMSON-BLACK-W-8-M-6-5,0,shopify,100,deny,manual,145.00,,TRUE,TRUE,,,,,,,,,,,,,,,,,,,https://res.cloudinary.com/dgvtynla7/image/upload/v1779029753/demo/products/nike_pegasus_42_womens_road_running_shoes_ib1881_602/variants-highres/IB1881-600/01.webp,lb,,,active
nike-pegasus-42-womens-road-running-shoes-ib1881-602,,,,,,,,Color,Pearl Pink/Peony/Team Crimson/Black,Size,W 8.5 / M 7,,,NIKE-PEGASUS-42-WOMENS-ROAD-RUNNING-SHOES-IB1881-602-8-5-PEARL-PINK-PEONY-TEAM-CRIMSON-BLACK-W-8-5-M-7,0,shopify,100,deny,manual,145.00,,TRUE,TRUE,,,,,,,,,,,,,,,,,,,https://res.cloudinary.com/dgvtynla7/image/upload/v1779029753/demo/products/nike_pegasus_42_womens_road_running_shoes_ib1881_602/variants-highres/IB1881-600/01.webp,lb,,,active
nike-pegasus-42-womens-road-running-shoes-ib1881-602,,,,,,,,Color,Pearl Pink/Peony/Team Crimson/Black,Size,W 9 / M 7.5,,,NIKE-PEGASUS-42-WOMENS-ROAD-RUNNING-SHOES-IB1881-602-9-PEARL-PINK-PEONY-TEAM-CRIMSON-BLACK-W-9-M-7-5,0,shopify,100,deny,manual,145.00,,TRUE,TRUE,,,,,,,,,,,,,,,,,,,https://res.cloudinary.com/dgvtynla7/image/upload/v1779029753/demo/products/nike_pegasus_42_womens_road_running_shoes_ib1881_602/variants-highres/IB1881-600/01.webp,lb,,,active
nike-pegasus-42-womens-road-running-shoes-ib1881-602,,,,,,,,Color,Pearl Pink/Peony/Team Crimson/Black,Size,W 9.5 / M 8,,,NIKE-PEGASUS-42-WOMENS-ROAD-RUNNING-SHOES-IB1881-602-9-5-PEARL-PINK-PEONY-TEAM-CRIMSON-BLACK-W-9-5-M-8,0,shopify,100,deny,manual,145.00,,TRUE,TRUE,,,,,,,,,,,,,,,,,,,https://res.cloudinary.com/dgvtynla7/image/upload/v1779029753/demo/products/nike_pegasus_42_womens_road_running_shoes_ib1881_602/variants-highres/IB1881-600/01.webp,lb,,,active
nike-pegasus-42-womens-road-running-shoes-ib1881-602,,,,,,,,Color,Pearl Pink/Peony/Team Crimson/Black,Size,W 10 / M 8.5,,,NIKE-PEGASUS-42-WOMENS-ROAD-RUNNING-SHOES-IB1881-602-10-PEARL-PINK-PEONY-TEAM-CRIMSON-BLACK-W-10-M-8-5,0,shopify,100,deny,manual,145.00,,TRUE,TRUE,,,,,,,,,,,,,,,,,,,https://res.cloudinary.com/dgvtynla7/image/upload/v1779029753/demo/products/nike_pegasus_42_womens_road_running_shoes_ib1881_602/variants-highres/IB1881-600/01.webp,lb,,,active
nike-pegasus-42-womens-road-running-shoes-ib1881-602,,,,,,,,Color,Pearl Pink/Peony/Team Crimson/Black,Size,W 10.5 / M 9,,,NIKE-PEGASUS-42-WOMENS-ROAD-RUNNING-SHOES-IB1881-602-10-5-PEARL-PINK-PEONY-TEAM-CRIMSON-BLACK-W-10-5-M-9,0,shopify,100,deny,manual,145.00,,TRUE,TRUE,,,,,,,,,,,,,,,,,,,https://res.cloudinary.com/dgvtynla7/image/upload/v1779029753/demo/products/nike_pegasus_42_womens_road_running_shoes_ib1881_602/variants-highres/IB1881-600/01.webp,lb,,,active
nike-pegasus-42-womens-road-running-shoes-ib1881-602,,,,,,,,Color,Pearl Pink/Peony/Team Crimson/Black,Size,W 11 / M 9.5,,,NIKE-PEGASUS-42-WOMENS-ROAD-RUNNING-SHOES-IB1881-602-11-PEARL-PINK-PEONY-TEAM-CRIMSON-BLACK-W-11-M-9-5,0,shopify,100,deny,manual,145.00,,TRUE,TRUE,,,,,,,,,,,,,,,,,,,https://res.cloudinary.com/dgvtynla7/image/upload/v1779029753/demo/products/nike_pegasus_42_womens_road_running_shoes_ib1881_602/variants-highres/IB1881-600/01.webp,lb,,,active
nike-pegasus-42-womens-road-running-shoes-ib1881-602,,,,,,,,Color,Pearl Pink/Peony/Team Crimson/Black,Size,W 11.5 / M 10,,,NIKE-PEGASUS-42-WOMENS-ROAD-RUNNING-SHOES-IB1881-602-11-5-PEARL-PINK-PEONY-TEAM-CRIMSON-BLACK-W-11-5-M-10,0,shopify,100,deny,manual,145.00,,TRUE,TRUE,,,,,,,,,,,,,,,,,,,https://res.cloudinary.com/dgvtynla7/image/upload/v1779029753/demo/products/nike_pegasus_42_womens_road_running_shoes_ib1881_602/variants-highres/IB1881-600/01.webp,lb,,,active
nike-pegasus-42-womens-road-running-shoes-ib1881-602,,,,,,,,Color,Pearl Pink/Peony/Team Crimson/Black,Size,W 12 / M 10.5,,,NIKE-PEGASUS-42-WOMENS-ROAD-RUNNING-SHOES-IB1881-602-12-PEARL-PINK-PEONY-TEAM-CRIMSON-BLACK-W-12-M-10-5,0,shopify,100,deny,manual,145.00,,TRUE,TRUE,,,,,,,,,,,,,,,,,,,https://res.cloudinary.com/dgvtynla7/image/upload/v1779029753/demo/products/nike_pegasus_42_womens_road_running_shoes_ib1881_602/variants-highres/IB1881-600/01.webp,lb,,,active
nike-pegasus-42-womens-road-running-shoes-ib1881-602,,,,,,,,,,,,,,,,,,,,,,,,,https://res.cloudinary.com/dgvtynla7/image/upload/v1779029446/demo/products/nike_pegasus_42_womens_road_running_shoes_ib1881_602/variants-highres/IB1881-602/02.webp,2,Women's Running Shoes,,,,,,,,,,,,,,,,,,,
nike-pegasus-42-womens-road-running-shoes-ib1881-602,,,,,,,,,,,,,,,,,,,,,,,,,https://res.cloudinary.com/dgvtynla7/image/upload/v1779029452/demo/products/nike_pegasus_42_womens_road_running_shoes_ib1881_602/variants-highres/IB1881-602/03.webp,3,Women's Running Shoes,,,,,,,,,,,,,,,,,,,
nike-pegasus-42-womens-road-running-shoes-ib1881-602,,,,,,,,,,,,,,,,,,,,,,,,,https://res.cloudinary.com/dgvtynla7/image/upload/v1779029458/demo/products/nike_pegasus_42_womens_road_running_shoes_ib1881_602/variants-highres/IB1881-602/04.webp,4,Women's Running Shoes,,,,,,,,,,,,,,,,,,,
nike-pegasus-42-womens-road-running-shoes-ib1881-602,,,,,,,,,,,,,,,,,,,,,,,,,https://res.cloudinary.com/dgvtynla7/image/upload/v1779029464/demo/products/nike_pegasus_42_womens_road_running_shoes_ib1881_602/variants-highres/IB1881-602/05.webp,5,Women's Running Shoes,,,,,,,,,,,,,,,,,,,
nike-pegasus-42-womens-road-running-shoes-ib1881-602,,,,,,,,,,,,,,,,,,,,,,,,,https://res.cloudinary.com/dgvtynla7/image/upload/v1779029469/demo/products/nike_pegasus_42_womens_road_running_shoes_ib1881_602/variants-highres/IB1881-602/06.webp,6,Women's Running Shoes,,,,,,,,,,,,,,,,,,,
nike-pegasus-42-womens-road-running-shoes-ib1881-602,,,,,,,,,,,,,,,,,,,,,,,,,https://res.cloudinary.com/dgvtynla7/image/upload/v1779029474/demo/products/nike_pegasus_42_womens_road_running_shoes_ib1881_602/variants-highres/IB1881-602/07.webp,7,Women's Running Shoes,,,,,,,,,,,,,,,,,,,
nike-pegasus-42-womens-road-running-shoes-ib1881-602,,,,,,,,,,,,,,,,,,,,,,,,,https://res.cloudinary.com/dgvtynla7/image/upload/v1779029480/demo/products/nike_pegasus_42_womens_road_running_shoes_ib1881_602/variants-highres/IB1881-602/08.webp,8,Women's Running Shoes,,,,,,,,,,,,,,,,,,,
nike-pegasus-42-womens-road-running-shoes-ib1881-602,,,,,,,,,,,,,,,,,,,,,,,,,https://res.cloudinary.com/dgvtynla7/image/upload/v1779029485/demo/products/nike_pegasus_42_womens_road_running_shoes_ib1881_602/variants-highres/IB1881-602/09.webp,9,Women's Running Shoes,,,,,,,,,,,,,,,,,,,
nike-pegasus-42-womens-road-running-shoes-ib1881-602,,,,,,,,,,,,,,,,,,,,,,,,,https://res.cloudinary.com/dgvtynla7/image/upload/v1779029491/demo/products/nike_pegasus_42_womens_road_running_shoes_ib1881_602/variants-highres/IB1881-102/01.webp,10,Women's Running Shoes,,,,,,,,,,,,,,,,,,,
nike-pegasus-42-womens-road-running-shoes-ib1881-602,,,,,,,,,,,,,,,,,,,,,,,,,https://res.cloudinary.com/dgvtynla7/image/upload/v1779029497/demo/products/nike_pegasus_42_womens_road_running_shoes_ib1881_602/variants-highres/IB1881-102/02.webp,11,Women's Running Shoes,,,,,,,,,,,,,,,,,,,
nike-pegasus-42-womens-road-running-shoes-ib1881-602,,,,,,,,,,,,,,,,,,,,,,,,,https://res.cloudinary.com/dgvtynla7/image/upload/v1779029502/demo/products/nike_pegasus_42_womens_road_running_shoes_ib1881_602/variants-highres/IB1881-102/03.webp,12,Women's Running Shoes,,,,,,,,,,,,,,,,,,,
nike-pegasus-42-womens-road-running-shoes-ib1881-602,,,,,,,,,,,,,,,,,,,,,,,,,https://res.cloudinary.com/dgvtynla7/image/upload/v1779029508/demo/products/nike_pegasus_42_womens_road_running_shoes_ib1881_602/variants-highres/IB1881-102/04.webp,13,Women's Running Shoes,,,,,,,,,,,,,,,,,,,
nike-pegasus-42-womens-road-running-shoes-ib1881-602,,,,,,,,,,,,,,,,,,,,,,,,,https://res.cloudinary.com/dgvtynla7/image/upload/v1779029513/demo/products/nike_pegasus_42_womens_road_running_shoes_ib1881_602/variants-highres/IB1881-102/05.webp,14,Women's Running Shoes,,,,,,,,,,,,,,,,,,,
nike-pegasus-42-womens-road-running-shoes-ib1881-602,,,,,,,,,,,,,,,,,,,,,,,,,https://res.cloudinary.com/dgvtynla7/image/upload/v1779029519/demo/products/nike_pegasus_42_womens_road_running_shoes_ib1881_602/variants-highres/IB1881-102/06.webp,15,Women's Running Shoes,,,,,,,,,,,,,,,,,,,
nike-pegasus-42-womens-road-running-shoes-ib1881-602,,,,,,,,,,,,,,,,,,,,,,,,,https://res.cloudinary.com/dgvtynla7/image/upload/v1779029524/demo/products/nike_pegasus_42_womens_road_running_shoes_ib1881_602/variants-highres/IB1881-102/07.webp,16,Women's Running Shoes,,,,,,,,,,,,,,,,,,,
nike-pegasus-42-womens-road-running-shoes-ib1881-602,,,,,,,,,,,,,,,,,,,,,,,,,https://res.cloudinary.com/dgvtynla7/image/upload/v1779029529/demo/products/nike_pegasus_42_womens_road_running_shoes_ib1881_602/variants-highres/IB1881-102/08.webp,17,Women's Running Shoes,,,,,,,,,,,,,,,,,,,
nike-pegasus-42-womens-road-running-shoes-ib1881-602,,,,,,,,,,,,,,,,,,,,,,,,,https://res.cloudinary.com/dgvtynla7/image/upload/v1779029534/demo/products/nike_pegasus_42_womens_road_running_shoes_ib1881_602/variants-highres/IB1881-113/01.webp,18,Women's Running Shoes,,,,,,,,,,,,,,,,,,,
nike-pegasus-42-womens-road-running-shoes-ib1881-602,,,,,,,,,,,,,,,,,,,,,,,,,https://res.cloudinary.com/dgvtynla7/image/upload/v1779029539/demo/products/nike_pegasus_42_womens_road_running_shoes_ib1881_602/variants-highres/IB1881-113/02.webp,19,Women's Running Shoes,,,,,,,,,,,,,,,,,,,
nike-pegasus-42-womens-road-running-shoes-ib1881-602,,,,,,,,,,,,,,,,,,,,,,,,,https://res.cloudinary.com/dgvtynla7/image/upload/v1779029545/demo/products/nike_pegasus_42_womens_road_running_shoes_ib1881_602/variants-highres/IB1881-113/03.webp,20,Women's Running Shoes,,,,,,,,,,,,,,,,,,,
nike-pegasus-42-womens-road-running-shoes-ib1881-602,,,,,,,,,,,,,,,,,,,,,,,,,https://res.cloudinary.com/dgvtynla7/image/upload/v1779029551/demo/products/nike_pegasus_42_womens_road_running_shoes_ib1881_602/variants-highres/IB1881-113/04.webp,21,Women's Running Shoes,,,,,,,,,,,,,,,,,,,
nike-pegasus-42-womens-road-running-shoes-ib1881-602,,,,,,,,,,,,,,,,,,,,,,,,,https://res.cloudinary.com/dgvtynla7/image/upload/v1779029556/demo/products/nike_pegasus_42_womens_road_running_shoes_ib1881_602/variants-highres/IB1881-113/05.webp,22,Women's Running Shoes,,,,,,,,,,,,,,,,,,,
nike-pegasus-42-womens-road-running-shoes-ib1881-602,,,,,,,,,,,,,,,,,,,,,,,,,https://res.cloudinary.com/dgvtynla7/image/upload/v1779029562/demo/products/nike_pegasus_42_womens_road_running_shoes_ib1881_602/variants-highres/IB1881-113/06.webp,23,Women's Running Shoes,,,,,,,,,,,,,,,,,,,
nike-pegasus-42-womens-road-running-shoes-ib1881-602,,,,,,,,,,,,,,,,,,,,,,,,,https://res.cloudinary.com/dgvtynla7/image/upload/v1779029566/demo/products/nike_pegasus_42_womens_road_running_shoes_ib1881_602/variants-highres/IB1881-113/07.webp,24,Women's Running Shoes,,,,,,,,,,,,,,,,,,,
nike-pegasus-42-womens-road-running-shoes-ib1881-602,,,,,,,,,,,,,,,,,,,,,,,,,https://res.cloudinary.com/dgvtynla7/image/upload/v1779029572/demo/products/nike_pegasus_42_womens_road_running_shoes_ib1881_602/variants-highres/IB1881-113/08.webp,25,Women's Running Shoes,,,,,,,,,,,,,,,,,,,
nike-pegasus-42-womens-road-running-shoes-ib1881-602,,,,,,,,,,,,,,,,,,,,,,,,,https://res.cloudinary.com/dgvtynla7/image/upload/v1779029577/demo/products/nike_pegasus_42_womens_road_running_shoes_ib1881_602/variants-highres/IB1881-002/01.webp,26,Women's Running Shoes,,,,,,,,,,,,,,,,,,,
nike-pegasus-42-womens-road-running-shoes-ib1881-602,,,,,,,,,,,,,,,,,,,,,,,,,https://res.cloudinary.com/dgvtynla7/image/upload/v1779029582/demo/products/nike_pegasus_42_womens_road_running_shoes_ib1881_602/variants-highres/IB1881-002/02.webp,27,Women's Running Shoes,,,,,,,,,,,,,,,,,,,
nike-pegasus-42-womens-road-running-shoes-ib1881-602,,,,,,,,,,,,,,,,,,,,,,,,,https://res.cloudinary.com/dgvtynla7/image/upload/v1779029588/demo/products/nike_pegasus_42_womens_road_running_shoes_ib1881_602/variants-highres/IB1881-002/03.webp,28,Women's Running Shoes,,,,,,,,,,,,,,,,,,,
nike-pegasus-42-womens-road-running-shoes-ib1881-602,,,,,,,,,,,,,,,,,,,,,,,,,https://res.cloudinary.com/dgvtynla7/image/upload/v1779029593/demo/products/nike_pegasus_42_womens_road_running_shoes_ib1881_602/variants-highres/IB1881-002/04.webp,29,Women's Running Shoes,,,,,,,,,,,,,,,,,,,
nike-pegasus-42-womens-road-running-shoes-ib1881-602,,,,,,,,,,,,,,,,,,,,,,,,,https://res.cloudinary.com/dgvtynla7/image/upload/v1779029599/demo/products/nike_pegasus_42_womens_road_running_shoes_ib1881_602/variants-highres/IB1881-002/05.webp,30,Women's Running Shoes,,,,,,,,,,,,,,,,,,,
nike-pegasus-42-womens-road-running-shoes-ib1881-602,,,,,,,,,,,,,,,,,,,,,,,,,https://res.cloudinary.com/dgvtynla7/image/upload/v1779029605/demo/products/nike_pegasus_42_womens_road_running_shoes_ib1881_602/variants-highres/IB1881-002/06.webp,31,Women's Running Shoes,,,,,,,,,,,,,,,,,,,
nike-pegasus-42-womens-road-running-shoes-ib1881-602,,,,,,,,,,,,,,,,,,,,,,,,,https://res.cloudinary.com/dgvtynla7/image/upload/v1779029609/demo/products/nike_pegasus_42_womens_road_running_shoes_ib1881_602/variants-highres/IB1881-002/07.webp,32,Women's Running Shoes,,,,,,,,,,,,,,,,,,,
nike-pegasus-42-womens-road-running-shoes-ib1881-602,,,,,,,,,,,,,,,,,,,,,,,,,https://res.cloudinary.com/dgvtynla7/image/upload/v1779029615/demo/products/nike_pegasus_42_womens_road_running_shoes_ib1881_602/variants-highres/IB1881-002/08.webp,33,Women's Running Shoes,,,,,,,,,,,,,,,,,,,
nike-pegasus-42-womens-road-running-shoes-ib1881-602,,,,,,,,,,,,,,,,,,,,,,,,,https://res.cloudinary.com/dgvtynla7/image/upload/v1779029620/demo/products/nike_pegasus_42_womens_road_running_shoes_ib1881_602/variants-highres/IB1881-100/01.webp,34,Women's Running Shoes,,,,,,,,,,,,,,,,,,,
nike-pegasus-42-womens-road-running-shoes-ib1881-602,,,,,,,,,,,,,,,,,,,,,,,,,https://res.cloudinary.com/dgvtynla7/image/upload/v1779029627/demo/products/nike_pegasus_42_womens_road_running_shoes_ib1881_602/variants-highres/IB1881-100/02.webp,35,Women's Running Shoes,,,,,,,,,,,,,,,,,,,
nike-pegasus-42-womens-road-running-shoes-ib1881-602,,,,,,,,,,,,,,,,,,,,,,,,,https://res.cloudinary.com/dgvtynla7/image/upload/v1779029633/demo/products/nike_pegasus_42_womens_road_running_shoes_ib1881_602/variants-highres/IB1881-100/03.webp,36,Women's Running Shoes,,,,,,,,,,,,,,,,,,,
nike-pegasus-42-womens-road-running-shoes-ib1881-602,,,,,,,,,,,,,,,,,,,,,,,,,https://res.cloudinary.com/dgvtynla7/image/upload/v1779029639/demo/products/nike_pegasus_42_womens_road_running_shoes_ib1881_602/variants-highres/IB1881-100/04.webp,37,Women's Running Shoes,,,,,,,,,,,,,,,,,,,
nike-pegasus-42-womens-road-running-shoes-ib1881-602,,,,,,,,,,,,,,,,,,,,,,,,,https://res.cloudinary.com/dgvtynla7/image/upload/v1779029644/demo/products/nike_pegasus_42_womens_road_running_shoes_ib1881_602/variants-highres/IB1881-100/05.webp,38,Women's Running Shoes,,,,,,,,,,,,,,,,,,,
nike-pegasus-42-womens-road-running-shoes-ib1881-602,,,,,,,,,,,,,,,,,,,,,,,,,https://res.cloudinary.com/dgvtynla7/image/upload/v1779029650/demo/products/nike_pegasus_42_womens_road_running_shoes_ib1881_602/variants-highres/IB1881-100/06.webp,39,Women's Running Shoes,,,,,,,,,,,,,,,,,,,
nike-pegasus-42-womens-road-running-shoes-ib1881-602,,,,,,,,,,,,,,,,,,,,,,,,,https://res.cloudinary.com/dgvtynla7/image/upload/v1779029655/demo/products/nike_pegasus_42_womens_road_running_shoes_ib1881_602/variants-highres/IB1881-100/07.webp,40,Women's Running Shoes,,,,,,,,,,,,,,,,,,,
nike-pegasus-42-womens-road-running-shoes-ib1881-602,,,,,,,,,,,,,,,,,,,,,,,,,https://res.cloudinary.com/dgvtynla7/image/upload/v1779029659/demo/products/nike_pegasus_42_womens_road_running_shoes_ib1881_602/variants-highres/IB1881-100/08.webp,41,Women's Running Shoes,,,,,,,,,,,,,,,,,,,
nike-pegasus-42-womens-road-running-shoes-ib1881-602,,,,,,,,,,,,,,,,,,,,,,,,,https://res.cloudinary.com/dgvtynla7/image/upload/v1779029666/demo/products/nike_pegasus_42_womens_road_running_shoes_ib1881_602/variants-highres/IB1881-500/01.webp,42,Women's Running Shoes,,,,,,,,,,,,,,,,,,,
nike-pegasus-42-womens-road-running-shoes-ib1881-602,,,,,,,,,,,,,,,,,,,,,,,,,https://res.cloudinary.com/dgvtynla7/image/upload/v1779029672/demo/products/nike_pegasus_42_womens_road_running_shoes_ib1881_602/variants-highres/IB1881-500/02.webp,43,Women's Running Shoes,,,,,,,,,,,,,,,,,,,
nike-pegasus-42-womens-road-running-shoes-ib1881-602,,,,,,,,,,,,,,,,,,,,,,,,,https://res.cloudinary.com/dgvtynla7/image/upload/v1779029678/demo/products/nike_pegasus_42_womens_road_running_shoes_ib1881_602/variants-highres/IB1881-500/03.webp,44,Women's Running Shoes,,,,,,,,,,,,,,,,,,,
nike-pegasus-42-womens-road-running-shoes-ib1881-602,,,,,,,,,,,,,,,,,,,,,,,,,https://res.cloudinary.com/dgvtynla7/image/upload/v1779029683/demo/products/nike_pegasus_42_womens_road_running_shoes_ib1881_602/variants-highres/IB1881-500/04.webp,45,Women's Running Shoes,,,,,,,,,,,,,,,,,,,
nike-pegasus-42-womens-road-running-shoes-ib1881-602,,,,,,,,,,,,,,,,,,,,,,,,,https://res.cloudinary.com/dgvtynla7/image/upload/v1779029688/demo/products/nike_pegasus_42_womens_road_running_shoes_ib1881_602/variants-highres/IB1881-500/05.webp,46,Women's Running Shoes,,,,,,,,,,,,,,,,,,,
nike-pegasus-42-womens-road-running-shoes-ib1881-602,,,,,,,,,,,,,,,,,,,,,,,,,https://res.cloudinary.com/dgvtynla7/image/upload/v1779029694/demo/products/nike_pegasus_42_womens_road_running_shoes_ib1881_602/variants-highres/IB1881-500/06.webp,47,Women's Running Shoes,,,,,,,,,,,,,,,,,,,
nike-pegasus-42-womens-road-running-shoes-ib1881-602,,,,,,,,,,,,,,,,,,,,,,,,,https://res.cloudinary.com/dgvtynla7/image/upload/v1779029699/demo/products/nike_pegasus_42_womens_road_running_shoes_ib1881_602/variants-highres/IB1881-500/07.webp,48,Women's Running Shoes,,,,,,,,,,,,,,,,,,,
nike-pegasus-42-womens-road-running-shoes-ib1881-602,,,,,,,,,,,,,,,,,,,,,,,,,https://res.cloudinary.com/dgvtynla7/image/upload/v1779029704/demo/products/nike_pegasus_42_womens_road_running_shoes_ib1881_602/variants-highres/IB1881-500/08.webp,49,Women's Running Shoes,,,,,,,,,,,,,,,,,,,
nike-pegasus-42-womens-road-running-shoes-ib1881-602,,,,,,,,,,,,,,,,,,,,,,,,,https://res.cloudinary.com/dgvtynla7/image/upload/v1779029710/demo/products/nike_pegasus_42_womens_road_running_shoes_ib1881_602/variants-highres/IB1881-001/01.webp,50,Women's Running Shoes,,,,,,,,,,,,,,,,,,,
nike-pegasus-42-womens-road-running-shoes-ib1881-602,,,,,,,,,,,,,,,,,,,,,,,,,https://res.cloudinary.com/dgvtynla7/image/upload/v1779029715/demo/products/nike_pegasus_42_womens_road_running_shoes_ib1881_602/variants-highres/IB1881-001/02.webp,51,Women's Running Shoes,,,,,,,,,,,,,,,,,,,
nike-pegasus-42-womens-road-running-shoes-ib1881-602,,,,,,,,,,,,,,,,,,,,,,,,,https://res.cloudinary.com/dgvtynla7/image/upload/v1779029720/demo/products/nike_pegasus_42_womens_road_running_shoes_ib1881_602/variants-highres/IB1881-001/03.webp,52,Women's Running Shoes,,,,,,,,,,,,,,,,,,,
nike-pegasus-42-womens-road-running-shoes-ib1881-602,,,,,,,,,,,,,,,,,,,,,,,,,https://res.cloudinary.com/dgvtynla7/image/upload/v1779029725/demo/products/nike_pegasus_42_womens_road_running_shoes_ib1881_602/variants-highres/IB1881-001/04.webp,53,Women's Running Shoes,,,,,,,,,,,,,,,,,,,
nike-pegasus-42-womens-road-running-shoes-ib1881-602,,,,,,,,,,,,,,,,,,,,,,,,,https://res.cloudinary.com/dgvtynla7/image/upload/v1779029731/demo/products/nike_pegasus_42_womens_road_running_shoes_ib1881_602/variants-highres/IB1881-001/05.webp,54,Women's Running Shoes,,,,,,,,,,,,,,,,,,,
nike-pegasus-42-womens-road-running-shoes-ib1881-602,,,,,,,,,,,,,,,,,,,,,,,,,https://res.cloudinary.com/dgvtynla7/image/upload/v1779029737/demo/products/nike_pegasus_42_womens_road_running_shoes_ib1881_602/variants-highres/IB1881-001/06.webp,55,Women's Running Shoes,,,,,,,,,,,,,,,,,,,
nike-pegasus-42-womens-road-running-shoes-ib1881-602,,,,,,,,,,,,,,,,,,,,,,,,,https://res.cloudinary.com/dgvtynla7/image/upload/v1779029742/demo/products/nike_pegasus_42_womens_road_running_shoes_ib1881_602/variants-highres/IB1881-001/07.webp,56,Women's Running Shoes,,,,,,,,,,,,,,,,,,,
nike-pegasus-42-womens-road-running-shoes-ib1881-602,,,,,,,,,,,,,,,,,,,,,,,,,https://res.cloudinary.com/dgvtynla7/image/upload/v1779029748/demo/products/nike_pegasus_42_womens_road_running_shoes_ib1881_602/variants-highres/IB1881-001/08.webp,57,Women's Running Shoes,,,,,,,,,,,,,,,,,,,
nike-pegasus-42-womens-road-running-shoes-ib1881-602,,,,,,,,,,,,,,,,,,,,,,,,,https://res.cloudinary.com/dgvtynla7/image/upload/v1779029753/demo/products/nike_pegasus_42_womens_road_running_shoes_ib1881_602/variants-highres/IB1881-600/01.webp,58,Women's Running Shoes,,,,,,,,,,,,,,,,,,,
nike-pegasus-42-womens-road-running-shoes-ib1881-602,,,,,,,,,,,,,,,,,,,,,,,,,https://res.cloudinary.com/dgvtynla7/image/upload/v1779029759/demo/products/nike_pegasus_42_womens_road_running_shoes_ib1881_602/variants-highres/IB1881-600/02.webp,59,Women's Running Shoes,,,,,,,,,,,,,,,,,,,
nike-pegasus-42-womens-road-running-shoes-ib1881-602,,,,,,,,,,,,,,,,,,,,,,,,,https://res.cloudinary.com/dgvtynla7/image/upload/v1779029766/demo/products/nike_pegasus_42_womens_road_running_shoes_ib1881_602/variants-highres/IB1881-600/03.webp,60,Women's Running Shoes,,,,,,,,,,,,,,,,,,,
nike-pegasus-42-womens-road-running-shoes-ib1881-602,,,,,,,,,,,,,,,,,,,,,,,,,https://res.cloudinary.com/dgvtynla7/image/upload/v1779029770/demo/products/nike_pegasus_42_womens_road_running_shoes_ib1881_602/variants-highres/IB1881-600/04.webp,61,Women's Running Shoes,,,,,,,,,,,,,,,,,,,
nike-pegasus-42-womens-road-running-shoes-ib1881-602,,,,,,,,,,,,,,,,,,,,,,,,,https://res.cloudinary.com/dgvtynla7/image/upload/v1779029775/demo/products/nike_pegasus_42_womens_road_running_shoes_ib1881_602/variants-highres/IB1881-600/05.webp,62,Women's Running Shoes,,,,,,,,,,,,,,,,,,,
nike-pegasus-42-womens-road-running-shoes-ib1881-602,,,,,,,,,,,,,,,,,,,,,,,,,https://res.cloudinary.com/dgvtynla7/image/upload/v1779029780/demo/products/nike_pegasus_42_womens_road_running_shoes_ib1881_602/variants-highres/IB1881-600/06.webp,63,Women's Running Shoes,,,,,,,,,,,,,,,,,,,
nike-pegasus-42-womens-road-running-shoes-ib1881-602,,,,,,,,,,,,,,,,,,,,,,,,,https://res.cloudinary.com/dgvtynla7/image/upload/v1779029786/demo/products/nike_pegasus_42_womens_road_running_shoes_ib1881_602/variants-highres/IB1881-600/07.webp,64,Women's Running Shoes,,,,,,,,,,,,,,,,,,,
nike-pegasus-42-womens-road-running-shoes-ib1881-602,,,,,,,,,,,,,,,,,,,,,,,,,https://res.cloudinary.com/dgvtynla7/image/upload/v1779029791/demo/products/nike_pegasus_42_womens_road_running_shoes_ib1881_602/variants-highres/IB1881-600/08.webp,65,Women's Running Shoes,,,,,,,,,,,,,,,,,,,
ferragamo-double-gancini-fixed-belt-780417,Women's Leather Belt,"<p>Timeless Ferragamo styling in a calfskin belt finished with a Double Gancini detail. The 2.5 cm profile keeps the silhouette refined and easy to style across tailored and everyday outfits.</p>
<p><strong>Material:</strong> Calfskin</p>
<p><strong>Available sizes:</strong> 70, 75, 80, 85, 90, 95, 100</p>
<div class=""primestyle-size-guide""><h3>Ferragamo Double Gancini belt size guide</h3><table><thead><tr><th>Standard</th><th>Belt length</th><th>Width</th></tr></thead><tbody><tr><td>70</td><td>70 cm</td><td>2.5 cm</td></tr><tr><td>75</td><td>75 cm</td><td>2.5 cm</td></tr><tr><td>80</td><td>80 cm</td><td>2.5 cm</td></tr><tr><td>85</td><td>85 cm</td><td>2.5 cm</td></tr><tr><td>90</td><td>90 cm</td><td>2.5 cm</td></tr><tr><td>95</td><td>95 cm</td><td>2.5 cm</td></tr><tr><td>100</td><td>100 cm</td><td>2.5 cm</td></tr></tbody></table></div>",Ferragamo,Apparel & Accessories > Clothing Accessories > Belts,Belts,"PrimeStyleAI Demo, PrimeStyleAI Import, Accessories, Belts, female, belt, gancini, ferragamo, calfskin, accessory, gold buckle, demo, Luxury, Accessory, Cloudinary mirrored",TRUE,Color,Chestnut / Gold,Size,70,,,FERRAGAMO-DOUBLE-GANCINI-FIXED-BELT-780417-70-CHESTNUT-GOLD-70,0,shopify,100,deny,manual,430.00,,TRUE,TRUE,,https://res.cloudinary.com/dgvtynla7/image/upload/v1779022288/demo/products/ferragamo_double_gancini_fixed_belt_780417/variants/780417/01.webp,1,Women's Leather Belt,FALSE,Women's Leather Belt,A fixed-width Ferragamo belt with a Double Gancini accent and polished gold-tone buckle detailing.,Apparel & Accessories > Clothing Accessories > Belts,female,adult,,new,TRUE,PrimeStyleAI Demo,,,,,https://res.cloudinary.com/dgvtynla7/image/upload/v1779022288/demo/products/ferragamo_double_gancini_fixed_belt_780417/variants/780417/01.webp,lb,,,active
ferragamo-double-gancini-fixed-belt-780417,,,,,,,,Color,Chestnut / Gold,Size,75,,,FERRAGAMO-DOUBLE-GANCINI-FIXED-BELT-780417-75-CHESTNUT-GOLD-75,0,shopify,100,deny,manual,430.00,,TRUE,TRUE,,,,,,,,,,,,,,,,,,,https://res.cloudinary.com/dgvtynla7/image/upload/v1779022288/demo/products/ferragamo_double_gancini_fixed_belt_780417/variants/780417/01.webp,lb,,,active
ferragamo-double-gancini-fixed-belt-780417,,,,,,,,Color,Chestnut / Gold,Size,80,,,FERRAGAMO-DOUBLE-GANCINI-FIXED-BELT-780417-80-CHESTNUT-GOLD-80,0,shopify,100,deny,manual,430.00,,TRUE,TRUE,,,,,,,,,,,,,,,,,,,https://res.cloudinary.com/dgvtynla7/image/upload/v1779022288/demo/products/ferragamo_double_gancini_fixed_belt_780417/variants/780417/01.webp,lb,,,active
ferragamo-double-gancini-fixed-belt-780417,,,,,,,,Color,Chestnut / Gold,Size,85,,,FERRAGAMO-DOUBLE-GANCINI-FIXED-BELT-780417-85-CHESTNUT-GOLD-85,0,shopify,100,deny,manual,430.00,,TRUE,TRUE,,,,,,,,,,,,,,,,,,,https://res.cloudinary.com/dgvtynla7/image/upload/v1779022288/demo/products/ferragamo_double_gancini_fixed_belt_780417/variants/780417/01.webp,lb,,,active
ferragamo-double-gancini-fixed-belt-780417,,,,,,,,Color,Chestnut / Gold,Size,90,,,FERRAGAMO-DOUBLE-GANCINI-FIXED-BELT-780417-90-CHESTNUT-GOLD-90,0,shopify,100,deny,manual,430.00,,TRUE,TRUE,,,,,,,,,,,,,,,,,,,https://res.cloudinary.com/dgvtynla7/image/upload/v1779022288/demo/products/ferragamo_double_gancini_fixed_belt_780417/variants/780417/01.webp,lb,,,active
ferragamo-double-gancini-fixed-belt-780417,,,,,,,,Color,Chestnut / Gold,Size,95,,,FERRAGAMO-DOUBLE-GANCINI-FIXED-BELT-780417-95-CHESTNUT-GOLD-95,0,shopify,100,deny,manual,430.00,,TRUE,TRUE,,,,,,,,,,,,,,,,,,,https://res.cloudinary.com/dgvtynla7/image/upload/v1779022288/demo/products/ferragamo_double_gancini_fixed_belt_780417/variants/780417/01.webp,lb,,,active
ferragamo-double-gancini-fixed-belt-780417,,,,,,,,Color,Chestnut / Gold,Size,100,,,FERRAGAMO-DOUBLE-GANCINI-FIXED-BELT-780417-100-CHESTNUT-GOLD-100,0,shopify,100,deny,manual,430.00,,TRUE,TRUE,,,,,,,,,,,,,,,,,,,https://res.cloudinary.com/dgvtynla7/image/upload/v1779022288/demo/products/ferragamo_double_gancini_fixed_belt_780417/variants/780417/01.webp,lb,,,active
ferragamo-double-gancini-fixed-belt-780417,,,,,,,,Color,Beige / Gold,Size,70,,,FERRAGAMO-DOUBLE-GANCINI-FIXED-BELT-780417-70-BEIGE-GOLD-70,0,shopify,100,deny,manual,430.00,,TRUE,TRUE,,,,,,,,,,,,,,,,,,,https://res.cloudinary.com/dgvtynla7/image/upload/v1779022297/demo/products/ferragamo_double_gancini_fixed_belt_780417/variants/780416/01.webp,lb,,,active
ferragamo-double-gancini-fixed-belt-780417,,,,,,,,Color,Beige / Gold,Size,75,,,FERRAGAMO-DOUBLE-GANCINI-FIXED-BELT-780417-75-BEIGE-GOLD-75,0,shopify,100,deny,manual,430.00,,TRUE,TRUE,,,,,,,,,,,,,,,,,,,https://res.cloudinary.com/dgvtynla7/image/upload/v1779022297/demo/products/ferragamo_double_gancini_fixed_belt_780417/variants/780416/01.webp,lb,,,active
ferragamo-double-gancini-fixed-belt-780417,,,,,,,,Color,Beige / Gold,Size,80,,,FERRAGAMO-DOUBLE-GANCINI-FIXED-BELT-780417-80-BEIGE-GOLD-80,0,shopify,100,deny,manual,430.00,,TRUE,TRUE,,,,,,,,,,,,,,,,,,,https://res.cloudinary.com/dgvtynla7/image/upload/v1779022297/demo/products/ferragamo_double_gancini_fixed_belt_780417/variants/780416/01.webp,lb,,,active
ferragamo-double-gancini-fixed-belt-780417,,,,,,,,Color,Beige / Gold,Size,85,,,FERRAGAMO-DOUBLE-GANCINI-FIXED-BELT-780417-85-BEIGE-GOLD-85,0,shopify,100,deny,manual,430.00,,TRUE,TRUE,,,,,,,,,,,,,,,,,,,https://res.cloudinary.com/dgvtynla7/image/upload/v1779022297/demo/products/ferragamo_double_gancini_fixed_belt_780417/variants/780416/01.webp,lb,,,active
ferragamo-double-gancini-fixed-belt-780417,,,,,,,,Color,Beige / Gold,Size,90,,,FERRAGAMO-DOUBLE-GANCINI-FIXED-BELT-780417-90-BEIGE-GOLD-90,0,shopify,100,deny,manual,430.00,,TRUE,TRUE,,,,,,,,,,,,,,,,,,,https://res.cloudinary.com/dgvtynla7/image/upload/v1779022297/demo/products/ferragamo_double_gancini_fixed_belt_780417/variants/780416/01.webp,lb,,,active
ferragamo-double-gancini-fixed-belt-780417,,,,,,,,Color,Beige / Gold,Size,95,,,FERRAGAMO-DOUBLE-GANCINI-FIXED-BELT-780417-95-BEIGE-GOLD-95,0,shopify,100,deny,manual,430.00,,TRUE,TRUE,,,,,,,,,,,,,,,,,,,https://res.cloudinary.com/dgvtynla7/image/upload/v1779022297/demo/products/ferragamo_double_gancini_fixed_belt_780417/variants/780416/01.webp,lb,,,active
ferragamo-double-gancini-fixed-belt-780417,,,,,,,,Color,Beige / Gold,Size,100,,,FERRAGAMO-DOUBLE-GANCINI-FIXED-BELT-780417-100-BEIGE-GOLD-100,0,shopify,100,deny,manual,430.00,,TRUE,TRUE,,,,,,,,,,,,,,,,,,,https://res.cloudinary.com/dgvtynla7/image/upload/v1779022297/demo/products/ferragamo_double_gancini_fixed_belt_780417/variants/780416/01.webp,lb,,,active
ferragamo-double-gancini-fixed-belt-780417,,,,,,,,Color,Black / Gold,Size,70,,,FERRAGAMO-DOUBLE-GANCINI-FIXED-BELT-780417-70-BLACK-GOLD-70,0,shopify,100,deny,manual,430.00,,TRUE,TRUE,,,,,,,,,,,,,,,,,,,https://res.cloudinary.com/dgvtynla7/image/upload/v1779022303/demo/products/ferragamo_double_gancini_fixed_belt_780417/variants/780415/01.webp,lb,,,active
ferragamo-double-gancini-fixed-belt-780417,,,,,,,,Color,Black / Gold,Size,75,,,FERRAGAMO-DOUBLE-GANCINI-FIXED-BELT-780417-75-BLACK-GOLD-75,0,shopify,100,deny,manual,430.00,,TRUE,TRUE,,,,,,,,,,,,,,,,,,,https://res.cloudinary.com/dgvtynla7/image/upload/v1779022303/demo/products/ferragamo_double_gancini_fixed_belt_780417/variants/780415/01.webp,lb,,,active
ferragamo-double-gancini-fixed-belt-780417,,,,,,,,Color,Black / Gold,Size,80,,,FERRAGAMO-DOUBLE-GANCINI-FIXED-BELT-780417-80-BLACK-GOLD-80,0,shopify,100,deny,manual,430.00,,TRUE,TRUE,,,,,,,,,,,,,,,,,,,https://res.cloudinary.com/dgvtynla7/image/upload/v1779022303/demo/products/ferragamo_double_gancini_fixed_belt_780417/variants/780415/01.webp,lb,,,active
ferragamo-double-gancini-fixed-belt-780417,,,,,,,,Color,Black / Gold,Size,85,,,FERRAGAMO-DOUBLE-GANCINI-FIXED-BELT-780417-85-BLACK-GOLD-85,0,shopify,100,deny,manual,430.00,,TRUE,TRUE,,,,,,,,,,,,,,,,,,,https://res.cloudinary.com/dgvtynla7/image/upload/v1779022303/demo/products/ferragamo_double_gancini_fixed_belt_780417/variants/780415/01.webp,lb,,,active
ferragamo-double-gancini-fixed-belt-780417,,,,,,,,Color,Black / Gold,Size,90,,,FERRAGAMO-DOUBLE-GANCINI-FIXED-BELT-780417-90-BLACK-GOLD-90,0,shopify,100,deny,manual,430.00,,TRUE,TRUE,,,,,,,,,,,,,,,,,,,https://res.cloudinary.com/dgvtynla7/image/upload/v1779022303/demo/products/ferragamo_double_gancini_fixed_belt_780417/variants/780415/01.webp,lb,,,active
ferragamo-double-gancini-fixed-belt-780417,,,,,,,,Color,Black / Gold,Size,95,,,FERRAGAMO-DOUBLE-GANCINI-FIXED-BELT-780417-95-BLACK-GOLD-95,0,shopify,100,deny,manual,430.00,,TRUE,TRUE,,,,,,,,,,,,,,,,,,,https://res.cloudinary.com/dgvtynla7/image/upload/v1779022303/demo/products/ferragamo_double_gancini_fixed_belt_780417/variants/780415/01.webp,lb,,,active
ferragamo-double-gancini-fixed-belt-780417,,,,,,,,Color,Black / Gold,Size,100,,,FERRAGAMO-DOUBLE-GANCINI-FIXED-BELT-780417-100-BLACK-GOLD-100,0,shopify,100,deny,manual,430.00,,TRUE,TRUE,,,,,,,,,,,,,,,,,,,https://res.cloudinary.com/dgvtynla7/image/upload/v1779022303/demo/products/ferragamo_double_gancini_fixed_belt_780417/variants/780415/01.webp,lb,,,active
ferragamo-double-gancini-fixed-belt-780417,,,,,,,,,,,,,,,,,,,,,,,,,https://res.cloudinary.com/dgvtynla7/image/upload/v1779022290/demo/products/ferragamo_double_gancini_fixed_belt_780417/variants/780417/02.webp,2,Women's Leather Belt,,,,,,,,,,,,,,,,,,,
ferragamo-double-gancini-fixed-belt-780417,,,,,,,,,,,,,,,,,,,,,,,,,https://res.cloudinary.com/dgvtynla7/image/upload/v1779022292/demo/products/ferragamo_double_gancini_fixed_belt_780417/variants/780417/03.webp,3,Women's Leather Belt,,,,,,,,,,,,,,,,,,,
ferragamo-double-gancini-fixed-belt-780417,,,,,,,,,,,,,,,,,,,,,,,,,https://res.cloudinary.com/dgvtynla7/image/upload/v1779022295/demo/products/ferragamo_double_gancini_fixed_belt_780417/variants/780417/04.webp,4,Women's Leather Belt,,,,,,,,,,,,,,,,,,,
ferragamo-double-gancini-fixed-belt-780417,,,,,,,,,,,,,,,,,,,,,,,,,https://res.cloudinary.com/dgvtynla7/image/upload/v1779022297/demo/products/ferragamo_double_gancini_fixed_belt_780417/variants/780416/01.webp,5,Women's Leather Belt,,,,,,,,,,,,,,,,,,,
ferragamo-double-gancini-fixed-belt-780417,,,,,,,,,,,,,,,,,,,,,,,,,https://res.cloudinary.com/dgvtynla7/image/upload/v1779022301/demo/products/ferragamo_double_gancini_fixed_belt_780417/variants/780416/02.webp,6,Women's Leather Belt,,,,,,,,,,,,,,,,,,,
ferragamo-double-gancini-fixed-belt-780417,,,,,,,,,,,,,,,,,,,,,,,,,https://res.cloudinary.com/dgvtynla7/image/upload/v1779022303/demo/products/ferragamo_double_gancini_fixed_belt_780417/variants/780415/01.webp,7,Women's Leather Belt,,,,,,,,,,,,,,,,,,,
ferragamo-double-gancini-fixed-belt-780417,,,,,,,,,,,,,,,,,,,,,,,,,https://res.cloudinary.com/dgvtynla7/image/upload/v1779022305/demo/products/ferragamo_double_gancini_fixed_belt_780417/variants/780415/02.webp,8,Women's Leather Belt,,,,,,,,,,,,,,,,,,,
ferragamo-hug-east-west-shoulder-bag-795208,Women's Shoulder Bag,"<p>Sleek proportions and softly sculpted details shape the East-West Hug shoulder bag. The curved sides wrap the silhouette with Ferragamo&#39;s signature Hug attitude, finished with golden Gancini buckles and a shoulder-ready profile.</p>
<p><strong>Material:</strong> Calfskin</p>
<p><strong>Available sizes:</strong> One Size</p>
<div class=""primestyle-size-guide""><h3>Ferragamo Hug East-West shoulder bag dimensions</h3><table><thead><tr><th>Standard</th><th>Height</th><th>Length</th><th>Width</th><th>Handle drop</th></tr></thead><tbody><tr><td>One Size</td><td>5.7 in / 14.5 cm</td><td>12.5 in / 31.8 cm</td><td>3.7 in / 9.4 cm</td><td>9.1 in / 23 cm</td></tr></tbody></table></div>",Ferragamo,"Apparel & Accessories > Handbags, Wallets & Cases",Shoulder Bags,"PrimeStyleAI Demo, PrimeStyleAI Import, Bags, Shoulder Bags, female, bag, shoulder bag, hug bag, ferragamo, gancini, leather, accessory, demo, Luxury, Accessory, Cloudinary mirrored",TRUE,Color,Black / Burgundy,Size,One Size,,,795208-ONE-SIZE-BLACK-BURGUNDY-ONE-SIZE,0,shopify,100,deny,manual,2900.00,,TRUE,TRUE,,https://res.cloudinary.com/dgvtynla7/image/upload/v1779020553/demo/products/ferragamo_hug_east_west_shoulder_bag_795208/variants/795208/image_01.webp,1,Women's Shoulder Bag,FALSE,Women's Shoulder Bag,"A refined East-West Hug shoulder bag with softly sculpted sides, warm Gancini buckle accents, and a contrasting interior.","Apparel & Accessories > Handbags, Wallets & Cases",female,adult,,new,TRUE,PrimeStyleAI Demo,,,,,https://res.cloudinary.com/dgvtynla7/image/upload/v1779020553/demo/products/ferragamo_hug_east_west_shoulder_bag_795208/variants/795208/image_01.webp,lb,,,active
ferragamo-hug-east-west-shoulder-bag-795208,,,,,,,,Color,Olive Green / Black,Size,One Size,,,795283-ONE-SIZE-OLIVE-GREEN-BLACK-ONE-SIZE,0,shopify,100,deny,manual,2900.00,,TRUE,TRUE,,,,,,,,,,,,,,,,,,,https://res.cloudinary.com/dgvtynla7/image/upload/v1779020573/demo/products/ferragamo_hug_east_west_shoulder_bag_795208/variants/795283/image_01.webp,lb,,,active
ferragamo-hug-east-west-shoulder-bag-795208,,,,,,,,Color,Cognac Brown / Black,Size,One Size,,,795365-ONE-SIZE-COGNAC-BROWN-BLACK-ONE-SIZE,0,shopify,100,deny,manual,2900.00,,TRUE,TRUE,,,,,,,,,,,,,,,,,,,https://res.cloudinary.com/dgvtynla7/image/upload/v1779020590/demo/products/ferragamo_hug_east_west_shoulder_bag_795208/variants/795365/image_01.webp,lb,,,active
ferragamo-hug-east-west-shoulder-bag-795208,,,,,,,,,,,,,,,,,,,,,,,,,https://res.cloudinary.com/dgvtynla7/image/upload/v1779020557/demo/products/ferragamo_hug_east_west_shoulder_bag_795208/variants/795208/image_02.webp,2,Women's Shoulder Bag,,,,,,,,,,,,,,,,,,,
ferragamo-hug-east-west-shoulder-bag-795208,,,,,,,,,,,,,,,,,,,,,,,,,https://res.cloudinary.com/dgvtynla7/image/upload/v1779020559/demo/products/ferragamo_hug_east_west_shoulder_bag_795208/variants/795208/image_03.webp,3,Women's Shoulder Bag,,,,,,,,,,,,,,,,,,,
ferragamo-hug-east-west-shoulder-bag-795208,,,,,,,,,,,,,,,,,,,,,,,,,https://res.cloudinary.com/dgvtynla7/image/upload/v1779020561/demo/products/ferragamo_hug_east_west_shoulder_bag_795208/variants/795208/image_04.webp,4,Women's Shoulder Bag,,,,,,,,,,,,,,,,,,,
ferragamo-hug-east-west-shoulder-bag-795208,,,,,,,,,,,,,,,,,,,,,,,,,https://res.cloudinary.com/dgvtynla7/image/upload/v1779020564/demo/products/ferragamo_hug_east_west_shoulder_bag_795208/variants/795208/image_05.webp,5,Women's Shoulder Bag,,,,,,,,,,,,,,,,,,,
ferragamo-hug-east-west-shoulder-bag-795208,,,,,,,,,,,,,,,,,,,,,,,,,https://res.cloudinary.com/dgvtynla7/image/upload/v1779020567/demo/products/ferragamo_hug_east_west_shoulder_bag_795208/variants/795208/image_06.webp,6,Women's Shoulder Bag,,,,,,,,,,,,,,,,,,,
ferragamo-hug-east-west-shoulder-bag-795208,,,,,,,,,,,,,,,,,,,,,,,,,https://res.cloudinary.com/dgvtynla7/image/upload/v1779020571/demo/products/ferragamo_hug_east_west_shoulder_bag_795208/variants/795208/image_07.webp,7,Women's Shoulder Bag,,,,,,,,,,,,,,,,,,,
ferragamo-hug-east-west-shoulder-bag-795208,,,,,,,,,,,,,,,,,,,,,,,,,https://res.cloudinary.com/dgvtynla7/image/upload/v1779020573/demo/products/ferragamo_hug_east_west_shoulder_bag_795208/variants/795283/image_01.webp,8,Women's Shoulder Bag,,,,,,,,,,,,,,,,,,,
ferragamo-hug-east-west-shoulder-bag-795208,,,,,,,,,,,,,,,,,,,,,,,,,https://res.cloudinary.com/dgvtynla7/image/upload/v1779020575/demo/products/ferragamo_hug_east_west_shoulder_bag_795208/variants/795283/image_02.webp,9,Women's Shoulder Bag,,,,,,,,,,,,,,,,,,,
ferragamo-hug-east-west-shoulder-bag-795208,,,,,,,,,,,,,,,,,,,,,,,,,https://res.cloudinary.com/dgvtynla7/image/upload/v1779020577/demo/products/ferragamo_hug_east_west_shoulder_bag_795208/variants/795283/image_03.webp,10,Women's Shoulder Bag,,,,,,,,,,,,,,,,,,,
ferragamo-hug-east-west-shoulder-bag-795208,,,,,,,,,,,,,,,,,,,,,,,,,https://res.cloudinary.com/dgvtynla7/image/upload/v1779020579/demo/products/ferragamo_hug_east_west_shoulder_bag_795208/variants/795283/image_04.webp,11,Women's Shoulder Bag,,,,,,,,,,,,,,,,,,,
ferragamo-hug-east-west-shoulder-bag-795208,,,,,,,,,,,,,,,,,,,,,,,,,https://res.cloudinary.com/dgvtynla7/image/upload/v1779020582/demo/products/ferragamo_hug_east_west_shoulder_bag_795208/variants/795283/image_05.webp,12,Women's Shoulder Bag,,,,,,,,,,,,,,,,,,,
ferragamo-hug-east-west-shoulder-bag-795208,,,,,,,,,,,,,,,,,,,,,,,,,https://res.cloudinary.com/dgvtynla7/image/upload/v1779020585/demo/products/ferragamo_hug_east_west_shoulder_bag_795208/variants/795283/image_06.webp,13,Women's Shoulder Bag,,,,,,,,,,,,,,,,,,,
ferragamo-hug-east-west-shoulder-bag-795208,,,,,,,,,,,,,,,,,,,,,,,,,https://res.cloudinary.com/dgvtynla7/image/upload/v1779020587/demo/products/ferragamo_hug_east_west_shoulder_bag_795208/variants/795283/image_07.webp,14,Women's Shoulder Bag,,,,,,,,,,,,,,,,,,,
ferragamo-hug-east-west-shoulder-bag-795208,,,,,,,,,,,,,,,,,,,,,,,,,https://res.cloudinary.com/dgvtynla7/image/upload/v1779020590/demo/products/ferragamo_hug_east_west_shoulder_bag_795208/variants/795365/image_01.webp,15,Women's Shoulder Bag,,,,,,,,,,,,,,,,,,,
ferragamo-hug-east-west-shoulder-bag-795208,,,,,,,,,,,,,,,,,,,,,,,,,https://res.cloudinary.com/dgvtynla7/image/upload/v1779020593/demo/products/ferragamo_hug_east_west_shoulder_bag_795208/variants/795365/image_02.webp,16,Women's Shoulder Bag,,,,,,,,,,,,,,,,,,,
ferragamo-hug-east-west-shoulder-bag-795208,,,,,,,,,,,,,,,,,,,,,,,,,https://res.cloudinary.com/dgvtynla7/image/upload/v1779020594/demo/products/ferragamo_hug_east_west_shoulder_bag_795208/variants/795365/image_03.webp,17,Women's Shoulder Bag,,,,,,,,,,,,,,,,,,,
ferragamo-hug-east-west-shoulder-bag-795208,,,,,,,,,,,,,,,,,,,,,,,,,https://res.cloudinary.com/dgvtynla7/image/upload/v1779020597/demo/products/ferragamo_hug_east_west_shoulder_bag_795208/variants/795365/image_04.webp,18,Women's Shoulder Bag,,,,,,,,,,,,,,,,,,,
ferragamo-hug-east-west-shoulder-bag-795208,,,,,,,,,,,,,,,,,,,,,,,,,https://res.cloudinary.com/dgvtynla7/image/upload/v1779020599/demo/products/ferragamo_hug_east_west_shoulder_bag_795208/variants/795365/image_05.webp,19,Women's Shoulder Bag,,,,,,,,,,,,,,,,,,,
ferragamo-hug-east-west-shoulder-bag-795208,,,,,,,,,,,,,,,,,,,,,,,,,https://res.cloudinary.com/dgvtynla7/image/upload/v1779020602/demo/products/ferragamo_hug_east_west_shoulder_bag_795208/variants/795365/image_06.webp,20,Women's Shoulder Bag,,,,,,,,,,,,,,,,,,,
ferragamo-hug-east-west-shoulder-bag-795208,,,,,,,,,,,,,,,,,,,,,,,,,https://res.cloudinary.com/dgvtynla7/image/upload/v1779020604/demo/products/ferragamo_hug_east_west_shoulder_bag_795208/variants/795365/image_07.webp,21,Women's Shoulder Bag,,,,,,,,,,,,,,,,,,,
darkai-prong-pave-18k-gold-silver-bracelet-w-diamonds,Pave Diamond Bracelet,"<p>Finely hand crafted prong link chain bracelet with hand set micropavé of VVS moissanite diamonds onto silver 925 with 18kt white and yellow gold two-tone coating. Drawer closure with micropavé cover on the inside with unique logo and material marks engraved on the backside. Material: Yellow Gold &amp; Rhodium coated Silver Karat: 18K Stone: Moissanite Stone Colour: White Number of stones: 1000+ Stone Carat: XS: 9.23ct, S: 9.94ct, M:10.65ct, L:11.36ct Stone type: VVS Stone shape: Round Brilliant Stone setting: 4 prong Available sizes: XS-L Can the pieces be engraved? Yes Customization Options Available Want the same item with natural or lab-grown diamonds? Please reach out to us, and we&#39;ll be happy to accommodate your preference. If you desire the piece in solid gold, that&#39;s also possible on request.</p>
<p><strong>Material:</strong> Gold Plated / Silver · 18K · Stone: Moissanite · Stone colour: White</p>
<p><strong>Available sizes:</strong> XS: 16.5cm, S: 18cm, M: 19.5cm, L: 21cm, XS, S, M, L</p>
<div class=""primestyle-size-guide""><h3>Bracelet Size Guide</h3><p>Available sizes from the product variants, with bracelet length in centimeters.</p><table><thead><tr><th>Standard</th><th>Length</th><th>Stone carat</th></tr></thead><tbody><tr><td>XS</td><td>16.5 cm</td><td>9.23 ct</td></tr><tr><td>S</td><td>18 cm</td><td>9.94 ct</td></tr><tr><td>M</td><td>19.5 cm</td><td>10.65 ct</td></tr><tr><td>L</td><td>21 cm</td><td>11.36 ct</td></tr></tbody></table></div>",DARKAI,Apparel & Accessories > Jewelry,Bracelets,"PrimeStyleAI Demo, PrimeStyleAI Import, Jewelry, Bracelets, unisex, category:Bracelets, collection:Fall/Winter 2023, colour-filter:Gold, colour-filter:Silver, colour-filter:White, delivery-time:+4 weeks, designer:DARKAI, gender:Mens, gender:Womens, karat:18K, material:Gold Plated, material:Silver, size:L: 21cm, size:M: 19.5cm, size:S: 18cm, size:XS: 16.5cm, stone:Moissanite, theme:Statement, Fall/Winter 2023, Statement",TRUE,Color,Yellow Gold / Rhodium / White,Size,XS: 16.5cm,,,DFBR0001BGDIL-XS-YELLOW-GOLD-RHODIUM-WHITE-XS-16-5CM,0,shopify,100,deny,manual,8170.00,,TRUE,TRUE,96027465,https://res.cloudinary.com/dgvtynla7/image/upload/v1778933928/demo/products/tjr_darkai_14mm_prong_pave_bracelet_moissanite/0.webp,1,Pave Diamond Bracelet,FALSE,Pave Diamond Bracelet,Finely hand crafted prong link chain bracelet with hand set micropavé of VVS moissanite diamonds onto silver 925 with 18kt white and yellow gold two-tone coating. Drawer closure with micropavé cover on the inside with un,Apparel & Accessories > Jewelry,unisex,adult,,new,TRUE,PrimeStyleAI Demo,,,,,https://res.cloudinary.com/dgvtynla7/image/upload/v1778933928/demo/products/tjr_darkai_14mm_prong_pave_bracelet_moissanite/0.webp,lb,,,active
darkai-prong-pave-18k-gold-silver-bracelet-w-diamonds,,,,,,,,Color,Yellow Gold / Rhodium / White,Size,S: 18cm,,,DFBR0001BGDIL-S-YELLOW-GOLD-RHODIUM-WHITE-S-18CM,0,shopify,100,deny,manual,8760.00,,TRUE,TRUE,59788873,,,,,,,,,,,,,,,,,,https://res.cloudinary.com/dgvtynla7/image/upload/v1778933928/demo/products/tjr_darkai_14mm_prong_pave_bracelet_moissanite/0.webp,lb,,,active
darkai-prong-pave-18k-gold-silver-bracelet-w-diamonds,,,,,,,,Color,Yellow Gold / Rhodium / White,Size,M: 19.5cm,,,DFBR0001BGDIL-M-YELLOW-GOLD-RHODIUM-WHITE-M-19-5CM,0,shopify,100,deny,manual,9435.00,,TRUE,TRUE,59821641,,,,,,,,,,,,,,,,,,https://res.cloudinary.com/dgvtynla7/image/upload/v1778933928/demo/products/tjr_darkai_14mm_prong_pave_bracelet_moissanite/0.webp,lb,,,active
darkai-prong-pave-18k-gold-silver-bracelet-w-diamonds,,,,,,,,Color,Yellow Gold / Rhodium / White,Size,L: 21cm,,,DFBR0001BGDIL-L-YELLOW-GOLD-RHODIUM-WHITE-L-21CM,0,shopify,100,deny,manual,10020.00,,TRUE,TRUE,59854409,,,,,,,,,,,,,,,,,,https://res.cloudinary.com/dgvtynla7/image/upload/v1778933928/demo/products/tjr_darkai_14mm_prong_pave_bracelet_moissanite/0.webp,lb,,,active
darkai-prong-pave-18k-gold-silver-bracelet-w-diamonds,,,,,,,,,,,,,,,,,,,,,,,,,https://res.cloudinary.com/dgvtynla7/image/upload/v1778933929/demo/products/tjr_darkai_14mm_prong_pave_bracelet_moissanite/1.webp,2,Pave Diamond Bracelet,,,,,,,,,,,,,,,,,,,
darkai-prong-pave-18k-gold-silver-bracelet-w-diamonds,,,,,,,,,,,,,,,,,,,,,,,,,https://res.cloudinary.com/dgvtynla7/image/upload/v1778933931/demo/products/tjr_darkai_14mm_prong_pave_bracelet_moissanite/2.webp,3,Pave Diamond Bracelet,,,,,,,,,,,,,,,,,,,
darkai-prong-pave-18k-gold-silver-bracelet-w-diamonds,,,,,,,,,,,,,,,,,,,,,,,,,https://res.cloudinary.com/dgvtynla7/image/upload/v1778933932/demo/products/tjr_darkai_14mm_prong_pave_bracelet_moissanite/3.webp,4,Pave Diamond Bracelet,,,,,,,,,,,,,,,,,,,
darkai-prong-pave-18k-gold-silver-bracelet-w-diamonds,,,,,,,,,,,,,,,,,,,,,,,,,https://res.cloudinary.com/dgvtynla7/image/upload/v1778933934/demo/products/tjr_darkai_14mm_prong_pave_bracelet_moissanite/4.webp,5,Pave Diamond Bracelet,,,,,,,,,,,,,,,,,,,
darkai-prong-pave-18k-gold-silver-bracelet-w-diamonds,,,,,,,,,,,,,,,,,,,,,,,,,https://res.cloudinary.com/dgvtynla7/image/upload/v1778933936/demo/products/tjr_darkai_14mm_prong_pave_bracelet_moissanite/5.webp,6,Pave Diamond Bracelet,,,,,,,,,,,,,,,,,,,
darkai-prong-pave-18k-gold-silver-bracelet-w-diamonds,,,,,,,,,,,,,,,,,,,,,,,,,https://res.cloudinary.com/dgvtynla7/image/upload/v1778933937/demo/products/tjr_darkai_14mm_prong_pave_bracelet_moissanite/6.webp,7,Pave Diamond Bracelet,,,,,,,,,,,,,,,,,,,
engelbert-ring-in-diamonds-and-whitegold-absolutely-fat-knot-ring-whitegold-black-diamonds,Diamond Knot Ring,"<p>Description This mysterious, dazzling ring comes to you from the Engelbert Absolutely Knot line of jewellery. Crafted in 18 karat whitegold with pavé-set brilliant cut black diamonds with the total weight of 5.60 carats, this stunning piece features the gloriously designed Absolute Knot. 18k whitegold ring 5.60ct. TW brilliant cut black diamonds Ring sizes: 50-59 Colour: Whitegold, black Fit &amp; Size: Choose 2 sizes smaller than your normal size What&#39;s the story Engelbert Stockholm is an award-winning brand of jewellery and a well-respected name with a fine heritage of over a hundred years. Founded by Heribert Engelbert in 1920, the brand has been nurtured by generations as a family business and continues to uphold its traditional cultural values. At the same time, it keeps up with the times with exclusive and contemporary designs aimed at pleasing the modern woman who values beauty and quality in all she chooses. Engelbert’s chief designer is Thomas Carlsson who has extensive experience in jewellery design. He has been the force behind the brand’s well-loved collections for over thirty years. Every piece of Engelbert jewellery is crafted by expert goldsmiths and gem setters with extensive training and experience. Every piece is underscored by the design aesthetic and high manufacturing standards that are typical of Swedish art jewellery and distinct Scandinavian tradition. What&#39;s great about it As is typical of Engelbert Stockholm jewellery, this captivating Absolutely Fat Knot Ring is a distinctive reminder of your commitment to something you hold precious, a reminder that stands out for its bold design and fine craftsmanship. Fashioned in 18 karat whitegold which is expressively combined with an array of black diamonds, it features the signature knot that is central to the Absolutely Knot Collection. A knot symbolises a promise and has been a common motif in jewellery through the ages. It signifies a bond and stands as a metaphor for commitment and love. The large and sparkling black knot in this whitegold ring is opulent, bold, and trendy. The stylish and confident statement it makes is highlighted by the dazzling diamonds. This piece of jewellery is sure to attract a modern, independent, and confident woman of discerning taste who prefers to accentuate her style with bold and eye-catching details. How to wear it The contemporary design of this luxurious Absolutely Fat Knot Ring is inspired by classic traditions. The stylish statement it makes, however, creates a stronger bond with a woman’s character than with her outfit. Therefore, it can be worn with various kinds of apparel, at various occasions. This audacious creation will add a captivating accent to your classic business suit or casual dress, while it lends an extravagant flair to your night out. Its classic combination of black and white will match well with diverse colours, making each outfit look special. For added style and sparkle, try this incredible ring with other rings and bracelets from the Absolutely Knot line of jewellery. Combine it with the yellow and/or rose gold pieces for an ultra-modern, two- or even three-tone look. Why we love it We admire the winning collection of beautiful jewellery by Engelbert Stockholm, which emphatically spells exquisite design, flawless finish, refined taste, and class. Every piece in this line is thoughtfully designed and expertly fashioned to adorn your wrists and fingers. At The Jewellery Room, we are particularly impressed by Engelbert Stockholm’s exclusive treasures with historical soul. Jewellery by Engelbert Stockholm is marked by a fine balance between expert artisanship and contemporary design, rooted in a grand 100-year-old tradition. The Engelbert Absolutely Fat Knot Ring in whitegold set with black brilliant cut diamonds is a perfect example of the bold modern style inspired by classic traditions that is bound to appeal to contemporary independent woman who keeps her promises and sparkles with confidence.</p>
<p><strong>Material:</strong> Whitegold · 18K · Stone: Diamond · Stone colour: Black</p>
<p><strong>Available sizes:</strong> 50, 51, 52, 53, 54, 55, 56, 57, 58, 59</p>
<div class=""primestyle-size-guide""><h3>Ring Size Guide</h3><p>Available ring sizes are EU 50-59. Product fit note: choose 2 sizes smaller than your normal size.</p><table><thead><tr><th>Standard</th><th>EU ring size</th><th>Fit note</th></tr></thead><tbody><tr><td>50</td><td>50</td><td>Choose 2 sizes smaller than normal</td></tr><tr><td>51</td><td>51</td><td>Choose 2 sizes smaller than normal</td></tr><tr><td>52</td><td>52</td><td>Choose 2 sizes smaller than normal</td></tr><tr><td>53</td><td>53</td><td>Choose 2 sizes smaller than normal</td></tr><tr><td>54</td><td>54</td><td>Choose 2 sizes smaller than normal</td></tr><tr><td>55</td><td>55</td><td>Choose 2 sizes smaller than normal</td></tr><tr><td>56</td><td>56</td><td>Choose 2 sizes smaller than normal</td></tr><tr><td>57</td><td>57</td><td>Choose 2 sizes smaller than normal</td></tr><tr><td>58</td><td>58</td><td>Choose 2 sizes smaller than normal</td></tr><tr><td>59</td><td>59</td><td>Choose 2 sizes smaller than normal</td></tr></tbody></table></div><div class=""primestyle-measure-guide""><h3>How to measure</h3><ul><li>Use your normal ring size as a starting point.</li><li>For this Engelbert Legacy Knot Big ring, the product fit note says to choose 2 sizes smaller than your normal size.</li></ul></div>",Engelbert,Apparel & Accessories > Jewelry,Rings,"PrimeStyleAI Demo, PrimeStyleAI Import, Jewelry, Rings, female, category:Rings, collection:The Legacy Knot, colour-filter:Black, colour-filter:Silver, delivery-time:1-2 weeks, designer:Engelbert, gender:Womens, karat:18K, material:Whitegold, size:50, size:51, size:52, size:53, size:54, size:55, size:56, size:57, size:58, size:59, stone:Diamond, theme:Exclusive, theme:Iconic Piece, theme:Statement, theme:Valentine's Gift, The Legacy Knot, Exclusive, Iconic Piece, Statement, Valentine's Gift",TRUE,Color,Whitegold / Black,Size,50,,,12-5102-565-50-WHITEGOLD-BLACK-50,0,shopify,100,deny,manual,110955.00,,TRUE,TRUE,47287223,https://res.cloudinary.com/dgvtynla7/image/upload/v1778933943/demo/products/tjr_engelbert_legacy_knot_big_whitegold_black_diamonds_ring/0.webp,1,Diamond Knot Ring,FALSE,Diamond Knot Ring,"Description This mysterious, dazzling ring comes to you from the Engelbert Absolutely Knot line of jewellery. Crafted in 18 karat whitegold with pavé-set brilliant cut black diamonds with the total weight of 5.60 carats,",Apparel & Accessories > Jewelry,female,adult,,new,TRUE,PrimeStyleAI Demo,,,,,https://res.cloudinary.com/dgvtynla7/image/upload/v1778933943/demo/products/tjr_engelbert_legacy_knot_big_whitegold_black_diamonds_ring/0.webp,lb,,,active
engelbert-ring-in-diamonds-and-whitegold-absolutely-fat-knot-ring-whitegold-black-diamonds,,,,,,,,Color,Whitegold / Black,Size,51,,,12-5102-565-51-WHITEGOLD-BLACK-51,0,shopify,100,deny,manual,110955.00,,TRUE,TRUE,47319991,,,,,,,,,,,,,,,,,,https://res.cloudinary.com/dgvtynla7/image/upload/v1778933943/demo/products/tjr_engelbert_legacy_knot_big_whitegold_black_diamonds_ring/0.webp,lb,,,active
engelbert-ring-in-diamonds-and-whitegold-absolutely-fat-knot-ring-whitegold-black-diamonds,,,,,,,,Color,Whitegold / Black,Size,52,,,12-5102-565-52-WHITEGOLD-BLACK-52,0,shopify,100,deny,manual,110955.00,,TRUE,TRUE,47352759,,,,,,,,,,,,,,,,,,https://res.cloudinary.com/dgvtynla7/image/upload/v1778933943/demo/products/tjr_engelbert_legacy_knot_big_whitegold_black_diamonds_ring/0.webp,lb,,,active
engelbert-ring-in-diamonds-and-whitegold-absolutely-fat-knot-ring-whitegold-black-diamonds,,,,,,,,Color,Whitegold / Black,Size,53,,,12-5102-565-53-WHITEGOLD-BLACK-53,0,shopify,100,deny,manual,110955.00,,TRUE,TRUE,47385527,,,,,,,,,,,,,,,,,,https://res.cloudinary.com/dgvtynla7/image/upload/v1778933943/demo/products/tjr_engelbert_legacy_knot_big_whitegold_black_diamonds_ring/0.webp,lb,,,active
engelbert-ring-in-diamonds-and-whitegold-absolutely-fat-knot-ring-whitegold-black-diamonds,,,,,,,,Color,Whitegold / Black,Size,54,,,12-5102-565-54-WHITEGOLD-BLACK-54,0,shopify,100,deny,manual,110955.00,,TRUE,TRUE,47418295,,,,,,,,,,,,,,,,,,https://res.cloudinary.com/dgvtynla7/image/upload/v1778933943/demo/products/tjr_engelbert_legacy_knot_big_whitegold_black_diamonds_ring/0.webp,lb,,,active
engelbert-ring-in-diamonds-and-whitegold-absolutely-fat-knot-ring-whitegold-black-diamonds,,,,,,,,Color,Whitegold / Black,Size,55,,,12-5102-565-55-WHITEGOLD-BLACK-55,0,shopify,100,deny,manual,110955.00,,TRUE,TRUE,47451063,,,,,,,,,,,,,,,,,,https://res.cloudinary.com/dgvtynla7/image/upload/v1778933943/demo/products/tjr_engelbert_legacy_knot_big_whitegold_black_diamonds_ring/0.webp,lb,,,active
engelbert-ring-in-diamonds-and-whitegold-absolutely-fat-knot-ring-whitegold-black-diamonds,,,,,,,,Color,Whitegold / Black,Size,56,,,12-5102-565-56-WHITEGOLD-BLACK-56,0,shopify,100,deny,manual,110955.00,,TRUE,TRUE,47483831,,,,,,,,,,,,,,,,,,https://res.cloudinary.com/dgvtynla7/image/upload/v1778933943/demo/products/tjr_engelbert_legacy_knot_big_whitegold_black_diamonds_ring/0.webp,lb,,,active
engelbert-ring-in-diamonds-and-whitegold-absolutely-fat-knot-ring-whitegold-black-diamonds,,,,,,,,Color,Whitegold / Black,Size,57,,,12-5102-565-57-WHITEGOLD-BLACK-57,0,shopify,100,deny,manual,110955.00,,TRUE,TRUE,47516599,,,,,,,,,,,,,,,,,,https://res.cloudinary.com/dgvtynla7/image/upload/v1778933943/demo/products/tjr_engelbert_legacy_knot_big_whitegold_black_diamonds_ring/0.webp,lb,,,active
engelbert-ring-in-diamonds-and-whitegold-absolutely-fat-knot-ring-whitegold-black-diamonds,,,,,,,,Color,Whitegold / Black,Size,58,,,12-5102-565-58-WHITEGOLD-BLACK-58,0,shopify,100,deny,manual,110955.00,,TRUE,TRUE,47549367,,,,,,,,,,,,,,,,,,https://res.cloudinary.com/dgvtynla7/image/upload/v1778933943/demo/products/tjr_engelbert_legacy_knot_big_whitegold_black_diamonds_ring/0.webp,lb,,,active
engelbert-ring-in-diamonds-and-whitegold-absolutely-fat-knot-ring-whitegold-black-diamonds,,,,,,,,Color,Whitegold / Black,Size,59,,,12-5102-565-59-WHITEGOLD-BLACK-59,0,shopify,100,deny,manual,110955.00,,TRUE,TRUE,47582135,,,,,,,,,,,,,,,,,,https://res.cloudinary.com/dgvtynla7/image/upload/v1778933943/demo/products/tjr_engelbert_legacy_knot_big_whitegold_black_diamonds_ring/0.webp,lb,,,active
engelbert-ring-in-diamonds-and-whitegold-absolutely-fat-knot-ring-whitegold-black-diamonds,,,,,,,,,,,,,,,,,,,,,,,,,https://res.cloudinary.com/dgvtynla7/image/upload/v1778933944/demo/products/tjr_engelbert_legacy_knot_big_whitegold_black_diamonds_ring/1.webp,2,Diamond Knot Ring,,,,,,,,,,,,,,,,,,,
engelbert-ring-in-diamonds-and-whitegold-absolutely-fat-knot-ring-whitegold-black-diamonds,,,,,,,,,,,,,,,,,,,,,,,,,https://res.cloudinary.com/dgvtynla7/image/upload/v1778933946/demo/products/tjr_engelbert_legacy_knot_big_whitegold_black_diamonds_ring/2.webp,3,Diamond Knot Ring,,,,,,,,,,,,,,,,,,,
georg-jensen-earring-in-gold-plated-daisy-earrings-11-mm-gold-plated,Gold Plated Earrings,"<p>Description Adorable in their simplicity, the Daisy Earrings are made of sterling silver and gold plated with 18 karat gold. The daisy flower with its delicate white enamel petals, delineated with golden lines, expresses the innocent charm and beauty of nature. This pair is a truly timeless classic from the Georg Jensen collection. 18k gold plated sterling silver and white enamel earrings Ø: 11mm daisy Colour: Gold, white What&#39;s great about it Georg Jensen is among the most iconic of Danish jewellery houses, with a fabulous history of over 100 years. Sensual and timeless, the Georg Jensen is regal in its interpretation of fashion sensibilities of each era. Consistently creating exquisite, fresh, and functional pieces of jewellery, the house of Georg Jensen is a treasure trove of unique artistry. Why we love it Pure magic is how we describe the Georg Jenson brand’s ability to capture the spirit of the times in their creations, starting from the Art Nouveau styles right down to contemporary aesthetics. The Jewellery Room adores this legendary brand for its historic excellence and ethos that translate to jewellery which is a joy to own and use.</p>
<p><strong>Material:</strong> Gold Plated</p>
<p><strong>Available sizes:</strong> One Size</p>
<div class=""primestyle-size-guide""><h3>Earring Size Guide</h3><p>The product detail lists the daisy earring diameter as 11 mm.</p><table><thead><tr><th>Standard</th><th>Diameter</th><th>Sold as</th></tr></thead><tbody><tr><td>One Size</td><td>11 mm</td><td>Pair</td></tr></tbody></table></div>",Georg Jensen,Apparel & Accessories > Jewelry,Earrings,"PrimeStyleAI Demo, PrimeStyleAI Import, Jewelry, Earrings, female, category:Earrings, collection:Daisy, colour-filter:Gold, colour-filter:White, delivery-time:1-3 days, designer:Georg Jensen, gender:Womens, material:Gold Plated, stone:No Stone, theme:Bestseller, theme:Classic, theme:Elegant, theme:Flower, theme:Great gift, theme:Iconic Piece, theme:Modern, theme:Valentine's Gift, Daisy, Bestseller, Classic, Elegant, Flower",TRUE,Color,Gold / White,Size,One Size,,,3539207-GOLD-WHITE-ONE-SIZE,0,shopify,100,deny,manual,1400.00,,TRUE,TRUE,59003906,https://res.cloudinary.com/dgvtynla7/image/upload/v1778933951/demo/products/tjr_georg_jensen_daisy_11mm_gold_plated_earrings/0.webp,1,Gold Plated Earrings,FALSE,Gold Plated Earrings,"Description Adorable in their simplicity, the Daisy Earrings are made of sterling silver and gold plated with 18 karat gold. The daisy flower with its delicate white enamel petals, delineated with golden lines, expresses",Apparel & Accessories > Jewelry,female,adult,,new,TRUE,PrimeStyleAI Demo,,,,,https://res.cloudinary.com/dgvtynla7/image/upload/v1778933951/demo/products/tjr_georg_jensen_daisy_11mm_gold_plated_earrings/0.webp,lb,,,active
georg-jensen-earring-in-gold-plated-daisy-earrings-11-mm-gold-plated,,,,,,,,,,,,,,,,,,,,,,,,,https://res.cloudinary.com/dgvtynla7/image/upload/v1778933953/demo/products/tjr_georg_jensen_daisy_11mm_gold_plated_earrings/1.webp,2,Gold Plated Earrings,,,,,,,,,,,,,,,,,,,
georg-jensen-earring-in-gold-plated-daisy-earrings-11-mm-gold-plated,,,,,,,,,,,,,,,,,,,,,,,,,https://res.cloudinary.com/dgvtynla7/image/upload/v1778933954/demo/products/tjr_georg_jensen_daisy_11mm_gold_plated_earrings/2.webp,3,Gold Plated Earrings,,,,,,,,,,,,,,,,,,,
carre-jewellery-10k-gold-pendant-w-aquamarine-diamond,Gold Pendant Necklace,"<p>Pendant in 10 karat gold set with an 8mm heart shaped blue Aquamarine and a 0,005 carat brilliant cut Champagne Diamond. The aquamarine is of the &#39;Milky&#39; quality which means it has a fine milky and semi-transparent texture. This piece of jewelry is made of 10 carat gold. It is therefore stamped with 417, which means that it contains at least 41.7% pure gold. Our 10 carat gold is certified Conflict-Free, which ensures that the gold is not mined in conflict areas. Sold without chain. Material: Gold Karat: 10K Stone: Aquamarine &amp; Diamond Stone Colour: Blue &amp; White Number of stones: 2 Dimensions: Length: 8 mm Sold without chain</p>
<p><strong>Material:</strong> Gold · 10K · Stone: Aquamarine / Diamond · Stone colour: Blue / White</p>
<p><strong>Available sizes:</strong> One Size</p>
<div class=""primestyle-size-guide""><h3>Pendant Size Guide</h3><p>This pendant is sold without a chain. The product detail lists the pendant length as 8 mm.</p><table><thead><tr><th>Standard</th><th>Pendant length</th><th>Chain included</th></tr></thead><tbody><tr><td>One Size</td><td>8 mm</td><td>No</td></tr></tbody></table></div>",Carré Jewellery,Apparel & Accessories > Jewelry,Necklaces,"PrimeStyleAI Demo, PrimeStyleAI Import, Jewelry, Necklaces, female, category:Necklaces, category:Pendants, colour-filter:Blue, colour-filter:Gold, colour-filter:White, delivery-time:1-3 days, designer:Carré Jewellery, gender:Womens, karat:10K, material:Gold, stone:Aquamarine, stone:Diamond, theme:Classic, theme:Delicate, theme:Gift graduation, theme:Great gift, theme:Heart, theme:Minimalistic, Classic, Delicate, Gift graduation, Great gift",TRUE,Color,Gold / Blue / White,Size,One Size,,,TL4487AQDI-8-GOLD-BLUE-WHITE-ONE-SIZE,0,shopify,100,deny,manual,1690.00,,TRUE,TRUE,10317129,https://res.cloudinary.com/dgvtynla7/image/upload/v1778933923/demo/products/tjr_carre_10k_gold_heart_pendant_aquamarine_diamond/0.webp,1,Gold Pendant Necklace,FALSE,Gold Pendant Necklace,"Pendant in 10 karat gold set with an 8mm heart shaped blue Aquamarine and a 0,005 carat brilliant cut Champagne Diamond. The aquamarine is of the 'Milky' quality which means it has a fine milky and semi-transparent textu",Apparel & Accessories > Jewelry,female,adult,,new,TRUE,PrimeStyleAI Demo,,,,,https://res.cloudinary.com/dgvtynla7/image/upload/v1778933923/demo/products/tjr_carre_10k_gold_heart_pendant_aquamarine_diamond/0.webp,lb,,,active
carre-jewellery-10k-gold-pendant-w-aquamarine-diamond,,,,,,,,,,,,,,,,,,,,,,,,,https://res.cloudinary.com/dgvtynla7/image/upload/v1778933925/demo/products/tjr_carre_10k_gold_heart_pendant_aquamarine_diamond/1.webp,2,Gold Pendant Necklace,,,,,,,,,,,,,,,,,,,
carre-jewellery-10k-gold-pendant-w-aquamarine-diamond,,,,,,,,,,,,,,,,,,,,,,,,,https://res.cloudinary.com/dgvtynla7/image/upload/v1778933926/demo/products/tjr_carre_10k_gold_heart_pendant_aquamarine_diamond/2.webp,3,Gold Pendant Necklace,,,,,,,,,,,,,,,,,,,
august-scallop-edge-panama-hat,Women's Panama Hat,"<p>Our August Scallop Edge Panama is a stylish addition to spring and summer style. Handcrafted by artisans in Ecuador from superior quality, high-grade 100% toquilla palm straw, this sophisticated fedora-crown Panama highlights a beautiful scalloped brim edge and is finished with a deep red band and bow at the back. Lightweight and breathable, it showcases intricate weaves and keeps you cool in warmer weather. Product measurements: brim width 11-13 cm and crown height 10 cm. Due to the handwoven nature of the hat, brim width may vary by up to 2 cm.</p>
<p><strong>Material:</strong> 100% toquilla palm straw with deep red band and elastic sweatband</p>
<p><strong>Available sizes:</strong> Small, Medium, Large</p>
<div class=""primestyle-size-guide""><h3>Lock &amp; Co. Hat Size Guide</h3><p>Hat sizing from Lock &amp; Co. for the August Scallop Edge Panama Hat. Measure around the head at mid-forehead and just above the ears, then compare with the chart.</p><table><thead><tr><th>Standard</th><th>EU / Head circumference (cm)</th><th>US</th><th>UK</th><th>Inches</th></tr></thead><tbody><tr><td>Small</td><td>55-56</td><td>6⅞-7</td><td>6¾-6⅞</td><td>21½-22</td></tr><tr><td>Medium</td><td>57-58</td><td>7⅛-7¼</td><td>7-7⅛</td><td>22½-22⅞</td></tr><tr><td>Large</td><td>59-60</td><td>7⅜-7½</td><td>7¼-7⅜</td><td>23¼-23⅝</td></tr></tbody></table></div><div class=""primestyle-measure-guide""><h3>How to measure</h3><ul><li>Place a flexible tape measure around your head, positioned mid-forehead and just above the ears.</li><li>Take note of the measurement in centimeters or inches.</li><li>Use the chart to choose the closest hat size. If you are between sizes, choose the larger size or contact support for advice.</li></ul></div>",Lock & Co. Hatters,Apparel & Accessories > Clothing Accessories > Hats,Panama Hats,"PrimeStyleAI Demo, PrimeStyleAI Import, Hats, Panama Hats, female, hat, panama, straw, women, summer, wide brim, scallop edge, accessory, Handcrafted, Panama, Spring Summer, Toquilla straw",TRUE,Color,Natural / Deep Red,Size,Small,,,5059860057063-NATURAL-DEEP-RED-SMALL,3,shopify,100,deny,manual,395.00,,TRUE,TRUE,5059860057063,https://res.cloudinary.com/dgvtynla7/image/upload/v1778933918/demo/products/lockhatters_august_scallop_edge_panama_hat/0.webp,1,Women's Panama Hat,FALSE,Women's Panama Hat,A handcrafted scallop-edge Panama hat in natural straw with a deep red ribbon band.,Apparel & Accessories > Clothing Accessories > Hats,female,adult,,new,TRUE,PrimeStyleAI Demo,,,,,https://res.cloudinary.com/dgvtynla7/image/upload/v1778933918/demo/products/lockhatters_august_scallop_edge_panama_hat/0.webp,lb,,,active
august-scallop-edge-panama-hat,,,,,,,,Color,Natural / Deep Red,Size,Medium,,,5059860057070-NATURAL-DEEP-RED-MEDIUM,3,shopify,100,deny,manual,395.00,,TRUE,TRUE,5059860057070,,,,,,,,,,,,,,,,,,https://res.cloudinary.com/dgvtynla7/image/upload/v1778933918/demo/products/lockhatters_august_scallop_edge_panama_hat/0.webp,lb,,,active
august-scallop-edge-panama-hat,,,,,,,,Color,Natural / Deep Red,Size,Large,,,5059860057087-NATURAL-DEEP-RED-LARGE,3,shopify,100,deny,manual,395.00,,TRUE,TRUE,5059860057087,,,,,,,,,,,,,,,,,,https://res.cloudinary.com/dgvtynla7/image/upload/v1778933918/demo/products/lockhatters_august_scallop_edge_panama_hat/0.webp,lb,,,active
august-scallop-edge-panama-hat,,,,,,,,,,,,,,,,,,,,,,,,,https://res.cloudinary.com/dgvtynla7/image/upload/v1778933919/demo/products/lockhatters_august_scallop_edge_panama_hat/1.webp,2,Women's Panama Hat,,,,,,,,,,,,,,,,,,,
august-scallop-edge-panama-hat,,,,,,,,,,,,,,,,,,,,,,,,,https://res.cloudinary.com/dgvtynla7/image/upload/v1778933920/demo/products/lockhatters_august_scallop_edge_panama_hat/2.webp,3,Women's Panama Hat,,,,,,,,,,,,,,,,,,,
august-scallop-edge-panama-hat,,,,,,,,,,,,,,,,,,,,,,,,,https://res.cloudinary.com/dgvtynla7/image/upload/v1778933921/demo/products/lockhatters_august_scallop_edge_panama_hat/3.webp,4,Women's Panama Hat,,,,,,,,,,,,,,,,,,,
ff-versace-32661137,Mens Shirt,"<p>Versace long-sleeve buttoned shirt in 100% silk, multicolour Patchwork print. Classic collar, full button fastening, buttoned cuffs, regular fit. Made in Italy. Read manufacturer guidelines.</p>
<p><strong>Material:</strong> Silk 100%</p>
<p><strong>Available sizes:</strong> XS, S, M, L, XL, XXL, 3XL, 4XL, 5XL, 6XL, XXXL</p>
<div class=""primestyle-size-guide""><h3>Versace — Buttoned Shirt Size Chart</h3><p>Brand chart: Italy / Standard / Collar (cm) primary axes; body measurements in cm and inches.</p><table><thead><tr><th>Size (IT)</th><th>Standard</th><th>Collar (cm)</th><th>Collar (in)</th><th>Chest (in)</th><th>Chest (cm)</th><th>Waist (in)</th><th>Waist (cm)</th><th>Sleeve (in)</th><th>Sleeve (cm)</th></tr></thead><tbody><tr><td>44</td><td>XS</td><td>37</td><td>14.6</td><td>34.6</td><td>88</td><td>29.9</td><td>76</td><td>32.3</td><td>82</td></tr><tr><td>46</td><td>S</td><td>38</td><td>15</td><td>36.2</td><td>92</td><td>31.5</td><td>80</td><td>32.7</td><td>83</td></tr><tr><td>48</td><td>M</td><td>39.5</td><td>15.6</td><td>37.8</td><td>96</td><td>33.1</td><td>84</td><td>33.5</td><td>85</td></tr><tr><td>50</td><td>L</td><td>41</td><td>16.1</td><td>39.4</td><td>100</td><td>34.6</td><td>88</td><td>33.9</td><td>86</td></tr><tr><td>52</td><td>XL</td><td>42</td><td>16.5</td><td>40.9</td><td>104</td><td>36.2</td><td>92</td><td>34.6</td><td>88</td></tr><tr><td>54</td><td>XXL</td><td>43.5</td><td>17.1</td><td>42.5</td><td>108</td><td>37.8</td><td>96</td><td>35</td><td>89</td></tr><tr><td>56</td><td>3XL</td><td>44.5</td><td>17.5</td><td>44.1</td><td>112</td><td>39.4</td><td>100</td><td>35.4</td><td>90</td></tr><tr><td>58</td><td>4XL</td><td>46</td><td>18.1</td><td>45.7</td><td>116</td><td>40.9</td><td>104</td><td>35.8</td><td>91</td></tr><tr><td>60</td><td>5XL</td><td>47</td><td>18.5</td><td>47.2</td><td>120</td><td>42.5</td><td>108</td><td>36.2</td><td>92</td></tr><tr><td>62</td><td>6XL</td><td>48.5</td><td>19.1</td><td>48.8</td><td>124</td><td>44.1</td><td>112</td><td>36.6</td><td>93</td></tr></tbody></table></div>",Versace,Apparel & Accessories > Clothing,Shirts,"PrimeStyleAI Demo, PrimeStyleAI Import, Shirts, male",TRUE,Color,Purple,Size,XS,,,10194381A16396-XS-PURPLE-XS,0,shopify,100,deny,manual,1494.00,,TRUE,TRUE,,https://res.cloudinary.com/dgvtynla7/image/upload/v1778251922/demo/products/ff_versace_32661137/0.webp,1,Mens Shirt,FALSE,Mens Shirt,"Multicolour silk shirt with Versace Patchwork print, classic collar, button fastening, and long buttoned cuffs.",Apparel & Accessories > Clothing,male,adult,,new,TRUE,PrimeStyleAI Demo,,,,,https://res.cloudinary.com/dgvtynla7/image/upload/v1778251922/demo/products/ff_versace_32661137/0.webp,lb,,,active
ff-versace-32661137,,,,,,,,Color,Purple,Size,S,,,10194381A16396-S-PURPLE-S,0,shopify,100,deny,manual,1482.00,,TRUE,TRUE,,,,,,,,,,,,,,,,,,,https://res.cloudinary.com/dgvtynla7/image/upload/v1778251922/demo/products/ff_versace_32661137/0.webp,lb,,,active
ff-versace-32661137,,,,,,,,Color,Purple,Size,M,,,10194381A16396-M-PURPLE-M,0,shopify,100,deny,manual,1482.00,,TRUE,TRUE,,,,,,,,,,,,,,,,,,,https://res.cloudinary.com/dgvtynla7/image/upload/v1778251922/demo/products/ff_versace_32661137/0.webp,lb,,,active
ff-versace-32661137,,,,,,,,Color,Purple,Size,L,,,10194381A16396-L-PURPLE-L,0,shopify,100,deny,manual,1482.00,,TRUE,TRUE,,,,,,,,,,,,,,,,,,,https://res.cloudinary.com/dgvtynla7/image/upload/v1778251922/demo/products/ff_versace_32661137/0.webp,lb,,,active
ff-versace-32661137,,,,,,,,Color,Purple,Size,XL,,,10194381A16396-XL-PURPLE-XL,0,shopify,100,deny,manual,1531.00,,TRUE,TRUE,,,,,,,,,,,,,,,,,,,https://res.cloudinary.com/dgvtynla7/image/upload/v1778251922/demo/products/ff_versace_32661137/0.webp,lb,,,active
ff-versace-32661137,,,,,,,,Color,Purple,Size,XXL,,,10194381A16396-XXL-PURPLE-XXL,0,shopify,100,deny,manual,1494.00,,TRUE,TRUE,,,,,,,,,,,,,,,,,,,https://res.cloudinary.com/dgvtynla7/image/upload/v1778251922/demo/products/ff_versace_32661137/0.webp,lb,,,active
ff-versace-32661137,,,,,,,,Color,Purple,Size,XXXL,,,10194381A16396-XXXL-PURPLE-XXXL,0,shopify,100,deny,manual,1482.00,,TRUE,TRUE,,,,,,,,,,,,,,,,,,,https://res.cloudinary.com/dgvtynla7/image/upload/v1778251922/demo/products/ff_versace_32661137/0.webp,lb,,,active
ff-versace-32661137,,,,,,,,Color,Purple,Size,4XL,,,10194381A16396-4XL-PURPLE-4XL,0,shopify,100,deny,manual,1618.00,,TRUE,TRUE,,,,,,,,,,,,,,,,,,,https://res.cloudinary.com/dgvtynla7/image/upload/v1778251922/demo/products/ff_versace_32661137/0.webp,lb,,,active
ff-versace-32661137,,,,,,,,Color,Purple,Size,5XL,,,10194381A16396-5XL-PURPLE-5XL,0,shopify,100,deny,manual,1482.00,,TRUE,TRUE,,,,,,,,,,,,,,,,,,,https://res.cloudinary.com/dgvtynla7/image/upload/v1778251922/demo/products/ff_versace_32661137/0.webp,lb,,,active
ff-versace-32661137,,,,,,,,,,,,,,,,,,,,,,,,,https://res.cloudinary.com/dgvtynla7/image/upload/v1778251924/demo/products/ff_versace_32661137/1.webp,2,Mens Shirt,,,,,,,,,,,,,,,,,,,
ff-versace-32661137,,,,,,,,,,,,,,,,,,,,,,,,,https://res.cloudinary.com/dgvtynla7/image/upload/v1778251925/demo/products/ff_versace_32661137/2.webp,3,Mens Shirt,,,,,,,,,,,,,,,,,,,
ff-versace-32661137,,,,,,,,,,,,,,,,,,,,,,,,,https://res.cloudinary.com/dgvtynla7/image/upload/v1778251927/demo/products/ff_versace_32661137/3.webp,4,Mens Shirt,,,,,,,,,,,,,,,,,,,
ff-versace-32661137,,,,,,,,,,,,,,,,,,,,,,,,,https://res.cloudinary.com/dgvtynla7/image/upload/v1778251929/demo/products/ff_versace_32661137/4.webp,5,Mens Shirt,,,,,,,,,,,,,,,,,,,
db-studio-wg4138,Wedding Dress,"<p>DB Studio beaded lace mermaid gown in soft white. Hand-placed lace appliques, scattered beadwork, basque waist, removable off-the-shoulder long sleeves, sweep train, back zipper. Nylon, fully lined. Dry clean only.</p>
<p><strong>Material:</strong> Nylon, fully lined</p>
<p><strong>Available sizes:</strong> 0, 2, 4, 6, 8, 10, 12, 14, 16W, 18W, 20W, 22W, 24W, 26W, 28W, 30W</p>
<div class=""primestyle-size-guide""><h3>DB Studio — Beaded Lace Mermaid Gown</h3><p>Missy and Plus fits · standard or extra-length skirt. Pick a Fit and Length above the chart to filter sizes.</p><table><thead><tr><th>Fit</th><th>Customization</th><th>Size</th><th>Bust (in)</th><th>Bust (cm)</th><th>Waist (in)</th><th>Waist (cm)</th><th>Hip (in)</th><th>Hip (cm)</th><th>Length (in)</th><th>Length (cm)</th></tr></thead><tbody><tr><td>MISSY</td><td>Standard (No Customization)</td><td>0</td><td>32</td><td>81.3</td><td>25.5</td><td>64.8</td><td>35.5</td><td>90.2</td><td>61</td><td>154.9</td></tr><tr><td>MISSY</td><td>Standard (No Customization)</td><td>2</td><td>33</td><td>83.8</td><td>26.5</td><td>67.3</td><td>36.5</td><td>92.7</td><td>61</td><td>154.9</td></tr><tr><td>MISSY</td><td>Standard (No Customization)</td><td>4</td><td>34</td><td>86.4</td><td>27.5</td><td>69.9</td><td>37.5</td><td>95.3</td><td>61</td><td>154.9</td></tr><tr><td>MISSY</td><td>Standard (No Customization)</td><td>6</td><td>35</td><td>88.9</td><td>28.5</td><td>72.4</td><td>38.5</td><td>97.8</td><td>61</td><td>154.9</td></tr><tr><td>MISSY</td><td>Standard (No Customization)</td><td>8</td><td>36</td><td>91.4</td><td>29.5</td><td>74.9</td><td>39.5</td><td>100.3</td><td>61</td><td>154.9</td></tr><tr><td>MISSY</td><td>Standard (No Customization)</td><td>10</td><td>37.5</td><td>95.3</td><td>31</td><td>78.7</td><td>41</td><td>104.1</td><td>61</td><td>154.9</td></tr><tr><td>MISSY</td><td>Standard (No Customization)</td><td>12</td><td>39</td><td>99.1</td><td>32.5</td><td>82.6</td><td>42.5</td><td>108</td><td>61</td><td>154.9</td></tr><tr><td>MISSY</td><td>Standard (No Customization)</td><td>14</td><td>41</td><td>104.1</td><td>34.75</td><td>88.3</td><td>44.5</td><td>113</td><td>61</td><td>154.9</td></tr><tr><td>MISSY</td><td>Extra Length</td><td>0</td><td>32</td><td>81.3</td><td>25.5</td><td>64.8</td><td>35.5</td><td>90.2</td><td>65</td><td>165.1</td></tr><tr><td>MISSY</td><td>Extra Length</td><td>2</td><td>33</td><td>83.8</td><td>26.5</td><td>67.3</td><td>36.5</td><td>92.7</td><td>65</td><td>165.1</td></tr><tr><td>MISSY</td><td>Extra Length</td><td>4</td><td>34</td><td>86.4</td><td>27.5</td><td>69.9</td><td>37.5</td><td>95.3</td><td>65</td><td>165.1</td></tr><tr><td>MISSY</td><td>Extra Length</td><td>6</td><td>35</td><td>88.9</td><td>28.5</td><td>72.4</td><td>38.5</td><td>97.8</td><td>65</td><td>165.1</td></tr><tr><td>MISSY</td><td>Extra Length</td><td>8</td><td>36</td><td>91.4</td><td>29.5</td><td>74.9</td><td>39.5</td><td>100.3</td><td>65</td><td>165.1</td></tr><tr><td>MISSY</td><td>Extra Length</td><td>10</td><td>37.5</td><td>95.3</td><td>31</td><td>78.7</td><td>41</td><td>104.1</td><td>65</td><td>165.1</td></tr><tr><td>MISSY</td><td>Extra Length</td><td>12</td><td>39</td><td>99.1</td><td>32.5</td><td>82.6</td><td>42.5</td><td>108</td><td>65</td><td>165.1</td></tr><tr><td>MISSY</td><td>Extra Length</td><td>14</td><td>41</td><td>104.1</td><td>34.75</td><td>88.3</td><td>44.5</td><td>113</td><td>65</td><td>165.1</td></tr><tr><td>PLUS</td><td>Standard (No Customization)</td><td>16W</td><td>43.25</td><td>109.9</td><td>37.25</td><td>94.6</td><td>46.75</td><td>118.7</td><td>61</td><td>154.9</td></tr><tr><td>PLUS</td><td>Standard (No Customization)</td><td>18W</td><td>45.5</td><td>115.6</td><td>39.75</td><td>101</td><td>49</td><td>124.5</td><td>61</td><td>154.9</td></tr><tr><td>PLUS</td><td>Standard (No Customization)</td><td>20W</td><td>47.75</td><td>121.3</td><td>42.25</td><td>107.3</td><td>51.25</td><td>130.2</td><td>61</td><td>154.9</td></tr><tr><td>PLUS</td><td>Standard (No Customization)</td><td>22W</td><td>50</td><td>127</td><td>44.75</td><td>113.7</td><td>53.5</td><td>135.9</td><td>61</td><td>154.9</td></tr><tr><td>PLUS</td><td>Standard (No Customization)</td><td>24W</td><td>53</td><td>134.6</td><td>48</td><td>121.9</td><td>56.5</td><td>143.5</td><td>61</td><td>154.9</td></tr><tr><td>PLUS</td><td>Standard (No Customization)</td><td>26W</td><td>56</td><td>142.2</td><td>51.25</td><td>130.2</td><td>59.5</td><td>151.1</td><td>61</td><td>154.9</td></tr><tr><td>PLUS</td><td>Standard (No Customization)</td><td>28W</td><td>59.25</td><td>150.5</td><td>54.5</td><td>138.4</td><td>62.5</td><td>158.8</td><td>61</td><td>154.9</td></tr><tr><td>PLUS</td><td>Standard (No Customization)</td><td>30W</td><td>63</td><td>160</td><td>58.75</td><td>149.2</td><td>66.75</td><td>169.5</td><td>61</td><td>154.9</td></tr><tr><td>PLUS</td><td>Extra Length</td><td>16W</td><td>43.25</td><td>109.9</td><td>37.25</td><td>94.6</td><td>46.75</td><td>118.7</td><td>65</td><td>165.1</td></tr><tr><td>PLUS</td><td>Extra Length</td><td>18W</td><td>45.5</td><td>115.6</td><td>39.75</td><td>101</td><td>49</td><td>124.5</td><td>65</td><td>165.1</td></tr><tr><td>PLUS</td><td>Extra Length</td><td>20W</td><td>47.75</td><td>121.3</td><td>42.25</td><td>107.3</td><td>51.25</td><td>130.2</td><td>65</td><td>165.1</td></tr><tr><td>PLUS</td><td>Extra Length</td><td>22W</td><td>50</td><td>127</td><td>44.75</td><td>113.7</td><td>53.5</td><td>135.9</td><td>65</td><td>165.1</td></tr><tr><td>PLUS</td><td>Extra Length</td><td>24W</td><td>53</td><td>134.6</td><td>48</td><td>121.9</td><td>56.5</td><td>143.5</td><td>65</td><td>165.1</td></tr><tr><td>PLUS</td><td>Extra Length</td><td>26W</td><td>56</td><td>142.2</td><td>51.25</td><td>130.2</td><td>59.5</td><td>151.1</td><td>65</td><td>165.1</td></tr><tr><td>PLUS</td><td>Extra Length</td><td>28W</td><td>59.25</td><td>150.5</td><td>54.5</td><td>138.4</td><td>62.5</td><td>158.8</td><td>65</td><td>165.1</td></tr><tr><td>PLUS</td><td>Extra Length</td><td>30W</td><td>63</td><td>160</td><td>58.75</td><td>149.2</td><td>66.75</td><td>169.5</td><td>65</td><td>165.1</td></tr></tbody></table></div>",DB Studio,Apparel & Accessories > Clothing,Mermaid Gowns,"PrimeStyleAI Demo, PrimeStyleAI Import, Wedding Dresses, Mermaid Gowns, female",TRUE,Color,Soft White,Size,0,,,WG4138-0-SOFT-WHITE-0,0,shopify,100,deny,manual,854.05,899.00,TRUE,TRUE,,https://res.cloudinary.com/dgvtynla7/image/upload/v1778253499/demo/products/db_studio_wg4138/0.webp,1,Wedding Dress,FALSE,Wedding Dress,Beaded lace mermaid gown with removable off-the-shoulder long sleeves and a sweep train.,Apparel & Accessories > Clothing,female,adult,,new,TRUE,PrimeStyleAI Demo,,,,,https://res.cloudinary.com/dgvtynla7/image/upload/v1778253499/demo/products/db_studio_wg4138/0.webp,lb,,,active
db-studio-wg4138,,,,,,,,Color,Soft White,Size,2,,,WG4138-2-SOFT-WHITE-2,0,shopify,100,deny,manual,854.05,899.00,TRUE,TRUE,,,,,,,,,,,,,,,,,,,https://res.cloudinary.com/dgvtynla7/image/upload/v1778253499/demo/products/db_studio_wg4138/0.webp,lb,,,active
db-studio-wg4138,,,,,,,,Color,Soft White,Size,4,,,WG4138-4-SOFT-WHITE-4,0,shopify,100,deny,manual,854.05,899.00,TRUE,TRUE,,,,,,,,,,,,,,,,,,,https://res.cloudinary.com/dgvtynla7/image/upload/v1778253499/demo/products/db_studio_wg4138/0.webp,lb,,,active
db-studio-wg4138,,,,,,,,Color,Soft White,Size,6,,,WG4138-6-SOFT-WHITE-6,0,shopify,100,deny,manual,854.05,899.00,TRUE,TRUE,,,,,,,,,,,,,,,,,,,https://res.cloudinary.com/dgvtynla7/image/upload/v1778253499/demo/products/db_studio_wg4138/0.webp,lb,,,active
db-studio-wg4138,,,,,,,,Color,Soft White,Size,8,,,WG4138-8-SOFT-WHITE-8,0,shopify,100,deny,manual,854.05,899.00,TRUE,TRUE,,,,,,,,,,,,,,,,,,,https://res.cloudinary.com/dgvtynla7/image/upload/v1778253499/demo/products/db_studio_wg4138/0.webp,lb,,,active
db-studio-wg4138,,,,,,,,Color,Soft White,Size,10,,,WG4138-10-SOFT-WHITE-10,0,shopify,100,deny,manual,854.05,899.00,TRUE,TRUE,,,,,,,,,,,,,,,,,,,https://res.cloudinary.com/dgvtynla7/image/upload/v1778253499/demo/products/db_studio_wg4138/0.webp,lb,,,active
db-studio-wg4138,,,,,,,,Color,Soft White,Size,12,,,WG4138-12-SOFT-WHITE-12,0,shopify,100,deny,manual,854.05,899.00,TRUE,TRUE,,,,,,,,,,,,,,,,,,,https://res.cloudinary.com/dgvtynla7/image/upload/v1778253499/demo/products/db_studio_wg4138/0.webp,lb,,,active
db-studio-wg4138,,,,,,,,Color,Soft White,Size,14,,,WG4138-14-SOFT-WHITE-14,0,shopify,100,deny,manual,854.05,899.00,TRUE,TRUE,,,,,,,,,,,,,,,,,,,https://res.cloudinary.com/dgvtynla7/image/upload/v1778253499/demo/products/db_studio_wg4138/0.webp,lb,,,active
db-studio-wg4138,,,,,,,,,,,,,,,,,,,,,,,,,https://res.cloudinary.com/dgvtynla7/image/upload/v1778253500/demo/products/db_studio_wg4138/1.webp,2,Wedding Dress,,,,,,,,,,,,,,,,,,,
db-studio-wg4138,,,,,,,,,,,,,,,,,,,,,,,,,https://res.cloudinary.com/dgvtynla7/image/upload/v1778253501/demo/products/db_studio_wg4138/2.webp,3,Wedding Dress,,,,,,,,,,,,,,,,,,,
db-studio-wg4138,,,,,,,,,,,,,,,,,,,,,,,,,https://res.cloudinary.com/dgvtynla7/image/upload/v1778253503/demo/products/db_studio_wg4138/3.webp,4,Wedding Dress,,,,,,,,,,,,,,,,,,,
db-studio-wg4138,,,,,,,,,,,,,,,,,,,,,,,,,https://res.cloudinary.com/dgvtynla7/image/upload/v1778253504/demo/products/db_studio_wg4138/4.webp,5,Wedding Dress,,,,,,,,,,,,,,,,,,,
db-studio-wg4138,,,,,,,,,,,,,,,,,,,,,,,,,https://res.cloudinary.com/dgvtynla7/image/upload/v1778253505/demo/products/db_studio_wg4138/5.webp,6,Wedding Dress,,,,,,,,,,,,,,,,,,,
db-studio-wg4138,,,,,,,,,,,,,,,,,,,,,,,,,https://res.cloudinary.com/dgvtynla7/image/upload/v1778253507/demo/products/db_studio_wg4138/6.webp,7,Wedding Dress,,,,,,,,,,,,,,,,,,,
db-studio-wg4138,,,,,,,,,,,,,,,,,,,,,,,,,https://res.cloudinary.com/dgvtynla7/image/upload/v1778253508/demo/products/db_studio_wg4138/7.webp,8,Wedding Dress,,,,,,,,,,,,,,,,,,,
ff-versace-33943720,Mens Shirt,"<p>Versace short-sleeve shirt in printed silk twill. &quot;The Ringmaster&quot; print, Versace logo label, notched collar, front button closure, regular fit. Silk 100%. Read manufacturer guidelines.</p>
<p><strong>Material:</strong> Silk 100%</p>
<p><strong>Available sizes:</strong> XS, S, M, L, XL, XXL, 3XL, 4XL, 5XL, 6XL, XXXL</p>
<div class=""primestyle-size-guide""><h3>Versace — Buttoned Shirt Size Chart</h3><p>Brand chart: Italy / Standard / Collar (cm) primary axes; body measurements in cm and inches.</p><table><thead><tr><th>Size (IT)</th><th>Standard</th><th>Collar (cm)</th><th>Collar (in)</th><th>Chest (in)</th><th>Chest (cm)</th><th>Waist (in)</th><th>Waist (cm)</th><th>Sleeve (in)</th><th>Sleeve (cm)</th></tr></thead><tbody><tr><td>44</td><td>XS</td><td>37</td><td>14.6</td><td>34.6</td><td>88</td><td>29.9</td><td>76</td><td>32.3</td><td>82</td></tr><tr><td>46</td><td>S</td><td>38</td><td>15</td><td>36.2</td><td>92</td><td>31.5</td><td>80</td><td>32.7</td><td>83</td></tr><tr><td>48</td><td>M</td><td>39.5</td><td>15.6</td><td>37.8</td><td>96</td><td>33.1</td><td>84</td><td>33.5</td><td>85</td></tr><tr><td>50</td><td>L</td><td>41</td><td>16.1</td><td>39.4</td><td>100</td><td>34.6</td><td>88</td><td>33.9</td><td>86</td></tr><tr><td>52</td><td>XL</td><td>42</td><td>16.5</td><td>40.9</td><td>104</td><td>36.2</td><td>92</td><td>34.6</td><td>88</td></tr><tr><td>54</td><td>XXL</td><td>43.5</td><td>17.1</td><td>42.5</td><td>108</td><td>37.8</td><td>96</td><td>35</td><td>89</td></tr><tr><td>56</td><td>3XL</td><td>44.5</td><td>17.5</td><td>44.1</td><td>112</td><td>39.4</td><td>100</td><td>35.4</td><td>90</td></tr><tr><td>58</td><td>4XL</td><td>46</td><td>18.1</td><td>45.7</td><td>116</td><td>40.9</td><td>104</td><td>35.8</td><td>91</td></tr><tr><td>60</td><td>5XL</td><td>47</td><td>18.5</td><td>47.2</td><td>120</td><td>42.5</td><td>108</td><td>36.2</td><td>92</td></tr><tr><td>62</td><td>6XL</td><td>48.5</td><td>19.1</td><td>48.8</td><td>124</td><td>44.1</td><td>112</td><td>36.6</td><td>93</td></tr></tbody></table></div>",Versace,Apparel & Accessories > Clothing,Shirts,"PrimeStyleAI Demo, PrimeStyleAI Import, Shirts, male",TRUE,Color,Neutrals,Size,XS,,,10246421A17953-XS-NEUTRALS-XS,0,shopify,100,deny,manual,1254.00,,TRUE,TRUE,,https://res.cloudinary.com/dgvtynla7/image/upload/v1778250987/demo/products/ff_versace_33943720/0.webp,1,Mens Shirt,FALSE,Mens Shirt,Printed silk twill short-sleeve shirt with notched collar and front button closure.,Apparel & Accessories > Clothing,male,adult,,new,TRUE,PrimeStyleAI Demo,,,,,https://res.cloudinary.com/dgvtynla7/image/upload/v1778250987/demo/products/ff_versace_33943720/0.webp,lb,,,active
ff-versace-33943720,,,,,,,,Color,Neutrals,Size,S,,,10246421A17953-S-NEUTRALS-S,0,shopify,100,deny,manual,1254.00,,TRUE,TRUE,,,,,,,,,,,,,,,,,,,https://res.cloudinary.com/dgvtynla7/image/upload/v1778250987/demo/products/ff_versace_33943720/0.webp,lb,,,active
ff-versace-33943720,,,,,,,,Color,Neutrals,Size,M,,,10246421A17953-M-NEUTRALS-M,0,shopify,100,deny,manual,1254.00,,TRUE,TRUE,,,,,,,,,,,,,,,,,,,https://res.cloudinary.com/dgvtynla7/image/upload/v1778250987/demo/products/ff_versace_33943720/0.webp,lb,,,active
ff-versace-33943720,,,,,,,,Color,Neutrals,Size,L,,,10246421A17953-L-NEUTRALS-L,0,shopify,100,deny,manual,1254.00,,TRUE,TRUE,,,,,,,,,,,,,,,,,,,https://res.cloudinary.com/dgvtynla7/image/upload/v1778250987/demo/products/ff_versace_33943720/0.webp,lb,,,active
ff-versace-33943720,,,,,,,,Color,Neutrals,Size,XL,,,10246421A17953-XL-NEUTRALS-XL,0,shopify,100,deny,manual,1254.00,,TRUE,TRUE,,,,,,,,,,,,,,,,,,,https://res.cloudinary.com/dgvtynla7/image/upload/v1778250987/demo/products/ff_versace_33943720/0.webp,lb,,,active
ff-versace-33943720,,,,,,,,Color,Neutrals,Size,XXL,,,10246421A17953-XXL-NEUTRALS-XXL,0,shopify,100,deny,manual,1254.00,,TRUE,TRUE,,,,,,,,,,,,,,,,,,,https://res.cloudinary.com/dgvtynla7/image/upload/v1778250987/demo/products/ff_versace_33943720/0.webp,lb,,,active
ff-versace-33943720,,,,,,,,Color,Neutrals,Size,XXXL,,,10246421A17953-XXXL-NEUTRALS-XXXL,0,shopify,100,deny,manual,1254.00,,TRUE,TRUE,,,,,,,,,,,,,,,,,,,https://res.cloudinary.com/dgvtynla7/image/upload/v1778250987/demo/products/ff_versace_33943720/0.webp,lb,,,active
ff-versace-33943720,,,,,,,,Color,Neutrals,Size,4XL,,,10246421A17953-4XL-NEUTRALS-4XL,0,shopify,100,deny,manual,1254.00,,TRUE,TRUE,,,,,,,,,,,,,,,,,,,https://res.cloudinary.com/dgvtynla7/image/upload/v1778250987/demo/products/ff_versace_33943720/0.webp,lb,,,active
ff-versace-33943720,,,,,,,,,,,,,,,,,,,,,,,,,https://res.cloudinary.com/dgvtynla7/image/upload/v1778250988/demo/products/ff_versace_33943720/1.webp,2,Mens Shirt,,,,,,,,,,,,,,,,,,,
ff-versace-33943720,,,,,,,,,,,,,,,,,,,,,,,,,https://res.cloudinary.com/dgvtynla7/image/upload/v1778250990/demo/products/ff_versace_33943720/2.webp,3,Mens Shirt,,,,,,,,,,,,,,,,,,,
ff-versace-33943720,,,,,,,,,,,,,,,,,,,,,,,,,https://res.cloudinary.com/dgvtynla7/image/upload/v1778250992/demo/products/ff_versace_33943720/3.webp,4,Mens Shirt,,,,,,,,,,,,,,,,,,,
ff-cala-de-la-cruz-33495422,Womens Dress,"<p>Linen midi dress with an all-over graphic print. Adjustable spaghetti straps, sweetheart neckline, fitted waist, rear zip fastening, cotton lining. Outer: Linen 100%. Lining: Cotton 100%. Dry clean only.</p>
<p><strong>Material:</strong> Outer: Linen 100% · Lining: Cotton 100%</p>
<p><strong>Available sizes:</strong> XXS, XS, S, M, L, XL, XXL</p>
<div class=""primestyle-size-guide""><h3>Cala de la Cruz — Paloma Midi Dress Size Chart</h3><p>Linen midi with fitted waist. Body measurements per label.</p><table><thead><tr><th>Size</th><th>Bust (in)</th><th>Bust (cm)</th><th>Waist (in)</th><th>Waist (cm)</th><th>Hips (in)</th><th>Hips (cm)</th></tr></thead><tbody><tr><td>XXS</td><td>29-30.5</td><td>73.7-77.5</td><td>22-23</td><td>55.9-58.4</td><td>31.5-32.5</td><td>80-82.6</td></tr><tr><td>XS</td><td>31-32.5</td><td>78.7-82.6</td><td>24-25</td><td>61-63.5</td><td>33.5-34.5</td><td>85.1-87.6</td></tr><tr><td>S</td><td>33-34.5</td><td>83.8-87.6</td><td>26-27</td><td>66-68.6</td><td>35.5-36.5</td><td>90.2-92.7</td></tr><tr><td>M</td><td>35-36.5</td><td>88.9-92.7</td><td>28-29</td><td>71.1-73.7</td><td>37.5-38.5</td><td>95.3-97.8</td></tr><tr><td>L</td><td>37-38.5</td><td>94-97.8</td><td>30-31</td><td>76.2-78.7</td><td>39.5-40.5</td><td>100.3-102.9</td></tr><tr><td>XL</td><td>39-40.5</td><td>99.1-102.9</td><td>32-33</td><td>81.3-83.8</td><td>41.5-42.5</td><td>105.4-108</td></tr><tr><td>XXL</td><td>41-42.5</td><td>104.1-108</td><td>34-35</td><td>86.4-88.9</td><td>43.5-44.5</td><td>110.5-113</td></tr></tbody></table></div>",Cala de la Cruz,Apparel & Accessories > Clothing,Dresses,"PrimeStyleAI Demo, PrimeStyleAI Import, Day Dresses, Dresses, female",TRUE,Color,Orange,Size,XS,,,25C276-XS-ORANGE-XS,0,shopify,100,deny,manual,570.00,595.00,TRUE,TRUE,,https://res.cloudinary.com/dgvtynla7/image/upload/v1778250975/demo/products/ff_cala_de_la_cruz_33495422/0.webp,1,Womens Dress,FALSE,Womens Dress,"Orange graphic-print midi dress with adjustable spaghetti straps, sweetheart neck, fitted waist, and rear zip.",Apparel & Accessories > Clothing,female,adult,,new,TRUE,PrimeStyleAI Demo,,,,,https://res.cloudinary.com/dgvtynla7/image/upload/v1778250975/demo/products/ff_cala_de_la_cruz_33495422/0.webp,lb,,,active
ff-cala-de-la-cruz-33495422,,,,,,,,Color,Orange,Size,S,,,25C276-S-ORANGE-S,0,shopify,100,deny,manual,570.00,595.00,TRUE,TRUE,,,,,,,,,,,,,,,,,,,https://res.cloudinary.com/dgvtynla7/image/upload/v1778250975/demo/products/ff_cala_de_la_cruz_33495422/0.webp,lb,,,active
ff-cala-de-la-cruz-33495422,,,,,,,,Color,Orange,Size,M,,,25C276-M-ORANGE-M,0,shopify,100,deny,manual,570.00,595.00,TRUE,TRUE,,,,,,,,,,,,,,,,,,,https://res.cloudinary.com/dgvtynla7/image/upload/v1778250975/demo/products/ff_cala_de_la_cruz_33495422/0.webp,lb,,,active
ff-cala-de-la-cruz-33495422,,,,,,,,Color,Orange,Size,L,,,25C276-L-ORANGE-L,0,shopify,100,deny,manual,570.00,595.00,TRUE,TRUE,,,,,,,,,,,,,,,,,,,https://res.cloudinary.com/dgvtynla7/image/upload/v1778250975/demo/products/ff_cala_de_la_cruz_33495422/0.webp,lb,,,active
ff-cala-de-la-cruz-33495422,,,,,,,,,,,,,,,,,,,,,,,,,https://res.cloudinary.com/dgvtynla7/image/upload/v1778250976/demo/products/ff_cala_de_la_cruz_33495422/1.webp,2,Womens Dress,,,,,,,,,,,,,,,,,,,
ff-cala-de-la-cruz-33495422,,,,,,,,,,,,,,,,,,,,,,,,,https://res.cloudinary.com/dgvtynla7/image/upload/v1778250978/demo/products/ff_cala_de_la_cruz_33495422/2.webp,3,Womens Dress,,,,,,,,,,,,,,,,,,,
ff-cala-de-la-cruz-33495422,,,,,,,,,,,,,,,,,,,,,,,,,https://res.cloudinary.com/dgvtynla7/image/upload/v1778250979/demo/products/ff_cala_de_la_cruz_33495422/3.webp,4,Womens Dress,,,,,,,,,,,,,,,,,,,
ff-cala-de-la-cruz-33495422,,,,,,,,,,,,,,,,,,,,,,,,,https://res.cloudinary.com/dgvtynla7/image/upload/v1778250980/demo/products/ff_cala_de_la_cruz_33495422/4.webp,5,Womens Dress,,,,,,,,,,,,,,,,,,,
ff-maniere-de-voir-30919320,Mens Trousers,"<p>Cream twill tailored trousers. Pleated front, side slip pockets, waistband self-adjusters, and a regular fit through a straight leg. Composition: Polyester 80%, Rayon 17%, Elastane 3%.</p>
<p><strong>Material:</strong> Polyester 80% · Rayon 17% · Elastane 3%</p>
<p><strong>Available sizes:</strong> 28, 29, 30, 31, 32, 33, 34, 36, XXS, XS, S, M, L, XL, XXL</p>
<div class=""primestyle-size-guide""><h3>Size Guide</h3><table><thead><tr><th>Size</th><th>Waist (in)</th><th>Waist (cm)</th><th>Hip (in)</th><th>Hip (cm)</th><th>Inseam (in)</th><th>Inseam (cm)</th></tr></thead><tbody><tr><td>28</td><td>28</td><td>71.1</td><td>35.8</td><td>90.9</td><td>30</td><td>76.2</td></tr><tr><td>29</td><td>29.1</td><td>73.9</td><td>37</td><td>94</td><td>30</td><td>76.2</td></tr><tr><td>30</td><td>29.9</td><td>75.9</td><td>38.2</td><td>97</td><td>30</td><td>76.2</td></tr><tr><td>31</td><td>31.1</td><td>79</td><td>39</td><td>99.1</td><td>32</td><td>81.3</td></tr><tr><td>32</td><td>31.9</td><td>81</td><td>40.2</td><td>102.1</td><td>32</td><td>81.3</td></tr><tr><td>33</td><td>33.1</td><td>84.1</td><td>40.9</td><td>103.9</td><td>32</td><td>81.3</td></tr><tr><td>34</td><td>33.9</td><td>86.1</td><td>42.1</td><td>106.9</td><td>32</td><td>81.3</td></tr><tr><td>36</td><td>35.8</td><td>90.9</td><td>44.1</td><td>112</td><td>32</td><td>81.3</td></tr></tbody></table></div><div class=""primestyle-measure-guide""><h3>How to measure</h3><ul><li>Waist: Measure around your natural waistline</li><li>Hip: Measure around the fullest part of your hips</li><li>Inseam: Measure from the crotch seam down to the bottom of the leg</li></ul></div>",Manière De Voir,Apparel & Accessories > Clothing,Trousers,"PrimeStyleAI Demo, PrimeStyleAI Import, Regular-Fit & Straight Leg Pants, Trousers, male",TRUE,Color,Cream,Size,XXS,,,MAN3095-XXS-CREAM-XXS,0,shopify,100,deny,manual,187.00,,TRUE,TRUE,,https://res.cloudinary.com/dgvtynla7/image/upload/v1778172636/demo/products/ff_maniere_de_voir_30919320/0.webp,1,Mens Trousers,FALSE,Mens Trousers,"Cream twill tailored trousers with front pleats, waistband self-adjusters, and a regular straight-leg silhouette.",Apparel & Accessories > Clothing,male,adult,,new,TRUE,PrimeStyleAI Demo,,,,,https://res.cloudinary.com/dgvtynla7/image/upload/v1778172636/demo/products/ff_maniere_de_voir_30919320/0.webp,lb,,,active
ff-maniere-de-voir-30919320,,,,,,,,Color,Cream,Size,XS,,,MAN3095-XS-CREAM-XS,0,shopify,100,deny,manual,187.00,,TRUE,TRUE,,,,,,,,,,,,,,,,,,,https://res.cloudinary.com/dgvtynla7/image/upload/v1778172636/demo/products/ff_maniere_de_voir_30919320/0.webp,lb,,,active
ff-maniere-de-voir-30919320,,,,,,,,Color,Cream,Size,S,,,MAN3095-S-CREAM-S,0,shopify,100,deny,manual,187.00,,TRUE,TRUE,,,,,,,,,,,,,,,,,,,https://res.cloudinary.com/dgvtynla7/image/upload/v1778172636/demo/products/ff_maniere_de_voir_30919320/0.webp,lb,,,active
ff-maniere-de-voir-30919320,,,,,,,,Color,Cream,Size,M,,,MAN3095-M-CREAM-M,0,shopify,100,deny,manual,187.00,,TRUE,TRUE,,,,,,,,,,,,,,,,,,,https://res.cloudinary.com/dgvtynla7/image/upload/v1778172636/demo/products/ff_maniere_de_voir_30919320/0.webp,lb,,,active
ff-maniere-de-voir-30919320,,,,,,,,Color,Cream,Size,L,,,MAN3095-L-CREAM-L,0,shopify,100,deny,manual,187.00,,TRUE,TRUE,,,,,,,,,,,,,,,,,,,https://res.cloudinary.com/dgvtynla7/image/upload/v1778172636/demo/products/ff_maniere_de_voir_30919320/0.webp,lb,,,active
ff-maniere-de-voir-30919320,,,,,,,,Color,Cream,Size,XL,,,MAN3095-XL-CREAM-XL,0,shopify,100,deny,manual,187.00,,TRUE,TRUE,,,,,,,,,,,,,,,,,,,https://res.cloudinary.com/dgvtynla7/image/upload/v1778172636/demo/products/ff_maniere_de_voir_30919320/0.webp,lb,,,active
ff-maniere-de-voir-30919320,,,,,,,,Color,Cream,Size,XXL,,,MAN3095-XXL-CREAM-XXL,0,shopify,100,deny,manual,187.00,,TRUE,TRUE,,,,,,,,,,,,,,,,,,,https://res.cloudinary.com/dgvtynla7/image/upload/v1778172636/demo/products/ff_maniere_de_voir_30919320/0.webp,lb,,,active
ff-maniere-de-voir-30919320,,,,,,,,,,,,,,,,,,,,,,,,,https://res.cloudinary.com/dgvtynla7/image/upload/v1778172638/demo/products/ff_maniere_de_voir_30919320/1.webp,2,Mens Trousers,,,,,,,,,,,,,,,,,,,
ff-maniere-de-voir-30919320,,,,,,,,,,,,,,,,,,,,,,,,,https://res.cloudinary.com/dgvtynla7/image/upload/v1778172640/demo/products/ff_maniere_de_voir_30919320/2.webp,3,Mens Trousers,,,,,,,,,,,,,,,,,,,
ff-maniere-de-voir-30919320,,,,,,,,,,,,,,,,,,,,,,,,,https://res.cloudinary.com/dgvtynla7/image/upload/v1778172642/demo/products/ff_maniere_de_voir_30919320/3.webp,4,Mens Trousers,,,,,,,,,,,,,,,,,,,
ff-maniere-de-voir-30919320,,,,,,,,,,,,,,,,,,,,,,,,,https://res.cloudinary.com/dgvtynla7/image/upload/v1778172645/demo/products/ff_maniere_de_voir_30919320/4.webp,5,Mens Trousers,,,,,,,,,,,,,,,,,,,
ff-solace-london-30455459,Off-shoulder Dress,"<p>Solace London&#39;s off-shoulder evening dress in black. Designed for a close fit throughout, this midweight stretch dress features an asymmetric one-shoulder neckline, rear zip fastening, and a vented hem that allows movement at the rear. Outer: 100% Polyester. Filling: 5% Elastane. Lining: 95% Polyester. Dry clean only.</p>
<p><strong>Material:</strong> Outer: 100% Polyester · Lining: 95% Polyester, 5% Elastane</p>
<p><strong>Available sizes:</strong> XXS, XS, S, M, L, XL, -</p>
<div class=""primestyle-size-guide""><h3>Solace London — Off-Shoulder Dress Size Chart</h3><p>Designed for a close fit throughout. Midweight stretch fabric with a vented hem.</p><table><thead><tr><th>Standard</th><th>UK</th><th>Europe</th><th>US</th><th>Australia</th><th>Korea</th></tr></thead><tbody><tr><td>XXS</td><td>4</td><td>32</td><td>0</td><td>4</td><td>33</td></tr><tr><td>XS</td><td>6</td><td>34</td><td>2</td><td>6</td><td>44</td></tr><tr><td>S</td><td>8</td><td>36</td><td>4</td><td>8</td><td>55</td></tr><tr><td>M</td><td>10</td><td>38</td><td>6</td><td>10</td><td>66</td></tr><tr><td>L</td><td>12</td><td>40</td><td>8</td><td>12</td><td>77</td></tr><tr><td>XL</td><td>14</td><td>42</td><td>10</td><td>14</td><td>88</td></tr><tr><td>-</td><td>16</td><td>44</td><td>12</td><td>16</td><td>99</td></tr></tbody></table></div>",Solace London,Apparel & Accessories > Clothing,Dresses,"PrimeStyleAI Demo, PrimeStyleAI Import, Evening Dresses, Dresses, female",TRUE,Color,Black,Size,XXS,,,OS44006-XXS-BLACK-XXS,0,shopify,100,deny,manual,331.00,872.00,TRUE,TRUE,,https://res.cloudinary.com/dgvtynla7/image/upload/v1778158182/demo/products/ff_solace_london_30455459/0.webp,1,Off-shoulder Dress,FALSE,Off-shoulder Dress,Asymmetric off-shoulder dress in black with rear zip closure and vented hem.,Apparel & Accessories > Clothing,female,adult,,new,TRUE,PrimeStyleAI Demo,,,,,https://res.cloudinary.com/dgvtynla7/image/upload/v1778158182/demo/products/ff_solace_london_30455459/0.webp,lb,,,active
ff-solace-london-30455459,,,,,,,,Color,Black,Size,XS,,,OS44006-XS-BLACK-XS,0,shopify,100,deny,manual,331.00,872.00,TRUE,TRUE,,,,,,,,,,,,,,,,,,,https://res.cloudinary.com/dgvtynla7/image/upload/v1778158182/demo/products/ff_solace_london_30455459/0.webp,lb,,,active
ff-solace-london-30455459,,,,,,,,Color,Black,Size,S,,,OS44006-S-BLACK-S,0,shopify,100,deny,manual,331.00,872.00,TRUE,TRUE,,,,,,,,,,,,,,,,,,,https://res.cloudinary.com/dgvtynla7/image/upload/v1778158182/demo/products/ff_solace_london_30455459/0.webp,lb,,,active
ff-solace-london-30455459,,,,,,,,Color,Black,Size,M,,,OS44006-M-BLACK-M,0,shopify,100,deny,manual,331.00,872.00,TRUE,TRUE,,,,,,,,,,,,,,,,,,,https://res.cloudinary.com/dgvtynla7/image/upload/v1778158182/demo/products/ff_solace_london_30455459/0.webp,lb,,,active
ff-solace-london-30455459,,,,,,,,Color,Black,Size,L,,,OS44006-L-BLACK-L,0,shopify,100,deny,manual,331.00,872.00,TRUE,TRUE,,,,,,,,,,,,,,,,,,,https://res.cloudinary.com/dgvtynla7/image/upload/v1778158182/demo/products/ff_solace_london_30455459/0.webp,lb,,,active
ff-solace-london-30455459,,,,,,,,Color,Black,Size,XL,,,OS44006-XL-BLACK-XL,0,shopify,100,deny,manual,331.00,872.00,TRUE,TRUE,,,,,,,,,,,,,,,,,,,https://res.cloudinary.com/dgvtynla7/image/upload/v1778158182/demo/products/ff_solace_london_30455459/0.webp,lb,,,active
ff-solace-london-30455459,,,,,,,,,,,,,,,,,,,,,,,,,https://res.cloudinary.com/dgvtynla7/image/upload/v1778158183/demo/products/ff_solace_london_30455459/1.webp,2,Off-shoulder Dress,,,,,,,,,,,,,,,,,,,
ff-solace-london-30455459,,,,,,,,,,,,,,,,,,,,,,,,,https://res.cloudinary.com/dgvtynla7/image/upload/v1778158184/demo/products/ff_solace_london_30455459/2.webp,3,Off-shoulder Dress,,,,,,,,,,,,,,,,,,,
ff-solace-london-30455459,,,,,,,,,,,,,,,,,,,,,,,,,https://res.cloudinary.com/dgvtynla7/image/upload/v1778158186/demo/products/ff_solace_london_30455459/3.webp,4,Off-shoulder Dress,,,,,,,,,,,,,,,,,,,
ff-solace-london-30455459,,,,,,,,,,,,,,,,,,,,,,,,,https://res.cloudinary.com/dgvtynla7/image/upload/v1778158191/demo/products/ff_solace_london_30455459/4.webp,5,Off-shoulder Dress,,,,,,,,,,,,,,,,,,,
ff-dolce-gabbana-32466778,Mens Swim Shorts,"<p>Dolce &amp; Gabbana striped-pattern drawstring swim shorts | Black | blue | striped-pattern | drawstring-fastening | rear zip-fastening-pocket | side pockets | inner briefs | logo-patch | Polyamide/Elastane | Swim &amp; Board Shorts | Swimwear | Men</p>
<p><strong>Material:</strong> 100% Polyamide outer / 88% Polyamide 12% Elastane lining</p>
<p><strong>Available sizes:</strong> XS, S, M, L, XL, XXL, XXXL, 46, 48, 50, 52, 54</p>
<div class=""primestyle-size-guide""><h3>Dolce &amp; Gabbana — Swim Shorts Size Chart</h3><p>Original chart maps Italy sizes 44–56 (1–7) to body measurements.</p><table><thead><tr><th>Standard</th><th>Italy (D&amp;G)</th><th>Italy Numeric</th><th>Waist (in)</th><th>Hips (in)</th></tr></thead><tbody><tr><td>XS</td><td>44</td><td>1</td><td>28.7-29.9</td><td>35.8-37.0</td></tr><tr><td>S</td><td>46</td><td>2</td><td>30.3-31.5</td><td>37.4-38.2</td></tr><tr><td>M</td><td>48</td><td>3</td><td>31.9-33.1</td><td>38.6-39.8</td></tr><tr><td>L</td><td>50</td><td>4</td><td>33.5-34.6</td><td>40.2-41.3</td></tr><tr><td>XL</td><td>52</td><td>5</td><td>35.0-36.2</td><td>41.7-42.9</td></tr><tr><td>XXL</td><td>54</td><td>6</td><td>36.6-37.8</td><td>43.3-44.5</td></tr><tr><td>XXXL</td><td>56</td><td>7</td><td>38.2-39.4</td><td>44.9-46.1</td></tr></tbody></table></div>",Dolce & Gabbana,Apparel & Accessories > Clothing,Swim & Board Shorts,"PrimeStyleAI Demo, PrimeStyleAI Import, Swim Shorts, Swim & Board Shorts, male, swim-shorts, swimwear, drawstring, striped, made-in-italy, New Season, Made in Italy",TRUE,Color,Blue,Size,46,,,FF-DOLCE-GABBANA-32466778-BLUE-46-1,0,shopify,100,deny,manual,545.00,,TRUE,TRUE,,https://res.cloudinary.com/dgvtynla7/image/upload/v1776437597/demo/products/ff_dolce_gabbana_32466778/0-32466778_62845994_1000.webp,1,Mens Swim Shorts,FALSE,Mens Swim Shorts,Striped-pattern drawstring swim shorts with side pockets and inner briefs. Made in Italy.,Apparel & Accessories > Clothing,male,adult,,new,TRUE,PrimeStyleAI Demo,,,,,https://res.cloudinary.com/dgvtynla7/image/upload/v1776437597/demo/products/ff_dolce_gabbana_32466778/0-32466778_62845994_1000.webp,lb,,,active
ff-dolce-gabbana-32466778,,,,,,,,Color,Blue,Size,48,,,FF-DOLCE-GABBANA-32466778-BLUE-48-2,0,shopify,100,deny,manual,545.00,,TRUE,TRUE,,,,,,,,,,,,,,,,,,,https://res.cloudinary.com/dgvtynla7/image/upload/v1776437597/demo/products/ff_dolce_gabbana_32466778/0-32466778_62845994_1000.webp,lb,,,active
ff-dolce-gabbana-32466778,,,,,,,,Color,Blue,Size,50,,,FF-DOLCE-GABBANA-32466778-BLUE-50-3,0,shopify,100,deny,manual,545.00,,TRUE,TRUE,,,,,,,,,,,,,,,,,,,https://res.cloudinary.com/dgvtynla7/image/upload/v1776437597/demo/products/ff_dolce_gabbana_32466778/0-32466778_62845994_1000.webp,lb,,,active
ff-dolce-gabbana-32466778,,,,,,,,Color,Blue,Size,52,,,FF-DOLCE-GABBANA-32466778-BLUE-52-4,0,shopify,100,deny,manual,545.00,,TRUE,TRUE,,,,,,,,,,,,,,,,,,,https://res.cloudinary.com/dgvtynla7/image/upload/v1776437597/demo/products/ff_dolce_gabbana_32466778/0-32466778_62845994_1000.webp,lb,,,active
ff-dolce-gabbana-32466778,,,,,,,,Color,Blue,Size,54,,,FF-DOLCE-GABBANA-32466778-BLUE-54-5,0,shopify,100,deny,manual,545.00,,TRUE,TRUE,,,,,,,,,,,,,,,,,,,https://res.cloudinary.com/dgvtynla7/image/upload/v1776437597/demo/products/ff_dolce_gabbana_32466778/0-32466778_62845994_1000.webp,lb,,,active
ff-dolce-gabbana-32466778,,,,,,,,,,,,,,,,,,,,,,,,,https://res.cloudinary.com/dgvtynla7/image/upload/v1776437606/demo/products/ff_dolce_gabbana_32466778/1-32466778_62845970_1000.webp,2,Mens Swim Shorts,,,,,,,,,,,,,,,,,,,
ff-dolce-gabbana-32466778,,,,,,,,,,,,,,,,,,,,,,,,,https://res.cloudinary.com/dgvtynla7/image/upload/v1776437615/demo/products/ff_dolce_gabbana_32466778/2-32466778_62981887_1000.webp,3,Mens Swim Shorts,,,,,,,,,,,,,,,,,,,
ff-lygia-nanny-30276765,Womens Swimsuit,"<p>Lygia &amp; Nanny Wangari ruched swimsuit | Black | black and white | halterneck | ruched detailing | Polyamide | One-Pieces | Beachwear | Clothing | Women</p>
<p><strong>Material:</strong> 100% Polyamide</p>
<p><strong>Available sizes:</strong> S, M, XXXS, XXS, XS, L, XL, XXL, XXXL, 4XL, 5XL, 6XL, 7XL</p>
<div class=""primestyle-size-guide""><h3>International Size Conversion</h3><p>Lygia &amp; Nanny — Women&#39;s Swimwear</p><table><thead><tr><th>Standard</th><th>Brazil P-M-G</th><th>Italy</th><th>France</th><th>UK</th><th>US</th><th>Germany</th><th>Brazil</th><th>Japan</th><th>Standard Numeric</th><th>Roman Numeric</th><th>Russia</th><th>Korea</th><th>China</th><th>Australian</th><th>Bust (cm)</th><th>Bust (in)</th><th>Waist (cm)</th><th>Waist (in)</th><th>Hips (cm)</th><th>Hips (in)</th></tr></thead><tbody><tr><td>XXXS</td><td>XPP</td><td>36</td><td>32</td><td>4</td><td>0</td><td>30</td><td>34</td><td>3</td><td>000</td><td>000</td><td>38</td><td>22</td><td>145/73A</td><td>4</td><td>76</td><td>29.9</td><td>56</td><td>22.0</td><td>81</td><td>31.9</td></tr><tr><td>XXS</td><td>PP</td><td>38</td><td>34</td><td>6</td><td>2</td><td>32</td><td>36</td><td>5</td><td>00</td><td>00</td><td>40</td><td>33</td><td>150/76A</td><td>6</td><td>78</td><td>30.7</td><td>58</td><td>22.8</td><td>83</td><td>32.7</td></tr><tr><td>XS</td><td>P</td><td>40</td><td>36</td><td>8</td><td>4</td><td>34</td><td>38</td><td>7</td><td>0</td><td>0</td><td>42</td><td>44</td><td>155/80A</td><td>8</td><td>81</td><td>31.9</td><td>61</td><td>24.0</td><td>86</td><td>33.9</td></tr><tr><td>S</td><td>M</td><td>42</td><td>38</td><td>10</td><td>6</td><td>36</td><td>40</td><td>9</td><td>1</td><td>I</td><td>44</td><td>55</td><td>160/84A</td><td>10</td><td>85</td><td>33.5</td><td>65</td><td>25.6</td><td>90</td><td>35.4</td></tr><tr><td>M</td><td>M</td><td>44</td><td>40</td><td>12</td><td>8</td><td>38</td><td>42</td><td>11</td><td>2</td><td>II</td><td>46</td><td>66</td><td>165/88A</td><td>12</td><td>90</td><td>35.4</td><td>70</td><td>27.6</td><td>95</td><td>37.4</td></tr><tr><td>L</td><td>G</td><td>46</td><td>42</td><td>14</td><td>10</td><td>40</td><td>44</td><td>13</td><td>3</td><td>III</td><td>48</td><td>77</td><td>170/92A</td><td>14</td><td>95</td><td>37.4</td><td>75</td><td>29.5</td><td>100</td><td>39.4</td></tr><tr><td>XL</td><td>G</td><td>48</td><td>44</td><td>16</td><td>12</td><td>42</td><td>46</td><td>15</td><td>4</td><td>IV</td><td>50</td><td>88</td><td>175/96A</td><td>16</td><td>100</td><td>39.4</td><td>80</td><td>31.5</td><td>105</td><td>41.3</td></tr><tr><td>XXL</td><td>GG</td><td>50</td><td>46</td><td>18</td><td>14</td><td>44</td><td>48</td><td>17</td><td>5</td><td>V</td><td>52</td><td>99</td><td>180/100A</td><td>18</td><td>106</td><td>41.7</td><td>86</td><td>33.9</td><td>111</td><td>43.7</td></tr><tr><td>XXXL</td><td>GG</td><td>52</td><td>48</td><td>20</td><td>16</td><td>46</td><td>50</td><td>19</td><td>6</td><td>VI</td><td>54</td><td>110</td><td>185/104A</td><td>20</td><td>112</td><td>44.1</td><td>92</td><td>36.2</td><td>117</td><td>46.1</td></tr><tr><td>4XL</td><td>XGG</td><td>54</td><td>50</td><td>22</td><td>18</td><td>48</td><td>52</td><td>21</td><td>7</td><td>VII</td><td>56</td><td>121</td><td>—</td><td>22</td><td>118</td><td>46.5</td><td>98</td><td>38.6</td><td>123</td><td>48.4</td></tr><tr><td>5XL</td><td>XGG</td><td>56</td><td>52</td><td>24</td><td>20</td><td>50</td><td>54</td><td>23</td><td>8</td><td>VIII</td><td>58</td><td>132</td><td>—</td><td>24</td><td>124</td><td>48.8</td><td>104</td><td>40.9</td><td>129</td><td>50.8</td></tr><tr><td>6XL</td><td>XGG</td><td>58</td><td>54</td><td>26</td><td>22</td><td>52</td><td>56</td><td>25</td><td>9</td><td>IX</td><td>60</td><td>143</td><td>—</td><td>26</td><td>130</td><td>51.2</td><td>110</td><td>43.3</td><td>135</td><td>53.1</td></tr><tr><td>7XL</td><td>XGG</td><td>60</td><td>56</td><td>28</td><td>24</td><td>54</td><td>58</td><td>27</td><td>10</td><td>X</td><td>62</td><td>154</td><td>—</td><td>28</td><td>136</td><td>53.5</td><td>116</td><td>45.7</td><td>141</td><td>55.5</td></tr></tbody></table></div>",Lygia & Nanny,Apparel & Accessories > Clothing,One-Pieces,"PrimeStyleAI Demo, PrimeStyleAI Import, Swimsuits, One-Pieces, female, swimsuit, beachwear, halterneck, ruched, one-piece, Last 1 left",TRUE,Color,Black & White,Size,S,,,FF-LYGIA-NANNY-30276765-BLACK-AND-WHITE-S-1,0,shopify,100,deny,manual,362.00,,TRUE,TRUE,,https://res.cloudinary.com/dgvtynla7/image/upload/v1776437570/demo/products/ff_lygia_nanny_30276765/0-30276765_59615337_1000.webp,1,Womens Swimsuit,FALSE,Womens Swimsuit,Black and white halterneck one-piece swimsuit with ruched detailing.,Apparel & Accessories > Clothing,female,adult,,new,TRUE,PrimeStyleAI Demo,,,,,https://res.cloudinary.com/dgvtynla7/image/upload/v1776437570/demo/products/ff_lygia_nanny_30276765/0-30276765_59615337_1000.webp,lb,,,active
ff-lygia-nanny-30276765,,,,,,,,Color,Black & White,Size,M,,,FF-LYGIA-NANNY-30276765-BLACK-AND-WHITE-M-2,0,shopify,100,deny,manual,362.00,,TRUE,TRUE,,,,,,,,,,,,,,,,,,,https://res.cloudinary.com/dgvtynla7/image/upload/v1776437570/demo/products/ff_lygia_nanny_30276765/0-30276765_59615337_1000.webp,lb,,,active
ff-lygia-nanny-30276765,,,,,,,,,,,,,,,,,,,,,,,,,https://res.cloudinary.com/dgvtynla7/image/upload/v1776437578/demo/products/ff_lygia_nanny_30276765/1-30276765_59616727_1000.webp,2,Womens Swimsuit,,,,,,,,,,,,,,,,,,,
ff-lygia-nanny-30276765,,,,,,,,,,,,,,,,,,,,,,,,,https://res.cloudinary.com/dgvtynla7/image/upload/v1776437587/demo/products/ff_lygia_nanny_30276765/2-30276765_59616499_1000.webp,3,Womens Swimsuit,,,,,,,,,,,,,,,,,,,
ff-giorgio-armani-28457510,Mens T-Shirt,"<p>Giorgio Armani cotton T-shirt | Blue | navy blue | logo print to the front | crew neck | short sleeves | Cotton | T-Shirts | T-Shirts &amp; Vests | Clothing | Men</p>
<p><strong>Material:</strong> 100% Cotton</p>
<p><strong>Available sizes:</strong> 46, 48, 50, 52, 56, XXS, XS, S, M, L, XL, XXL, 3XL, 4XL, 5XL, 6XL</p>
<div class=""primestyle-size-guide""><h3>Size Guide — Giorgio Armani Men&#39;s Tops</h3><p>Pick your country, then use the cm/inch toggle for body measurements.</p><table><thead><tr><th>Standard</th><th>Italy</th><th>France</th><th>Europe</th><th>UK</th><th>US</th><th>China</th><th>Japan</th><th>Korea</th><th>Russia</th><th>Chest (cm)</th><th>Chest (in)</th><th>Length (cm)</th><th>Length (in)</th></tr></thead><tbody><tr><td>XXS</td><td>42</td><td>38</td><td>42</td><td>32</td><td>32</td><td>160/76A</td><td>XXS</td><td>90</td><td>44</td><td>88</td><td>34.6</td><td>64</td><td>25.2</td></tr><tr><td>XS</td><td>44</td><td>40</td><td>44</td><td>34</td><td>34</td><td>165/80A</td><td>XS</td><td>90</td><td>46</td><td>92</td><td>36.2</td><td>66</td><td>26.0</td></tr><tr><td>S</td><td>46</td><td>42</td><td>46</td><td>36</td><td>36</td><td>170/84A</td><td>S</td><td>95</td><td>48</td><td>96</td><td>37.8</td><td>68</td><td>26.8</td></tr><tr><td>M</td><td>48</td><td>44</td><td>48</td><td>38</td><td>38</td><td>175/88A</td><td>M</td><td>100</td><td>50</td><td>100</td><td>39.4</td><td>70</td><td>27.6</td></tr><tr><td>L</td><td>50</td><td>46</td><td>50</td><td>40</td><td>40</td><td>175/92A</td><td>L</td><td>100</td><td>52</td><td>104</td><td>40.9</td><td>72</td><td>28.3</td></tr><tr><td>XL</td><td>52</td><td>48</td><td>52</td><td>42</td><td>42</td><td>180/96A</td><td>XL</td><td>105</td><td>54</td><td>108</td><td>42.5</td><td>74</td><td>29.1</td></tr><tr><td>XXL</td><td>54</td><td>50</td><td>54</td><td>44</td><td>44</td><td>185/96A</td><td>XXL</td><td>110</td><td>56</td><td>112</td><td>44.1</td><td>76</td><td>29.9</td></tr><tr><td>3XL</td><td>56</td><td>52</td><td>56</td><td>46</td><td>46</td><td>185/100A</td><td>3XL</td><td>115</td><td>58</td><td>116</td><td>45.7</td><td>78</td><td>30.7</td></tr><tr><td>4XL</td><td>58</td><td>54</td><td>58</td><td>48</td><td>48</td><td>185/108B</td><td>4XL</td><td>120</td><td>60</td><td>120</td><td>47.2</td><td>80</td><td>31.5</td></tr><tr><td>5XL</td><td>60</td><td>56</td><td>60</td><td>50</td><td>50</td><td>185/112B</td><td>5XL</td><td>125</td><td>62</td><td>124</td><td>48.8</td><td>82</td><td>32.3</td></tr><tr><td>6XL</td><td>62</td><td>58</td><td>62</td><td>52</td><td>52</td><td>185/114B</td><td>6XL</td><td>130</td><td>64</td><td>128</td><td>50.4</td><td>84</td><td>33.1</td></tr></tbody></table></div><div class=""primestyle-measure-guide""><h3>How to measure</h3><ul><li>Chest: Wrap the tape measure around the fullest part of your chest, under your arms.</li><li>Shoulder: Measure from the edge of one shoulder to the other across the back.</li><li>Length: Measure from the highest point of the shoulder down to the desired hem length.</li></ul></div>",Giorgio Armani,Apparel & Accessories > Clothing,T-Shirts,"PrimeStyleAI Demo, PrimeStyleAI Import, T-Shirts, male, t-shirt, cotton, logo, crew-neck, short-sleeves, made-in-italy, giorgio-armani, Made in Italy",TRUE,Color,Navy Blue,Size,46,,,28457510-3-NAVY-BLUE-46,0,shopify,100,deny,manual,344.00,,TRUE,TRUE,,https://res.cloudinary.com/dgvtynla7/image/upload/v1776437510/demo/products/ff_giorgio_armani_28457510/0-28457510_57798238_1000.webp,1,Mens T-Shirt,FALSE,Mens T-Shirt,"Navy blue cotton T-shirt with logo print, crew neck, and short sleeves. Made in Italy.",Apparel & Accessories > Clothing,male,adult,,new,TRUE,PrimeStyleAI Demo,,,,,https://res.cloudinary.com/dgvtynla7/image/upload/v1776437510/demo/products/ff_giorgio_armani_28457510/0-28457510_57798238_1000.webp,lb,,,active
ff-giorgio-armani-28457510,,,,,,,,Color,Navy Blue,Size,48,,,28457510-4-NAVY-BLUE-48,0,shopify,100,deny,manual,344.00,,TRUE,TRUE,,,,,,,,,,,,,,,,,,,https://res.cloudinary.com/dgvtynla7/image/upload/v1776437510/demo/products/ff_giorgio_armani_28457510/0-28457510_57798238_1000.webp,lb,,,active
ff-giorgio-armani-28457510,,,,,,,,Color,Navy Blue,Size,50,,,28457510-5-NAVY-BLUE-50,0,shopify,100,deny,manual,344.00,,TRUE,TRUE,,,,,,,,,,,,,,,,,,,https://res.cloudinary.com/dgvtynla7/image/upload/v1776437510/demo/products/ff_giorgio_armani_28457510/0-28457510_57798238_1000.webp,lb,,,active
ff-giorgio-armani-28457510,,,,,,,,Color,Navy Blue,Size,52,,,28457510-6-NAVY-BLUE-52,0,shopify,100,deny,manual,344.00,,TRUE,TRUE,,,,,,,,,,,,,,,,,,,https://res.cloudinary.com/dgvtynla7/image/upload/v1776437510/demo/products/ff_giorgio_armani_28457510/0-28457510_57798238_1000.webp,lb,,,active
ff-giorgio-armani-28457510,,,,,,,,Color,Navy Blue,Size,56,,,28457510-8-NAVY-BLUE-56,0,shopify,100,deny,manual,344.00,,TRUE,TRUE,,,,,,,,,,,,,,,,,,,https://res.cloudinary.com/dgvtynla7/image/upload/v1776437510/demo/products/ff_giorgio_armani_28457510/0-28457510_57798238_1000.webp,lb,,,active
ff-giorgio-armani-28457510,,,,,,,,,,,,,,,,,,,,,,,,,https://res.cloudinary.com/dgvtynla7/image/upload/v1776437520/demo/products/ff_giorgio_armani_28457510/1-28457510_57798221_1000.webp,2,Mens T-Shirt,,,,,,,,,,,,,,,,,,,
mw-tmw-3by1-10,Mens Tuxedo,"<p>Suave, sustainable, and ready to steal the spotlight. This Tommy Hilfiger tuxedo is your ticket to looking sharp without the fuss. Crafted from a breathable wool blend with a hint of stretch, it&#39;s as comfortable as it is stylish. The jacket rocks a satin notch lapel and classic two-button closure, while the pants keep things smooth with a flat front and satin side stripes for that iconic tux vibe. Modern Fit means tailored without the squeeze, so you can move, groove, and own every moment. Black-tie gala? Wedding dance floor? That &quot;I clean up nice&quot; occasion? This tux has your back.</p>
<p><strong>Material:</strong> 52% Wool, 45% Recycled Polyester, 3% Spandex</p>
<p><strong>Available sizes:</strong> 36, 38, 39, 40, 41, 42, 43, 44, 46, 48, 50, 52, 54, 56, 58, 36 Short, 36 Regular, 38 Short, 38 Regular, 38 Long, 39 Short, 39 Regular, 39 Long, 40 Short, 40 Regular, 40 Long, 41 Short, 41 Regular, 41 Long, 42 Short, 42 Regular, 42 Long, 43 Regular, 43 Long, 44 Short, 44 Regular, 44 Long, 46 Regular, 46 Long, 48 Regular, 48 Long, 50 Regular, 50 Long, 52 Regular, 54 Regular, 56 Regular, 58 Regular</p>
<div class=""primestyle-measure-guide""><h3>How to measure</h3><ul><li>Chest: Wrap the tape measure around your torso. Go underneath your arms, across your shoulder blades, and over the largest part of your chest. The chest measurement is usually the size of the coat. For a more relaxed fit, add 1 inch to the total measurement.</li><li>Over Arm: If your over arm measurement is more than 7 inches larger than your chest measurement, the over arm measurement trumps the chest measurement. In this case, your suit size needs to match your over arm measurement.</li><li>Waist: Measure around your natural waistline, keeping the tape snug but not tight. This is typically just above the navel.</li><li>Hips: Measure around the fullest part of your hips, keeping the tape parallel to the floor.</li><li>Inseam: Measure from the inside of your thigh (crotch seam) down to the bottom of your ankle bone.</li></ul></div>",Tommy Hilfiger,Apparel & Accessories > Clothing,Tuxedos,"PrimeStyleAI Demo, PrimeStyleAI Import, Suits, Tuxedos, male, tuxedo, formal, wool-blend, modern-fit, stretch, sustainable, tommy-hilfiger, 2-piece, satin-lapel, Sale, Stretch",TRUE,Color,Formal Black,Size,36 Short,,,MW-TMW-3BY1-10-FORMAL-BLACK-36-SHORT-1,0,shopify,100,deny,manual,335.99,479.99,TRUE,TRUE,,https://res.cloudinary.com/dgvtynla7/image/upload/v1776437487/demo/products/mw_tmw_3by1_10/0-TMW_3BY1_10_TOMMY_HILFIGER_2_PIECE_TUXEDO_FORMAL_BLACK_MAIN.jpg,1,Mens Tuxedo,FALSE,Mens Tuxedo,"Suave, sustainable, and ready to steal the spotlight. Modern Fit means tailored without the squeeze.",Apparel & Accessories > Clothing,male,adult,,new,TRUE,PrimeStyleAI Demo,,,,,https://res.cloudinary.com/dgvtynla7/image/upload/v1776437487/demo/products/mw_tmw_3by1_10/0-TMW_3BY1_10_TOMMY_HILFIGER_2_PIECE_TUXEDO_FORMAL_BLACK_MAIN.jpg,lb,,,active
mw-tmw-3by1-10,,,,,,,,Color,Formal Black,Size,36 Regular,,,MW-TMW-3BY1-10-FORMAL-BLACK-36-REGULAR-2,0,shopify,100,deny,manual,335.99,479.99,TRUE,TRUE,,,,,,,,,,,,,,,,,,,https://res.cloudinary.com/dgvtynla7/image/upload/v1776437487/demo/products/mw_tmw_3by1_10/0-TMW_3BY1_10_TOMMY_HILFIGER_2_PIECE_TUXEDO_FORMAL_BLACK_MAIN.jpg,lb,,,active
mw-tmw-3by1-10,,,,,,,,Color,Formal Black,Size,38 Short,,,MW-TMW-3BY1-10-FORMAL-BLACK-38-SHORT-3,0,shopify,100,deny,manual,335.99,479.99,TRUE,TRUE,,,,,,,,,,,,,,,,,,,https://res.cloudinary.com/dgvtynla7/image/upload/v1776437487/demo/products/mw_tmw_3by1_10/0-TMW_3BY1_10_TOMMY_HILFIGER_2_PIECE_TUXEDO_FORMAL_BLACK_MAIN.jpg,lb,,,active
mw-tmw-3by1-10,,,,,,,,Color,Formal Black,Size,38 Regular,,,MW-TMW-3BY1-10-FORMAL-BLACK-38-REGULAR-4,0,shopify,100,deny,manual,335.99,479.99,TRUE,TRUE,,,,,,,,,,,,,,,,,,,https://res.cloudinary.com/dgvtynla7/image/upload/v1776437487/demo/products/mw_tmw_3by1_10/0-TMW_3BY1_10_TOMMY_HILFIGER_2_PIECE_TUXEDO_FORMAL_BLACK_MAIN.jpg,lb,,,active
mw-tmw-3by1-10,,,,,,,,Color,Formal Black,Size,38 Long,,,MW-TMW-3BY1-10-FORMAL-BLACK-38-LONG-5,0,shopify,100,deny,manual,335.99,479.99,TRUE,TRUE,,,,,,,,,,,,,,,,,,,https://res.cloudinary.com/dgvtynla7/image/upload/v1776437487/demo/products/mw_tmw_3by1_10/0-TMW_3BY1_10_TOMMY_HILFIGER_2_PIECE_TUXEDO_FORMAL_BLACK_MAIN.jpg,lb,,,active
mw-tmw-3by1-10,,,,,,,,Color,Formal Black,Size,39 Short,,,MW-TMW-3BY1-10-FORMAL-BLACK-39-SHORT-6,0,shopify,100,deny,manual,335.99,479.99,TRUE,TRUE,,,,,,,,,,,,,,,,,,,https://res.cloudinary.com/dgvtynla7/image/upload/v1776437487/demo/products/mw_tmw_3by1_10/0-TMW_3BY1_10_TOMMY_HILFIGER_2_PIECE_TUXEDO_FORMAL_BLACK_MAIN.jpg,lb,,,active
mw-tmw-3by1-10,,,,,,,,Color,Formal Black,Size,39 Regular,,,MW-TMW-3BY1-10-FORMAL-BLACK-39-REGULAR-7,0,shopify,100,deny,manual,335.99,479.99,TRUE,TRUE,,,,,,,,,,,,,,,,,,,https://res.cloudinary.com/dgvtynla7/image/upload/v1776437487/demo/products/mw_tmw_3by1_10/0-TMW_3BY1_10_TOMMY_HILFIGER_2_PIECE_TUXEDO_FORMAL_BLACK_MAIN.jpg,lb,,,active
mw-tmw-3by1-10,,,,,,,,Color,Formal Black,Size,39 Long,,,MW-TMW-3BY1-10-FORMAL-BLACK-39-LONG-8,0,shopify,100,deny,manual,335.99,479.99,TRUE,TRUE,,,,,,,,,,,,,,,,,,,https://res.cloudinary.com/dgvtynla7/image/upload/v1776437487/demo/products/mw_tmw_3by1_10/0-TMW_3BY1_10_TOMMY_HILFIGER_2_PIECE_TUXEDO_FORMAL_BLACK_MAIN.jpg,lb,,,active
mw-tmw-3by1-10,,,,,,,,Color,Formal Black,Size,40 Short,,,MW-TMW-3BY1-10-FORMAL-BLACK-40-SHORT-9,0,shopify,100,deny,manual,335.99,479.99,TRUE,TRUE,,,,,,,,,,,,,,,,,,,https://res.cloudinary.com/dgvtynla7/image/upload/v1776437487/demo/products/mw_tmw_3by1_10/0-TMW_3BY1_10_TOMMY_HILFIGER_2_PIECE_TUXEDO_FORMAL_BLACK_MAIN.jpg,lb,,,active
mw-tmw-3by1-10,,,,,,,,Color,Formal Black,Size,40 Regular,,,MW-TMW-3BY1-10-FORMAL-BLACK-40-REGULAR-10,0,shopify,100,deny,manual,335.99,479.99,TRUE,TRUE,,,,,,,,,,,,,,,,,,,https://res.cloudinary.com/dgvtynla7/image/upload/v1776437487/demo/products/mw_tmw_3by1_10/0-TMW_3BY1_10_TOMMY_HILFIGER_2_PIECE_TUXEDO_FORMAL_BLACK_MAIN.jpg,lb,,,active
mw-tmw-3by1-10,,,,,,,,Color,Formal Black,Size,40 Long,,,MW-TMW-3BY1-10-FORMAL-BLACK-40-LONG-11,0,shopify,100,deny,manual,335.99,479.99,TRUE,TRUE,,,,,,,,,,,,,,,,,,,https://res.cloudinary.com/dgvtynla7/image/upload/v1776437487/demo/products/mw_tmw_3by1_10/0-TMW_3BY1_10_TOMMY_HILFIGER_2_PIECE_TUXEDO_FORMAL_BLACK_MAIN.jpg,lb,,,active
mw-tmw-3by1-10,,,,,,,,Color,Formal Black,Size,41 Short,,,MW-TMW-3BY1-10-FORMAL-BLACK-41-SHORT-12,0,shopify,100,deny,manual,335.99,479.99,TRUE,TRUE,,,,,,,,,,,,,,,,,,,https://res.cloudinary.com/dgvtynla7/image/upload/v1776437487/demo/products/mw_tmw_3by1_10/0-TMW_3BY1_10_TOMMY_HILFIGER_2_PIECE_TUXEDO_FORMAL_BLACK_MAIN.jpg,lb,,,active
mw-tmw-3by1-10,,,,,,,,Color,Formal Black,Size,41 Regular,,,MW-TMW-3BY1-10-FORMAL-BLACK-41-REGULAR-13,0,shopify,100,deny,manual,335.99,479.99,TRUE,TRUE,,,,,,,,,,,,,,,,,,,https://res.cloudinary.com/dgvtynla7/image/upload/v1776437487/demo/products/mw_tmw_3by1_10/0-TMW_3BY1_10_TOMMY_HILFIGER_2_PIECE_TUXEDO_FORMAL_BLACK_MAIN.jpg,lb,,,active
mw-tmw-3by1-10,,,,,,,,Color,Formal Black,Size,41 Long,,,MW-TMW-3BY1-10-FORMAL-BLACK-41-LONG-14,0,shopify,100,deny,manual,335.99,479.99,TRUE,TRUE,,,,,,,,,,,,,,,,,,,https://res.cloudinary.com/dgvtynla7/image/upload/v1776437487/demo/products/mw_tmw_3by1_10/0-TMW_3BY1_10_TOMMY_HILFIGER_2_PIECE_TUXEDO_FORMAL_BLACK_MAIN.jpg,lb,,,active
mw-tmw-3by1-10,,,,,,,,Color,Formal Black,Size,42 Short,,,MW-TMW-3BY1-10-FORMAL-BLACK-42-SHORT-15,0,shopify,100,deny,manual,335.99,479.99,TRUE,TRUE,,,,,,,,,,,,,,,,,,,https://res.cloudinary.com/dgvtynla7/image/upload/v1776437487/demo/products/mw_tmw_3by1_10/0-TMW_3BY1_10_TOMMY_HILFIGER_2_PIECE_TUXEDO_FORMAL_BLACK_MAIN.jpg,lb,,,active
mw-tmw-3by1-10,,,,,,,,Color,Formal Black,Size,42 Regular,,,MW-TMW-3BY1-10-FORMAL-BLACK-42-REGULAR-16,0,shopify,100,deny,manual,335.99,479.99,TRUE,TRUE,,,,,,,,,,,,,,,,,,,https://res.cloudinary.com/dgvtynla7/image/upload/v1776437487/demo/products/mw_tmw_3by1_10/0-TMW_3BY1_10_TOMMY_HILFIGER_2_PIECE_TUXEDO_FORMAL_BLACK_MAIN.jpg,lb,,,active
mw-tmw-3by1-10,,,,,,,,Color,Formal Black,Size,42 Long,,,MW-TMW-3BY1-10-FORMAL-BLACK-42-LONG-17,0,shopify,100,deny,manual,335.99,479.99,TRUE,TRUE,,,,,,,,,,,,,,,,,,,https://res.cloudinary.com/dgvtynla7/image/upload/v1776437487/demo/products/mw_tmw_3by1_10/0-TMW_3BY1_10_TOMMY_HILFIGER_2_PIECE_TUXEDO_FORMAL_BLACK_MAIN.jpg,lb,,,active
mw-tmw-3by1-10,,,,,,,,Color,Formal Black,Size,43 Regular,,,MW-TMW-3BY1-10-FORMAL-BLACK-43-REGULAR-18,0,shopify,100,deny,manual,335.99,479.99,TRUE,TRUE,,,,,,,,,,,,,,,,,,,https://res.cloudinary.com/dgvtynla7/image/upload/v1776437487/demo/products/mw_tmw_3by1_10/0-TMW_3BY1_10_TOMMY_HILFIGER_2_PIECE_TUXEDO_FORMAL_BLACK_MAIN.jpg,lb,,,active
mw-tmw-3by1-10,,,,,,,,Color,Formal Black,Size,43 Long,,,MW-TMW-3BY1-10-FORMAL-BLACK-43-LONG-19,0,shopify,100,deny,manual,335.99,479.99,TRUE,TRUE,,,,,,,,,,,,,,,,,,,https://res.cloudinary.com/dgvtynla7/image/upload/v1776437487/demo/products/mw_tmw_3by1_10/0-TMW_3BY1_10_TOMMY_HILFIGER_2_PIECE_TUXEDO_FORMAL_BLACK_MAIN.jpg,lb,,,active
mw-tmw-3by1-10,,,,,,,,Color,Formal Black,Size,44 Short,,,MW-TMW-3BY1-10-FORMAL-BLACK-44-SHORT-20,0,shopify,100,deny,manual,335.99,479.99,TRUE,TRUE,,,,,,,,,,,,,,,,,,,https://res.cloudinary.com/dgvtynla7/image/upload/v1776437487/demo/products/mw_tmw_3by1_10/0-TMW_3BY1_10_TOMMY_HILFIGER_2_PIECE_TUXEDO_FORMAL_BLACK_MAIN.jpg,lb,,,active
mw-tmw-3by1-10,,,,,,,,Color,Formal Black,Size,44 Regular,,,MW-TMW-3BY1-10-FORMAL-BLACK-44-REGULAR-21,0,shopify,100,deny,manual,335.99,479.99,TRUE,TRUE,,,,,,,,,,,,,,,,,,,https://res.cloudinary.com/dgvtynla7/image/upload/v1776437487/demo/products/mw_tmw_3by1_10/0-TMW_3BY1_10_TOMMY_HILFIGER_2_PIECE_TUXEDO_FORMAL_BLACK_MAIN.jpg,lb,,,active
mw-tmw-3by1-10,,,,,,,,Color,Formal Black,Size,44 Long,,,MW-TMW-3BY1-10-FORMAL-BLACK-44-LONG-22,0,shopify,100,deny,manual,335.99,479.99,TRUE,TRUE,,,,,,,,,,,,,,,,,,,https://res.cloudinary.com/dgvtynla7/image/upload/v1776437487/demo/products/mw_tmw_3by1_10/0-TMW_3BY1_10_TOMMY_HILFIGER_2_PIECE_TUXEDO_FORMAL_BLACK_MAIN.jpg,lb,,,active
mw-tmw-3by1-10,,,,,,,,Color,Formal Black,Size,46 Regular,,,MW-TMW-3BY1-10-FORMAL-BLACK-46-REGULAR-23,0,shopify,100,deny,manual,335.99,479.99,TRUE,TRUE,,,,,,,,,,,,,,,,,,,https://res.cloudinary.com/dgvtynla7/image/upload/v1776437487/demo/products/mw_tmw_3by1_10/0-TMW_3BY1_10_TOMMY_HILFIGER_2_PIECE_TUXEDO_FORMAL_BLACK_MAIN.jpg,lb,,,active
mw-tmw-3by1-10,,,,,,,,Color,Formal Black,Size,46 Long,,,MW-TMW-3BY1-10-FORMAL-BLACK-46-LONG-24,0,shopify,100,deny,manual,335.99,479.99,TRUE,TRUE,,,,,,,,,,,,,,,,,,,https://res.cloudinary.com/dgvtynla7/image/upload/v1776437487/demo/products/mw_tmw_3by1_10/0-TMW_3BY1_10_TOMMY_HILFIGER_2_PIECE_TUXEDO_FORMAL_BLACK_MAIN.jpg,lb,,,active
mw-tmw-3by1-10,,,,,,,,Color,Formal Black,Size,48 Regular,,,MW-TMW-3BY1-10-FORMAL-BLACK-48-REGULAR-25,0,shopify,100,deny,manual,335.99,479.99,TRUE,TRUE,,,,,,,,,,,,,,,,,,,https://res.cloudinary.com/dgvtynla7/image/upload/v1776437487/demo/products/mw_tmw_3by1_10/0-TMW_3BY1_10_TOMMY_HILFIGER_2_PIECE_TUXEDO_FORMAL_BLACK_MAIN.jpg,lb,,,active
mw-tmw-3by1-10,,,,,,,,Color,Formal Black,Size,48 Long,,,MW-TMW-3BY1-10-FORMAL-BLACK-48-LONG-26,0,shopify,100,deny,manual,335.99,479.99,TRUE,TRUE,,,,,,,,,,,,,,,,,,,https://res.cloudinary.com/dgvtynla7/image/upload/v1776437487/demo/products/mw_tmw_3by1_10/0-TMW_3BY1_10_TOMMY_HILFIGER_2_PIECE_TUXEDO_FORMAL_BLACK_MAIN.jpg,lb,,,active
mw-tmw-3by1-10,,,,,,,,Color,Formal Black,Size,50 Regular,,,MW-TMW-3BY1-10-FORMAL-BLACK-50-REGULAR-27,0,shopify,100,deny,manual,335.99,479.99,TRUE,TRUE,,,,,,,,,,,,,,,,,,,https://res.cloudinary.com/dgvtynla7/image/upload/v1776437487/demo/products/mw_tmw_3by1_10/0-TMW_3BY1_10_TOMMY_HILFIGER_2_PIECE_TUXEDO_FORMAL_BLACK_MAIN.jpg,lb,,,active
mw-tmw-3by1-10,,,,,,,,Color,Formal Black,Size,50 Long,,,MW-TMW-3BY1-10-FORMAL-BLACK-50-LONG-28,0,shopify,100,deny,manual,335.99,479.99,TRUE,TRUE,,,,,,,,,,,,,,,,,,,https://res.cloudinary.com/dgvtynla7/image/upload/v1776437487/demo/products/mw_tmw_3by1_10/0-TMW_3BY1_10_TOMMY_HILFIGER_2_PIECE_TUXEDO_FORMAL_BLACK_MAIN.jpg,lb,,,active
mw-tmw-3by1-10,,,,,,,,Color,Formal Black,Size,52 Regular,,,MW-TMW-3BY1-10-FORMAL-BLACK-52-REGULAR-29,0,shopify,100,deny,manual,335.99,479.99,TRUE,TRUE,,,,,,,,,,,,,,,,,,,https://res.cloudinary.com/dgvtynla7/image/upload/v1776437487/demo/products/mw_tmw_3by1_10/0-TMW_3BY1_10_TOMMY_HILFIGER_2_PIECE_TUXEDO_FORMAL_BLACK_MAIN.jpg,lb,,,active
mw-tmw-3by1-10,,,,,,,,Color,Formal Black,Size,54 Regular,,,MW-TMW-3BY1-10-FORMAL-BLACK-54-REGULAR-30,0,shopify,100,deny,manual,335.99,479.99,TRUE,TRUE,,,,,,,,,,,,,,,,,,,https://res.cloudinary.com/dgvtynla7/image/upload/v1776437487/demo/products/mw_tmw_3by1_10/0-TMW_3BY1_10_TOMMY_HILFIGER_2_PIECE_TUXEDO_FORMAL_BLACK_MAIN.jpg,lb,,,active
mw-tmw-3by1-10,,,,,,,,Color,Formal Black,Size,56 Regular,,,MW-TMW-3BY1-10-FORMAL-BLACK-56-REGULAR-31,0,shopify,100,deny,manual,335.99,479.99,TRUE,TRUE,,,,,,,,,,,,,,,,,,,https://res.cloudinary.com/dgvtynla7/image/upload/v1776437487/demo/products/mw_tmw_3by1_10/0-TMW_3BY1_10_TOMMY_HILFIGER_2_PIECE_TUXEDO_FORMAL_BLACK_MAIN.jpg,lb,,,active
mw-tmw-3by1-10,,,,,,,,Color,Formal Black,Size,58 Regular,,,MW-TMW-3BY1-10-FORMAL-BLACK-58-REGULAR-32,0,shopify,100,deny,manual,335.99,479.99,TRUE,TRUE,,,,,,,,,,,,,,,,,,,https://res.cloudinary.com/dgvtynla7/image/upload/v1776437487/demo/products/mw_tmw_3by1_10/0-TMW_3BY1_10_TOMMY_HILFIGER_2_PIECE_TUXEDO_FORMAL_BLACK_MAIN.jpg,lb,,,active
mw-tmw-3by1-10,,,,,,,,Color,Navy Solid,Size,36 Short,,,MW-TMW-3BY1-10-NAVY-SOLID-36-SHORT-1,0,shopify,100,deny,manual,335.99,479.99,TRUE,TRUE,,,,,,,,,,,,,,,,,,,https://res.cloudinary.com/dgvtynla7/image/upload/v1776437494/demo/products/mw_tmw_3by1_10/21-TMW_3BY1_01_TOMMY_HILFIGER_2_PIECE_TUXEDO_NAVY_SOLID_MAIN.jpg,lb,,,active
mw-tmw-3by1-10,,,,,,,,Color,Navy Solid,Size,36 Regular,,,MW-TMW-3BY1-10-NAVY-SOLID-36-REGULAR-2,0,shopify,100,deny,manual,335.99,479.99,TRUE,TRUE,,,,,,,,,,,,,,,,,,,https://res.cloudinary.com/dgvtynla7/image/upload/v1776437494/demo/products/mw_tmw_3by1_10/21-TMW_3BY1_01_TOMMY_HILFIGER_2_PIECE_TUXEDO_NAVY_SOLID_MAIN.jpg,lb,,,active
mw-tmw-3by1-10,,,,,,,,Color,Navy Solid,Size,38 Short,,,MW-TMW-3BY1-10-NAVY-SOLID-38-SHORT-3,0,shopify,100,deny,manual,335.99,479.99,TRUE,TRUE,,,,,,,,,,,,,,,,,,,https://res.cloudinary.com/dgvtynla7/image/upload/v1776437494/demo/products/mw_tmw_3by1_10/21-TMW_3BY1_01_TOMMY_HILFIGER_2_PIECE_TUXEDO_NAVY_SOLID_MAIN.jpg,lb,,,active
mw-tmw-3by1-10,,,,,,,,Color,Navy Solid,Size,38 Regular,,,MW-TMW-3BY1-10-NAVY-SOLID-38-REGULAR-4,0,shopify,100,deny,manual,335.99,479.99,TRUE,TRUE,,,,,,,,,,,,,,,,,,,https://res.cloudinary.com/dgvtynla7/image/upload/v1776437494/demo/products/mw_tmw_3by1_10/21-TMW_3BY1_01_TOMMY_HILFIGER_2_PIECE_TUXEDO_NAVY_SOLID_MAIN.jpg,lb,,,active
mw-tmw-3by1-10,,,,,,,,Color,Navy Solid,Size,38 Long,,,MW-TMW-3BY1-10-NAVY-SOLID-38-LONG-5,0,shopify,100,deny,manual,335.99,479.99,TRUE,TRUE,,,,,,,,,,,,,,,,,,,https://res.cloudinary.com/dgvtynla7/image/upload/v1776437494/demo/products/mw_tmw_3by1_10/21-TMW_3BY1_01_TOMMY_HILFIGER_2_PIECE_TUXEDO_NAVY_SOLID_MAIN.jpg,lb,,,active
mw-tmw-3by1-10,,,,,,,,Color,Navy Solid,Size,40 Short,,,MW-TMW-3BY1-10-NAVY-SOLID-40-SHORT-6,0,shopify,100,deny,manual,335.99,479.99,TRUE,TRUE,,,,,,,,,,,,,,,,,,,https://res.cloudinary.com/dgvtynla7/image/upload/v1776437494/demo/products/mw_tmw_3by1_10/21-TMW_3BY1_01_TOMMY_HILFIGER_2_PIECE_TUXEDO_NAVY_SOLID_MAIN.jpg,lb,,,active
mw-tmw-3by1-10,,,,,,,,Color,Navy Solid,Size,40 Regular,,,MW-TMW-3BY1-10-NAVY-SOLID-40-REGULAR-7,0,shopify,100,deny,manual,335.99,479.99,TRUE,TRUE,,,,,,,,,,,,,,,,,,,https://res.cloudinary.com/dgvtynla7/image/upload/v1776437494/demo/products/mw_tmw_3by1_10/21-TMW_3BY1_01_TOMMY_HILFIGER_2_PIECE_TUXEDO_NAVY_SOLID_MAIN.jpg,lb,,,active
mw-tmw-3by1-10,,,,,,,,Color,Navy Solid,Size,40 Long,,,MW-TMW-3BY1-10-NAVY-SOLID-40-LONG-8,0,shopify,100,deny,manual,335.99,479.99,TRUE,TRUE,,,,,,,,,,,,,,,,,,,https://res.cloudinary.com/dgvtynla7/image/upload/v1776437494/demo/products/mw_tmw_3by1_10/21-TMW_3BY1_01_TOMMY_HILFIGER_2_PIECE_TUXEDO_NAVY_SOLID_MAIN.jpg,lb,,,active
mw-tmw-3by1-10,,,,,,,,Color,Navy Solid,Size,42 Short,,,MW-TMW-3BY1-10-NAVY-SOLID-42-SHORT-9,0,shopify,100,deny,manual,335.99,479.99,TRUE,TRUE,,,,,,,,,,,,,,,,,,,https://res.cloudinary.com/dgvtynla7/image/upload/v1776437494/demo/products/mw_tmw_3by1_10/21-TMW_3BY1_01_TOMMY_HILFIGER_2_PIECE_TUXEDO_NAVY_SOLID_MAIN.jpg,lb,,,active
mw-tmw-3by1-10,,,,,,,,Color,Navy Solid,Size,42 Regular,,,MW-TMW-3BY1-10-NAVY-SOLID-42-REGULAR-10,0,shopify,100,deny,manual,335.99,479.99,TRUE,TRUE,,,,,,,,,,,,,,,,,,,https://res.cloudinary.com/dgvtynla7/image/upload/v1776437494/demo/products/mw_tmw_3by1_10/21-TMW_3BY1_01_TOMMY_HILFIGER_2_PIECE_TUXEDO_NAVY_SOLID_MAIN.jpg,lb,,,active
mw-tmw-3by1-10,,,,,,,,Color,Navy Solid,Size,42 Long,,,MW-TMW-3BY1-10-NAVY-SOLID-42-LONG-11,0,shopify,100,deny,manual,335.99,479.99,TRUE,TRUE,,,,,,,,,,,,,,,,,,,https://res.cloudinary.com/dgvtynla7/image/upload/v1776437494/demo/products/mw_tmw_3by1_10/21-TMW_3BY1_01_TOMMY_HILFIGER_2_PIECE_TUXEDO_NAVY_SOLID_MAIN.jpg,lb,,,active
mw-tmw-3by1-10,,,,,,,,Color,Navy Solid,Size,44 Short,,,MW-TMW-3BY1-10-NAVY-SOLID-44-SHORT-12,0,shopify,100,deny,manual,335.99,479.99,TRUE,TRUE,,,,,,,,,,,,,,,,,,,https://res.cloudinary.com/dgvtynla7/image/upload/v1776437494/demo/products/mw_tmw_3by1_10/21-TMW_3BY1_01_TOMMY_HILFIGER_2_PIECE_TUXEDO_NAVY_SOLID_MAIN.jpg,lb,,,active
mw-tmw-3by1-10,,,,,,,,Color,Navy Solid,Size,44 Regular,,,MW-TMW-3BY1-10-NAVY-SOLID-44-REGULAR-13,0,shopify,100,deny,manual,335.99,479.99,TRUE,TRUE,,,,,,,,,,,,,,,,,,,https://res.cloudinary.com/dgvtynla7/image/upload/v1776437494/demo/products/mw_tmw_3by1_10/21-TMW_3BY1_01_TOMMY_HILFIGER_2_PIECE_TUXEDO_NAVY_SOLID_MAIN.jpg,lb,,,active
mw-tmw-3by1-10,,,,,,,,Color,Navy Solid,Size,44 Long,,,MW-TMW-3BY1-10-NAVY-SOLID-44-LONG-14,0,shopify,100,deny,manual,335.99,479.99,TRUE,TRUE,,,,,,,,,,,,,,,,,,,https://res.cloudinary.com/dgvtynla7/image/upload/v1776437494/demo/products/mw_tmw_3by1_10/21-TMW_3BY1_01_TOMMY_HILFIGER_2_PIECE_TUXEDO_NAVY_SOLID_MAIN.jpg,lb,,,active
mw-tmw-3by1-10,,,,,,,,Color,Navy Solid,Size,46 Regular,,,MW-TMW-3BY1-10-NAVY-SOLID-46-REGULAR-15,0,shopify,100,deny,manual,335.99,479.99,TRUE,TRUE,,,,,,,,,,,,,,,,,,,https://res.cloudinary.com/dgvtynla7/image/upload/v1776437494/demo/products/mw_tmw_3by1_10/21-TMW_3BY1_01_TOMMY_HILFIGER_2_PIECE_TUXEDO_NAVY_SOLID_MAIN.jpg,lb,,,active
mw-tmw-3by1-10,,,,,,,,Color,Navy Solid,Size,46 Long,,,MW-TMW-3BY1-10-NAVY-SOLID-46-LONG-16,0,shopify,100,deny,manual,335.99,479.99,TRUE,TRUE,,,,,,,,,,,,,,,,,,,https://res.cloudinary.com/dgvtynla7/image/upload/v1776437494/demo/products/mw_tmw_3by1_10/21-TMW_3BY1_01_TOMMY_HILFIGER_2_PIECE_TUXEDO_NAVY_SOLID_MAIN.jpg,lb,,,active
mw-tmw-3by1-10,,,,,,,,Color,Navy Solid,Size,48 Regular,,,MW-TMW-3BY1-10-NAVY-SOLID-48-REGULAR-17,0,shopify,100,deny,manual,335.99,479.99,TRUE,TRUE,,,,,,,,,,,,,,,,,,,https://res.cloudinary.com/dgvtynla7/image/upload/v1776437494/demo/products/mw_tmw_3by1_10/21-TMW_3BY1_01_TOMMY_HILFIGER_2_PIECE_TUXEDO_NAVY_SOLID_MAIN.jpg,lb,,,active
mw-tmw-3by1-10,,,,,,,,Color,Navy Solid,Size,48 Long,,,MW-TMW-3BY1-10-NAVY-SOLID-48-LONG-18,0,shopify,100,deny,manual,335.99,479.99,TRUE,TRUE,,,,,,,,,,,,,,,,,,,https://res.cloudinary.com/dgvtynla7/image/upload/v1776437494/demo/products/mw_tmw_3by1_10/21-TMW_3BY1_01_TOMMY_HILFIGER_2_PIECE_TUXEDO_NAVY_SOLID_MAIN.jpg,lb,,,active
mw-tmw-3by1-10,,,,,,,,Color,Navy Solid,Size,50 Regular,,,MW-TMW-3BY1-10-NAVY-SOLID-50-REGULAR-19,0,shopify,100,deny,manual,335.99,479.99,TRUE,TRUE,,,,,,,,,,,,,,,,,,,https://res.cloudinary.com/dgvtynla7/image/upload/v1776437494/demo/products/mw_tmw_3by1_10/21-TMW_3BY1_01_TOMMY_HILFIGER_2_PIECE_TUXEDO_NAVY_SOLID_MAIN.jpg,lb,,,active
mw-tmw-3by1-10,,,,,,,,Color,Navy Solid,Size,52 Regular,,,MW-TMW-3BY1-10-NAVY-SOLID-52-REGULAR-20,0,shopify,100,deny,manual,335.99,479.99,TRUE,TRUE,,,,,,,,,,,,,,,,,,,https://res.cloudinary.com/dgvtynla7/image/upload/v1776437494/demo/products/mw_tmw_3by1_10/21-TMW_3BY1_01_TOMMY_HILFIGER_2_PIECE_TUXEDO_NAVY_SOLID_MAIN.jpg,lb,,,active
mw-tmw-3by1-10,,,,,,,,,,,,,,,,,,,,,,,,,https://res.cloudinary.com/dgvtynla7/image/upload/v1776437488/demo/products/mw_tmw_3by1_10/1-TMW_3BY1_10_TOMMY_HILFIGER_2_PIECE_TUXEDO_FORMAL_BLACK_ALT6.jpg,2,Mens Tuxedo,,,,,,,,,,,,,,,,,,,
mw-tmw-3by1-10,,,,,,,,,,,,,,,,,,,,,,,,,https://res.cloudinary.com/dgvtynla7/image/upload/v1776437489/demo/products/mw_tmw_3by1_10/2-TMW_3BY1_10_TOMMY_HILFIGER_2_PIECE_TUXEDO_FORMAL_BLACK_ALT2.jpg,3,Mens Tuxedo,,,,,,,,,,,,,,,,,,,
mw-tmw-3by1-10,,,,,,,,,,,,,,,,,,,,,,,,,https://res.cloudinary.com/dgvtynla7/image/upload/v1776437490/demo/products/mw_tmw_3by1_10/3-TMW_3BY1_10_TOMMY_HILFIGER_2_PIECE_TUXEDO_FORMAL_BLACK_ALT3.jpg,4,Mens Tuxedo,,,,,,,,,,,,,,,,,,,
mw-tmw-3by1-10,,,,,,,,,,,,,,,,,,,,,,,,,https://res.cloudinary.com/dgvtynla7/image/upload/v1776437491/demo/products/mw_tmw_3by1_10/4-TMW_3BY1_10_TOMMY_HILFIGER_2_PIECE_TUXEDO_FORMAL_BLACK_ALT4.jpg,5,Mens Tuxedo,,,,,,,,,,,,,,,,,,,
mw-tmw-3by1-10,,,,,,,,,,,,,,,,,,,,,,,,,https://res.cloudinary.com/dgvtynla7/image/upload/v1776437492/demo/products/mw_tmw_3by1_10/5-TMW_3BY1_10_TOMMY_HILFIGER_2_PIECE_TUXEDO_FORMAL_BLACK_ALT5.jpg,6,Mens Tuxedo,,,,,,,,,,,,,,,,,,,
mw-tmw-3by1-10,,,,,,,,,,,,,,,,,,,,,,,,,https://res.cloudinary.com/dgvtynla7/image/upload/v1776437493/demo/products/mw_tmw_3by1_10/6-TMW_3BY1_10_TOMMY_HILFIGER_2_PIECE_TUXEDO_FORMAL_BLACK_ALT10.jpg,7,Mens Tuxedo,,,,,,,,,,,,,,,,,,,
mw-tmw-3by1-10,,,,,,,,,,,,,,,,,,,,,,,,,https://res.cloudinary.com/dgvtynla7/image/upload/v1776437494/demo/products/mw_tmw_3by1_10/21-TMW_3BY1_01_TOMMY_HILFIGER_2_PIECE_TUXEDO_NAVY_SOLID_MAIN.jpg,8,Mens Tuxedo,,,,,,,,,,,,,,,,,,,
mw-tmw-3by1-10,,,,,,,,,,,,,,,,,,,,,,,,,https://res.cloudinary.com/dgvtynla7/image/upload/v1776437495/demo/products/mw_tmw_3by1_10/22-TMW_3BY1_01_TOMMY_HILFIGER_2_PIECE_TUXEDO_NAVY_SOLID_ALT6.jpg,9,Mens Tuxedo,,,,,,,,,,,,,,,,,,,
mw-tmw-3by1-10,,,,,,,,,,,,,,,,,,,,,,,,,https://res.cloudinary.com/dgvtynla7/image/upload/v1776437496/demo/products/mw_tmw_3by1_10/23-TMW_3BY1_01_TOMMY_HILFIGER_2_PIECE_TUXEDO_NAVY_SOLID_ALT2.jpg,10,Mens Tuxedo,,,,,,,,,,,,,,,,,,,
mw-tmw-3by1-10,,,,,,,,,,,,,,,,,,,,,,,,,https://res.cloudinary.com/dgvtynla7/image/upload/v1776437498/demo/products/mw_tmw_3by1_10/24-TMW_3BY1_01_TOMMY_HILFIGER_2_PIECE_TUXEDO_NAVY_SOLID_ALT3.jpg,11,Mens Tuxedo,,,,,,,,,,,,,,,,,,,
mw-tmw-3by1-10,,,,,,,,,,,,,,,,,,,,,,,,,https://res.cloudinary.com/dgvtynla7/image/upload/v1776437500/demo/products/mw_tmw_3by1_10/25-TMW_3BY1_01_TOMMY_HILFIGER_2_PIECE_TUXEDO_NAVY_SOLID_ALT4.jpg,12,Mens Tuxedo,,,,,,,,,,,,,,,,,,,
mw-tmw-3by1-10,,,,,,,,,,,,,,,,,,,,,,,,,https://res.cloudinary.com/dgvtynla7/image/upload/v1776437501/demo/products/mw_tmw_3by1_10/26-TMW_3BY1_01_TOMMY_HILFIGER_2_PIECE_TUXEDO_NAVY_SOLID_ALT5.jpg,13,Mens Tuxedo,,,,,,,,,,,,,,,,,,,
mw-tmw-3by1-10,,,,,,,,,,,,,,,,,,,,,,,,,https://res.cloudinary.com/dgvtynla7/image/upload/v1776437501/demo/products/mw_tmw_3by1_10/27-TMW_3BY1_01_TOMMY_HILFIGER_2_PIECE_TUXEDO_NAVY_SOLID_ALT10.jpg,14,Mens Tuxedo,,,,,,,,,,,,,,,,,,,
mango-hailey-bieber-frill-denim-shorts,Cotton Frill Detail Denim Shorts,"<p>&lt;p&gt;Mid-blue denim shorts in 100% cotton with zip-side fastening, belt loops, frill detail, and a regular fit.&lt;/p&gt;&lt;ul&gt;&lt;li&gt;Model height: 176.5 cm / 5 ft 9.5 in&lt;/li&gt;&lt;li&gt;Model wears: S - UK 8&lt;/li&gt;&lt;li&gt;Care: machine wash according to care label&lt;/li&gt;&lt;/ul&gt;</p>
<p><strong>Material:</strong> 100% cotton</p>
<p><strong>Available sizes:</strong> XS, S, M, L, 26, 38.5, 76.2</p>
<div class=""primestyle-size-guide""><h3>Women&#39;s Denim Shorts Size Guide</h3><p>ASOS listed sizes for this Mango style, mapped to standard UK womenswear body measurements.</p><table><thead><tr><th>Size</th><th>Waist (in)</th><th>Waist (cm)</th><th>Hips (in)</th><th>Hips (cm)</th></tr></thead><tbody><tr><td>XS</td><td>25</td><td>63.5</td><td>35.5</td><td>90.2</td></tr><tr><td>S</td><td>26</td><td>66.0</td><td>36.5</td><td>92.7</td></tr><tr><td>M</td><td>28</td><td>71.1</td><td>38.5</td><td>97.8</td></tr><tr><td>L</td><td>30</td><td>76.2</td><td>40.5</td><td>102.9</td></tr></tbody></table></div><div class=""primestyle-size-guide""><h3>Women&#39;s Denim Shorts Fit Matching Guide</h3><table><thead><tr><th>Size</th><th>Waist (in)</th><th>Hips (in)</th><th>Waist (cm)</th><th>Hips (cm)</th></tr></thead><tbody><tr><td>XS</td><td>25</td><td>35.5</td><td>63.5</td><td>90.2</td></tr><tr><td>S</td><td>26</td><td>36.5</td><td>66.0</td><td>92.7</td></tr><tr><td>M</td><td>28</td><td>38.5</td><td>71.1</td><td>97.8</td></tr><tr><td>L</td><td>30</td><td>40.5</td><td>76.2</td><td>102.9</td></tr></tbody></table></div><div class=""primestyle-measure-guide""><h3>How to measure</h3><ul><li>Waist: measure around the natural waistline.</li><li>Hips: measure around the fullest part of the hips.</li></ul></div>",Mango,Apparel & Accessories > Clothing,Denim Shorts,"PrimeStyleAI Demo, PrimeStyleAI Import, Shorts, Denim Shorts, female, denim, shorts, frill, cotton, mid blue, summer, mango, hailey bieber, New, 100% Cotton",TRUE,Color,Mid Blue,Size,XS,,,MANGO-HAILEY-BIEBER-FRILL-DENIM-SHORTS-MID-BLUE-XS-1,0,shopify,100,deny,manual,35.99,,TRUE,TRUE,,https://images.asos-media.com/products/mango-starring-hailey-bieber-100-cotton-frill-detail-denim-short-in-mid-blue/210993405-1-blue?$n_960w$&wid=952&fit=constrain,1,Cotton Frill Detail Denim Shorts,FALSE,Cotton Frill Detail Denim Shorts,"Mid-blue 100% cotton denim shorts with frill detail, belt loops, and a regular fit.",Apparel & Accessories > Clothing,female,adult,,new,TRUE,PrimeStyleAI Demo,,,,,https://images.asos-media.com/products/mango-starring-hailey-bieber-100-cotton-frill-detail-denim-short-in-mid-blue/210993405-1-blue?$n_960w$&wid=952&fit=constrain,lb,,,active
mango-hailey-bieber-frill-denim-shorts,,,,,,,,Color,Mid Blue,Size,S,,,MANGO-HAILEY-BIEBER-FRILL-DENIM-SHORTS-MID-BLUE-S-2,0,shopify,100,deny,manual,35.99,,TRUE,TRUE,,,,,,,,,,,,,,,,,,,https://images.asos-media.com/products/mango-starring-hailey-bieber-100-cotton-frill-detail-denim-short-in-mid-blue/210993405-1-blue?$n_960w$&wid=952&fit=constrain,lb,,,active
mango-hailey-bieber-frill-denim-shorts,,,,,,,,Color,Mid Blue,Size,M,,,MANGO-HAILEY-BIEBER-FRILL-DENIM-SHORTS-MID-BLUE-M-3,0,shopify,100,deny,manual,35.99,,TRUE,TRUE,,,,,,,,,,,,,,,,,,,https://images.asos-media.com/products/mango-starring-hailey-bieber-100-cotton-frill-detail-denim-short-in-mid-blue/210993405-1-blue?$n_960w$&wid=952&fit=constrain,lb,,,active
mango-hailey-bieber-frill-denim-shorts,,,,,,,,Color,Mid Blue,Size,L,,,MANGO-HAILEY-BIEBER-FRILL-DENIM-SHORTS-MID-BLUE-L-4,0,shopify,100,deny,manual,35.99,,TRUE,TRUE,,,,,,,,,,,,,,,,,,,https://images.asos-media.com/products/mango-starring-hailey-bieber-100-cotton-frill-detail-denim-short-in-mid-blue/210993405-1-blue?$n_960w$&wid=952&fit=constrain,lb,,,active
mango-hailey-bieber-frill-denim-shorts,,,,,,,,,,,,,,,,,,,,,,,,,https://images.asos-media.com/products/mango-starring-hailey-bieber-100-cotton-frill-detail-denim-short-in-mid-blue/210993405-2?$n_960w$&wid=952&fit=constrain,2,Cotton Frill Detail Denim Shorts,,,,,,,,,,,,,,,,,,,
mango-hailey-bieber-frill-denim-shorts,,,,,,,,,,,,,,,,,,,,,,,,,https://images.asos-media.com/products/mango-starring-hailey-bieber-100-cotton-frill-detail-denim-short-in-mid-blue/210993405-3?$n_960w$&wid=952&fit=constrain,3,Cotton Frill Detail Denim Shorts,,,,,,,,,,,,,,,,,,,
mango-hailey-bieber-frill-denim-shorts,,,,,,,,,,,,,,,,,,,,,,,,,https://images.asos-media.com/products/mango-starring-hailey-bieber-100-cotton-frill-detail-denim-short-in-mid-blue/210993405-4?$n_960w$&wid=952&fit=constrain,4,Cotton Frill Detail Denim Shorts,,,,,,,,,,,,,,,,,,,
mango-hailey-bieber-frill-denim-shorts,,,,,,,,,,,,,,,,,,,,,,,,,https://images.asos-media.com/products/mango-starring-hailey-bieber-100-cotton-frill-detail-denim-short-in-mid-blue/210993405-5?$n_960w$&wid=952&fit=constrain,5,Cotton Frill Detail Denim Shorts,,,,,,,,,,,,,,,,,,,
